1 618 1418 6600 7456 7799 8240
2 8464 3444 3582 6614 2576 8249 5167 7230
3 160 2452 3556 130 138 5358 6033 5360 5362 5764 3282
4 2385 2386 2576 3934 5032 6695 7106
5 1250 1346 1910 2658 3410 3541 6452 6603
6 1098 3060 3274 4900 7113
7 457 5263 4850 4907 130 155 416 4953 5379 6916 6964 7773 148 4261 3703 3770 312 1523 3593 6723 8153
8 474 2929 3265 3655 5952
9 1774 5581 5933 6029 7226
10 1682 3280 6096 2202 4337
11 2637 6181 6610 2483 2722 3582 4355 5268 7171 3124 3576 6860 2340 3594 3643 7906
12 533 2152 2868 3803 6197 5028 5012
13 1999 4535 945 5328 4842 4978 2915 2523 2803 7906 7570 1608 2280 1411 367 7551 10 2211 7475 102
14 3274 2143 7401 4082 1234 978 6505 2490 1431 2321 5321 6187 2639 3445 6224 3642 4401 3107 3643 4298 5479 2222 8293 5235 7289 3583 5057 7025 7766 8292 1805 1547 8221 8268 7691 7692 8317 7693 8360 4074 8451 8442 8443 8378 8474 8444 5296 8473 8089 8088
15 1011 924 1762 2561 5176
16 2120 5111 4862 6943 938 1347 2408 2423 2383 7162 8203 7522
17 610 2286 2561 6267 333 5862
18 596 5039 7857 7858 646
19 4877 819 3766 971 1772
20 4964 5187 5188 6826 3875
21 2708 1723 2811 4025 7902 5797
22 772 6818 3107 2625 3829 5026 5327
23 5125 8442 8443 8444 6939
24 1232 5188 3925 8224 8446
25 305 2195 4549 533 2137 6833 6793 857 8471
26 3247 5125 3804 4493 3031 2539 2261
27 2617 2203 6778 4876 7204
28 2286 5124 2170 1044 6013 8397 8226
29 1578 2498 2595 3752 1918 6269 245 1066 1068 1069 2185 6267 8038 3799 3181 7107 2625 4200 5792 7127
30 2537 463 310 3316 886 1826
31 7225 3665 5218 6496 7534 8217 5314
32 1840 463 687 924 2225 2740 3281 3639 5124 6018 6600 3028 6052 6601 7726
33 2271 3639 3766 3464 745 4323 1092 3541 6687
34 610 992 1065 1949 2279 3087 3541 3814 5308
35 104 6046 123 1305 3505 7099 7532
36 5019 2611 4983 4122 3507 5063
37 4122 924 639 2848 4848 8057 1714 8282
38 1847 8094 4114 6860 3060 3226 7501
39 1829 4654 2279 5064 7314 5224 5436 368 1574 5333 7038
40 6212 1611 2969 6601 6608
41 5786 4401 7147 7136 7453 7758 3582 7170 7951 7157 8287 8185
42 905 975 1568 2904 3690 3793 3795 3635 1124
43 3323 3767 2725 1117 4560 5073 7417 708
44 610 705 2264 2279 3381 5421 6943 7712
45 1092 5621 4589 8463 1744 2241
46 3860 4683 5473 5630 1558 2514 938 4362 4581 7239 1446 2364 4012 7642 7351 1083 6479 2583
47 189 2983 3301 2905 4773
48 366 2988 7983 2587 4360 6344
49 466 705 857 2151 1644
50 610 1940 5864 6538 2019 3530 4574 876
51 5048 6551 840 3639 99 1142 1176 8280
52 1537 1325 1507 4928 677 2133 1963 3520 3655
53 1740 2509 4689 5312 2189 7040 303
54 1389 6068 4113 1966 5525
55 879 797 2677 5005 2681 1102 3533
56 2019 4357 1609 7107 1768 7425
57 2090 2155 5528 3353 6747 6929 6865 3013 4071 4089 537 5552
58 7031 3373 3780 6057 896 6180
59 5975 130 185 2902 7385
60 4379 2997 6305 886 5026 3644
61 419 1666 2391 4091 4951 6128 846 2378 2969 3236 3557 3618 4144 4907 4979 189 220 265 2152 2868 4015 4122
62 4917 3698 5061 6938 5469
63 8042 1270 5823 7148 1589 4549 7177 7962
64 2534 2232 3384 1353 4143
65 66 6322 102 4243 2608 6431 946 1902 2759 1633 4038 6860
66 113 3556 5961 6664 3640 7198
67 1176 1160 2703 8034 5491 244 1825
68 37 1566 6186 7005 5061
69 2388 464 2625 3191 7528 3476 6724 7138 41 6705
70 6310 6311 6312 6109 4401 5790 8421 8442 8440 8444
71 1405 5148 1594 5176 7088
72 7230 1975 2172 7630 5513
73 470 1268 1370 2995 3222 3254 3280 7201
74 2168 229 750 5070 5072
75 3251 3510 2184 2262 5236 1250 4538 6366
76 7983 3800 3309 3344 3016 2061
77 2034 530 817 819 4962 5675
78 684 3325 5839 8279 7759
79 4744 3925 66 3921 3927
80 2780 2842 4350 5621 6763 6773 7394
81 3126 5982 1754 5759 7513 8041
82 83 4056 7113 7509 463 2152 4710 7508 7901
83 4553 1966 1285 2362 3019 7511 4276 4551 6482
84 4954 1682 4765 4913 924
85 924 1589 2962 3814 2557 6650
86 812 4004 5252 4661 5344 2371 3233
87 561 3867 5813 7084 6744
88 4504 6262 6514 1960 4161
89 3587 4733 1836 2505 350 66 5788 6854
90 941 3444 1903 1589 5739 5621
91 6578 1024 6652 108 2106 6511 6370
92 1644 5511 7459 704 5802 1712 5218 5953
93 99 188 282 2891 2949 2950 3003 3004 4202 537 2307 247 158 30
94 225 2562 26 4420 4777
95 1870 3267 3149 5155 1249
96 5597 5685 459 2061 2586 5030 7414 7415
97 113 3205 6129 3164 6082 128
98 332 464 939 3587 8023 1459 3181
99 1183 1328 1653 2517 3266
100 1682 3241 3242 3961 4276
101 4867 7127 5055 5056 8191 8040
102 3369 8265 3960 5525 7337 938
103 50 4798 5024 5772 2002
104 2853 5721 3044 3222 4812 3244
105 66 245 1027 1398 2514 1503 63 938 5071 21 350 633 652
106 3578 2359 188 202 1787
107 444 2523 1847 5164 7033 2699 2781
108 2199 4179 1841 5164 6184
109 1910 3587 2978 8071 3697
110 1861 5055 2718 3060 990 2185 5995
111 6360 7144 8352 3922 2185
112 2755 1489 3977 4084 4802 7319
113 1712 3508 7892 2305 2155
114 189 6310 6919 4082 7136 4401 7469 3642 2185 7356 8274 8162 8470
115 618 2330 5599 6990 6166 3748
116 87 610 2264 6943 8207 3296 4705
117 2580 1022 4301 6284 5471 2853 3574 8251 6559 2898
118 411 412 711 4565 6686
119 927 1682 1910 5555 1250
120 1552 442 2136 3838 6560 6562 3091 3901 4718 7796
121 1057 2418 1489 2227 6186 2578 1056 7322 469 1786 2903 5230 5546 7521 2973 5802 7313 1755 2608 5346 2523 705 1363 3315 697 3835 8391 707
122 829 1971 4248 195 5019 6458
123 612 911 2594 3814 4450
124 1014 283 1723 1489 1557 2817 3765 3468
125 5576 1018 2439 2733 5019 7558 1714 2750
126 1337 217 171 317 2115 4774 4997 419 6557
127 7858 7859 2878 2444 4831 6441 4771 2385 6197 504 592 6993 7105
128 1151 190 233 1124 6017
129 4401 2384 2700 7292 7579
130 5026 944 5373 5754 639 1966 5835 6241 3814
131 1765 2264 4287 4294 4328 7162
132 1234 3597 1593 6005 2542
133 5312 965 1644 2821 3835
134 1682 5546 4990 1489 7313 2685
135 3820 7253 1201 7162 8194
136 829 5982 6604 6608 8178 5218 2313 5157
137 2234 4369 1552 1557 7572 7574
138 3508 3829 6131 6572 7169
139 2464 6483 6975 4825 1629 1768 7713 5956 5998 1771 3829 3864 3278 3863 5312 6303
140 5225 1594 6004 3738 7596 5683 3580
141 705 3829 5112 2976 4853 51 7572 8382
142 1061 1632 1848 2803 2998
143 4798 3241 3242 80 6843 579
144 463 1975 5140 6373 470
145 785 5819 6987 909 560 498 3035 7838 6374 2007 2039 776 7084 3880 7005 3198 5974 8155
146 3976 6663 5344 1529 2368 2962 2748 6988 2753 323 2279 2549 6231
147 175 6309 4082 4401 8107 7356 3780 8442 8443 8093 8471 7068 8470 8485
148 328 5747 6310 6449 5886 6197 7339 3445 7837 7969 3444 7766 7691 7692 7693 8442 8443 8444
149 59 80 919 3644 4384
150 1902 5055 5690 7673 2280
151 5614 5621 777 6723 4162 339 340 341 422 780 1122 1282 3618 6554 7110 99 4346 7762 779 867 5205
152 1381 619 620 3384 7712
153 5554 833 633 1912 6186 5546 6823
154 2298 7169 2780 4025 7701
155 1724 3769 7616 8145 1292
156 56 753 1240 1378 1015 1461 1815
157 1129 503 3180 3916 4991 6509 7179 68 1131
158 705 1110 3377 6431 1260 3381 4866 6938 7494
159 4148 1118 3814 3732 4006 6510
160 3863 1655 6284 7381 350
161 2184 1833 3560 4243 2238 4038
162 132 216 4916 4992 6822
163 697 6827 5026 8023 7189
164 50 66 2970 3727 6592 7614
165 3434 7368 6145 1100 5420 6149
166 937 1160 2139 7702 8225
167 506 2208 8378 3227 3639
168 1428 3083 6372 5869 7129
169 2427 6000 7706 1428 2002
170 1455 410 1524 133 183 233 339 421 700 1536 2055 2082 2115 3140 3551 5304
171 1026 3611 1027 3132 5645 3916
172 815 848 652 1497 1791
173 463 8321 1250 99 1910 66 464 7529 7530 7154 500 679 5041 7005
174 6294 8067 3958 994 3072
175 3105 3587 5608 5610 898 7143 773 2152 2484 4116 4442 4976 5429 5857 7540 4710 60 244 5274 7508 7551
176 1964 3042 5102 3923 4603 1367
177 393 789 2039 7477 7478 8115
178 2715 6028 610 4460 7579 4488 8341 7052 4372 7226 7534
179 705 3379 4038 4711 6047 6938
180 365 2470 2608 7443 795
181 3107 5125 911 6197 5900 3181 1861 1993
182 1527 4272 3147 238 5718
183 1734 4405 5592 1847 3707
184 1780 1092 1818 3181 1007
185 200 4093 4994 1734 1260 3707 1200 1576
186 1200 3870 5346 7475 6095 1489
187 6100 1222 3496 7414 2229
188 795 5149 2063 1604 2774
189 510 509 18 655 5722
190 3739 463 468 2579 3974 4522
191 56 6186 2657 354 5570 6984
192 306 5026 7516 3090 5552 829 2748 7381 6988 7940 3150 6886 3799 7187 7380 5414
193 444 3308 6390 404 1529 2744 3283
194 2229 2637 20 4466 7412 7980
195 6348 1231 1389 2840 3306 1254
196 1036 1682 4608 1428 7718
197 2378 3715 4236 4677 8336 8319 3716
198 564 1621 1894 2761 6274 7971
199 5857 5439 2211 7162 796 2705
200 1363 3897 7521 928 1077
201 770 4492 1092 7829 194
202 771 125 126 709 257 278
203 1056 1435 4479 3560 3325
204 323 5840 7188 4083 1617 833
205 1589 7086 7729 8056 1847
206 84 1670 746 747 1889 1425 3921
207 4671 5910 42 602 2185 2343 2604 3232 3936 6592 7589
208 3582 7339 7819 3642 4298 7170 4401 8075 6330 7434 8108 7025 3780 3444 8268 8096 8244 8442 8072 8451 8185 8449 8471 8438 8171
209 3737 6033 8445 222 1524 6002 6916
210 3921 4592 639 1201 2688 3925
211 5067 6046 1221 1039 7607 1304 7945 283 150 224 4810 4357 472 837 2267 2290 3213 4873 4898 5549 2148 5526 1022 7534 1707 7620 1296 869 470 532 598 7621 726 938 5442 2055 343 2082 5165 595 3215 599 4376 8279 8332 7611 8359 5503 2185 4932
212 1511 1599 1690 963 2699 928 3638
213 463 464 857 3213 7709 8240 5621 8256
214 2264 2422 1697 464 3597 5581 5414 2642 5415 3626 3053 4148 1048 5642
215 3100 4190 7521 6907 7395
216 2626 1565 6272 8048 7443
217 2260 380 2720 1762 4082 4401 4116 923 7969 8075 8133 8049 4414 7766 1529 8287 6977 8442 8444
218 576 1912 5588 7093 4900
219 3719 3105 4262 6042 50 1656
220 579 3669 6095 4073 7128 1489 7475 6041 8386
221 8408 8407 8504 8424 8507 8480
222 2152 5525 4777 6694 7134 1163 6867
223 1228 2170 2740 3147 4900 306 541 6264
224 4607 1254 974 3046 2919 4551 7882 2156 3108 4833 5045 245 924 5598 8079 7138
225 2383 3113 2362 3282 3678
226 322 610 1116 2002 5855
227 3239 450 62 449 4084
228 535 1258 4440 5218 7254
229 93 1791 3584 1609 2264 5026 5686 4105 3336 2747 8144 8126 1589 2084 1206 1764 2705 2753 3311 5614 6534 7865 68 4227 896 929 2730 3357 4179 6867
230 1613 3213 4718 4719 8023
231 785 1252 1773 1883 3823 6332 5363
232 1675 3915 1617 2505 728 2371 3756 1070 1742 1998 2561 4053 4524
233 8407 8408 4358 8424 8507 8480 8508
234 833 1489 7044 5064 3545
235 1803 1420 6492 8094 6983
236 3497 3499 3948 5786 7146 7893 7819 8111 4401 8019
237 5064 786 4059 7971 8334 3444 4276
238 1199 2605 4159 7763 870 4888 120 416 1523 5941
239 678 3181 504 667 5904 5367 2559
240 2699 930 5019 1529 7002
241 6744 6806 4490 4929 6106 561 7956
242 350 918 1511 690 4109
243 4351 244 3774 5167 6349 2674
244 6947 8319 3444 5132 1156 7997 609 8336
245 5056 2066 3089 81 1353 4496
246 363 7678 4229 4026 1850 8011 4029
247 1416 1817 305 1336 1353 1949 1956 2155 2238 5245 5682 532 622 4488 3863 4853 8177 2962 6447 7937
248 2656 470 5332 6634 6750
249 5985 1942 1249 4733 4831 1928 3629 5412 5220 8337
250 6158 6758 7195 5621 2424 3928 6854
251 3444 7969 8112 8113 3440 3445 5210 7128 2977 5004 6224 1547 6225 4401 3779 8075 8293 8107 8065 5175 7025 5866 6721 7766 3373 4706 5554 726 7693 7692 8244 8318 8096 7691 8316 8434 8448 8452 3794 8451 8450 8387 8443 8442 8171 8495 8503 8444 8088 8089
252 4185 618 6634 6197 7157 463 5053
253 5877 7165 5495 1589 1810
254 6975 4641 2418 2708 7313 1160 1176
255 4276 5339 328 2515 5414 7326 2351 1359 1500 2686 1195
256 4403 7851 1766 599 970 1817 6599
257 2187 6358 463 978 2056 2942 4206 1156 2644 7761 4026 6990 3176 4866 7390
258 304 2360 3147 3579 5026 5123 5611 5896 6157 7113
259 1228 3107 3999 5296 6197 1993 2225 1103 5182 1455 340 130 26 1021 223 145 345 2856 5558 2081 3627 174 8296 6490 259
260 635 4748 3573 3693 4047 1740 4549 5730 5916 691 5111
261 3704 7275 4153 6122 6123 6188 5560
262 1160 2264 7500 3921 4996
263 944 2225 1589 4105 7490 5841
264 4158 6437 6802 7367 7785 7934 166
265 4853 4551 6813 245 2240 5188
266 598 3587 194 4440 3957
267 1422 1500 3891 3929 5187 5188 7575
268 5063 7702 2946 7704 5754 5210 441 8259
269 7094 1589 5218 5621 6592 5180
270 1748 3078 5614 5034 3233 3942
271 2002 2126 3223 3670 924 1529 8408
272 6905 1128 1140 2518 4599
273 5832 1283 2484 3618 5380
274 20 2803 945 5622 6440 6127
275 1657 4705 7162 8380 6886 7187 7189
276 2169 3189 525 2286 7457 6711
277 3419 537 3863 3829 8468 4350 7334
278 135 6501 7109 7749 2907
279 2324 5640 1060 6297 4037 7140 4576 1200 6454 5621 3352 684 4024 8479 2120 4119 7638
280 283 418 724 2943 3575 4409
281 4823 5321 2518 4718 4719
282 2155 2238 4982 574 5387
283 4021 7475 2976 3779 7186 7551
284 1847 675 322 4216 5416
285 3039 3030 4276 7016 7017 7326 7508 7816
286 879 1341 3191 6245 6603
287 723 1051 5265 66 4282 990
288 2229 5917 71 7743 7368 65
289 1968 2288 4116 3273 5344 6667
290 3035 1518 2051 2292 766 2514 5278 4847
291 5014 5582 6408 6600 6931 8149
292 4643 7313 7660 841 4936 7475
293 2065 6854 323 2289 8447
294 2708 7169 7279 1361 1422 7551
295 6186 2155 3483 6095 6098
296 3476 3460 469 4711 4603
297 1427 2479 7649 1991 4085
298 2930 6074 6228 6600 7390
299 7113 3786 1427 2373 7497
300 1240 6979 2232 1200 1833 3497 2153 1944 3947 5776 6492 6248 5786 7401 2156 5447 8436
301 4549 697 2225 3639 684 5344 2756 1613 4113 4036 3046 1925 5453
302 5265 1249 7433 4781 6644 7039 7800 7995 7049 5108 1541 1530 6854 7374
303 319 1219 1427 2185 3161 3268 3800 4280 4644
304 1836 7348 1540 4861 924 1529
305 7654 6943 4179 6235 8280
306 3284 4497 6196 7356 8354 8425 8428 8451 4826 8448 4116 8171 8486 8438
307 293 1040 4091 152 777 779
308 3279 2257 4340 3138 6095 1495 6484 4857 1200 4527 6199
309 1712 469 1828 4347 2392 3570 5657 3641
310 1921 2344 1013 283 713 2513 624
311 295 130 4850 214 215 5381 338 910 3618 4346 8152
312 2978 1224 6468 5583 6633
313 1368 4996 5026 7177 8280
314 1494 3957 4700 4979 5395 5872 6855 7299 7504 3233 3943 857 4105 1578
315 1573 2151 3374 4783 1644
316 812 924 2064 2726 4167 4163
317 1353 1712 2155 2956 3376 3381 3468 3508 6131 6810 7933
318 607 1617 2962 5218 7270 3060 5377 1449 5314 8240 464 7162 616 2063 7522 8027 8412 8119
319 1362 3541 4570 2002 3060 4440 4600 4646 2385 3717 3869 6269
320 3445 7326 2185 693 2253 1633 2445 5689 6053 3374 3730 3930 6790 2182 1224 5033
321 634 1562 1286 3510 3587
322 130 199 223 227 663 3640 3653 6590
323 66 2803 2777 6258 7416
324 1843 6506 1763 1861 8023 500 2136 5621 7008 7009 6496 7958 8126
325 2587 2483 2637 6610 6813
326 622 1463 119 1378 2418
327 1679 2733 5999 2473 873
328 1193 1194 815 5044 3090 7236 4474
329 1863 2470 3233 6634 8490
330 4035 6854 6495 6937 3222 4980 6986
331 434 6284 970 8178 7964
332 6210 6972 3367 2017 5261
333 1228 2002 4590 3107 350 6653 244 1011 1348 2117
334 1228 2313 3799 5026 6641 6643
335 1910 2235 5268 7845 3103
336 4838 4884 2200 5124 837 4982
337 194 328 924 5997 197 2299 918 3071 903
338 406 251 416 130 414 113 2635 2891
339 113 144 173 644 2892 3575 4760 6554 7607 165 1524
340 2264 50 2034 2740 3007 4122 4235 5062 677 1624 262 4017 2549 4399 639 2868 723 1249 6148 938 3869 4644 5188 354 2874 3372 2128 4034 4284 431 1767 2964 1723 99 1751 7690 526
341 2244 1489 7465 1644 7909
342 6282 727 2136 2342 2671 3325 6232 8174
343 1428 2918 3962 4646 5019 6495 1516 6545 3213
344 1260 3377 5465 6696 7173
345 1199 833 702 6727 3560
346 1381 2191 3863 92 3955 2773 4020 3765 1378 2188 5664 5056 2056 3506 6209 5349 5913 6035 1696 3829 5795 3808 6314 7661
347 1639 3723 1747 74 6310 7925 2002 7522 3444 8433 4549 3663 8448 2423 4574 1213 7820 3393 8442 4074
348 3653 6082 6745 7242 4992
349 4486 6566 4082 4401 5210 8450 8452
350 4074 3514 6350 6506 8339
351 1800 523 1752 4806 5948 2649 5155 5917 6706
352 4807 5000 833 1573 4640 1784 6441
353 1821 975 4602 852 853 4585 6040 1539 3560 7146 3275 1512 6535 7438 65 8295 8411 8436 430
354 4414 3373 8442 8278 8443 8472 8471 8473
355 5153 1160 6611 8271 4491
356 1056 7842 2623 46 1492 1057 3219 6652 7985
357 1428 2826 3474 3833 6032 7036 7766 7981 3159 6304 630 3210
358 244 2579 2739 6340 6637
359 726 1647 2962 1547 7090 2330 4940 7577 8105 7907 5473
360 3078 3587 5760 7927 3259
361 3528 6130 1249 4733 1896
362 1751 2286 3189 5621 7162
363 4857 1154 3664 3667 3671 6611
364 1346 6382 5417 5040 592 2385 3749 6690 8150 3196 4379 50 1774 4519 6473 7382 1250 2185 2766
365 2100 6755 6897 174 5892 7005 3149 3189 6890 3191 8383 1599
366 130 416 2273 3654 7110
367 1731 7976 7983 541 2213 7524
368 5832 4433 7162 854 2179 5819 6103 3050 5630 99 7971 2414 7224 4776 233 5220
369 3385 1563 1428 1427 2580 5113
370 705 835 2933 3690 6047 6134
371 902 2002 4800 468 924 1285 3223 3162 4179 3062
372 2389 2664 1961 2393 2945
373 1795 1794 4406 4658 8135
374 1617 5218 464 2962 6284
375 2056 3138 6314 3560 3977
376 6931 5083 5621 817 3060
377 3587 899 380 2688 5254 5582 5864 3902 5034 1363 7177 4104 4366 3134 6694 5296 463 924 1685 1428 1578 5978 928
378 3090 3105 6987 6972 1712 3483 5112 8253
379 113 6082 275 372 130 4850 5743 3202 6129 7616 3348
380 3391 1391 354 4684 6187 6498
381 140 1599 3584 4442 5236 5240
382 3077 3079 2936 2712 1714
383 2594 1054 36 3106 6539 1234 1766 6980 1459
384 1156 2606 5114 8328 1870
385 1015 2584 4140 4450 6247
386 6392 7695 2832 2217 2682 6455 7150
387 6671 4082 7243 8448 8482 4074 8444 8089
388 1712 5409 7248 1367 3468 3138 1260 2565 4008 469 3979
389 4640 5061 3427 1203 2394 8149 5056 2742 500 1200 4442 8408
390 68 2084 1826 3033 5481 3009 469 3374
391 4572 380 3071 6741 7534 2668 6739 7525 1613 1768
392 271 396 475 3651 4928
393 6975 6314 7709 1093 1200 1444 1660
394 66 1233 4833 6264 7992 2185
395 3693 8105 7726 8170 8213
396 3227 4013 3937 924 1617 4577
397 782 810 811 693 194 2962 728 5839 6421
398 82 3177 3578 3650 6840
399 3130 463 464 687 2271 4122
400 1659 4890 6764 1553 4555
401 1980 6476 3201 7526 7881
402 662 5435 1573 1082 5554 6024 6202 6373
403 814 5181 3381 6517 6989
404 1240 829 924 2225 3996 5258
405 6407 7156 1050 8144 8392
406 1428 4446 4492 5019 4218 7052
407 4424 3690 4675 3807 2267 3785 7180 1180 2033 93 3158 5122 5377 7501 7612 8332
408 2683 587 2128 5265 5552
409 6955 3669 4819 7830 4035
410 2803 5062 5485 7450 1423 4230
411 3005 2700 4383 1489 8296 2136 2812 6051 7066 6502
412 1002 2185 3449 4654 4655 262 328 2237 4276 1891 4295 1796 4401
413 5218 5621 6592 3191 3476 3493 3148
414 8334 3379 3381 5465 5124
415 6400 3514 3019 5477 2289
416 118 2229 56 230 2503 3849 1353
417 5443 4658 8136 130 1295 148 1103 5402 388 4760 5970 6418
418 8435 222 6019 6992 2286 8225
419 4140 2056 3560 938 1266
420 5270 2236 3374 5485 1176 3468 6630 2853 8253
421 3918 836 5069 1152 2301 4208 5235 8257 2309 1427 5727 7737 7738 1139 1166 2706 5672 1428 7730
422 2025 851 493 6501 7372
423 4649 907 2621 3814 4022 5645
424 4210 326 1146 4355 7640
425 7254 464 1416 2570 5787 6337
426 1423 6709 7744 8170 674
427 4294 4441 4442 4446 6894
428 3497 3499 500 8185 8442 8453 8471
429 5056 2010 6857 1489 1966
430 3943 3404 4276 8023 610
431 1363 1437 3539 3541 4862
432 7717 3004 6179 7742 833 2534 5915
433 785 1512 1539 2282 2292 6242 6742 4186
434 6413 4035 1378 1761 3829 6975
435 1844 4999 3508 6012 6239 2316
436 1821 4276 4499 1589 2066 5111 6037 6009
437 1497 2225 1516 2443 1271 4914
438 45 2136 7162 2911 6833
439 318 2139 2629 247 278
440 7474 7712 461 3667 4917 6012
441 1607 3139 5274 5728 4557 7332
442 2541 7683 1356 2396 18
443 1011 323 2277 798 4815 990 4329 5707 2702 4508 1553
444 3867 5819 2372 7390 3814 5546
445 1928 2271 3212 7434 3927 4743
446 1966 2585 3325 5176 3925 3927 938 3928 924 4116 109 634 526 1529 1861 2147 2185 2706 1599 5019 453 3039 2102 4 500 3262 4643 3587 7441 8282 1993 1817 2918
447 1428 2904 733 749 5739 7155 939 5924 68 971 5507
448 3477 3945 5764 610 4126
449 6258 1489 2060 5873 7475 1353 1183 6303
450 173 128 129 4431 422 197 2150
451 519 1051 1593 1966 2962 4644 6978 7172 439 5773 618 747 1191 1428 4280 5019 890 1027
452 3851 2903 4919 320 3353
453 1783 1784 618 2646 5756
454 5440 5776 3060 3368 6448
455 2207 424 1427 1428 2707 3602 4672
456 3191 434 464 470 652 693 848 1516 1861 3387
457 4933 7652 3381 6314 537 4347
458 545 854 3867 5461 853
459 3445 3224 1719 1723 1865 3107
460 3110 415 6448 2082 3140
461 1794 1793 2020 2018 99 1900 2631 3543 6691 2156 4505 6881
462 3163 1887 3423 1208 7745
463 1342 1519 2526 1492 1532 3932 1644 4709 2238 2620 1174
464 6239 1719 5289 2954 5569
465 4476 6604 8154 5810 5250
466 6311 6310 4401 6721 8442 8510
467 2140 1199 1502 3606 5611
468 1734 2409 2803 3391 1351 2620
469 841 1723 3541 4347 577 2155 307
470 8413 1763 6750 4750 5721 1552 1950
471 828 1176 3129 5654 5133 2828 5180 2868
472 2169 5124 6284 2279 7523
473 1437 244 646 667 5366 6854 8023 2611 5238 3060 7113
474 470 1249 1437 1896 2002 3935 4440 4442 4441 7776 2279 7115
475 6592 8023 857 7836 5413 6911
476 3560 4445 5728 6385 2684
477 610 1062 2626 3916 3917 3918 4898 4900 5026 6267 8460 3845 7836 7590
478 3663 2978 2979 3060 2164 6783 6943 8098
479 1966 5623 4966 5525 2185 8304
480 1867 2229 3676 2187 2232
481 1327 3043 1257 3863 4994 5435 4893 7955 1510 2608
482 705 1644 3698 46 7229
483 1999 2697 3073 610 5061 7223
484 932 1660 2608 6630 1849 1833 2204 4862 6131
485 5096 6716 6231 7114 2171 8038 3042
486 404 761 1106 1396 5630
487 2562 18 5398 2725 66
488 3073 3794 3793 2708 1277 130
489 4855 1316 1238 17 1446 1846 2664 6559
490 1262 2641 3090 1454 5584
491 4717 7822 1379 5669 7544
492 1286 3128 4852 5983 7533 7807
493 6310 4082 4401 8185 8448 8449 8438
494 1949 4369 2565 7390 596 1031 4107
495 8 2184 7194 3862 2702 1783
496 3921 2264 3352 3284 3510
497 5344 2557 2855 4898 1316 2646 4164 5417 6144
498 4733 6592 1389 7495 4173
499 3895 1505 7040 1316 5345
500 92 4684 1812 2529 2608
501 1135 4217 3209 3468 6810
502 2503 1200 3730 5061 4630 5026 5083
503 1524 4566 6046 6082 4430 1526 1299 113 5358 128 167 417 457 5356 5406 5779 458
504 928 923 3602 5236 3686 2033
505 896 23 6979 7555 6526
506 3937 7195 189 248 7743 7744
507 6310 6312 6193 4423 66 4082 4401 7551 7926 7951 7157 6330 8107 5235 8434 4826 8448 4074 8162 8088 8486
508 610 848 4049 3663 4182
509 3675 7551 2128 4866 7475
510 3497 5063 3863 5963 7146 4401 6535 3326 7440 5062 3003 5916 2903 3864 8436 8291 8478 8510
511 1847 3150 2409 2066 244
512 1613 4530 7110 7503 1817 3766
513 1500 639 640 8079 4505 3232 3293 2744 2854 3773 3814 5807 7292 1555 885 3393 4592 7240
514 2555 562 567 2025 5974 786
515 1007 1847 2334 3730 4140
516 3725 1156 6310 7551 4414
517 1910 2363 4441 2598 521
518 6854 7194 3547 5554 6975
519 932 933 6047 5621 5717 8063 890 1056 1763 109
520 5882 3858 1950 3444 3901 3912 3921 5268 8003 3092 4710 7489 6509 1080 140 8051 2019 5776
521 2836 3504 2853 3811 1861 6174 2225 6154 2904 85 2270 5678 4179
522 2705 2312 1504 1991 1428
523 969 4179 4183 4357 3587
524 3165 5999 2382 532 857 876 1826
525 4785 8354 3756 6601 6604 7639
526 2226 3637 3638 4612 3658
527 575 2903 5288 7742 7744 8327
528 2418 4658 1056 1200 3838 4369 2238
529 7607 708 6448 299 415 713 1524 5103
530 1178 1274 7095 8384 1312 2085 3325 5754 7636
531 1910 4555 6577 5368 1050
532 185 266 4980 5730 5754 8423
533 2399 3953 5414 6269 6811
534 3499 6915 4082 7714 4401
535 1545 3997 7240 7559 7939 6704 742 1900 3039 3337 7175
536 610 7665 5083 5149 5614 5717 6690
537 10 3468 4654 4655 5554
538 5188 194 1249 2740 5399 5525 3818 5273 5769 7177
539 468 1552 1280 4015 5626
540 5275 6205 6665 7231 7503 6103
541 1589 1613 4031 4514 7280 3587 99 5621 1184 8212 1819 1935
542 2289 1552 1759 1377 1846 4795 5767
543 4472 6320 2267 2588 18 1286 1617 7022 5664 1769 2410 3756
544 1709 3030 228 3560 2972 454 3003 705
545 896 2625 1200 3765 5061 7055 7420 5314 1838 4179 505 1433
546 2357 2358 6081 6386 6719 6762
547 228 630 3018 3813 3932 7194
548 831 1491 1489 1644 1015 4654 4655 4543 6006 1056 6133 4372 1260 3354
549 1427 2740 885 990 1280 3946
550 273 867 1304 6230 537
551 2171 3227 3406 4916 4107 3033 3352 6282 1695 3917 5034 5594 5996 4418 1947 2828 5030 691 7966 690 1131 7598 3097
552 2723 2773 3138 3669 3730 6938 1260 4354 5766 7324 4025 461 4877 8253
553 476 1469 2264 2273 3090 5
554 449 1723 5577 466 3829
555 844 2180 3404 5387 5500 6186
556 248 283 240 3997 4647 434 464 6717 602
557 620 2450 4117 6889 4179 4785 5344
558 5443 5292 767 2323 3138 3381 5063 6283 71 5514
559 500 2271 809 1041 3739 4710
560 5238 5055 7255 7578 7642 8401 6854
561 940 7162 4164 5083 5710
562 56 272 2734 564 879 1670 66 1786 6534 244 307 2394 2846 2972 3105 3535 3675 5061 5728 6456 7309 3829
563 7008 2484 3105 5083 8194
564 269 983 1123 1865 2812 4398 6131 8091
565 632 944 3541 4053 6592 6779 7188
566 4604 2561 4867 7291 2412
567 3838 6975 7279 1847 3977
568 1734 3834 5581 2544 5776 1136
569 1200 1604 3427 4860 1260 3508 7580 8454 2933 7779
570 673 2244 6975 1849 2204 5572 6727 703 3560 8386
571 2753 6568 2750 7220 574 742 2117 2156 3814 6187 7555 7376 7640 1489 3925
572 41 732 6420 3639 8046
573 2577 3565 1682 1821 7959 2580 6756 6057 3328
574 594 2664 3343 3508 6975
575 2286 1331 3038 3164 3562 3662 4270 4886 5278 5614 6728 6784 7129 7162 7447 7448 1202 4557 6361 6694 7205 7943 8023 54 885 2299 2300 2301 3108 4615 5594
576 4689 305 1817 5615 6324
577 453 2279 2747 3039 4879 8013
578 4820 2585 705 2189 3227 7938
579 5132 7106 453 3929 1861 7536 2170 5525 7473
580 4004 3915 1374 4592 5188 1372 6634
581 36 2750 5314 5840 7056
582 2950 3001 3003 3004 3007 3013 3020 4000 4001 4002 4383 4398 3012 7819 4089 7486
583 2748 4419 3288 2753 2747
584 510 4655 6492 3929 6853 7691 7692 8171 8440 8470
585 3071 4951 6420 6046 701 4162
586 220 6928 4663 4537 2880 8311
587 2710 2327 3073 4787 5026 2342 8049
588 2642 616 4942 5892 602 4689 464
589 1976 3075 3876 1594 3960
590 2715 202 759 1237 3654 4277 6742 2002
591 7853 2385 2484 6275 7852 7854
592 1589 3943 7795 8156 8234 114
593 3004 5622 7313 7443 8226
594 2484 3122 4072 4297 7857
595 2289 4440 4442 4222 3584 430 2860 6927 8324 8342
596 16 2831 1024 2957 8380 1079
597 130 6082 145 699 418 162 2939 113 5379 732
598 6255 3353 6252 3150 4675
599 5917 5955 3835 6852 7173
600 4522 7076 1157 4940 6714 1863 7314
601 303 2646 3476 4183 4689 1613 7300
602 6186 833 975 1549 3911
603 2698 233 556 1611 6864
604 6308 768 769 770 2684 4832 5922
605 5546 5308 5320 3292 6989 4973 7177 4083
606 6310 6311 4082 4401 4423 7837
607 2128 4857 7014 500 5625
608 1566 3990 1858 1987 2035 2219
609 2839 5256 5622 1578 5419
610 6788 903 1175 1952 5869
611 18 1529 3195 4710 1286 1617
612 2951 1340 7590 6919 5385 3960 4119 5019 7499 2230 5800 4353 5335 5336 5337 5808 6777 7038
613 705 1367 2155 3730 3830 5316
614 1294 508 248 6019 164
615 4179 6836 6837 6891 8260
616 2324 5026 7292 3587 4359
617 4116 1336 902 1306 2229 2755 3471 5942 7188 7475 7551
618 926 2554 4985 6437 4158
619 309 1572 958 1428 4995
620 714 4816 7390 3072 2 3416 661 2194 2980 3218 4342 7113 4549 8151
621 5552 189 1455 3087 5694 4846 7162 131 5164
622 190 2027 2418 5363 6306 4186 7971 233 3790 3188
623 1181 5026 645 2832 1887 597 6473 4279 5769
624 8 1 3725 6629 1462 3898 5771
625 970 1428 1617 4710 18 829 1194 5026 6608 8023 8038
626 6553 6282 2565 2557 2484 8101
627 322 1194 1617 1346 502 5026 3847 7834
628 1646 1604 3090 6310 6919 6309 795 1874 8278 8185
629 350 1752 2458 3587 4105 5140 3710 4489 990 40 182 202 2892 36 1593
630 75 3943 885 2299 7695 1891 3090 4710
631 1310 1482 3882 6518 2786 7892
632 3013 485 4588 1215 1924 5058 4025 1204 1409 5349 5866 3570 3582 1207 5350 2815 1996 5351 7326 1462 6656 6131
633 1385 1613 1969 4379 5124
634 321 2179 6132 3408 64 6358
635 7859 3059 3820 1487 189 6418
636 2561 2794 2484 1356 4587 2736 650 2893 3223 4889
637 6282 7113 2185 6271 6930 7497 3925
638 4055 6310 7128 6186 5730 5866 8406 8185 8450 8486
639 4646 4652 7171 5031 829 3758
640 1234 1428 1622 7605 7606 1861
641 432 610 2279 2515 1604
642 1600 2437 4898 1613 7503
643 1937 85 509 77 1403 1428 2219 2638 2668 4280 6146 1402 1060 3543 3596 3232 2309 1157 5344 924 253 3054
644 113 6590 7436 1295 5830
645 5622 8459 2956 4996 6303 2976 4675 1489 2523 7296 3381 4640 1575 4857 6611
646 3857 6611 3954 8251 2484 6282
647 4170 2185 2826 7678 4557
648 4035 4140 6239 3438 4191 5953
649 1752 2230 2219 928 7906 2272 2324 4782
650 435 4537 5056 5414 5581 7836
651 7086 26 639 697 1250 1613 1910 2229 2871 3191 3417 4113 5026 5852 6279 6441 6588 6604 6730 6956 7835 8372 7490
652 1304 180 220 6089 6420 189 3676 202 185 6082 2063 8027
653 1850 83 103 691 2359 3917 2663 7279 7633 2092 7566
654 5562 7672 7745 1073 7685
655 2534 753 1177 1200 1350 1353 1627 1642 1873 2207 2238 2956 3508 4035 4141 4535 4720 4851 5061 5230 5316 5400 5719 6314 4739 996 3333 8036 2279 2999 4347 6970 7005 7128 7624 8200
656 2306 1489 1684 1200 7394
657 3251 3248 616 5368 7390
658 705 5312 5730 6080 4980
659 29 7248 702 3004 1156 3771 3830 4369
660 5019 4249 4940 634 2682 6599
661 648 4874 7556 1942 5546 7092 6601 2962
662 3433 5653 6759 3512 3986
663 5435 3381 4640 6975 705 3105
664 551 2892 4091 4428 7189 4951 6663
665 1031 5408 5824 6069 6867 6995
666 2263 1078 5790 36 4893
667 468 646 1193 4379 7425 7807 981 1194 1285 1286 1377 2152 8349
668 1908 2731 2935 3719 5030 5032 5580 5674
669 6750 6977 7222 1423 5258
670 454 979 1015 1644 1833 2128 2207 2933 3105 3468 3560 5056 6218 7660 8055
671 426 2289 3638 5739 8358
672 8488 8405 8224 8437 8446 8228 8504
673 6311 4082 7969 7959 6196 7837 8132 4401 8274 8385 5237 8472 8482 8162 8440
674 687 689 1869 2568 3200 4420 5118 6018 7307 7852
675 470 1385 6545 1682 687 464
676 1231 2750 2430 2747 4056 3800 7366
677 4099 5633 272 2176 8069
678 3582 6224 7469 4401 6870 8442 8444
679 1949 2959 4013 5581 618 913 1050 3149 3399 8323 5038
680 5026 1552 5488 1489 4116 4140
681 831 843 2664 1200 1260 2987 4369 2903 2933 7508 3117 2238 2346
682 4577 1079 3426 7549 3231
683 3758 924 1593 2085 3759 5019 1255 3112 2544 2962 5982
684 104 113 125 127 3618 5505 7364
685 3073 1975 4407 3722 908 2384
686 5798 5680 7421 3236 195 7078 3751 4455 7165
687 927 8016 5581 5588 7235 1893
688 1134 2814 6732 6258 7640 2815 7641 4318 6929 1489 3560 6252
689 6913 2103 1929 5581 6116 634 3636
690 2750 1008 1191 1389 1515 2015 2748 7230
691 833 6574 7902 6763 6264
692 130 1251 5075 5505 6501 7325 7454
693 2513 3924 6264 469 4366 4503
694 4140 3865 5064 2271 2441 4163
695 1428 64 1624 5684 3344 8081 2482 5047
696 3582 4401 6196 3780 1437 8444 8383
697 3060 924 1211 7435 2386 468 938 1389 3336 3481 7579
698 2853 1386 1262 2439 924 315
699 7861 3091 306 3766 4345
700 407 820 7410 1151 3820
701 464 466 2435 3327 5839 5905 136 3509 5075 155 222 274 275 276 340 1304 3321 4091 4139 4432 5161 6915 7102
702 2217 2090 3997 991 3188 8468 3381
703 1428 3539 2789 2918 3213
704 469 2151 3829 5316 3835
705 2712 17 1691 3191 4544 2146
706 2432 262 1437 453 5569 5717 5772 8023 1427 1428 2200 4315 4704 8361 1574 4445 8278 1896 5983 6770 8185 4733 504 812 2009 6121 8438
707 1876 1966 1521 7563 7564 7841 728
708 7005 1761 5445 6987 7921
709 4235 6569 2645 6544 1805 3166
710 2811 1698 3361 4025 4579 5326 2708 5665 5349 6314 5928
711 938 1704 7579 1887 7425 8061
712 7419 7553 2499 3367 4718 888 3399 8462
713 978 2366 3756 5031 6919 7266
714 2224 4897 2248 5554 4084 5728 5056
715 2395 2984 971 1505 2396 7326
716 4782 7642 418 1289 5428 419
717 6230 2456 8126 8256 83 687 1984 3782
718 960 3326 5335 3308 6776
719 1160 1176 2976 1367 4369 6975 6810 3707
720 491 495 563 1899 6292 8009
721 5403 6163 2185 7760 1584 4519 7162
722 1019 2918 3587 1550 8030 5043
723 4039 6744 6036 7096 233 1512 2770
724 2266 2614 3957 3984 2137 3263 3264 5614
725 1428 1588 2170 6867 3114 5006 5720 6282 7188 7189 7191 1269 5330
726 2903 3042 6825 5915 6975 705 6095 7005 6720
727 140 1869 4461 332 2408 1500 4512 3871
728 3888 4622 2688 4014 4116 1817 4336 4910 463 610 924 1119 1428 1560 1861 1949 3060 3635 6854 7005 3181 1306 1832 2830 5128 6249 2185 5468 5621 360 5695 890 4372 7113 1184 6943 8017
729 945 6447 3102 3284 74
730 2950 4968 3004 4253 1467 3687 6857 3013 4396 6865
731 2523 5802 5915 6179 8410 8432 8484
732 4199 85 697 63 1540 3212 4710 7237 2668 3406 4413
733 5836 2077 2139 2056 4684
734 3276 1203 705 4352 2581 2953 4666 7241 5565 7394 7399 7871 1200 8086
735 3689 4256 4257 4394 3687 6979
736 1955 2580 219 429 1555 2943 4531
737 3773 6880 6058 7428 3085 7704 3073 4190 4324 3138 3451 7703 1203
738 658 2193 4119 3078 3531 4584 1198 4017 1206 1714 1341 1996 4519 3602 3587 5339
739 1514 7978 4183 814 2646 4249 2982
740 273 458 5285 982 5062
741 1589 5244 4183 6722 7198
742 6034 1710 463 464 1516 2170 5019 7318 7911 1952
743 2894 6132 6136 2891 3138
744 6057 5125 5133 6837 1561 3926
745 3997 540 7181 1532 3720 5061 91 1485 8083 7319 8055
746 4980 1489 4960 7906 1911
747 4357 2266 4821 4523 4684
748 1353 2933 3097 4739 7475
749 539 763 1512 1518 3179 4166
750 1156 2976 7772 5588 6357
751 5034 5212 6877 387 3928
752 924 1685 846 1944 3307 4502 6967 523 1595
753 4401 3780 7691 8185 4074 8444
754 2634 116 5181 618 8270 5119
755 185 344 5304 5646 4521 7732
756 2184 2185 2501 3337 6153 7194 4585 7162 3510 6304
757 3578 1365 7598 1364 68
758 896 1262 1376 1588 5019
759 1734 2505 2976 2977 3443 5796 8094 86
760 8 3761 4119 6975 2153
761 2271 953 1099 6463 1756 5439
762 1200 1238 4894 35 1492 526 7837 7959 470 3728 639 4888 8079 3381 114 1833 4775 8260 2904 2903
763 26 6458 6585 3639 502 534 911 1314 5026 459 3327 5840 684 924 1529 2377 7725 464 895 521 4122 4710 7142 925 928 995 2062 2819 1368 1369 2444 2682 829 2225 6730 1374 2450 3191 5019 929 944 7698 7834
764 409 674 1242 4426 5288
765 457 2635 113 4245 416 6386
766 1771 1833 2780 4079 4924 6757 6992 7005 7128 7551 1433 3138 3510 5155 5060
767 37 918 1613 5164 5971 6473 6592 6600 7521
768 2215 7585 2961 277 1295 1457
769 2976 6475 5953 6584 2238
770 1833 2238 4866 130 5066
771 2169 7095 1897 5076 5224
772 6381 50 645 885 8351 1481 1697 2386 5453 5759
773 4710 4379 3444 3539 4348 5314
774 1547 2269 435 1178 6634
775 3635 2259 2336 2855 3395 7048
776 2831 2752 7171 2746 6264 6505
777 5018 6385 2163 3374 3730 6256 911
778 6311 4401 8049 978 1015 4708 8244 7687 8324
779 4385 3003 3341 4084 5308
780 2264 2750 3090 5238 7050 1183 2748
781 2151 1784 2584 4026 2229 4622 3888 7550 8296 8095
782 594 1779 1910 4820 114
783 3161 3123 7503 997 2185 7582 6280 7560
784 6975 2450 6162 4720 8086 3539 5055 5194 3781 6314 4790
785 1398 1431 1971 1976 5073
786 2605 5292 1996 1033 2184 3100 4866
787 1279 4035 1160 1176 3774
788 1818 5621 1589 4167 5414
789 729 737 3468 3560 3931 7836 6656 5016 1260 2933 843
790 7678 5026 7464 8399 306 452 2386
791 5064 518 2919 3566 6550
792 583 5063 4642 1200 1568 1573 3560 5622 6314 3813 7651
793 2808 2853 4795 2724 3070
794 4403 1802 5161 2674 2434
795 3816 3725 1367 1492 1829 7573 8238
796 2872 330 5559 5650 7194 5968
797 5073 5281 2512 3738 5563
798 134 215 339 458 5165 6420 7587 8261 165 167 3534 4202
799 3483 3829 4206 5164 5955
800 1292 3153 6046 3557 3618
801 2790 4623 6409 705 3018 4640 8050
802 6409 6410 6411 1273 6275 7126
803 113 3635 458 4850 178 2215 3640 4955 949
804 412 673 1378 5953 6887 1489 2179 3228 7717
805 5242 2258 2592 4116 6559 898 1118 4752
806 2864 3572 3045 6310 4082 4401 8185 8162 8442 8089
807 426 2794 4719 7629 4893 3814 3091 4527 990 7884 533 6976
808 7093 4857 1573 1833 2586 4394 2773 3258 6732 2461 3379
809 5155 5581 4369 2155 5502
810 2803 3863 3084 3085 3864 6218
811 244 393 3042 3925 6264 5083
812 2969 6943 4276 1966 7224
813 3119 5622 3060 3791 113
814 7718 4514 3444 4024 5368
815 1539 2977 5812 2282 8094 1156 7286 8436 8486
816 5550 146 418 1524 6501 6554
817 5113 5322 1817 7463 8054 5732 8284
818 3483 4708 6288 2519 543 4666 4008
819 4535 911 2643 5677 5395
820 2229 2755 4802 4980 5730 7089 2066
821 2824 1575 1092 1911 303 1846 3288 8228 537
822 2751 4655 2868 938 4653 5092 1425 7202 5218 468 2739 4710 2750 598 898 1194 4781 1547 5201 6496 6765 1530 1685 1444 3666 4639 5176 5468 6487 305 7054 7534 7621 6324
823 1467 1528 1754 3989 919 3004 7742
824 565 786 2489 2667 4670 7218
825 4903 2572 6434 2526 6611 4904 5416 7475 6186
826 598 2750 3189 3325 4179
827 7864 3034 3090 2288 2866 3039 6465
828 3078 6678 6404 984 2272 5033 4413 66 1747 2261 617 2787
829 2185 4510 1128 6231 7162
830 2155 2608 3381 5485 6578 7909
831 1784 5915 6179 194 6594
832 7865 308 3232 3305 7087 6883
833 1976 1262 4105 5395 712 5716 1588
834 350 5650 3107 5790 6149
835 2210 4280 3134 4935 4577 4004 3342 1428 2730 4881 6143
836 7837 4401 8275 8442 8451 1213 8471 8473 8475
837 3943 4442 7409 1861 1908 3060 7776
838 1094 183 3195 1353 5062 5795
839 439 1488 322 7162 1504 1993
840 586 4165 350 434 4377 2185
841 3483 5622 2135 6179 6431
842 908 3709 2826 2580 1335 3752
843 4364 4980 5916 5432 7364 7878
844 3565 200 5062 1423 4666
845 434 464 5314 6333 7254 7346
846 2184 627 3451 5210 5275 5344 6739 7045
847 1412 3723 3946 2264 713 3510 4022 1850 3881 3621 1615 7404 1763 6310 1247 1205 1276 4765 3107 4401 2258 2536 508 7339 1880 4313 3445 7837 6224 5315 2152 2183 7025 7766 6721 2185 980 8456 8096 7810 7691 8317 7692 8287 8184 8275 8274 8471 5672
848 1827 1988 4116 7313 7389 7579 7659 8191
849 650 2869 3212 4940 5038 8456 5421 8286
850 1924 2207 3765 7947 1644 1489
851 609 1949 2682 3223 5218 3587 5674
852 7150 7198 7420 1433 537 5622
853 1846 939 3767 15 3411 4652 6349 1022 1030 1204 1389 4464 5414 5691 6931 7187 7188 3292 1368 2912 350
854 2212 4094 833 4099 4800 5476
855 1716 537 2138 5434 2683
856 3730 2151 924 4116 470 2264 5634 4953 6975 485 4149 401 4398 6592 3044
857 3673 5674 811 2444 6313 3768 896 6544 7162
858 1949 1132 6634 3233 4464 7787
859 1378 4996 460 2478 3886 6094 7508
860 4650 6155 4580 4623 1037 1492 2526
861 4609 5743 4951 189 2481 3590
862 5588 2256 3513 5906 2803 3680 2952
863 127 427 3913 214 979 3622 482 3647 6491
864 1850 7521 7813 4850 7522
865 924 1346 1428 4379 4710 5569
866 1403 1083 5414 4793 434
867 1908 3744 7317 7677 8028
868 7981 1821 3346 3570 5045 3447 4152
869 1098 4423 130 397 1885
870 1327 3499 3948 4290 1471 7551
871 169 121 113 1455 1720 225 6557 4204 3205
872 5187 4579 3379 6517 2782 4032 2128
873 5707 5861 7220 5319 3019 5250
874 1368 8023 691 1178 1502
875 4733 5963 6689 2255 5077 6161 1249
876 39 3812 5442 7390 38 3215 7534
877 66 7162 1459 3922 3917
878 7749 663 4863 3640 5066 6129
879 3173 5954 244 3149 6544
880 1976 3253 3060 4633 6187
881 393 4365 7017 4366 3697
882 117 2244 2953 3985 4871 8290
883 2152 1442 5587 5412 4355 4164 171 2166 2368 4943
884 5351 6774 6775 2322 3341 6314 6772 4644
885 658 3840 4845 575 828 7551 8260
886 3803 4705 5026 3213 3476 6997
887 1295 1512 2096 3790 1513 4490
888 7313 753 1006 3950 7144 7579 8391
889 194 350 464 1600 1601 2170 2674 5019 5892
890 914 915 2485 3071 5860 2185
891 1133 3905 8023 1694 8383
892 117 2238 2803 4231 6218 7313 7475
893 3924 6135 2155 4073 4243 5056 4191 8305 4170
894 1505 1389 1428 2019 2730 1506 2057 6559 7303 7583 7732 7782 26
895 3654 1241 1537 360 7336 463
896 2409 5016 3713 4179 998 4055 876 6874 2153 3063 2609 110 2066 4229
897 4012 5026 6140 924 2733 6931
898 5845 6873 463 939 1714 2225 3766 4544 2226 7280 8151 8405
899 2328 7672 7719 6975 6197 5802
900 1412 3212 3805 1942 2771 4695 823 2068
901 2229 7712 4170 4369 6975 5346 3251 4949 8080 8358
902 3484 5778 7636 7764 7999 1457 287 7099 7610 6490 433 7603 7795 7325 6444 6712 4934 222 6914 6915 708
903 919 3508 1260 3258 5372
904 908 2002 5846 8040 1798
905 2155 5929 2229 1423 4857
906 17 1764 326 6146 1200 3332 2817 3560
907 394 4140 1367 228 3328
908 5099 5130 5906 6611 3090 6204 8205
909 7372 2796 4160 1943 3867
910 6298 6920 1589 1685 4916
911 211 212 229 4091 6501 7482
912 1591 635 4401 2748 5621
913 332 2155 3898 4857 4902 4980
914 3678 7068 3445 2750 8038
915 1966 165 2635 6954 7711
916 896 4771 1617 1817 4814
917 3096 6221 3024 3915 3925
918 7551 1723 5112 705 1719
919 729 64 3923 3631 7881 5953 7096
920 1513 2022 2304 3866 7956 8009
921 130 470 5621 6197 8199 6634
922 1793 5414 6157 3087 7423 7873
923 1625 1964 29 4904 4532 2123 5280 7771
924 6311 4082 7356 7693 7692 8317 3820
925 233 429 4929 5819 7971
926 434 3497 3723 3946 74 4646 1970 5747 6310 6312 6450 6449 16 838 7145 4082 4401 6290 8112 7542 8220 8339 3780 7691 8318 8185 8421 8276 8442 2008 6812
927 705 1353 1734 2694 4077
928 6248 2540 5483 6612 5949
929 4215 1316 2388 4163 8284 2042
930 3559 2397 7085 99 2999 2398 2139 1489 6035
931 4848 4062 5075 104 4953
932 4347 4860 1490 3276 7573
933 3732 4140 2256 2578 3188 5061 3930 1644 7805
934 1204 3640 3945 4126 4128
935 2298 1176 2692 2755 1013 725 1598 5292
936 3733 500 2238 5981 5979
937 5077 6894 4081 4623 5535
938 1912 5016 100 101 717 2141 2444 4574 438 610 3091 5522 7848 7849
939 1353 1723 2155 3508 580 932 2124 1949 1917 4340 1786 6186
940 6447 1200 6322 7609 697
941 7093 5055 6202 4857 5906
942 4401 7434 8274 8444 4826 8162
943 1029 6634 6684 6854 7113 8061 890
944 4488 3677 1497 5019 1589
945 73 990 3605 7144 7288
946 4383 7428 6126 2166 2758 6168 8131 982 1156 3073 5857
947 3863 1422 1097 1384 1846 3000 1644 2755 6012 6298 6431
948 1099 8110 1137 3925 4796 7162 3982 484
949 1524 2355 136 1536 6702 6767 7183 7773 7949
950 4534 5929 1367 1961 4965 5188
951 898 4862 5691 5254 7737
952 3587 1487 2271 6066 8341
953 5551 7040 2341 4640 6218 5955
954 2056 469 7893 1719 3013 3764 4331 4904 1467
955 5358 1524 6749 130 421 777 135 137 6590 6915 719 268 6490 235 3826 225 3555 189 4433 2528 8366
956 3818 5880 2002 2366 3571 8048 6188 1714 7737 2978 6333
957 331 3822 6468 6977 7807 5684 463 3608 6473
958 340 2115 3140 4760 6211 2125 4779 753 2082 4774 5659
959 3159 2544 4662 1437 2448 4703 2505 8454
960 2185 5525 5558 8042 8323 5559 4420 6153
961 1817 3213 4726 5768 6007
962 519 615 4736 6968 7933
963 3814 30 4654 3165 8463
964 5429 7540 7850 2276 4110
965 1373 1364 7534 6718 2047 6074
966 711 4239 4609 113 3227 4866 4179
967 1838 3871 1274 3710 928 4522 5643 5645
968 3507 4134 3039 7186 7177
969 1571 7534 2103 2271 1437 3325
970 2637 7551 3957 6330 1353 8492
971 3560 574 723 2155 117 3909 5622
972 5243 968 2810 4929 6684
973 7613 532 4105 1262 1752 4378 1791
974 602 1599 2562 5904 5908 66 7346
975 1966 4984 7576 5525 6482
976 1008 2602 1630 3257 2668 1990 6195
977 757 1497 1817 4530 464 2722 3246 3962 873
978 1723 673 2633 4140 454 537 3377 4025 5866 4283 3090 6186
979 1578 1555 315 981 2667 2660
980 627 6276 1589 1892 2226 6972
981 2803 3381 2953 775 5622 4644
982 8323 2288 5982 7513 99 5776
983 2177 7318 8270 26 927 1817 4181 5233 2299 8023
984 463 2289 6854 7510 5028
985 1493 5102 7091 766 3903 4452 5815 6682 6742 5660
986 463 1976 4533 8023 7256 36
987 1575 5784 705 4535 7551
988 5621 3916 4105 7354 7005
989 1350 1806 3694 5593 7870
990 609 896 1428 7061 1613 2300
991 928 1368 4549 1118 1817
992 1056 4888 454 2143 6720
993 2232 932 4350 2840 7340
994 4091 1715 293 5961 6994 6915
995 1167 5869 4833 6048 6808 7170 1753 7796 3358 7695 5482 7866
996 1809 6284 2582 896 1501 3956 3476 4235 5776 3181 2596 4032
997 5696 1080 1555 6569 5057 705
998 6862 1194 2729 5118 2185
999 3725 5747 4401 7147 4082 7022 7715 7952 3643 6196 7356
1000 8023 5969 1589 2484 3586 5968
1001 7243 4082 4401 8442 8443
1002 1489 667 1367 2347 3637
1003 3514 2619 6615 3345 3271
1004 1973 1976 3256 4108 4007 3208
1005 1216 2185 4195 5763 7134
1006 7320 4811 1961 6138 7028
1007 2368 3291 5344 3531 6168 2724 3960
1008 905 1600 6095 6154 6825
1009 1763 2873 3389 4129 5529
1010 1783 1784 7433 5447 6131
1011 831 8280 8234 2933 3341 5465
1012 7410 1768 4796 5634 7825 8235
1013 2286 3788 1546 1647 2172 2748 3325 8251 2750
1014 1603 6325 3004 995 2136 2197 3122 3539 4384 7169 73 463 1545 1810 2010 2185 2299 3766 4655 4996 5691 6560 7189 7394
1015 492 539 2440 786 682 5711
1016 5224 3242 2185 1711 1116 955
1017 5062 4369 5936 2846 2987 6938 461 3004
1018 4022 2116 5269 277 3344 7363
1019 705 8061 5271 4996 5735 5489 825 5188 6168 6171 7731
1020 4114 4581 83 7901 4203
1021 5747 3642 7959 5989 6195 2537 1874 7434 2382 2440 8274 8444 1213
1022 1372 2962 596 5815 610
1023 5941 6971 7178 156 165 178 196 210 225 317 340 345 355 356 488 700 1251 1300 1455 3551 3557 3590 3618 3703 4567 4760 5379 6994 2149 4773 6723 7482 155 713 4346 6200 1524 3505 120 136 415 764 3654 5165 143 397 4619 4951 476 3640
1024 598 2962 1752 5344 3587 5414 1807 3191 8023 244 7304
1025 705 1260 1723 2953 2973 3765 3829 6202
1026 537 3091 1911 3043 3035 5622
1027 10 1999 4337 4336 4717 8230
1028 634 1437 5041 7113 7865 5077
1029 1049 2225 4113 364 3747
1030 186 225 1289 1685 663 8194
1031 1575 1924 1723 3730 4535 6416 3560 8055
1032 929 1149 1817 3105 6956
1033 1729 6841 6396 6397 3447
1034 3033 5012 4735 5738 3406 3839 5708 999 903 971 1167 3032 8215
1035 574 2338 4376 4862 5019 5026
1036 5747 6310 6191 6492 4957 6309 4423 7145 7959
1037 3067 4508 2200 3066 3715 5414
1038 4560 6943 7911 7877 1646 2439
1039 3775 7033 687 1286 2368 5322
1040 533 532 808 814 1262 7869
1041 3497 6310 6311 6492 5747 7468 4401 8146
1042 3076 7145 7837 1233 3087 8220 8146 3780
1043 465 672 673 5061 2418 2956 7933 6314
1044 2386 2904 706 950 7000 924 705 3104
1045 646 4460 6947 8038 93 6956
1046 2244 1878 2683 3508 5532 2624 2803 1200 441 244 2492 1138
1047 130 339 2998 6216 7586 222 2452 3627
1048 5066 3656 5641 833 113
1049 5244 2260 3740 1414 3091 3814
1050 4684 586 1118 7052 7694 4369 4462 7226 2673 7113 2441 8222 8251
1051 113 2293 5097 1457 709 4409
1052 2155 2233 705 5784 6186 2981 4640
1053 332 306 6537 7292 7501
1054 4678 3922 5662 4058 5087 1910 3144
1055 5057 5745 66 8154 4647
1056 27 4689 5877 1175 2610 5026 7033 7812
1057 5173 3728 1378 2956 8468
1058 323 1404 829 18 3287 5543 1499 2853 1589 1497 534 726
1059 118 2633 6186 6757 3560
1060 4110 439 1861 3929 6275
1061 1247 5026 1545 6690 7162
1062 902 923 3344 911 5052
1063 1325 1507 2676 2930 3151 4774 7291
1064 646 929 1593 3766 4710
1065 2484 1861 305 328 26 3476 4083 4248 4249 4250 1817 303 4549 6492 1617 3223 7147 4082 4045 2286 7516 6290 4689 2063 5674 7517 2444 6730 2688 8444 8442
1066 2827 1682 5382 7804 2286
1067 4741 3935 2680 1770 5787 8381
1068 1354 1589 5865 6855 7850 7851 7991
1069 3410 6698 3925 7766 7419 26 2590 4485 1547 7912
1070 3301 165 174 2452 2085
1071 5171 7146 2305 3891 1912 2526 3176 4369
1072 4426 2891 3915 971 5066 4431 2452 113 1536 402 759 3520 3550 3654 4498 2527
1073 2505 7213 8194 36 2460 4277 4959
1074 3508 4860 5061 6133 6314
1075 3814 4190 1271 3316 3773
1076 2869 464 5218 63 3509 8321 1280 2680 5621 815
1077 1870 1916 2736 3150 5471
1078 1414 3510 7279 5971 2853 5061 242 2965 777 1031
1079 1847 2066 2976 469 7404 5210 7792
1080 4562 5577 3760 3764 6431 6999
1081 2608 2803 3707 3740 4170 66 1488 2840 3211 8499 2924 2117 6398
1082 1086 1200 1433 3923 6432 6970 7127
1083 1249 4182 50 7723 6197 691 3916 7798
1084 2602 3393 4179 6482 2002 1682 3524
1085 464 5076 7852 328 1850 1393
1086 6749 1535 1665 5263 4476
1087 602 7381 2299 6592 85 7048 4662
1088 7399 461 3193 3276 7394
1089 5349 5350 25 2010 7438 8132
1090 5546 7731 7732 7783 7784
1091 8366 8291 3930 6434 6431
1092 4265 5135 5547 7398 3861
1093 833 5932 3489 4245 7603
1094 457 5743 3653 7610 663 4157 4955
1095 4862 3902 6926 6963 1394
1096 537 6656 7968 3377 3830 7728 8055 6611
1097 2815 74 2517 5550 2801 5325 3006 4322 4189 2524 2006 2153 6397 7551 82 7893 2950 7394 8111 3004 7475 2099 4670 8132 8109 2493 3125 6860 2529 4570 8410 8436 7345 8495 2523 8232 2976 8485
1098 2683 2803 1135 1260 2256 3004
1099 66 7466 6732 8354 8347 6258 3572 8353 8411 4795 8420
1100 705 1353 3381 6810 6975
1101 2954 4857 5552 6179 1821
1102 91 323 6592 7175 7612
1103 328 1311 2035 2668 3677
1104 189 6369 4864 7346 7102
1105 5968 2646 7016 7017 7292
1106 1200 3829 2238 2426 6924
1107 2271 2920 6739 6741 7252
1108 2725 7338 6034 5621 1497
1109 2680 4996 5026 5367 4536
1110 244 742 1012 1027 6752 7223
1111 2656 7080 4867 4944 5971 6885 7706 1714
1112 851 855 1512 5819 7971
1113 795 610 2264 1582 1682
1114 5762 4105 6284 857 8025
1115 851 1272 3220 6744 2303
1116 4838 744 6183 5352 5176
1117 5900 5992 1012 2382 4603
1118 2088 2034 42 77 4649
1119 939 2164 4276 7230 7730
1120 6716 36 940 1707 3917
1121 561 568 1272 1512 1539 3035 4241 1889
1122 480 7265 7101 7303 1435
1123 6041 6152 2204 4002 6479 6832 7742 2253 6258 1489 6732 7938
1124 1685 3665 6650 5739 6363 819 929 2271 6333 6425 6426 5621
1125 2101 3765 2701 7550 8245
1126 3676 2705 4313 3073 3085 4499 6312 5630 1959 6463 6946 6781 7147 7453 513 7296 7295 1056 449 7128 7573 1501 4401 6792 5751 7693 8318 8096 3056 8496 8478
1127 5155 6825 4709 5730 6431 6696
1128 1755 3222 6810 3477 3284 3381 7742
1129 590 661 806 1725 2109 3647 6039
1130 4733 5609 953 3072 2870 6210
1131 1356 2718 705 2279 3105 1644 2265 610 3303 3835 2124 3539 5611 1200 2694 3427 5856
1132 3111 282 2111 2891 871 4801
1133 929 2195 928 2958 4956
1134 1249 4710 6130 1639 4733 8247
1135 928 929 3494 2830 4795
1136 650 2226 3678 7912 1336
1137 2261 2853 5793 6197 3814 8367
1138 1048 6038 2806 1817 2229 6988 7517
1139 2225 1442 1501 7696 6825
1140 1593 5122 6005 7928 7929
1141 307 1200 3831 4183 5956 4857 7495
1142 1461 1015 117 575 1433 2155
1143 1057 1961 5838 3046 8311 6857
1144 650 2072 2793 4679 4680
1145 113 419 420 2115 2125 4951 760
1146 2530 5621 6017 7226 7247
1147 5203 268 135 3667 4783
1148 968 2100 3560 4017 4014
1149 1896 646 3582 6905 8084 8270 1428 2185 3149
1150 814 4440 4442 5674 6937 1595 2918 7489 7559
1151 3051 3556 4685 7826 6506
1152 1105 1848 4457 5621 6514
1153 691 2266 2921 5374 4958
1154 1200 2056 2089 2817 2846 3105 7146
1155 3501 3880 5542 7559 6266
1156 602 7953 5825 5826 7412
1157 1138 7570 5566 6887 8404
1158 2665 7970 812 3592 7375 6165 350 726
1159 1194 1675 5032 1346 3952
1160 1808 4727 6120 7437 7701 8136 7767
1161 5498 1832 2229 3888 4654
1162 945 5992 6813 1362 3820 7036
1163 2212 2152 3189 3417 3576 18
1164 2510 7338 4107 2561 1092 8026
1165 5476 5300 3647 5179 5621
1166 1184 3133 3445 505 3582 4583 4867 4910 6266 7281 7690 2810 4402 2650
1167 2956 2954 4980 5064 5730 469 1734 2803 3513 767 1616 2187 2694 705 4156
1168 2484 4179 5019 2264 5141 5366 2671 8114
1169 5088 5398 3514 2184 2189 3537 1133 5399 8189 1163
1170 3637 1969 140 911 2643
1171 1477 2468 2694 3820 1644
1172 500 1978 2064 2733 5621 5736 5740 7113 7252
1173 2780 2785 5622 6774 3105 3923 6442 6432
1174 1381 5531 7236 4535 1354 318 8133
1175 2939 2635 709 2894 5862 284 2085
1176 3814 6310 6312 6311 6671 6920 4401 4082 3642 6196 8107 6224 8108 7356 8292 8268 8096 8425 8430 5261 8185 8443 8471 8438 8440 8162 8475
1177 1285 1286 2365 2828 3189
1178 6469 665 2975 166 477 879 1938 2171 2681
1179 3146 1524 3751 6767 1119
1180 2134 5476 6852 222 1524
1181 17 3197 5966 1682 1246 1254 5834 4523 6065 8056 728 597 6102 6545
1182 4244 4718 6722 1599 4754 424 4574 4600 5019 6347 7057 2364
1183 17 4122 4523 5020 6335 6423 7800 6592 651 4530 6690
1184 53 2442 3031 3310 4179 4862
1185 1547 879 1102 2815 4579 3043
1186 610 1389 1836 2265 2279 4379
1187 3851 3857 3954 5730 5833
1188 5528 6596 3890 4784 5766 6477 8124
1189 1194 349 938 1428 4682
1190 504 1191 4531 2753 1524 7325
1191 2204 1197 957 4622 3888 2238
1192 3805 1092 3710 1545 1682 3388 3670 5179
1193 5730 4654 3689 2968 1821
1194 332 1116 4549 610 500 3319 5332
1195 4405 3244 1952 1407 3106
1196 4053 6333 990 5714 4872
1197 2300 8074 2875 3238 6728 7289 7737
1198 2885 5201 466 352 2141 4621 7502 896 2580
1199 2505 6611 655 7224 6668 4369 1872 6045
1200 3325 4787 4114 5926 621 3223
1201 2393 1044 1428 1589 1929 2740 4442 4802
1202 6803 7005 1910 462 1821 6314 5155
1203 5197 3407 1200 7285 5459 5776 4853
1204 123 125 129 222 232 2902
1205 1197 1836 1604 6938 7005 1633 3139 7146 3774 4008
1206 1314 3105 2556 2639 6090
1207 263 5893 8025 5857 6195 3560 1250 1472 8420
1208 1260 4369 7746 1489 3824 7482
1209 4680 6382 1346 6617 6956 7154 1910
1210 1091 3372 4404 6275 1216
1211 1152 4646 2001 3191 6158 6603
1212 4231 1833 2238 6314 6975
1213 4025 2821 6825 2238 753 5622 6131
1214 1317 3417 4726 5740 5674 7922 924 1010 1765 2368 2375 3189 6536 8020
1215 731 1552 1557 1768 3137
1216 8080 898 1122 2414 3195 5378 7305 8027
1217 500 795 2748 4644 5737 5739 6017
1218 5471 3673 8002 7236 4227
1219 406 3770 1194 7246 7676
1220 1160 1833 1847 2233 4231 8269 1489 5895
1221 1900 5412 5804 1367 2133 2120
1222 4027 3814 6078 5188 4509 7927
1223 5546 6999 485 835 6179 6186
1224 1975 602 2243 6178 6592
1225 112 1591 7260 6469 618
1226 8461 7086 3206 3678 4100 3056 4113 8119
1227 393 77 245 1836 2611 2989 4134 3974 3418 6854
1228 8408 8407 8504 8424 8507 8208 8265 8266
1229 5621 332 1810 812 3319 5800 7753
1230 1623 2748 2750 3107 3678 7292 7579
1231 127 130 1536 2352 227
1232 3060 4733 5134 6183 4995 5220 7294 2547 5343 5546 4705 3784 5857 6770 1226 7985 7982 7984
1233 2724 3960 723 5525 7390
1234 419 2115 3555 710 254 278 1524 636 4432 268 663 135 180 225 276 417 1304 5379
1235 45 4165 6284 6333 7911
1236 676 1141 3048 6310 6312 7551 7959 6870 8220 7434 8354 8275 8277 8442 8451 8448
1237 5582 2561 3539 5740 6217 7252 500 2002 2568 3243 4173 6465 6558 6605 7032 7638 7834 616 2181 6692 2877 5082
1238 4299 4309 1163 1928 5077 5120 2137
1239 5275 36 5921 7802 53 1456 7326
1240 6592 2264 5621 6728 8023 468 697 1155 1589 2430 2484 4179 4603 3752 896 1255 2570 332 3227 3751
1241 2561 5485 2891 6702 1455 8390
1242 4004 2335 4516 3267 7079 4155 2032 5224
1243 1506 3246 5787 726 2420
1244 917 1428 3108 36 5273 6265 4280 4646 5006 6197
1245 1817 2264 4357 5019 5026 4442
1246 674 1927 1976 2155 2701 3560 3778 4179 6133 7933 1200
1247 1910 2001 4994 7713 3056 2755
1248 2580 360 5552 5429 3821 5985
1249 419 420 2891 130 6973
1250 2261 1588 1976 3404 3573 8137 8224
1251 2355 155 273 4528 6681 4793
1252 5674 857 1760 140 5911 7353 7259 6743
1253 3990 4904 492 4132 7498 8382
1254 5016 6098 833 1723 6095
1255 2232 6940 4771 4893 5630 4688 6956 5037 857 596 753 5955 2225 610 620 2189 1204 3025 5029 5490 2978 6289 7052 2750
1256 266 1295 1524 4566 4686 5986 6969
1257 995 1588 2808 7113 754
1258 3036 3073 3483 4035 4191
1259 4109 690 1511 5029 8340
1260 1625 3499 1580 3923 2606 74 4588 2950 2790 6314 8354 3030 8244
1261 1141 896 4438 4443 8352
1262 3 1386 1428 2002 2962
1263 1846 1132 3963 2788 2229 4595 6575 6578 7581
1264 1316 5549 6601 6901 7723
1265 1000 2749 3243 6473 6730
1266 1421 3930 3931 5648 2578
1267 918 2471 7076 1498 4549 140
1268 5800 320 1712 7147 3835 5210 7022 6535 8113 6870 8295 7286 8065 8354 8411 8385 8443 8444 8494
1269 7438 8433 8450 8162 8444
1270 3760 6310 1129 7049 7438
1271 3106 4850 5308 5743 7585
1272 4350 4623 6773 6075 2620
1273 4621 1489 1459 2030 2769
1274 266 3505 3618 4162 4951 7532
1275 2540 42 2639 3818 4442
1276 1129 3288 4646 1131 3083 5193 1540
1277 7313 6975 3864 4666 7475 7569
1278 1243 5971 1437 1545 7524 7912 7664
1279 156 206 338 345 4435
1280 2794 2309 1166 2213 7292 7309
1281 944 4116 3388 4733 2918 6399 7413
1282 5186 2727 7278 7204 5030
1283 2147 2018 3531 140 1969 4417 5582 1617 5658 3925 6404 4416 2919
1284 2184 3440 7128 2952 2843
1285 7978 7982 2708 3394 903
1286 1723 7661 5050 2973 8072 6314 736 4369
1287 5138 1734 519 2694 4347
1288 598 4522 5187 5840 3444
1289 440 442 2674 2957 4440 4442 7288
1290 648 8353 328 697 5132 5570 5982
1291 36 2266 2270 4956 6592 5466
1292 1249 927 1250 4555 5029 5039 5037 5038 2286
1293 1286 1676 2893 4379 5130 7127
1294 2843 2847 2953 3029 4230 4670 6475 705 2184 7639 2238
1295 1250 5751 647 608 7602
1296 1467 81 6258 979 1490 6252 443 4369 3838 7166 8091 8111
1297 1910 3858 4800 1869 6588
1298 571 2739 4618 7642 7501 610 6870 7562
1299 415 732 1536 6762 6712 739 248 713 4993
1300 8459 206 4399 5791 7325 165 6767 5282
1301 2777 3004 3007 3011 4383 4395 5015
1302 463 6312 6225 7469 8094
1303 6197 2040 6046 189 713 3618 3505 4091
1304 3587 7914 464 1370 2271
1305 2623 7093 4866 705 3829 2618 3381 3376 6202 3468
1306 2668 2200 2669 1158 1176
1307 1389 2437 3918 5109 3727 3613
1308 3451 4347 6251 6261 2667 2797 3015 5334 6763 8232
1309 2355 311 200 1526 264 1455 5062 7062 4953 8152
1310 1295 270 160 2825 3447 1349
1311 7095 770 6152 3054 3152 4556 2036 785 1338 2093 4917 563 1848 2022
1312 6943 1166 1861 6284 1428 8023
1313 5421 7086 5569 917 4182 3060 6534 2668 6725
1314 66 2260 5276 7681 3404 1909 2261
1315 556 559 1321 5816 2608
1316 1428 2002 3223 4828 890 464 2185 6934 2386 21 334 4643 504 924 358 3633 5645
1317 5621 5892 6983 1600 3541 134 4336 5567 7946 298 3372 5414 1095 5228 610 374 8397 2386
1318 3637 4179 7076 6282 2544 3587 7500 1271
1319 1124 2137 3969 6644 7375 8149
1320 175 3205 3555 171 5204
1321 4532 5045 1215 3381 4533
1322 180 4521 244 1269 3966 5047 5148
1323 228 6938 6055 3003 3021 1719 3013 56 3004 4252
1324 3005 4197 5372 6051 6656 6476 4140 6202 1941 4628 773 3258 3379 3829 6659 965 6657 8422
1325 1505 2731 2732 1714 1437 532 1546 2034 2819 5651 4105
1326 7359 2309 1732 2266 2507 3836 5739 5740 6428 4975 5306 6154 1284 2471 6967
1327 537 1378 463 2435 4983 896 8053 4171 8054
1328 4336 4460 5224 5236 6672 7039 7501
1329 811 891 2444 2643 5571 5583 6486 5130
1330 39 1022 1547 1617 40 1750 2209 2406
1331 1346 3445 3582 7381 8296
1332 3560 6186 5603 3312 6166 5601 3795
1333 3928 4913 537 1847 2404 2803
1334 6247 2534 6133 2207 2238
1335 6479 4866 99 579 5732
1336 1524 8118 167 3640 130 777
1337 4133 6231 3229 7065 8003
1338 2307 8193 1489 6415 6417
1339 439 4608 1381 3450 1596 3784 5188
1340 2245 4843 1644 5316 3508 1353 2973
1341 3170 3290 3325 3736 3928 4971 5034 244 924 1452 1869 2673 3927 4800 8349 2957 4519 7317 1202 3118 4153 7033 2063 691 2483 3264 3305 5073 7650
1342 66 1244 4856 6343 6614 8224 8362 1249 5592
1343 5020 5209 99 1760 537 978 5365
1344 3144 602 1254 2962 7612
1345 842 1762 2386 2727 3137 3564 8208 8401
1346 1014 4903 6250 713 3039
1347 1545 2476 6303 5906 7869
1348 4902 7005 456 6578 1083
1349 2531 11 6186 3432 8030 1077 2135 3501 3923
1350 7475 7551 968 1346 3223 5414 3173 6187 7678 111 1589 1362
1351 1567 1884 3444 5546 7376 7732
1352 673 2229 2956 5312 3863 5906 6729
1353 2221 1364 3755 3906 303 1331 4684
1354 244 4862 468 2279 2484
1355 5172 3180 705 1200 6314 5904 223
1356 3896 797 884 3852 879 3855 3856 2049
1357 2066 3707 5485 4715 7378
1358 5709 1060 971 1368 1634 2152 99 3337
1359 5747 6920 7886 8220 7356 8146 8278 8277 8276
1360 3867 6242 147 253 6106 3485
1361 4624 731 2113 5548 3888 1489 4084
1362 939 3418 4549 5585 2470 1428 4022
1363 765 2179 4411 225 1928
1364 671 462 7187 7188 7535
1365 3379 36 2969 5414 6526
1366 1845 3829 248 3830 3831 66 3731 6810
1367 846 1589 3321 4696 5891 7107 7313 7490
1368 1712 1833 1924 2161 2207 4140 6852 705 1200 2567 2879 3468 5622 228 269 2565 3217 6314 7155
1369 8196 3381 4766 932 2204
1370 1935 3339 6810 7617 574 4640 7927 817 7669 2238 997 3181 4083 140 1249 1836 3322 4220 6131
1371 3566 737 2361 2629 4369 5688
1372 2976 2856 4503 4675 7040 2189 6611 6810 1849 4769 7358 7895
1373 3624 4943 1588 4145 1703
1374 470 925 1139 3327 4116 5971 7537 7599 7832
1375 1009 1249 4680 747 828 4271 1017 5208 7554
1376 4383 6732 907 3426 4990
1377 1976 140 5840 6758 814 848
1378 441 36 602 909 3379 6855 4474
1379 8023 6849 7656 7642 6783
1380 4741 812 3587 4173 6930 1383
1381 5187 5188 6855 8028 2286
1382 7221 71 1387 3452 3690 7717
1383 6214 2668 1425 2185 6818 7648
1384 3072 3167 5047 837 4836 821 306 2962 1593
1385 1720 4115 4069 5150 494
1386 2261 2938 7471 7525 5900 2368 7003
1387 1674 3189 6790 5759 3814 8206 8337
1388 2664 4236 66 2868 7313
1389 4015 5218 6372 426 4148 5552
1390 2056 5056 5310 4393 6996
1391 4980 5730 1682 3004 5533
1392 6186 5783 924 6779 3150 3943 7113 1870 6361 7562
1393 1160 1784 1524 2041 3888 5312
1394 2559 3372 3367 2515 3166
1395 1236 1723 2155 2384 2977
1396 6979 4853 4650 1633 3560 5915
1397 705 1833 2155 3829 4784 2624
1398 2225 2271 5019 6007 7253 7802
1399 1067 1596 4441 535 611 2246 6903 1195 4442 1191 7018 5507 5644
1400 4440 3256 176 180 3305 6728
1401 233 5622 4857 4437 7424
1402 151 6916 7137 8435 8184 8376
1403 1367 1378 3730 4234 3863 2694 4867
1404 5187 465 673 3138 5553 7744
1405 6170 5671 7128 8324 5800 7118
1406 152 355 7773 8325 868
1407 622 2956 2664 4784 2056
1408 2015 6197 1562 2269 4670 5083 7875
1409 1056 5379 1289 2963 2965 5282 1489 5724 7830
1410 2229 3274 7243 6154 6535 7438 4401 8443 4074
1411 350 1022 6023 6601 6854
1412 1784 1837 335 705 4857
1413 2827 4590 5276 2619 5127 713 761 742 425 7671 6301 3445 7351 2117
1414 1442 1784 5061 1655 6068
1415 5066 410 2891 3556 4518 4521 6762
1416 5831 7095 708 5779 1536 6212 422 7610 136 2561 5357 5358 5359
1417 2215 5378 5163 2932 6749 7362 6387 7762
1418 162 235 2150 5393 261
1419 5063 3004 7147 3120 4401 4090 2977 7819 7128 3188 8132 8133 8049 8075 5866 1260 8429
1420 5019 970 1780 5109 5377 4440 4441 464 809 896
1421 3618 4162 6723 4760 6749
1422 324 2238 3150 4588 7128 352
1423 2896 793 2185 6513 6806 3625 1913 6736
1424 4116 2868 4122 8060 16
1425 2505 7490 812 3149 66 4235 8057
1426 5048 2952 8033 1660 60
1427 1331 119 3723 3497 3946 6310 6312 6311 6148 5786 4082 7136 6195 6196 4401 8110 7356 8491
1428 4082 4401 7356 3373 3780 4080 2008 8442
1429 1060 4646 7192 4406 1428 7922 8147 8248
1430 1545 2225 6381 5133 7281
1431 3269 533 1763 3562 3722 5747 2695 6191 6449 6248 1680 3246 4259 4082 4401 6290 6897 2977 3444 7969 3445 6224 6225 3440 7128 8094 8133 8019 8075 8132 8049 8065 7766 7025 8442 8443 8444 8495
1432 911 1966 4900 17 6599 3173
1433 3824 5960 6936 7623 8153
1434 7302 1641 4404 5188 6275
1435 574 674 60 4156 3150
1436 4323 6633 3093 4140 4793
1437 3280 2187 1911 3188 1915 2522 4140 1682 5164
1438 4652 1954 4474 5711 8405
1439 316 970 1714 3274 5674
1440 4276 5238 5855 7072 316 5224
1441 819 602 610 2279 6716 3284
1442 6390 1018 5864 7081 5414 4287 7447 3319 5054 1163 7316
1443 3005 6310 6311 4082 4401 3440 3444 5210 6225 7128 8109 8111 8075 8065 8354 8295 8427 8429 4074 8452 8453 8450 8442 8443 8444
1444 4165 4548 5121 7060 8145
1445 244 896 2673 5238 7302 2185
1446 1595 3818 3802 1050 194 896
1447 1262 194 1140 519 1139 2769 3222 4144 6640 7409 195 3039 7876 4081 5891 1151 1164 1707
1448 3571 3787 470 1070 5414 8296
1449 6098 3560 7005 7486 7570
1450 2220 2253 6865 2683 5460
1451 20 4454 633 3888 4592 957
1452 1335 3195 639 1245 2414 5345 7369 6898
1453 2016 2505 5275 2225 3639 1968
1454 8 833 1061 382 10 1028 5289 6975 6251 1156 2919 3899
1455 7040 4369 3675 3729 6975 4911
1456 3373 4119 3899 1146 2605 3779 4841 5562
1457 3550 2860 5952 6915 4955 7762 2998 4810 7019 7214
1458 2271 5314 7643 8104 5096 1950 5026
1459 1724 2149 5829 7831 189 193 5520
1460 1858 2707 1164 2249 2976 4143 5210 3829 1353 3830 5630 4911 7040 6572 7227 4967 102 7745 7672 4132 7258
1461 5470 1427 3756 3800 6609 1145
1462 2608 2249 2137 1082 2136 4383 5893 4035
1463 833 3142 5937 6406 6975 117 2086
1464 2240 947 2189 4369 6979 6980 1351 6186 6197 8338 244 5164
1465 2557 4231 6095 7050 7295
1466 3493 3918 3498 798 1145 2712 3031 4271 3878 4578 1594 2708 5805 5587
1467 2153 4223 6075 65 537 6083 7089
1468 5866 2605 2976 6133 3150
1469 833 1709 7146 6290 5719 7819 7781
1470 3381 1966 4855 4984 7260
1471 753 6102 5249 576 1723 2950 4002 5485 6258
1472 4105 7376 1263 829 2865 6593 7953 7422 4646
1473 18 3290 3835 6162 4307
1474 2555 7477 497 682 1827 1899 2021 2027 495 2039 4929 5842 6106 491 787 2567 3142 3701 4888 8342
1475 7424 3910 7040 3560 7313 1015 979
1476 2518 7050 7642 1228 4617 5621 6895 7863 2750
1477 47 3723 3946 6310 6311 8409
1478 306 1817 1896 7534 8258
1479 646 4460 5942 6869 8008 2238
1480 2189 5288 4044 2910 5577 6250 8324 2003 2937
1481 1437 7123 6197 7280 7958 26 4689 8373
1482 3497 6310 6311 4082 4401 5235 7691 8427
1483 1214 3242 4718 4719 6553 3347 3677 5145
1484 1807 1791 3320 3244 4785 6592
1485 785 5841 233 1111 2303
1486 3572 6500 4649 4119 42
1487 4947 3834 7562 7611 6231 647 7058
1488 1821 3379 3829 6572 4837
1489 2384 3100 7169 3099 2155 3009 1200
1490 705 1343 1519 1823 2248 3730 7313 4877 3830 7903 7475
1491 7212 2155 2736 6846 2070
1492 40 1730 7387 7388 5026
1493 1644 4140 5353 6432 6604 6772 6775 7521 7758
1494 464 4176 5170 470 602 2484
1495 829 1228 7836 6197 819 4105 3678 3008 6052 2459 4887 8325
1496 194 5900 5942 6854 1589 4154 8194
1497 1690 3876 3356 6378 5580 2772
1498 4646 1688 3580 5599 3609 1428 1429 3594 7549 7648 7649
1499 245 1477 1728 2513 6264
1500 175 185 2899 4685 6387 4993 4520 275 257 260 283 4854 7364 158 869 7325 6507
1501 691 2561 3758 6726 3215
1502 1206 2416 3293 4460 6842 7709 3814 4015 4476 5971 6604 7292 7579
1503 3048 6311 6310 6920 4082 7469 7438 7998 8110 8107 2755 8421 8444 8442
1504 3043 3560 4369 4750 5153 5346
1505 5218 1383 5695 599 602
1506 708 1524 6025 340 4955 6936 7178 7762
1507 1846 4855 7236 7869 7836
1508 7554 7957 2002 4341 7508 7710 2090
1509 2484 3062 5947 646 1148
1510 782 970 1617 2479 2765 3189 3312 5054 7038 7979 5800 2064
1511 3225 2233 1044 4514 3751
1512 4706 8306 1346 7874 1194 7875 7932 2152 6604
1513 5762 1353 705 2238 2624
1514 5275 5301 1052 4729 5314 3090
1515 4162 663 751 3640 5987
1516 1489 2668 3327 1506 898 4450 1137 4108 1505
1517 1917 4980 403 404 3508
1518 500 1070 2557 3929 6275 6816
1519 1337 2071 2140 2929 3160 4619
1520 76 7068 731 6389 8023
1521 3842 7501 2639 3845 5246 7201 1604 5344
1522 1850 4179 7860 5979 1861 4651 5750 6399 4629 4276 171
1523 333 896 3031 4893 5599 5720 1428 3916
1524 894 3290 6178 8008 2918 8103
1525 8 991 1924 2578 7132 167 7259
1526 4231 3117 4020 3381 6314
1527 924 1250 2279 5019 5026 1942 2289 500 4796
1528 275 164 415 879 158 3190
1529 1249 1682 1212 1091 3372 7162
1530 205 4032 308 1135 2248
1531 687 1511 691 3509 5377 6542
1532 1138 2738 2952 4857 5853 6570 7020
1533 597 646 3445 3341 537 1489
1534 732 3505 4955 6749 1303
1535 334 4015 5615 693 1617
1536 18 2682 4981 1497 1975 4103
1537 5062 3639 151 152 222 5019 5026 5379 502
1538 1056 2987 2155 537 1160 7978 8259
1539 883 314 1438 880 3088
1540 2562 3742 500 886 3741
1541 7963 3381 3640 6572 7986
1542 2374 991 4116 1250 5412 1249 924 1540 4164 16 7984 6568 7858 5273
1543 222 416 1287 2029 2860 4160 4955 7325 8153 550 8390
1544 130 185 189 200 201 1289 1455 1526 113 5509
1545 2124 3023 3343 6846 1917 2620 6162
1546 2264 3189 5242 6214 1529 2121 3130 5019 5645 6493 6855 6949 680 690 1682 2668 4117 5187 2794 4655 5388
1547 5583 3060 99 1682 596
1548 17 1540 2050 1969 2226 2452 122
1549 130 194 222 464 2169 2625 5621 532 874 4243
1550 63 1790 3502 4644 2705
1551 3502 5135 6907 4066 5167 4383 6187 7515 8281 1446 886 1428 3602 7156 664 7144
1552 923 8456 7257 5113 855
1553 1682 349 5340 2094 912
1554 5117 7510 1424 1589 6319
1555 848 16 6730 6750 617
1556 6187 2962 6533 733 4440 4647
1557 2177 2884 7249 2562 5019
1558 2102 2935 1991 2868 5623 6717 434 7253
1559 1148 1250 1910 2484 3744 7113
1560 7113 6123 463 4265 7898
1561 1763 4407 1817 5026 3814
1562 1489 2694 2837 5459 6314 7624
1563 3043 4666 831 6611 2688
1564 923 899 5674 924 4034 5002 3170 3327 3360 4173 18 1969 3189 970 523
1565 5130 7092 4356 6990 3541
1566 2309 7737 2484 5884 8405
1567 664 589 847 5625 4499
1568 896 1412 3431 1674 1356
1569 4025 4980 2238 4580 4223 7580 767 1847 1723 4021 8173 6575
1570 1968 2412 2260 8027 7390
1571 3771 3004 5474 7040 7551
1572 537 1755 3830 5955 675 4183 7521 8034 7813 6975 1512 2281 3468 6242 6757 7259
1573 6975 7475 7551 7474 989 2176 2251
1574 1405 19 1640 2017 1803 734
1575 3588 2192 2551 3829 2238 7825 2624
1576 3451 2840 3560 5175 4709
1577 2831 6133 5435 7556 5546 1423
1578 63 2377 4377 4612 6546 6608
1579 932 1903 1917 3829 3977 6477 3583 3949
1580 2003 897 3712 4081 4622 982 1154 6314
1581 2185 3399 1547 4785 8460
1582 136 349 6897 1589 5235
1583 1260 7709 117 845 1642 5622
1584 3253 1821 1902 2514 2755
1585 2703 787 4280 5819 7737
1586 6284 7292 464 896 4549 6926 7579
1587 993 2275 3773 4574 5546
1588 5024 6000 1333 4828 1389 6155 5329 6728
1589 2430 3587 1204 3322 1504 2148 2435 4116 525 3191 50 262 854 1278 4689 7340 4235 914 4529
1590 4599 8178 2429 3191 4611 4785
1591 751 6310 6312 6311 6915 6528 4423 4401 4082 221 4869 185 6994 3555 7049 1822 180 500 8406 8441
1592 96 808 814 815 938 1271 1903 3174 3568 3594 3668 3935 4606 4958 7203
1593 610 4473 1589 1817 4022
1594 686 1522 2170 732 6671 928 1723 4423 4401 216 1529 4280 3476 3444 464 1383 5026 3022 8383 8093
1595 1588 945 1786 4143 5308 6186 3073 6137 7428
1596 1578 2148 2409 4549 7560
1597 2501 6976 7669 5489 7668
1598 682 1670 3976 4965 3587 3605 194 4490 8029
1599 7184 2238 1644 2624 8193
1600 1249 1250 1910 5439 6588
1601 705 3730 833 5732 6040
1602 3541 1175 6455 3663 7086 244
1603 5026 2185 5603 1900 2159 3925 5599
1604 18 2386 2390 3766 3925 5047 5343 6977 7180 7370 7642 17 1285 1286 1617 3195 3113 6304 812 1869 3189 5032 5963 6264 7211 5183 888 3872 4441 7036 7371 7443 8282 3365 8224 3143 3510 4442 6690
1605 1002 1580 3663 2719 2686 1444 4464 1228 3811 8073
1606 3497 3499 6310 6311 6671 6449 4082 7243 4401 7892 3643 8108 7691 8316 8318 8278 8433 5237 8448 8449 8426 8450
1607 6312 7243 4082 4401 8406
1608 929 1599 2225 2682 1354 2539 1545 6493 6494 500 4731 7107
1609 66 945 886 2746 3736 1987 2903
1610 255 297 2798 4202 7363 7163 276 375 2043 206 6473 6560 3350 2279 3389 6854 164 4554 6196 160 721 2137 8471
1611 1682 5456 5908 4442 1976
1612 470 938 3564 4975 5621 5758
1613 1437 5032 924 1194 4441
1614 443 4369 843 1220 1098
1615 1194 1540 600 1595 4610 7344 923 36 2962 4455
1616 3043 5153 4341 93 1887 3818 4169 4207 995 1545 1836 2192 2668 4074 4328 5686 4537 723 1949 2124 3343 3404 2189 3080 4369 4655 4640 4231 5906
1617 1613 2484 4440 4442 5026 5681
1618 5534 746 810 4134 6231 5621 7815
1619 1660 2608 4041 965 8391 1327
1620 66 885 6988 5439 3176 7599 3560
1621 1588 7055 7590 885 4057 6399
1622 1847 5956 6688 2933 6314
1623 468 3191 1861 2769 2222
1624 1160 2206 5552 1492 4580
1625 6764 4198 4950 2903 4464
1626 5825 3320 127 5964 7335 5580 4119
1627 4828 6197 6963 2300 5568
1628 1872 5843 3915 6931 463 470 924 928 1561 2225 3039 3639 3676
1629 2918 6367 938 1228 6270 463 595 1589 5131 6545
1630 898 3212 4733 1524 4705
1631 130 866 2092 7137 7586
1632 1594 2753 4886 6231 6732 2230 2750 6166 1130 1249 4300 6831 2580 4252 6171 7182 1928 3212 4303 4383 5352 2702 7415 2703 3325 3605 7486 7715 3736 5728 6258 2514 4308
1633 733 938 1178 5863 6495 6995 7165 194
1634 82 3933 2066 3176 2803 4206
1635 1676 6946 4832 5922 4082 7243 4401 8283 8491
1636 2512 26 130 222 458 4249 4250 5379 6788
1637 1011 93 3053 3998 7848 5679 6931 8353 6532
1638 4408 4980 1833 705 2647 2776 877 878 7146 7891
1639 6208 247 417 2215 7325
1640 118 3787 5950 6360 6494
1641 2068 923 924 4119 5344
1642 519 2760 67 468 966 2670
1643 4803 900 5146 2435 2969
1644 1635 2226 5916 7703 3425
1645 4206 2189 6131 7404 8087 1460 1886 4284 4285 4383 6186 6521 6703 7350 7414 7521 8095
1646 8319 19 3042 3273 8336
1647 9 1061 117 3497 3772 4082 4401
1648 10 1812 3946 5747 3642 6195 7157 4401 8220 8278 8444 8093 8448 8482
1649 1540 1333 2211 5880 2299
1650 2039 2775 4490 4862 5519 6242
1651 5133 2579 5611 434 2678 7684 1428 5468 6592 3465 5251 7375 940
1652 674 672 1685 1910 5840 5719 6705 469 6133
1653 4553 4554 4551 2001 4109
1654 6484 4231 6807 117 6727 8014
1655 1343 64 4025 1466 2755 2803 4353
1656 2271 236 6241 3476 2755 7280 7511
1657 5016 2933 4231 2950 4002 6938 6840 7217 3105 4711 4971
1658 5929 3760 4666 3073 200 2124 4054 4898 4980 5916 2265 6044 7428 2279 2562 5566 5730 160 420 3553 3555 7177
1659 4049 4995 4280 8044 3709
1660 348 4065 879 5217 5160 6114 8213
1661 1162 5492 6645 4219 1764 2349 2420 2625 5201 5950 4712
1662 4988 5114 5288 3468 7744
1663 350 434 758 973 4442 1129
1664 3905 3925 265 1850 1854
1665 895 1285 1286 3195 8472
1666 3417 2834 2833 3222 3828 5389 5732 6582
1667 3327 6312 7449 7157 1704
1668 2838 6314 5392 2056 2128 2578 6871
1669 4441 1206 2171 896 3222 4218 2146
1670 2619 1916 4309 334 1885 7783
1671 2896 5581 1429 3031 1718 2273 4280
1672 1880 2090 2484 6016 7113
1673 5201 7935 549 2957 4990 7584
1674 471 924 6324 1310 2740 2847
1675 6565 6883 5009 872 2561 3204 6090 3600 5303 6796
1676 7077 50 812 4410 895 596 612 2266 2286 3788 874 7179 7907 1765 2197 5421 5840 6716
1677 2133 7931 1199 1282 2471 6186
1678 112 697 2136 2696 2853 5499 6765 1156
1679 1888 6312 93 4940 7136 5977 5467 3445 7665 7356 7693 8278 8451 8383
1680 10 3499 3725 3948 5747 6671 6310 6528 4401 7146 7136 7551 7758 7892 7893 7819 8109 8094 8134 6330 8295 8293 5235 7356 8065 8287 8244 8411 8429 4826 8451 8453 8494 8448 8171 8485
1681 2259 3541 7500 5621 2286 1394 6844 7050 2336 3060 3985 3986 6926 7113 7709 3091 6854 6817 2912 5188 6461 690 5199 6928 8282 4536 1284 2212 2569 6334 1333 2072 8481
1682 4718 6942 8463 3773 4005 5799 1841
1683 305 6559 6599 5063 7517 2185
1684 1514 3291 5051 3571 4218 2364 6583 4636 140 6263 2371 5396 7605
1685 3020 4756 1430 3007 76 1468
1686 1846 1686 5690 3341 4365
1687 275 3640 189 4434 4854 247 701 5264 264 125 1290 200 1990 187 279 5504
1688 2229 3725 3726 1203 4347
1689 1059 1196 2498 2658 5938
1690 997 7666 6728 5703 6181
1691 1194 2152 3189 5132 3191 3966 6468
1692 2972 3765 6431 7445 6432
1693 1467 3004 6064 2520 6056
1694 240 2975 2453 3051 4951 6448 7132 26
1695 5642 1174 3470 4871 6071 1260 1547 3471 6070
1696 911 922 1969 1970 2434
1697 4341 6222 2090 2904 1362 7765 7840 8242
1698 7693 7691 8449 8093 8442 8482 8474 7990
1699 500 874 78 4862 4263
1700 3226 1932 2725 7832 8158
1701 4386 4968 4969 3807 6247
1702 453 504 2490 3164 4412 4479 7397
1703 771 5061 556 793 5064
1704 326 5240 7516 4644 1356 2156 5543 2170 7844 8352
1705 2148 6642 2920 3928 6643 7302 3678 6585
1706 584 5665 7038 8094 7761
1707 1853 1682 889 4980 8280
1708 4617 5112 2305 6975 8465 1921
1709 1976 6154 6474 939 6910
1710 3130 2264 5224 24 5133
1711 234 4760 216 356 5785 372
1712 2828 3925 5439 8467 7538 328 1531 3212 5041
1713 933 3447 1966 7235 5039
1714 4164 4710 6978 7231 7032 3464 6605 7865 4305
1715 7924 7931 3518 2006 8465
1716 6310 6312 6311 6946 4401 8096
1717 36 1120 1228 6284 690
1718 534 810 5763 5508 2712 3568 6701
1719 3446 3917 1568 3491 3921
1720 73 971 1428 2185 3736
1721 1595 4523 5839 5841 6600
1722 574 575 990 824 324 3560 7817 2831 7028
1723 3714 1685 7797 8142 6408
1724 5128 6249 8023 36 2631 7744 7858 7859 468 3381
1725 5747 3445 4401 8378 8483
1726 8282 4898 6275 8397 8398
1727 896 3818 7858 472 2671 8301 7876 7950
1728 5892 1735 6548 978 1234 4224 7959
1729 463 2561 3191 6600 7086
1730 815 2484 3379 6494 7040
1731 10 1964 3013 6857 3004 6258
1732 1940 3189 3222 4116 7003
1733 860 8333 3929 650 4733 5581 6275 4277
1734 3587 6558 6646 500 5621
1735 20 1259 2185 3513 7162
1736 3464 3465 6509 3539 5793
1737 168 754 4495 6275 3829 8355
1738 1531 610 646 5525 7180
1739 1191 941 4224 2557 3450 5938
1740 977 2178 5368 5486 5569 1552
1741 1671 1887 2079 2484 7390 7481 2086
1742 929 1973 2541 2739 2885 4057 7836
1743 6671 7926 7923 3462 892 1592 7837 4401 7692 7693 7691 8096 8316
1744 845 3178 1409 1684 697 1142 3004 3507
1745 646 1316 1530 1540 3766
1746 468 1748 5582 1250 6198 3677 4379 467 5032 6377 2766 819
1747 5167 6666 604 911 2147 2430 5788 6494
1748 3440 6053 7742 7743 7745
1749 36 928 4712 5377 5839 6592 6640 7489 7514 7503 7510
1750 3172 8051 7667 649 2301 8351
1751 786 2282 4039 1539 1621
1752 1164 2853 7889 2432 4533
1753 5637 1589 245 1543 3539 2750 7230 3325 4689
1754 2415 3676 1380 302 3587 2841
1755 4650 6655 7740 4284 7742
1756 1393 2333 2694 3043 3704 5110 1613
1757 469 1200 3483 6314 1489
1758 1428 4634 4456 5183 7807
1759 5407 5121 6544 1385 5696 1437 1604 500
1760 2279 4440 303 1817 1428 5218
1761 1809 2912 3582 762 8028
1762 5083 928 1595 1809 4522 6458 6459
1763 2374 3757 1359 2362 3925 350 6849
1764 435 6805 6178 4943 2345
1765 36 464 650 2484 6468 6496
1766 5407 602 598 3930 1238
1767 1564 3147 5762 6068 726
1768 1996 1164 2015 1723 5953
1769 2377 3395 7175 36 6337 1375 1885
1770 354 827 828 938 2424 2673
1771 1683 687 693 3191 7915 8007
1772 1434 2690 3333 379 1524 7405 2755
1773 5429 5039 5580 5648 1723 2608
1774 1644 5955 1423 5552 2153 3765
1775 3148 5720 2439 1647 2420 2853
1776 7128 3523 3830 4063 4369
1777 4084 6012 6180 8291 6753 6857
1778 588 801 2109 2413 6647 7367
1779 1589 2906 4440 4442 6399 18 26 857 1262 5218 5852
1780 6258 2010 4400 6256 833 2229 6227 4968 4969
1781 596 1850 4379 7092 42 1497 1817 6614 2806 3226
1782 612 646 1861 2739 4465 5772
1783 161 720 4854 1290 1304 3553 4953 4203 5655 420 7919
1784 625 1600 3539 5621 2724
1785 2962 5377 6473 6592 7559
1786 3928 6691 2484 5113 5675
1787 7195 1685 7039 911 2580
1788 1040 2125 2561 1428 3149 5614 7051 610 885
1789 1431 1589 3284 5141 6967 7331
1790 1077 1489 3303 4383 4566 5831 2229
1791 2359 535 5523 5706 3764
1792 898 2652 3915 4015 7177
1793 2609 935 366 4793 895 924 2152 3079 3327
1794 500 2527 3635 5900 8321
1795 5282 218 7385 3618 2892 4449
1796 807 5305 879 3647 3896
1797 195 1975 3189 5118 911 2213 3766 5026
1798 1114 363 1199 3535 4888
1799 1563 89 1163 2185 4082 4633 8071 3253 2299 4007 6049
1800 1960 7369 3894 4918 7561
1801 3677 5388 7620 7621 3587 7487 7488
1802 4282 2241 2998 1524 7975
1803 392 1428 36 3541 4379 4710 5583 2962 6608 435 7626 3679
1804 6053 1260 1367 3377 3379 4673 6432 3381 4084 4331 7521 8246 8194
1805 6310 1423 7146 7893 4650 7819 8354 1699 2946 4089 4294 6476 7118 7329
1806 680 1654 464 1261 5484 124 939
1807 1995 1179 5024 5147 1385 5245
1808 5112 1734 1821 6979 8094
1809 798 924 829 2185 3916 4116
1810 999 1131 1687 2885 4476 5901 8023
1811 1391 2843 4214 6186 2581 3303 3304
1812 5061 5064 269 2155 4424 2157 1043 4148 6511 5546
1813 5665 7399 3101 6708 5015 7395 4325 3098
1814 895 3539 1904 2484 2871 4248 4522 5267 6335 6956
1815 189 2892 1724 890 5047 2271 2427 1428 1702 1050 5934 3257 2642 2725 1524 275 2265 157 1682 5275 1302 1304 2185 6915
1816 829 5711 873 5144 8383
1817 1139 1547 5218 6284 8194
1818 881 1424 3171 6437 5639
1819 1654 2625 7061 610 1437 3974 4748
1820 317 692 6789 127 130
1821 5642 5061 1911 3829 1489 3560 8305
1822 58 4035 3381 3137 4866 2179 545 793 2304 5816 5815
1823 634 3730 5201 5414 7198 4488 8235
1824 5124 7118 228 269 6314 3508 1367 1576 3023 3217 3377 3391 3765 2207 6729 7788 5581 892 2139 8027 2286 5370 6909 6984 6356
1825 1734 1917 8324 5628 337
1826 8478 8448 4074 8442 8443 8387 8489 2008 8444 8505
1827 7927 812 2279 1018 5414
1828 6260 2999 8324 742 1966 6057 6250 8002 3716 3715 5971 2484
1829 2204 2971 654 2333 3730 3829 4140 6431 6572 7936
1830 591 1818 2120 5753 8391 8425 2166 2540
1831 4588 4980 1353 3189 6218
1832 793 1252 4068 5617 544 559 785
1833 689 1506 2868 607 7113
1834 4935 4799 4693 501 3756
1835 4377 5946 36 3223 4610 6473 2484 5721
1836 2690 73 8442 8443 3514 6610 3596
1837 27 4248 5144 6324 7430
1838 1682 3147 3758 4805 6713
1839 1685 1784 2664 3130 1976
1840 4079 1847 2066 8324 2409
1841 5836 1576 6247 7194 4468 2596 7921 3138
1842 2484 3212 5083 7092 7554
1843 3584 7195 326 500 1682 4548 5141 1952 6986 1809 4105 4522 4179 7759 4990
1844 2153 6731 3566 2919 5802 7661
1845 995 4276 924 3639 5026 5200
1846 17 66 895 1115 2580
1847 352 1060 6259 326 923 2496 7564 8357
1848 1249 1428 3922 4733 4379 7089
1849 469 705 1260 4231 3468
1850 5953 3829 3830 4140 1847 5112 8308
1851 340 911 1367 4216 8258 6247 8393 826
1852 7175 4822 2572 2933 3094 5409 5936
1853 857 2803 6559 4726 3280
1854 66 463 500 610 618 1428 1667 1861 2117 3635 5614 634 4366 2382 4224 4718 1437 2264
1855 3717 5525 2637 4960 1763 4943 2309
1856 8 1301 1566 56 2949 3407 7465 5061 1160 461 460
1857 113 6419 6501 6749 7325
1858 6309 7466 4401 6330 3373
1859 17 5001 5308 5344 5674 5918 6548
1860 142 1120 1141 1589 5019 6197
1861 1714 896 3475 5046 6405 1589
1862 1932 1973 2264 2147 2148 5201 4165 5376 7991 7992 5839
1863 753 841 2238 3009 3043 4877 8066 979 5051 6560 7761 5217 8436
1864 5130 4235 4377 4710 5026 5782
1865 1847 624 2605 5754 2238 7792 2521
1866 4203 113 408 2355 189 751 2354 2894 3841 7165
1867 1690 1143 6808 4942 3122 4401 6885 7721
1868 6150 938 2708 4577 4973 1199 351
1869 416 4245 271 1241 6420
1870 301 696 863 1326 2896
1871 4944 1966 82 6857 3524
1872 1964 1361 3955 6611 7313 1723 2664
1873 3445 7766 7691 8274 8443
1874 4656 900 3778 1993 7592
1875 1193 2962 36 2868 4529 6473 814 1817 1910 2484 6640 2299 3539 3736 3960 2002 5083 8056 526 1389 2386 3417 5968 6599 6603 6605 7801 898 1249 1250 2881 3090 4277 5188 6425 5038 6426 598 7562 7910 8240
1876 1682 1976 5224 3647 3896
1877 1489 2933 5248 3384 1154
1878 1613 6854 504 453 3661 4003 6275 7106 3847 1221 4101
1879 3104 5909 6336 7912 795 1066 1860 4281 995 1520 2818 3766 5057
1880 6486 5657 5916 693 4785 6333 6336 7915
1881 8321 4398 4394 4968 4969 4400 6865 244 2780 7745 6721 3176 3960
1882 4961 2654 5032 6130 6603 6608 7690
1883 1675 2031 2095 2434 3284
1884 2184 1200 1847 3105 3468 4014 4021 5210 6975
1885 923 925 3479 5026 5041 5757 7188 7191
1886 6471 1501 3086 2578 1056 1057
1887 1467 1489 3005 6258 4311 979
1888 2124 470 1917 2249 2580 4276 7128 2437 5047 3353 3669 5217 673 734 767 1430 5346 5216
1889 3710 63 4862 5124 6856
1890 2688 4796 2750 6509 6553 7177 7769 4765 4862 5793 7029
1891 6915 3555 4239 1454 2928 4609 4619 209 419 420
1892 1397 8323 6538 3149 3881 7182 8460 1604 3091
1893 1188 4232 1550 6005 2843 6113 1937
1894 3121 1970 1361 1833 3680 2608 5913 1353
1895 340 2635 5075 5878 5900
1896 4214 5802 1786 2227 3829 3307 5326 5916 6572 878 892 978 1234 2915 3361 5856
1897 500 3091 4644 5188 217 4409 5204 529 711 2140 2892
1898 307 2045 2302 2620 4628 5016 7118 5226 5490 1086 1723 2192 2256 3321 3374 3720 3932 6696 7023 7173 1644 3380 4709 7933
1899 3499 3725 3947 962 4486
1900 303 2561 7915 533 898 1817 3191 3719 4179 4557 6282 6426 7156
1901 3004 3050 3228 606 2914 6529 6975 4980 6894 982 4468 4119 1090 8386
1902 1286 1437 4122 1354 2904 3167
1903 6894 6900 2475 3785 938
1904 2723 2773 1200 4369 2608 5382
1905 244 332 468 500 540 600 610 646 1613 4549
1906 4980 990 5017 5900 4841
1907 1378 2740 6385 2128 6547 1823 7868 2056 2163 2620 3390 4980 6162 6479 1351 7550 8086 8245
1908 929 1969 1547 4235 1791
1909 1298 7364 164 416 3153 189
1910 4173 1437 1821 2694 3508 5581 7345 1472 4585
1911 911 2835 2019 2309 7326 3800 513 7539
1912 5536 6757 6434 1260 3730 6431 2977 3447
1913 4448 113 130 160 161 1122 1455 5066 5505
1914 70 1249 4710 1120 6050 5782
1915 3482 2264 4748 6199 2815 1891 7072 7129
1916 4134 2819 5314 5948 6833 6899
1917 4082 4401 2156 7157 7693 7691 8096 8442 8482 8444
1918 4195 8407 8501 8408 8424
1919 1682 5864 6062 6795 2299 2484
1920 4452 5621 5842 6450 6449 1383 6671 6920 470 2567 4082 3942 2219 3582 3445 3642 4401 3444 6224 5819 5815 7157 6682 6330 8146 8375 8251 3943 1264 3787 6259 8287 7693 7691 7692 8317 8318 262 6344 350 3421 5026 8337 3091 7351 5739
1921 1617 4916 7047 332 5317
1922 464 5344 6663 2868 4116 4940 6600 6603
1923 4589 3038 908 3591 6269 1462
1924 959 3943 2878 322 3727 5691
1925 6 3863 1478 6677 2580 819 2509
1926 1428 4300 5167 6329 7976 7978
1927 981 697 2761 5519 7372 8058 709
1928 6096 6315 6910 7298 8314
1929 113 5066 161 4609 4997
1930 2407 3573 7961 5602 2119
1931 673 5971 940 4108 8296
1932 2530 4820 5077 7017 7753
1933 4549 2229 1836 4024 1861 3943 1389 2841 4800 2626 4499
1934 2831 6855 36 526 2439 2789 3777
1935 1710 4237 1058 4115 4796 7259 1100 6203 7561 6363
1936 29 1723 2044 5441 1442 1719
1937 1160 2721 3005 6251 5732
1938 5968 6837 3531 7908 3173
1939 7870 3060 268 548 6120 5900 3560 3870
1940 8324 5546 2545 7376 1628 8252 194 3560 1738 2222
1941 468 1985 4440 2561 3624 4116 5118 5342 7292 693 4442
1942 8237 1260 3835 723 1353 1723 1941 5719 6657 6938 7742
1943 4549 1056 5915 4655 6179 8023 6399 1589 2164 5579 5071 2165
1944 1234 2847 4503 833 2621 5346 7551 3254
1945 164 254 369 896 7183 1524 3663
1946 987 2884 3239 1137 5172 1959 474 646 2845 3539 8289 1986 8009
1947 1353 1519 3932 5000 1873
1948 3132 924 2170 3917 812 7056 7970 8023
1949 5246 6044 1684 4280 8073
1950 4866 5688 7404 1200 7990
1951 113 418 1122 3640 3653 5392
1952 1310 1719 1996 3138 6627 5062 1260 8237 7609
1953 2155 3483 3830 5953 7286 3508
1954 6915 209 419 4245 4850
1955 3263 2429 3677 6663 2585 4758
1956 2694 3023 3829 5400 2976
1957 6186 6132 82 1310 1986 2529 6732 6829 500
1958 354 527 537 1520 1866 2238 2624 4179 4281 4995 4996 6179 1374 1545 1660 2141 2608 2755 3189 4163 4844 4962 1373 1730 2522 5455 7712 5458 2923 4047 5459 5621 6145 7717 2602
1959 1231 2263 7157 5546 7555
1960 8 833 2298 2123 3118
1961 2002 2508 8189 1951 7534
1962 4401 6754 7923 5582 4547 8411 8450 8451
1963 1734 1902 2519 2803 6825
1964 3444 1932 5656 5133 2977 3582 3445 6732 2703 454
1965 896 2605 5904 2803 5971
1966 416 7607 414 3534 5066 6386 6719 298 415 1524 2115 3656 4430 5358 6915
1967 4020 6810 2192 5016 5648 5822
1968 562 2114 2717 5616 5815 7091 793 2786 3035 4857 6244 5260 5465 6230 469 1519 3731
1969 1910 5926 6672 7642 6266
1970 1437 3060 7489 7995 8183 8364
1971 1576 2280 2999 3707 4535 1462
1972 225 1489 7347 5657 6854 7579
1973 463 1141 1975 2264 6943
1974 36 96 815 4179 4785
1975 66 824 4508 4560 6978
1976 1617 1687 574 3804 5726 1031 2351 3799
1977 8 1999 1964 7835 6328
1978 192 285 5411 6719 3913
1979 3344 1809 2664 2688 3281 5339 1636 8085 3330 3345 6854
1980 3723 3948 5747 4082 7975
1981 1260 2238 6433 6476 7968
1982 2300 4834 350 5322 5899 3071 7496 885 2185 5594 5653 7049 2063 2580 7708 4743
1983 4880 5101 5153 7390 1362 6094
1984 5840 8314 7056 5218 2806 6836 6837
1985 3246 3083 782 7686 1001 1474 907
1986 1201 1356 2544 3925 3928 6906 7138 3915 3921 3927
1987 8060 1378 6810 4105 7723
1988 66 3134 3477 4529 4980 5314 5730 6186 4531
1989 888 3847 8490 7396 8063 8064
1990 382 5339 2568 8049 3000 1644 2999 8499 7830 7428 7475 5622
1991 4562 1005 2198 3721 8079 1993 3087 4336
1992 3098 4249 7351 7239 2933 4002
1993 525 1752 5569 6287 6836
1994 1427 4347 5030 7313 1428 5485 5622
1995 130 2115 2593 5264 5976 167 458 247 278
1996 369 1121 1524 2860 3620 6914
1997 7436 295 338 340 708 185 300 2635 6197
1998 6604 4163 4280 8199 5047 2185 4692 939
1999 161 5622 5719 1744 2242
2000 6919 6492 3149 7886 8146 7356 8287 8316 3426
2001 66 1008 939 1751 4111
2002 2051 5775 296 3719 4309 1272 6187 3866
2003 18 599 2962 4083 6235
2004 6614 924 944 7005 893
2005 308 542 705 2155 4473 4857 4860 2623 5189
2006 470 795 938 3213 5083 6421 6603 6634 4514
2007 596 2565 2962 4280 26 464 4116
2008 1644 2288 3440 6225 8049
2009 3999 4303 4297 4300 620 4306 4308 3264
2010 1714 2373 2728 3090 7004
2011 5016 6434 1712 1911 3468 6432 2155 8205
2012 352 1348 6365 6930 6937 40 950 3759 7031 2002 8481 5019
2013 5754 3918 5730 6264 8464
2014 7400 1419 1574 2315 3576 4399 5909
2015 4951 5393 293 346 3620 4430 5075 3301
2016 1367 2229 4917 5955 6250
2017 350 1270 1019 2488 61 245 838 3587 1348 2644 6495 1022 2780 4758 6185 6494 3219 1489 5982 721 7911
2018 1559 5971 1437 3639 7189 5674 896 1589 2264
2019 257 3941 2595 6447 4245
2020 1497 4925 7579 924 1275 1923 1971 2185 3213 7836 8204
2021 2668 434 7490 5676 5839 8123 5468 8023 814 1417 1647
2022 73 1067 1427 2828 3925 8350
2023 914 1135 2153 2345 2534 2608 2956 3506 4911 919 391 593 2624 2879 3507 4877 5795 6502 7531 885 3334 5854 277 1633 2933 3149 3582 6512 6947 7095 7947 703 2584 4736 4739 5397 7308 7463 939 1911 2048 2155 3211 7144 7580 7672
2024 902 3189 4116 1381 2090 3541 7479 7519 5570 7444 1561 1910 7520
2025 3179 4649 4721 6834 5001
2026 2815 3356 2155 1489 753 705 2657
2027 941 7943 6307 4519 5315 5097
2028 3928 2185 7260 8043 7794 7970
2029 1831 6240 6460 4549 8045 7070 306 1031 1428 6959 4677 4862 7579
2030 468 687 2225 2748 3915 3925 5174 5234 6265 5663 7390
2031 4687 5184 8180 7884 5079
2032 332 1719 4654 6975 7040 7308
2033 3149 4280 8456 1954 3760 8023 8204
2034 21 3723 3033 5747 7401 7022 7145 3189
2035 4644 906 3084 4328 364 6046
2036 7376 7732 7817 3814 2545
2037 4416 3370 3090 5999 6315 2560 4537
2038 2635 2894 713 2891 4779
2039 4708 4857 1519 3105 5463
2040 1135 4684 5802 5893 1557
2041 2264 3925 2399 3587 6364
2042 2281 2300 4960 5005 4943
2043 2229 3039 4035 5916 7679 7709 8243
2044 5026 7089 3189 5106 7177
2045 2229 1206 3765 4813 6311 6492 5448 4401 4867 2156 6535 7157 1874 5576 7286 8444
2046 459 5258 7787 924 8189 1446
2047 941 971 2881 4272 7231 7962 5019 7492
2048 548 2452 3945 7481 6028 412
2049 906 3444 3773 2359 3150 4156 2565 3426
2050 4331 5012 5665 44 4231
2051 26 2090 2225 2484 2646 3476 4249 6825 7499
2052 3468 1723 3374 3829 5153 705
2053 596 1838 3191 6333 6496 7612
2054 1450 5062 833 1207 1921 2176 7656 4672 8023 8140 1617 5622 6713 2404
2055 812 2501 4355 4662 425 5314 6559 6592
2056 4118 4430 3679 275 3199 4733 4574 5674
2057 1140 6949 7189 1417 3587
2058 5747 6310 6671 4401 4082 3643 6330 8448 8438
2059 7230 36 2152 4116 5611
2060 165 713 4430 6762 4004 26 3476 7245
2061 4943 8071 2637 3814 4190 4420 4263 3643
2062 6810 3004 1489 5061 3468
2063 2978 4923 7287 7834 1541 5996
2064 564 785 4043 5819 6244 7838
2065 244 2237 3087 2395 4249 5235 1153 903 2826 3233
2066 2703 2740 2773 3105 3324
2067 2912 5308 5321 6984 2431 6474 2826 5793
2068 4973 18 3147 3167 7028
2069 1156 2484 4206 5112 2580
2070 8367 1589 4329 8304 2386
2071 4499 2419 36 2962 6717 7269 314
2072 2336 1762 2865 2417 3587 3383 4341 4733 306 1428 5188 5621 7113 1589
2073 2066 1734 2605 4360 4361
2074 6310 6191 6449 7243 2831 8146 8316 7692 8096 7691 8317 8494 8442 8444
2075 56 1694 2584 2189 4156
2076 8044 4943 6953 7162 7452 8405
2077 2328 673 2205 2219 5916
2078 6201 7836 6931 5578 2830 4723 2509 8189
2079 2305 2956 3372 4666 5785 7746 5346 7550
2080 5224 4072 5872 903 4478
2081 5444 5807 3648 1172 1173
2082 1200 2229 2755 4802 5485
2083 1504 2136 6540 6543 7161 1262 2750
2084 2170 2924 3678 7828 6472
2085 2109 3486 3485 2635 4591
2086 903 1166 1368 5026 5691 7189 8383
2087 903 1907 4144 4625 4875 2145
2088 2118 3028 1072 2514 2212 2387 100 1728
2089 945 1627 1378 4321 3600 74 1598 622 5634
2090 4091 7214 6419 3051 4863 8390 5165
2091 1224 7010 4056 4730 5782 6977 697 1500 2185 3925 4365 5188 2832 3223 332 3444 3539 4366 6468
2092 3510 8038 5058 8351 18 7681
2093 3381 6433 3191 1329 4857
2094 364 1249 4800 5582 5761
2095 189 138 1079 1092 5621 4779
2096 903 2253 2812 3643 4084
2097 477 1428 7107 7134 472 3621 5389
2098 5083 1598 1833 6726 7031
2099 5061 1975 350 4150 4714 5971 4455
2100 229 7746 1523 5358 6501 6914 7110 3593
2101 4626 4886 3298 7113 3449
2102 833 10 1161 5153 7824 6186
2103 391 2580 2139 963 4473
2104 380 3060 3274 1703 3138 6551
2105 4020 4655 50 2385 3912 5195 3060 3290 6791 899 7179
2106 1200 454 753 5283 469 6975 7313 5622
2107 166 1245 2967 590 803 1721 3486 802
2108 189 3546 213 5381 6369 1483 7623 945
2109 464 645 945 1882 2050 66
2110 3499 1924 5112 562 1489 3796
2111 2184 3150 7258 705 5062 2673 5925 1197
2112 602 920 1262 2198 2427 687 2185 2730 4015
2113 6095 3829 6660 6098 2903
2114 3327 1249 2367 2094 2437 4179
2115 1770 1442 5024 26 4423 2640 113 247 418 5655 4082 4401 1272 3867 4069 642 853 233 561 6744 4106 8270 8394 8381 4934 8399 8479 8441 8442
2116 1194 1843 1910 3587 5026 5240 16 99 3803
2117 39 1357 1589 1599 8023
2118 2817 5822 8253 4783 3379 1260
2119 1559 7787 597 1985 6468
2120 4131 3325 6192 7438 7157 8094 7870 7286 8482 8491
2121 2161 705 3730 3277 3379
2122 2946 2956 7745 7744 2004 8040
2123 170 124 169 8323 446 3107 162 163 261
2124 833 2534 5906 2207 2229
2125 662 6975 7313 7475 2286
2126 3236 1056 3989 5770 3988
2127 436 2561 3289 3633 7256 1510 1589 4734 656 4536 1852 670 3635 4661 7089 1779 7965
2128 5242 1399 3668 3817 1271 2117 1066
2129 4152 932 1135 2703 3188 5230 7128 7744 500 3381 4285 6090 6186 6810 7674
2130 464 2431 6867 890 7144
2131 4050 782 4442 5339 1817 4031 8345
2132 1210 572 5490 3054 1353 8255 2838
2133 1696 2768 5916 3390 7256
2134 2066 4143 7026 5895 6137 5670 3860 7177 2135 5776
2135 1394 5234 6263 4717 5583
2136 1200 1367 3030 6314 8226
2137 1353 2972 3379 6134 6432 6434 7573
2138 3367 5261 5526 7438 36
2139 435 2942 3007 1083 1234 7005 6857 2908 159 1467
2140 4654 5747 6528 4423 4401 4082 7453 2853 7693
2141 3735 917 914 87 918 2748
2142 7231 7503 648 3167 4179 5581
2143 3765 1353 1378 1723 4140 6479 705 5955 3886 6550 6431 3417 923
2144 565 6105 2567 5386 190
2145 2289 26 896 924 633 36 2208
2146 2054 2155 3857 5061 125 2748
2147 3355 1833 3159 7060 8067 3313
2148 4442 7508 4886 6461 5776
2149 454 3188 4535 3508 2189 7046 4231 1489 4369 5810
2150 2650 470 4122 5020 6603 7642 7797 4660 7723 7798
2151 2289 1682 1808 1846 4777 1555 1613
2152 1160 1723 1866 1873 5953 6572 1406 3851 6660 3230 5316 3474 3804 7772 7881 8269
2153 938 1425 4804 5480 5756 6854 2580
2154 3829 4738 4484 6975 8420
2155 916 1285 5032 7854 5056
2156 924 5026 4551 439 4553 4554
2157 306 2271 5218 7390 7510 7800
2158 168 705 3468 5622 6572
2159 2189 4369 36 815 1548 4224 6607 6725 6869 6909 7390 8178
2160 48 2605 2803 3707 1806 575
2161 2026 4471 233 2948 5369 6742 2039 4160 844
2162 56 4486 6310 3409 6492 4241 4082 1552 2977 7819 7969 6224 3445 3444 4401 4943 6112 8132 8019 5866 251 4043 8399 8491 8443 8005 8442 8444
2163 4369 1902 5955 7770 3599 4347 5751 5944
2164 463 1863 1365 3860 7179 2084 5674 8056
2165 468 4280 5019 496 7052
2166 4557 5026 5105 3060 3799 6943 3845 8090
2167 1512 5814 5815 6036 1861 2484 3541 4068 6242 1539 3540
2168 2664 4604 99 610 924 2626 5117 5513 3510
2169 41 283 1734 2358 3925 5063 5435 6973 8322 508
2170 66 99 610 706 784 789 2555 2561 3087 3654 3915 6068 7590
2171 5621 1178 2484 5567 1516 8383
2172 434 4165 2798 6284 3587
2173 465 1911 3468 4371 1849 3188 3376 4038 7390 1200 5153
2174 208 483 665 1253 1440 1105 2228
2175 927 1199 5222 1659 4095 4886 6409
2176 3410 5188 7162 7456 5999 4004 5582 5860 6689 3061 5959
2177 5398 7721 2019 4615 3264 3514 4756
2178 3325 1414 4265 5621 7599
2179 2288 5743 6033 7548 4072 7148 7547
2180 1272 4174 6374 3866 4043 2114 558 2039
2181 3117 4073 576 833 4728 3508 5063 3923
2182 1917 2999 3468 5291 6314 705
2183 2954 1862 5841 1685 4359 1589 459 6705 5763 989
2184 896 3397 2584 487 2207
2185 17 437 500 503 3541
2186 1811 502 896 4189 4656 5485 2773 6716 7642
2187 4785 1310 1924 4116 5061
2188 3004 6310 6312 6191 4800 4082 4401 7453 6330 8107 7766 8287 8451 8436 8438
2189 3782 5864 2185 2590 7180 8471
2190 4116 457 5308 2943 2982 1106 489 708
2191 1770 2121 3971 350 464 3106 4649 7197 3637
2192 2811 2694 308 3680 3517
2193 1976 5599 459 4462 1228 5604 1018 1389
2194 1712 1861 5031 5032 7266 7841
2195 463 689 4608 596 1368 2707 7138 8023
2196 1345 2057 2225 3149 1031
2197 821 1928 3073 3084 3085 3353 4537 4560
2198 3587 4179 4898 5026 7280
2199 1389 5044 3090 5855 7182 66 2853 938 946 1497 1617
2200 1734 4206 6447 1821 4445
2201 4647 1972 3989 5239 8102
2202 2750 279 4011 4053 8022 4476
2203 3586 5729 1883 2306 8071 2663
2204 2532 1018 3607 1166 2887
2205 4865 2081 2891 1768 66 4990
2206 2315 4583 4401 1213 2061 3369 7820 7821 8448 8444 8473
2207 2484 1372 1374 2816 4235 1545 5108
2208 4369 4622 6047 3772 5784 2286
2209 3888 3536 81 3560 4807 7415
2210 8442 8093 8162 8088 8171
2211 1723 2155 2229 4140 4450 6322 7153
2212 3364 5032 924 4183 5019 5549 5026
2213 364 4499 4800 5608 634 7260 3105 3413
2214 3326 4407 5500 6142 1353 3073 4645 3765 4142 933 4623 1367 1489 1056 3560
2215 112 187 8224 8208 8266 8265
2216 18 898 1316 3173 5968 6867 8224 8249 2185
2217 4198 4276 4587 3087 3510 8241 3107
2218 2818 6612 5971 2668 2269
2219 5346 1723 1994 5157 3104
2220 5764 7043 5743 550 4850 3030
2221 6147 1025 610 2870 2561
2222 6315 66 2490 2834 3164
2223 2737 833 7339 5075 5381 6282
2224 911 924 928 2450 726 7499 943 8183
2225 6059 6256 1686 2814 4255 4391 4394 4398 6829 4384 6164 6865
2226 5063 3730 2847 1207 3312 4670 2253
2227 753 2225 5240 3289 1678
2228 1547 3965 5026 7961 1817
2229 130 1122 6435 550 8184
2230 5848 675 3184 7279 8023
2231 3918 2739 6558 2117 5332
2232 713 814 1695 4376 5026 6187 6284
2233 1622 4096 1262 911 4995 1992 1707 6373 3814 1885 3834 4118 5890
2234 3915 3925 5055 5276 6267
2235 1455 130 488 5163 342 176 340 4448 160 416 1524 2892 5066
2236 1372 26 1374 1545 3957 5026
2237 7850 2884 3758 3759 7862 1428 1589 8392
2238 8407 8507 8424 8480 8508 8509
2239 4666 1910 5289 5641 5916 7154
2240 33 6090 1786 2184 1524
2241 1771 81 1554 3013 3381 4002 6040 6857 3014 6415 2312 6621
2242 206 827 4685 7362 8232 8288
2243 2923 4140 1378 5224 3890
2244 4813 5914 2584 4369 5485 244
2245 4463 3579 4960 5126 5224 7079 5084 682 3510
2246 3380 4919 5155 2534 2946 6263 1409
2247 6252 8094 2229 2755 6257 2683
2248 2295 2148 321 1070 5633
2249 5621 1589 3993 6544 6484 4898
2250 2511 1381 1243 316 2642 2062
2251 130 300 2451 5411 416
2252 1757 4122 598 1682 5377 7499
2253 1200 1353 1712 2155 1312 6323 3312 471 2384 3731
2254 990 812 1817 3476 5238
2255 1503 3358 1976 2347 3205 5004
2256 1193 5188 1976 5645 6270 7304
2257 2305 4737 498 5546 8386
2258 5387 545 556 785 1611 3035 5519 5617 6491
2259 1424 2134 5631 6325 7339
2260 3323 1488 3287 2185 4286 4560 1222 2668
2261 5769 6151 3075 4615 8042
2262 332 468 609 1228 2831 3587 4379 7901
2263 3723 5747 2147 6310 6671 4957
2264 3988 4670 5564 2633 117 3150 5581
2265 1160 307 2607 3043 2608 5754 7973 228 767 2519
2266 1503 3639 3280 1682 114 3510 1543
2267 272 2949 4382 1633 3003 7672 5410 5802 3004 7531 59
2268 6474 6730 6431 1763 5139
2269 1966 3814 7804 1682 3280
2270 2939 113 165 1121 6767 7945 130 1524 2215
2271 4675 1409 5307 6271 1353 3508 743 655
2272 3075 4420 7342 2183 5231
2273 2089 7959 6431 8354 269
2274 1314 817 819 2042 6649
2275 2624 2238 5153 2418 5155 7933
2276 140 4276 1993 467 4004 1030 1446 6941 2300 6269 7144
2277 4442 4862 4356 5026 2418
2278 217 457 481 879 2639
2279 705 1723 8361 2694 1223
2280 3353 705 2777 3829 5622
2281 2664 6154 1861 6474 7642 951 4179 7390 5123
2282 2018 3925 4183 7366 1257 7548 6429
2283 693 1416 2724 4474 8060 691 6601
2284 556 2717 3652 6531 7094
2285 1378 1644 2045 2207 3374 3864 1833
2286 5061 228 705 1260 2238 3374 3560
2287 1850 3845 6282 7113 2933 1684
2288 3765 3730 924 4061 3830 2045 6757 228 2953 5316 2956 8272
2289 7350 1489 4084 6053 6040 2253
2290 4360 4831 5464 6604 6956 7246 7405 7858
2291 4369 465 1954 2060 6825 5730
2292 4259 1353 2561 4680 8231 5061
2293 928 1224 6640 6956 7056
2294 891 6486 1120 76 2834 3316 3773 5389 6505
2295 4841 6534 99 464 5593 2133 5806
2296 2207 2811 3508 4266 5302
2297 2995 3160 4533 5057 6479 7043 7596 464 3803 6017
2298 6945 2155 3379 3452 6314
2299 3936 5840 7195 1383 7417
2300 2229 2755 4802 7712 3060
2301 3067 3344 6068 6138 7344 7695 8047
2302 927 1676 2658 1194 2118 1249
2303 245 1070 1797 1844 3869 4862
2304 923 924 1529 2892 3368 5875 1366 2368 3189 4595
2305 1135 1461 1783 1832 1206 5800
2306 17 5032 4122 2853 944 1545 6034 26 6349 1817 4789
2307 5976 290 1295 2125 5961 6915 610
2308 2298 3976 1755 1949 1964
2309 1589 7177 3279 2484 4068 771
2310 63 829 1515 2935 2938 7056 7900
2311 2298 4535 3201 6208 4980 7481
2312 1286 2300 3379 3560 3736 1870 4369
2313 970 3121 7706 2034 2444 923
2314 5026 939 2970 4023 5367 1578
2315 3325 4263 3713 7335 7600
2316 6311 6310 4082 4401 6196 8107 8108 5235 1264 7692 8268 8430 4826 8448 8162 8444 8440
2317 152 2892 3485 879 7436
2318 785 851 1237 5519 6395
2319 3866 2555 7586 6501 7762
2320 7195 2396 3818 5273 326 3936
2321 5477 6062 7140 8042 4756
2322 464 2561 3191 3215 3321 6421 7254 7276 8023
2323 2977 8200 1477 8062 3330
2324 1924 2716 4980 6502 4216
2325 924 2002 6197 8038 1025
2326 3707 461 2153 2742 8313
2327 890 932 4131 3813 1200
2328 2727 6975 10 833 5153 5257 3526 6006
2329 245 7162 42 2185 6824 1153 1619 3325
2330 6534 846 1112 3664 3828 3188
2331 2637 3039 3514 4466 5319 5471 6049 8074 4943
2332 2418 3105 1858 2238 3730
2333 703 3098 3105 3379 4369 4924 8038
2334 2238 8086 8245 4533 2662
2335 7609 1799 6322 2244 6975 44
2336 4140 5026 5674 5691 6810
2337 4441 4442 1428 3758 1221
2338 3560 5622 945 3830 5056
2339 2345 3147 7236 2137 7939
2340 1250 1574 2200 2484 3828 5416 5983 6231 6818
2341 3328 7205 7302 3039 8439
2342 5145 4598 7785 6734 1682 6560
2343 793 2268 3939 4068 5617 7094 556 1338 1742
2344 6132 7570 6202 2523 8094
2345 3328 1447 7092 5610 6854 1619 6663 5220
2346 1489 4928 5800 2694 2740
2347 998 2066 2409 3707 6984 113 1734
2348 2133 2895 5346 2837 5056
2349 653 3494 812 924 5603 3922 5599 2725 6179 939
2350 66 5344 6197 911 6633 4148 3605
2351 1160 606 7258 7921 2750
2352 3075 1408 2444 7984 5193
2353 2919 3115 40 2384 4441
2354 691 2646 5157 5611 5720 6933 3587
2355 7089 7252 114 1459 6910 8071
2356 1330 130 416 5976 5379 355 3551 3873 2892 7108 3208 1536 3201 1295
2357 2036 3487 3625 3850 2717 6513 6806
2358 105 8227 1712 2620 6291 6314
2359 558 3226 331 4179 6668 5743 2279 5840 8189 6493
2360 66 5061 5641 5184 3692 4974
2361 3379 6517 6810 674 4231
2362 1141 4441 26 795 1604
2363 4609 271 692 864 3684 4774 5203
2364 5075 388 1455 3791 5066
2365 7101 2424 3321 5468 7457 7487 7490 5342 5365 7195
2366 2154 4401 4082 5103 8162 8470
2367 3494 1561 245 742 8259
2368 7351 1993 3814 4479 5414
2369 92 6960 3013 7814 7605
2370 143 400 2046 2894 3520 4239 6014
2371 3618 4848 711 1287 2543 5066 4346 4951 3256 7178 7831
2372 125 708 160 4245 739 232 5379 4724 5557
2373 1157 7752 7753 5439 8344
2374 1589 4990 5722 7172 8343 7088
2375 693 1547 1685 1836 2668 99 2978 1613 7127 1203
2376 71 3176 4980 5754 6169
2377 3924 4025 2648 2184 933
2378 468 571 1335 2065 3766 4476 5621 5674 5839
2379 1178 79 95 2753 5228 5561 6980 2747 7731
2380 1260 1353 1568 1833 1924 1200 4507
2381 4459 1295 270 5269 7458
2382 2600 326 1231 7385 1578 313
2383 434 463 1838 5218 7056
2384 5903 6072 989 7600 4681
2385 705 2933 5465 6696 5159
2386 5138 42 325 1075 617 4583
2387 1050 896 8141 2438 8090
2388 713 718 720 863 5203
2389 2238 5836 1911 2155 5622 7005 7093 2313
2390 5580 244 2137 4355 1759 2185
2391 66 350 1910 2484 4549 4744 6854 7336 8402
2392 2563 7530 2566 4455 5080
2393 2514 6888 5641 812 1194 1427 2271 938
2394 3923 4640 4917 6975 1723
2395 1367 1833 5754 2780 352
2396 526 1327 1328 2977 3440 3483 6432 6434
2397 171 401 474 1741 1833 1867 2125 2238 2242 2687 2892 2930 2998 3760 4239 4686 6162 4953 5520 5521 1524 710 732 3769 8153 1282 1990 4760 8261 123 4801 139 3160 3593 120 104 162 550 8145 6046 113 1295 1523 478 2274 3560
2398 1191 2908 5113 7775 924 2185 5322
2399 2286 7146 25 4401 7551 7892 7157 8293 4826 8493
2400 5971 36 3891 6494 4420 2378 1529 1817 6678
2401 5906 82 606 1519 1712 1833 2089 2238 3004 3381 3468 5062 7531 3009 8420 6732
2402 874 1613 2041 4091 4850 5314 7525
2403 66 1885 2226 2057 2374 3638
2404 5038 1896 5039 1191 6847 5083 2573 6368 3747 4049 6560 7798 8061 8298 1910 7951 7952 1249 7435 648 3661 4552
2405 306 463 2013 2561 7443 3587 5725 3774 1961
2406 245 3725 4654 886 7869 2422 2033 8292 8385 2882 5131 8444 8378
2407 3952 6509 1428 4971 2152 3121 6716 1641 4643 524 5572 7725 3347 5462 2497 5188 6608
2408 3044 3964 6158 6717 8456
2409 2639 3880 3929 5534 5542 884
2410 500 1375 85 1423 3327 5026 5146 1128 5916 1140 7733 5730 4758 3090 4038 8224 8405
2411 5427 1172 2473 6569 7683 7927 7929 3444 4419 696 863 2238 6187 1429 6173 7928 8065
2412 924 966 995 77 1675 3509
2413 705 3713 2842 5457 7038 3326 5800
2414 1346 1910 2627 3223 7298 6956
2415 939 5142 7052 73 2002 5711 7971 5819 8078 5815 2750
2416 894 4173 1563 4600 5730 712 927
2417 3669 1199 7570 2124 712 2418
2418 42 742 1853 3633 5678
2419 1491 4650 3003 3312 3560
2420 140 3475 1428 2918 1427 3915
2421 7960 8235 2377 4679 4680
2422 5569 3211 4134 4615 1594
2423 1198 3973 7985 1910 6807
2424 6309 4082 4401 7453 3445 3373 4199
2425 1160 2229 3829 4851 6230
2426 2250 2639 3261 4574 4830
2427 3105 500 6178 6887 7551
2428 3005 4015 5708 2455 2137 4322 6818 7796 92 1183 6051 2253 4310 907 1216 5113 5439 1578 3019 4355 5319 3587
2429 7712 2229 2755 4802 5956 932
2430 6080 82 2972 5124 7445 1768
2431 5622 4140 5112 5173 8233
2432 2075 4046 2431 3411 6552 7390 1716
2433 1900 3775 3925 7162 1255 3034
2434 858 3939 2268 7015 8155 7636
2435 189 415 1455 1524 4245 4850 5103 202 8184
2436 4049 4378 1897 2483 6808 7997 7646 3264 4163 1483 2299 3233 5012 7162
2437 1723 1406 2238 2780 7481
2438 4015 6718 1976 5171 990 2138
2439 1594 1067 424 2853 4723 39 4282 7712
2440 216 2892 5070 5072 5987 3653 3873 2354
2441 3587 5821 4681 1201 1069
2442 190 233 5519 5819 5973
2443 2124 2545 4143 5274 5546 7153
2444 6310 2219 6193 1118 7136
2445 5038 92 3447 5435 4672 4718 5424 6004 6259 7240 1594 3091 3887 4670 5339 5626 6208 1157 1173 2010 4227
2446 4140 1712 4980 5730 5916 6572
2447 47 1682 1781 885 6122 1817 1588 1003 2345 3071
2448 3820 4122 5418 7498 8149
2449 5236 2060 5086 6241 5314 4492
2450 2505 4770 4119 1389 3060
2451 5644 6063 6324 7559 2951 6282 886
2452 3730 1712 2956 6270 2723 430 2256 7248 7742 4602
2453 1905 5747 4957 6671 4401 4082 7453 5470 8220 7021 8221 8443 8444 8452
2454 5392 6544 6745 276 1595 3167 6326 7282 7579
2455 700 1847 7305 120 3824 155 722 160 222 3703 4448 5430 6046 764 1103 1524 3505 3640 178
2456 2714 573 2189 4408 3545
2457 639 2120 3385 4592 5111 5681
2458 7321 3174 3563 889 8013 7086
2459 3079 3103 3078 1145 2270 4249 2019 3077 3607 3200 2730 3464 7857 7858 8488
2460 500 6284 723 1254 5218 6854 4522
2461 924 938 1595 3326 3357 7650
2462 182 695 696 7731 7732 424 425 934 2545 633 4893 6979 6980
2463 2201 5971 2572 5057 5064 5552 3150 8143 3863 8290 6135
2464 6819 623 609 4557 5751
2465 91 1608 1636 1819 1911 2155 3830 4140 4369 5056 6095 6239 4866
2466 5153 5957 1428 773 1873 2897 4628
2467 2509 2472 1533 7937 3752 5063 3560 5621
2468 1455 7867 2484 233 468 851 854 928 2125 4710 3417 1160 1234 2615 2960 3468 4233 4802 5174 5674 5857 596 2057 7875 1034
2469 932 1428 7492 7993 3541
2470 634 2147 7906 1148 4535
2471 629 1747 1414 1100 3663 630 3149 8104
2472 244 20 831 1016 3377 1723
2473 1524 3730 3099 7160 3098
2474 470 1675 6891 6892 7856 953
2475 1694 319 4249 4420 8282
2476 434 463 691 7113 971
2477 1359 3212 3818 4626 2766
2478 5339 417 1295 5075 6957 7636 1304 7191
2479 1164 3341 543 4368 6857 1719 3508 1353
2480 1847 2605 6202 4790 5112 1966
2481 8 2138 3672 463 2954 5747 3916 4082 62 7466 7339 3444 8094
2482 2638 6062 6728 2483 6610 4406 4943 3514 1861 5266 140
2483 1375 64 1358 509 3060 3946 3947 5258 4651 1129 510 5056 7983
2484 464 5218 332 1861 2152 570
2485 1836 4973 4608 5188 3227 434 4218 3186 5269 6266 6271 601 691 4165 6284 4971 1545 3108 1221 5318 4013 4181 5732
2486 4880 3090 3912 1966 5534
2487 2892 5346 189 1489 5286 5581 7639
2488 374 2111 4863 6102 6488 6501 7112
2489 1912 3374 430 2229 2903 2933 4035 5155 6975
2490 1694 2964 464 5377 4719 5949 5950 955 2616 4758 6494 6681 7408 4478 8210
2491 1197 1833 2207 2229 2687 2755
2492 3075 3076 3921 6452 7335 3925 7669
2493 2184 6041 6314 3073 7428
2494 6683 1489 2933 1718 168 2623 3381
2495 889 5416 5583 3602 5911 7734 6509
2496 5340 6486 815 848 3936 5839 995 6681 814 4222 4528 2176
2497 2668 891 1054 2828 5028
2498 732 2013 5774 4170 4656
2499 6310 6528 7136 2156 8442
2500 2276 3849 1327 2123 3060 6154 65 4867 4597 3790 2471
2501 500 66 945 2225 2226 848 1858
2502 93 649 995 1634 8066 3510 3907 332 2185 4119 8375 1230 4183 5113 2580 5322
2503 1260 1723 3730 4140 5346 5953 5955 394 2155 5062
2504 4134 7551 5026 6003 1836 7465 7475
2505 2025 5550 1517 2093 3866 3868 6480
2506 3073 3085 3086 3396 4064 6880 7428 7896 4738
2507 3524 4828 6304 1745 3060 3917 5525
2508 3947 3948 7147 7145 7951 8448
2509 3213 1228 3727 303 2378 7292 5344
2510 6614 6810 8324 2976 4035
2511 2484 4841 464 5019 6284
2512 29 576 6492 685 6189 4082 7145 4401 7453 3179 6290 8360
2513 1086 1249 3924 5446 6266 597 3822 4460 4679 2299 6877 3587 7292
2514 1647 5056 7156 2342 2238 6154 7186
2515 7808 1966 7807 2226 3638 4087 6235 6236 6237 6814 7381 26 7517
2516 50 600 810 2457 4610 7847 7906
2517 7080 1650 6672 1588 7157
2518 262 4355 829 1206 1516 1545 2225 971 924 944 6401
2519 7197 500 6282 7317 1078 7198 627 2730 4589 5236
2520 6337 3608 6581 7134 2272
2521 7710 4341 1249 5513 5940 6912 5497 6366 6532 829 6180 3056
2522 5330 5710 6231 5516 1619
2523 5164 7475 846 6385 7189 8401
2524 732 4346 4951 5066 5988 6961 189 1304 663
2525 354 5546 7376 7556 7777 1971
2526 1367 3073 5048 5063 7428 8094 5917 7836 1510 2977
2527 703 2200 3176 3343 3379 4591 4819 5688 6314 6938
2528 6734 1700 4242 7162 7642
2529 1397 1821 3497 461 3004 3948 3001 6189 3188 6251 4733 2346 3688 4081 7758 945 2838 7245 1234 6979 7926 7892 2950 7951 5210 7128 8113 8094 3447 8019 347 3690 2895 6709 8266 8483
2530 2849 2857 3592 5529 8003 7667 2850 5085 5982 7818 1500
2531 1961 500 6818 6843 6986
2532 171 349 4300 4427 7886
2533 1209 5210 8094 3452 4767
2534 1957 1446 6976 5929 4248 4249 938
2535 2305 3277 4917 5955 6572 7302
2536 1578 3039 4013 6633 995 1506 2328 2556 2637 6325 7177 2107 6506 1505 3273 7390 3330 6137 7657 2791 2855 742 3654 7542 4772
2537 8324 3761 6250 2708 2709
2538 1489 5885 8046 2171 8006 7537
2539 1618 3727 4246 896 2027 2225 3639 987 1455
2540 712 2094 4012 6028 1034 3858
2541 610 691 2209 3191 3610 4116 6017 6049 2266 7852 328 5765 7965 4889 1685 4022 6833 6886 1957
2542 1066 6544 1339 2273 3152
2543 6314 767 3829 6226 1160
2544 785 1517 2027 2087 3035 5972
2545 2246 3076 2229 8182 4646 6404 7712
2546 4376 5376 6101 2582 5632 6592 7562
2547 5172 3478 4997 864 4239 4774
2548 3587 4134 2668 7579 8341
2549 36 352 875 2495 4549
2550 673 5026 1589 896 928
2551 785 806 2960 4452 431 2770 6618
2552 978 2229 2236 2548 2755 5546 1260 3508 4783 5016
2553 2754 4358 5243 4206 5647
2554 1336 1846 4840 5057 5414 5621
2555 66 6983 4652 470 812
2556 5719 2561 3864 4666 7550
2557 5836 5552 1829 2066 4038 4491 5210 2238 3595 4064 3566 5591 5665 8465 2286
2558 2191 391 392 1610 1966 3511 5706 6049 7028
2559 4688 1869 6452 5124 5757 5751 4537 5674 111 755 886 926 2368 2410 2646 3060 3113 3231 4557 5113 5621 5773 7337 7492 8023 8490 5231 6874
2560 5153 2452 3282 3765 5724
2561 464 924 1206 1529 3809
2562 7136 7157 4401 4282 7975 8482
2563 56 1160 2361 3838 5728 1644
2564 230 2305 1817 303 27 4714 3245 7313 7475
2565 2279 2484 4369 1968 205 2123 3804 5730 5916
2566 4401 7146 7551 1737 8111 6330 504 592 7747 8360 8317 7031 7983 8185 8451 8438
2567 3602 2669 3 4183 5224 5019 8102 3751
2568 3073 622 1529 1589 1631 2868 3085 5347 6174 6175 6284 5031 5034 2883 7390 2170
2569 194 464 2019 5026 2644 6473 649
2570 504 533 624 955 1752 5674
2571 1821 831 1578 56 3983 7404
2572 1060 1543 5272 3385 6371
2573 784 8155 6186 4717 3730 6472 2452
2574 1905 470 175 1192 5615
2575 1576 1873 2185 2286 3438 4629 5485 5621 6314 4082 4401 6196 7339 5688 3444 6224 7170 7440 8049 4414 7434 4406 7025 7766 8292 3117 8448 8477 8442 8443 8444 8473
2576 5061 4980 3730 1077 5546 6186 6794 3981
2577 6312 7243 7551 2156 7923 8409 7821 8472
2578 678 6264 1447 3915 3928
2579 1578 39 1752 1636 5759
2580 8 1783 1784 1887 2231 2834 3577 3788 4324 2062 920 4288 3264
2581 3539 4372 1312 436 2052 5366 2563 5900 5581
2582 3191 3222 3444 6493 7489
2583 3603 3788 7164 2018 3786 4416 8472
2584 2259 6159 5742 1588 66 2475 5561
2585 513 808 849 850 3777 2909 2002 66 501
2586 175 4760 6490 7130 2043 6489
2587 1702 1763 1770 2732 7953 5515
2588 7897 602 2225 3710 4379 6599
2589 7685 5687 7684 8194 92
2590 5747 4082 4401 6195 6330 7693 8317 8430 4826 8093
2591 40 3692 39 2505 3572
2592 896 946 1403 4583 2261
2593 1640 1850 7979 6441 6943 7642
2594 829 924 3766 5242 1756 5407 1745 1728 6458
2595 1846 1309 5822 6624 8092
2596 5187 855 1249 1485 2714 4622 7672
2597 1353 1649 3516 6570 4738
2598 680 1380 3105 3805 2668 1062 6264 610 1857 3860 6267 245
2599 1910 3049 3541 5083 31
2600 417 4863 113 165 384 4221 6767
2601 426 3814 2750 2700 3341 6885
2602 4674 5468 6544 6534 3429
2603 228 833 924 1489 1723 2813 3372 3829 3929 4666 5047 6854 6975 7292 7728 7763 8013 8166
2604 526 924 1500 1756 4787 7022 7995 1593 7579 1446
2605 56 272 1160 1161 2056 7160
2606 1489 3829 4383 4921 6732
2607 1536 2150 6212 3556 3874
2608 36 463 1817 4785 7800
2609 4276 2545 2861 3428 5308 6815
2610 6562 2538 6630 835 469 470 4140 4317 6660
2611 1643 2693 1966 854 1855 4436 3718 5519
2612 2635 2894 3205 722 1011 2043 5075
2613 2619 2711 1742 938 2185 3087 3091 3495 6231 7031
2614 2949 3022 4369 3007 2950 4969 4968 2155 5730 7146 7136 4775 4777 623 7551 4776 4980 7758 6256 1437 5697 4325 6058 4291 6258 7021 8354 6358 1485 7641 8410 1489 3560 4243 8436 8450 575 5622
2615 1617 3191 5449 7723 3107 8467
2616 594 1015 3060 3398 2547 6578 2803 30 8502
2617 6663 4786 2766 463 6669
2618 277 970 7797 6333 7664
2619 2754 3197 5956 7956 8234 113 1200 2279 6874 7300 7369 7583 8349 8386
2620 4173 723 915 1194 1861 3921 7162 896 2725 2828 596 1427
2621 3925 5041 1928 3587 3738
2622 3725 3816 7404 1160 4980 2578
2623 1763 464 691 2688 6750
2624 4499 470 1966 2750 3716 753 7495
2625 1376 2267 1588 1861 2170
2626 5358 6082 5066 7137 6420
2627 4266 6255 6256 4371 2741 6253 1489 4384 2056 4383 4397 6258 945
2628 2059 3189 6673 7162 7177 2808 3750 6339 6474
2629 1446 1982 2152 3774 4442 4889 4897 6358 7850 1139
2630 4379 4122 4646 6235 36
2631 1924 2155 3888 1409 3864
2632 1367 2238 1924 2624 6131
2633 4670 2946 6431 1260 2384 3377 3379 3391 5589 5916 6258 7160 1200 6975
2634 350 4903 1861 5019 3107 6612 6672 50 4440 1156 2794
2635 921 1971 3091 3123 3589 5492 5621 6855 7351 8286
2636 5061 6186 3092 5115 646 1707
2637 2889 1428 1429 2156 4366
2638 650 3075 5747 6312 3799 6920 7147
2639 753 5622 4790 1847 2605 2803
2640 2703 3007 4084 6703 4285 6625
2641 1694 2229 1833 1865 1866 1924 2687 1868 574 3676 3909 1367 3731 3341 4137 2972 2155 3910 5230 1378 308
2642 628 6975 833 610 4341 2189 5800
2643 4655 830 2637 4653 5265 7088 7224 7390 2826 3173 22 1686 1698 3168 5113 7194 7555
2644 3723 3045 6310 4957 6671 6946 4259 4298 7469 7479 8126 7021 4655 8421 4074 8093 8472
2645 1833 4140 6611 1200 1097
2646 650 2484 4680 5680 5681
2647 4140 1833 5157 1094 6854
2648 64 3312 2742 3977 4850 6033 7543 660
2649 680 924 5026 12 3335 4280 971 5073 903 3395 1428 7738 655 997 1168 5212
2650 1784 5576 4681 6980 6720
2651 2369 3587 3344 4472 1869 4502 66 1568 3925 1145 2370 3330 3837 691 4183 48 674 1387 2919 4033 4698 6432 6457 7475 7551 7660 7672
2652 5485 2229 5018 1234 705
2653 1335 3325 4148 6197 7376
2654 5946 3483 5622 7503 7551 8197 2073 7349
2655 3676 2289 4275 3747 2155 4500 5453 1584 395 8211
2656 1423 4392 8195 3417 5427 7070 8168
2657 3624 5366 5788 5839 6068 7195 7899
2658 3590 2965 186 340 6749 3190
2659 2312 4689 6959 598 4235 6937
2660 610 941 1428 1949 2170 3173 4224 4488 5583
2661 6506 533 1547 2271 5344 2420 5266
2662 1812 2065 5123 5214 16 2604 1096
2663 1051 1849 331 3227 4414 6180 3444 4514 358 1479 5437 5480 3375 6693 8464 6855 4660 500 976 7009 5622 7549 5754
2664 18 2515 3000 4199 4594 1817 3476
2665 135 2453 222 158 713
2666 3013 3755 1489 7709 5164 7294 3312
2667 705 778 1314 2256 2571 3730 4449 674 6632 6810 205 6517 3930 5821 3221
2668 1842 4276 5442 4973 8144
2669 2185 3195 18 1285 4049 3466 3477
2670 596 610 2894 5840 7032 36 898 5218
2671 610 1613 2518 7084 745 3943 3944 7985
2672 4831 6485 4811 7975 6011
2673 5570 2857 3320 5299 5058 1644 3283
2674 6818 5414 3476 7220 7425
2675 6050 2753 2886 2136 5006 7280 2750 1428 5706 7066 2748 3342 6181
2676 1699 2987 4857 5731 705 3004
2677 5063 3930 3044 2868 4060 924 500
2678 26 459 463 1228 4530 697 1092
2679 3829 4843 6938 1719 6517 352 610 1723 2279 3468 8168 7830
2680 930 8270 5839 5902 8481
2681 560 1276 1685 5971 879 3852
2682 4733 5582 2496 52 1589 6180 2225
2683 3946 6191 7147 4401 4082 7339 7715 3582 3643 7157 7766 7025 8317 7692 7693 8096 8337 8316 8433 4826 8442 8443 8470 8344 8510
2684 2559 2588 2504 2626 3077 4113 4179 6722 5055
2685 194 5753 6672 4212 7162
2686 82 3712 1846 2578 4035 3740 3507
2687 6189 6191 6785 7146 7466 4082 4401 7038 1975 7969 3440 1423 7525 5167 8146 4465 1529 468 7693 2561 2871 2136 7460 4862 8383 8494 8270 8049
2688 1056 857 533 487 896 801 6914 7711 8071
2689 4032 7536 4035 5622 3470 8100
2690 2229 3725 3816 2755 8134
2691 56 1301 7377 4602 7323 8354 7744
2692 380 1497 1817 6494 3213 1775 5019
2693 1203 2295 1676 2074 2031 2118 2836 3722 1541 6492 1874 8220 7508 8383 7579
2694 3381 3537 1821 6622 6623
2695 2316 1301 2324 3521 164 5058 4636 248 4780 3346
2696 988 673 3789 5063 5485 5577 7658 1235 3065 3757 3820 4691 7221 4715 4866 7579 3011 3103 4291 6993 2238 6802 3506 1910 6091 244 998 4151 4181 1036 6282 8224
2697 259 788 6914 7062 550
2698 1845 3508 7146 2238 1825
2699 468 4704 939 1148 2424 7113
2700 4138 4014 3738 6458 7528
2701 1589 2176 3165 3962 5721
2702 3738 2171 4547 3305 1436 4138 7275
2703 5322 2736 74 8087 7778
2704 227 1038 4952 5379 5988 6994 5850 457 663 3873
2705 917 2745 2184 5291 7513
2706 7243 3642 6330 8108 3121 3191 8274 8275 4122
2707 537 610 1617 1957 2374 3060 7807
2708 2155 2466 3990 2056 5060 1353 7453 7551 3763 2977 7819 2465 5210 8113 7440 537 705 3377 8287 8244 8410 8411 8368 8450 8478 2469 8483
2709 2240 4430 422 716 574 2139 2229
2710 1012 5429 4255 244 3007 4383 7415 2798 5857 5563 7542 6732 1928 2703 7350 3328
2711 740 1517 4465 1513 5363
2712 4711 673 3277 4231 2418 4903 3513 56 3923 6024 6314
2713 5072 3051 3492 3647 3936 1655 5750
2714 924 1184 890 3774 8251
2715 831 5915 6975 4445 2526 7294
2716 544 547 555 771 1338 1611 1671 1672 3889 4556
2717 79 854 2096 3050 4042
2718 18 2152 4129 4652 3329 3767 1316 1766 3191 7278
2719 5666 7521 4866 6133 6511
2720 3004 1467 6278 5766 7394 2821 767 4877 3381 705 1638
2721 1793 3041 4554 5730 8003 7283
2722 6447 1367 1911 3990 1489 7049 7551
2723 1725 1888 3037 2134 623 801
2724 5407 5240 3274 3624 4824
2725 6509 1428 1589 5026 8099
2726 64 1761 4679 6592 2726 7175 1613
2727 7709 32 5125 5884 6181 1428 5026
2728 924 82 1543 2649 4280 5674 6475 1723 3327 4290
2729 795 1589 66 275 1604 2963 135 5066 2142
2730 266 4201 5094 1902 1509
2731 64 2658 5273 1667 3025 5068 5414
2732 1693 1330 945 3382 2809 4253 46 1110 4851 7891 1709
2733 2147 3723 7113 7923 1989 6853 6330 7693 4705 8428 8430 5237 8185 8451 8438
2734 1589 5026 667 1247 3463 4655 6843 7113 7502 8123
2735 6191 5786 7551 8094 8486
2736 898 6431 3764 2572 846 7494 2248 7640 7672 1260 3477 7639 8131 3720 5196 7641
2737 8401 2416 6220 7020 1548 8260 1269 6943
2738 5621 526 2264 6068 6650
2739 464 924 1599 3463 5948 7818
2740 553 2081 3350 5502 4091
2741 1353 3459 5346 7842 6095
2742 500 705 1712 3381 3560 4337
2743 7156 1645 3252 5144 7621
2744 5679 7856 1880 2725 3736 6509
2745 5057 7612 7560 1752 73
2746 140 1547 7380 598 1385 1593 1652 2962 6592
2747 6687 161 223 377 3556 4435 6444 552 3051 6507 6994 147 345
2748 6239 5113 8324 4026 2708
2749 1011 6195 6161 2595 1157
2750 1504 1719 2572 6517 574
2751 1450 5570 5687 705 1644
2752 4780 1053 2617 2121 4276 3149 2185 3103
2753 6373 1588 3090 5991 5992
2754 1555 3604 3968 4839 5427 7727
2755 140 697 1446 4592 7419
2756 3925 2137 5600 7642 5869 7179 5330 6717 8027
2757 4445 434 541 1949 7423 1228 4712
2758 911 3189 5810 6599 36 3814
2759 574 1260 767 1575 3168 6186 5210 6202 5802
2760 2637 4756 4943 2309 4466
2761 8459 1720 5101 785 2114 7637
2762 6309 4401 8472 8442 8443
2763 1457 3186 2215 160 164 277 417
2764 597 2271 4680 5163 5965 6235 3943 6468
2765 646 3825 3915 4379 5840 6948
2766 3090 6308 1238 5130 6975 4592 1843 6690 7246
2767 5747 6191 6309 7157 8094
2768 6442 3408 2606 3924 7106 1915
2769 3946 5621 6783 8167 5742
2770 886 3090 166 879 1109 1848 5005 5156 5160 7561 6514 4161 6262
2771 45 6424 6645 691 1354 1559 3587 3195
2772 3863 2153 4223 272 32
2773 1157 1594 1173 1547 2742 3073 3807 4119 4615 4781 4785 5730 7428 3336 4132
2774 228 1148 1353 1482 1833 3764 3765 5731 6431 1378 1160 1712 3796
2775 1008 4163 5539 3766 6536 6282 3192
2776 1788 6248 4353 7329 550
2777 36 45 5218 5344 6284 6608
2778 320 5731 2200 2815 1367 1686 1944 2163 2571 3560 3730 5766 542 4368 5000 1353 1858 1582
2779 7092 3328 1442 1871 5429 1928 5412 244
2780 2766 4972 4973 6509 7745
2781 6311 7170 8107 7356 8042 8303 3373 8278 8443 8442 8185 8378 8438
2782 4547 7302 3233 4022 4909 6030
2783 3118 3560 4266 7560 2229 4802 7712
2784 1647 4666 4994 5916 1679 4526 6176
2785 4025 1200 1239 5164 5622 5795 3689 4243
2786 3799 5484 2435 2819 3375
2787 5120 876 1500 2185 3814 7018
2788 3177 5152 6776 7976 2139 5581
2789 6314 6975 705 2155 1489 5728
2790 589 664 803 806 2481 1725 3197
2791 1367 140 145 890 1168 1426 1821 2185 3149 4260 5869 5883
2792 2578 6095 1489 7160 2441 7775
2793 1489 5915 7717 1485 5322 5113
2794 1139 3227 1246 5768 8479
2795 1031 812 1479 1784 3673 5621
2796 3523 4877 4073 705 5463
2797 984 2544 1130 4813 6493
2798 1170 1794 5149 757 6887 5713
2799 751 2046 2071 217 709 2140 3401 2635 292 843 3400
2800 1869 1910 2197 2484 5040 5083
2801 5240 2619 5739 457 332 4879 7179
2802 6186 4384 6053 1118 4084 7273 1468
2803 26 6197 7288 2750 4900 5711
2804 2513 2515 5546 1929 1098 7962
2805 842 3137 1249 1250 5416 1762
2806 2155 2184 1353 5554 3107 2523 7128 6447 4829
2807 36 1056 1428 2962 4116
2808 7512 5355 7441 1065 5749
2809 2225 2748 4316 2747 4456 7594 6717 7549 7601
2810 1478 3768 4688 2970 6122 3119 3592
2811 945 3497 3499 3947 5747 6309 4082 4401 66 3582 3642 4298 7157 8112
2812 2562 3431 3800 5241 3090 5113 829 1685
2813 764 3210 6419 922 1251 1712 2694 3468 3678 3784 3791 4980 5265 5346 5730 1356 2207 2288 5819 3587 4022
2814 3809 1176 605 1846 2147 3676 6297 2668 5977
2815 635 4192 3637 502 3638 3928 6473
2816 1284 2575 1654 438 1191 218 3300 6419
2817 2545 1167 66 5915 1945 6988 6773 932 1135 2977 8133
2818 350 726 829 1261 2264 2510 2688 2750 4119 4583 4898 7290
2819 610 1836 1861 3572 4379 4463 4537
2820 64 3692 4206 5944 7713
2821 896 504 1910 2088 2670 2908 7499 463 924
2822 130 165 181 189 247 379 701 2111 2150 3534 5282 6387 6420 7099 160 1526 283
2823 7954 456 3380 3466 4851
2824 6634 5686 1167 1284 4574 7162
2825 649 6693 1634 7113 7276 1752 2185
2826 2502 1783 1784 543 7474 1472 578 5268 6199
2827 23 2227 7735 6979 6980
2828 1586 4722 5063 469 705
2829 1168 3330 4516 5045 7342 4502
2830 3651 2800 4954 218 4934
2831 3090 5032 5246 6494 438 5188 7150 3259 5765 1474 1748 5131 26 4249 5388 7439
2832 2152 3191 4710 6603 7959
2833 3090 350 8068 6195 8487
2834 495 1899 4136 5150 6332
2835 2229 1326 2291 2205 7076
2836 4295 4369 6325 6654 6197
2837 326 4761 1065 4574 4649 5654 7836
2838 4014 938 2471 3043 4796 672
2839 244 3181 3789 8023 4146
2840 6314 3829 5614 3688 3689
2841 1784 272 5061 5062 565 7892 6864
2842 1194 1437 3138 3437 4337 4379 5021 5682 6717 7720 6611
2843 3444 911 3114 1249 4733
2844 332 3786 5377 350 598
2845 1723 5441 1200 2933 7313 7475
2846 1489 4257 8324 1917 5622
2847 3305 3637 4929 8038 8373 7865 7866 36 3039 7700 1224 3638 6956 8361 3273 2744
2848 4854 113 146 415 416 417 2891 6289 2215 165 1524 6527
2849 2086 5867 3272 1122 4429
2850 51 3380 2233 683 4496 945 1633 5194 2139 1644 1636 1760 4761
2851 1428 2002 2906 3838 5858 8260
2852 4355 5113 4804 4974 2136 2471 3576 5595
2853 3379 7639 4666 5372 6516 1260
2854 6310 1437 7479 705 8185 102 8482 2229 2008
2855 7437 134 206 248 225 299 3202 235 869 7386
2856 2229 6314 7049 7404 8252
2857 3717 3929 4106 4480 4574 6197 7115
2858 596 99 3189 7032 6362 4140
2859 6314 6624 5871 6623 6627 6628
2860 45 3710 604 7195 8279 7074
2861 6971 300 3190 184 405 5508
2862 255 256 1286 1295 4926 3191
2863 7927 1427 2185 3090 7646 2484
2864 687 5218 3060 3633 3845
2865 4403 16 1983 7565 7564 2148 7563 3311 4444 5601 1428 924
2866 5853 610 2141 2892 4377 4857 4866 7188
2867 5124 7891 716 2849 5223 5905
2868 1423 2192 6141 7005 1755
2869 3986 159 3468 5802 1353 2624 6314 1723 5188 709 1260 3849 5622
2870 464 6287 6542 2583 8008 5621
2871 3013 3039 6417 1422 3334 6314
2872 2404 2561 3060 2753 3062 2748
2873 117 1489 2189 4369 7329 6512
2874 2961 4715 4851 2397 2596 693 3379 5155 3073 5026 3189 6399 7292 7579 1367 4858 846 1260 4502
2875 5583 3820 26 6803 1702 2419 4441 2573 6820
2876 4641 6503 1755 5312 5622
2877 970 4083 5044 2831 812
2878 7590 2073 2495 1963 6711 7600
2879 3381 1489 5113 2245 3765 3830 3923 5915 5956 5998 2704
2880 2179 5719 693 7971 1886 3273 7523 1588 745 6703 7443 7501 7503
2881 2264 2289 5557 2561 618 5431 5900 7320
2882 1263 2185 4105 5026 7180 7182 2539 5108 302 2225 7700
2883 117 537 2155 2584 7394
2884 5755 2963 125 4435 255 869 126 5392 122 6387 6212
2885 2708 4588 3795 4093 3779
2886 5427 3304 6689 4503 4644
2887 898 2189 4369 5042 6228 7995 332 1428 1861 5026 5039 5368 7113 8023
2888 1152 3011 7523 8022 1763
2889 16 886 2405 1284 3587
2890 2862 7390 3273 5382 1420 4179 26 4083 6941 3274 932 7780 7481 6097
2891 10 1636 5159 5553 6006
2892 1966 3718 1381 4464 4950
2893 425 3918 7682 7930 2148 2580 3196 3926 3927 5010 6282 7497 3159 6360 6797 8191 1357 7059 1980 5308 2131 2396 2635 2429 3656
2894 53 746 4145 3366 4599
2895 5440 6933 2200 27 8296 6231 6909
2896 4355 4482 2941 3587 2725 2724 7642
2897 1798 4863 242 276 1269 1526 3575 4869 5430 8435 375 418 663 698 699 1289 5743 6082 222 1304 3620 4850
2898 1844 4666 7334 6 7550 7713 3864 1644 4032
2899 4866 2815 833 4090 4460 1437 468 5277 6943 2112 6316
2900 195 693 1588 2976 4280 5019 970 1817 4474
2901 924 514 1668 1813 5991
2902 269 454 1638 4666 5155 2502
2903 1383 4053 7497 7757 3404 6539
2904 705 1306 2620 2704 2933 2956 3150 3374 4156 4189 4347 5622 6431 6517 6550 6558 6810 6938 7128 7251
2905 3499 3947 4079 4575 3720 2384 3321 4623 1367 7286 7661 6247
2906 1489 2963 3560 3949 5794 5502 5800 278 2635
2907 689 1791 5198 795 6558 7535
2908 3861 1821 1857 1929 2894 7059 7157 2368 3159 4887 5344
2909 2092 2205 2746 3088 6218 7038
2910 6719 165 299 719 663 1298 149 224 6046 355 113 222 225 777 130 152 1524
2911 7555 7556 334 3184 5546 7376
2912 3406 4097 6453 1971 3917 5414 3071
2913 609 1389 3929 4023 6559
2914 328 2185 7162 245 4116
2915 5490 6915 247 276 2066 7740
2916 4821 7192 2744 5790 6722 950
2917 4325 5346 6810 2418 705 3184
2918 2644 2882 1619 5678 3091 3804
2919 1588 1311 693 1050 3773 5750
2920 4775 5586 705 3375 5056 2377
2921 3006 3001 3004 3011 3081 6857 6840 3003
2922 757 1446 6400 7113 6282 3615 7055
2923 264 1545 7503 5026 7534 7230
2924 829 7161 7613 1428 3210 5663 7845
2925 1784 2502 3888 7433 1832 5498 1492 6983
2926 7835 340 5961 7436 7767 8390 8445
2927 4123 6310 4401 4082 7969 8110 7479 8185
2928 3863 4802 5203 3447 7521 6618
2929 2045 3468 2903 3381 3560 4983 4711 4772 6431 2155
2930 896 2011 5920 6008 7423
2931 1960 4187 6246 6429 6514 7369
2932 1997 1265 6310 6311 5127 907 4893 1081 1886 7804 4053 8075 4414 7434 4119 6224 2439 2733 3814 874 2420 2694 3373 7286 2207 2279 2484 5019 8121 502 1516 3782 4549 350 2977 5027 7516 77 5749 5057 8403 8189 2008 8473 8483 1489 4990 5113 4574
2933 1720 6987 1628 7259 3790 6187 5828 4191 6431 1597 3470 470
2934 639 1966 3697 4592 7760
2935 1589 1541 3495 8240 5028 5996 8469
2936 1158 2668 4793 6494 2177 5905
2937 99 463 1416 1511 1599 1375 4049 5019
2938 7829 1949 8079 1763 2279 464
2939 751 711 2046 4937 3160
2940 5375 523 504 3736 5690
2941 453 2002 2484 2485 2515 5627 6817
2942 753 5062 2933 5730 5916
2943 1400 835 5230 6186 4407 4644
2944 3105 5607 5969 2137 2813 4889 3541 7435
2945 3830 5063 5956 6535 1176
2946 705 4297 4298 4303 5795 2230 2894 3205 8366
2947 7288 5033 8247 1168 5031 6874 8029
2948 1593 6093 6847 7113 350 1167 3925 6154 6474 6848 99
2949 1793 4803 5389 7425 7737 8042
2950 3723 5747 6310 6311 1579 6427 6920 4401 4082 3582 4133 6195 6330 7766 8278 8385 5237 8442 8444 6265 8378 8473 7068
2951 56 1846 47 1241 189 405 866 6310 6427 4401 6231 7438 8310
2952 3946 36 5747 6310 6312 8275 4074 8438
2953 4532 5239 4073 5621 3306 3326
2954 57 1043 2184 3427 5946 7717
2955 66 1243 1446 3915 5776 5924 122 2891 3398 3814 416
2956 27 650 2002 4379 5026 5230
2957 1055 5765 2755 6385 2495
2958 4450 6434 7000 7258 7536 1200 6154 6517 7005
2959 3279 2973 4655 5238 5164 6090
2960 2755 2740 3090 4464 6532 7004 1422 3060 579 795 1604 7273
2961 4336 463 5281 1268 4185 4181 6462 6604 4378 896
2962 1573 705 2803 3862 56 5062
2963 3038 4206 1353 1378 3730 3829 3830 2525 3733 6260
2964 7084 190 4043 6374 4490 5124 6923
2965 2079 2719 3183 4242 7425
2966 1031 7413 6364 819 1428 1971 1973 3104 3415 3491 4785 7511
2967 514 1983 521 1519 1908 7327
2968 469 1589 3284 4639 4711 3381 6810
2969 2855 7896 418 1290 1435 3575 1372 1545 3766 8123
2970 5167 382 1734 2452 4156 6792
2971 3343 3381 1160 4640 705 1176
2972 6940 876 8195 398 400 8342
2973 3044 896 2813 4549 6284 1370 3624 7503
2974 320 1330 4319 269 4675
2975 5212 4395 5591 7069 3345 7444 7672 7519 1131 1506
2976 1926 848 1249 3062 812
2977 328 1250 4946 7051 5176
2978 3163 2762 1247 2688 1206 368 935 3090 4776 5733 5992 4815 5775 5130 5776 6509 783 5414 1594 3233 5594 5487 3717 3780 4119 8305
2979 3857 2466 2465 6358 4684 3778 7128 6773 6775
2980 4490 1539 3765 711 2027 1056
2981 5674 3481 4076 2444 4626 5570
2982 970 1685 4179 4781 5017
2983 2409 4223 1492 1847 7041 8094
2984 2113 1809 1568 2396 2688 4624 5931 6650 7182 7276 8460
2985 833 840 4628 5853 7868
2986 6314 6596 829 5003 7107
2987 1154 1260 4368 5346 7146 705 3560
2988 633 359 1547 1836 2279 2484 2668 5083
2989 2283 3145 3222 5732 5911 6808 995
2990 924 3476 5691 6157 7175 26 3804 7517 7654 3049
2991 463 812 4594 1269 2299 3715 244
2992 4206 6979 1228 3039 464 1234
2993 965 964 2522 6162 228 1310 4355 7118 269 3765 4750
2994 1079 1846 2853 6325 8034
2995 4666 4802 6984 7294 8191
2996 5629 1402 1223 5155 6651
2997 4398 7350 4383 4394 6252
2998 3399 4499 6981 7189 245 747 5188 5242 5691 7180 7162 3716
2999 1660 2608 3057 6569 3052 4766 1191 1588
3000 831 2204 3829 5955 5956 6095
3001 4904 1920 3458 4980 7285 8249
3002 463 689 2719 3942 4369 4911
3003 1050 1681 194 601 6473 1752 1976 3325 697 651 195 8332
3004 572 694 979 1346 1489 1833 2337 3829 4857 5047 5055 5124 6516 7313 1239 673 2718 2933 3105 4214 7294 7806
3005 6246 6995 1752 79 303 463 814 1428 4280 5344 3323
3006 2185 2639 877 1428 7162
3007 7638 3511 7879 3389 2740
3008 2769 1847 3188 3572 4450 1118 1685 4499 3560 4860
3009 632 2705 5513 1346 7456 4690 8240
3010 2608 2713 3663 6622 7093 4666
3011 1116 2627 2646 7939 8311
3012 7395 5485 5568 4977 6677 6741 7011
3013 1428 697 2377 610 66 650 6592 5414
3014 1378 1823 3829 3990 5955
3015 727 2969 3510 4179 66 6838
3016 365 1049 1812 924 1139 4622 7113 7496
3017 1524 6200 5163 7102 381 3348 3653 7429
3018 3587 7161 4681 2473 5621 189 1455 3640 7945 39
3019 1200 2694 470 500 938
3020 6150 2022 6231 2029 968
3021 504 5187 468 3766 4710 5026 940
3022 6975 1489 2492 3377 7941
3023 2989 6472 2155 2523 2867
3024 1241 135 189 200 222 5066
3025 5765 2120 5026 6275 8119 8121
3026 940 2225 2226 2675 1056 6227 7985 2189 1682
3027 2565 113 130 222 3372
3028 2894 248 2785 6252 2755
3029 4315 500 5708 6310 4957 50 194 646 650 1791 4082 6468 6473 7147 6912 6224 464 4298 1149 4401 7215 5124 8220 463 2286 4984 6592 2137
3030 4369 2558 2595 7040 6499
3031 2264 2934 534 5317 5212 7226 5178
3032 1155 110 3353 5058 3170
3033 2595 1874 8220 4401 8107 7356 8096 8316 8430 8383 8185 8451
3034 2520 4141 3326 6251 3004 3098 5272 4334 6415 4766
3035 2147 3444 3596 4586 1078 2810
3036 3009 3007 2741 81 3073 3085 2045 5061 3578 4002 4325 6314 1489 3560 7350 2777 7415 7428
3037 6311 6449 4423 5941 4082 6290 7170 8438
3038 5747 6310 6427 6492 7468 634 4401 4082 5732 6290 6196 8416 8438
3039 632 1682 3284 3366 4940 6166 4474 6583 496 2266 3289
3040 306 2185 3435 2261 500 7288 2286 533 2349 1474 885 1459
3041 3465 3916 4122 5201 7797
3042 36 971 1497 1969 1736 4697
3043 5971 7089 2185 74 350 2004 7742
3044 2956 4903 7673 4917 5955
3045 2637 4175 4756 3157 6111
3046 1250 1910 113 867 1238
3047 4003 4226 4404 4890 4886
3048 923 924 2368 7785 7874 8306
3049 194 4378 819 5621 6336
3050 609 36 464 4586 5721 4179 1966
3051 5583 424 1216 1271 3445 4823
3052 801 1108 2134 5466 799 2779
3053 1611 1056 3752 234 355 4832 7084
3054 5316 8271 2344 6776 8369
3055 7428 4939 3072 583 3073 5622 8219 1200 237 3091 7322 1015 6975 2903
3056 819 2376 1065 1066 4761 4627 6123 2260
3057 6785 3618 8459 3090 130 4062 222 5379 220
3058 617 2213 6592 8240 5026
3059 1284 5188 6797 7833 7747
3060 1685 1244 2200 1224 3924 3352 3213 5064 1489 7938 855 2151
3061 2229 2664 2755 4491 8066
3062 365 2135 3266 5286 4206 1353 1644 2821 7272
3063 6310 6449 6311 6309 6312 6671 6919 6450 4401 4082 7339 7469 7449 7969 6195 3643 7157 6330 8293 8292 7766 8221 8434 8275 8449 8421 8444 8471 8472 8162 8442 8476
3064 1593 795 4194 5442 6621 7548 7988 5410 6923 4171 6250
3065 840 1489 6299 6570 6975
3066 705 1353 4035 694 1367 1847 2620 4025 4191 6720
3067 2484 3587 7292 7443 7583 7642
3068 924 3514 5019 4474 3677 3720 3829 4116 5083
3069 1682 350 907 2894 4203 5641 1257 1536 1589
3070 1500 2264 7453 526 6853 1504 2229 8444
3071 2439 5492 524 1647 4696 2349
3072 1327 6379 2605 4857 4711 5271
3073 2261 352 3801 2272 2422
3074 366 368 2755 189 5575 7117
3075 468 625 3635 4618 4704
3076 4154 45 5201 6758 7195 6886 7187 5720
3077 1085 2182 378 3757 3758
3078 2361 3266 3566 5385 4445 4666 8036
3079 3531 5578 424 5640 2328
3080 2352 6822 290 2451 2892 4431 6490
3081 6467 2740 1384 1633 3043 3560 6516 3730 3468 228 507 2238 3829 3931
3082 2229 2133 118 5776 1206 1056 4802 1006 4688
3083 1024 2297 3563 7016 7072 7216
3084 2484 366 439 1752 5477 1428 328 3031 6823 4482 7595
3085 1682 3280 5344 500 6592
3086 738 6501 152 222 967 4566 6212 142 1291 5402
3087 1428 2484 3227 5266 8056
3088 833 4312 4853 5217 3005
3089 122 5380 7774 2963 5743
3090 1326 1537 2291 4939 7291 395 1396
3091 1595 2270 4478 1683 2646
3092 2317 2329 3072 4971 2343 4898 5268 2321 1570
3093 3492 3942 907 2962 2982 5377 5746 2484 1255 6111
3094 1858 2229 1135 618 3 1723
3095 6029 1568 5950 6493 7666 3406 7463 4573 971 997 1504 2580
3096 128 2676 4863 4869 5764 713 1339 1324 5075
3097 2184 3943 5863 5848 5907
3098 4022 3780 83 5570 4677
3099 4657 5730 8468 5566 537 5657 5916
3100 2868 5113 6967 1428 4613
3101 2155 500 1723 2847 1858 3004 6186 1849 2815 3374 3381 5866 1208 1519 2565 3376 614
3102 610 5019 350 938 1613 2668 3060 6018
3103 6295 2923 6314 394 1353 1723 3377 3639 6431 4726
3104 5026 4979 4547 3815 6665 4058
3105 1201 2170 5938 7314 4879
3106 5167 7158 500 2438 5621 6645
3107 5187 5188 6069 1950 6360 3002
3108 7841 5183 1791 1356 7088 7665 602
3109 464 3637 3917 4105 4752 5840 6739 8008 1752
3110 4168 5475 2200 4294 7542
3111 3521 3787 355 6186 5075 1234 222 1467 6857
3112 6312 445 3706 4401 7837 5623 7692 8316 8385 8428 8421 8471 8444
3113 66 946 978 1738 5308 1866 5737
3114 6796 416 3590 346 2894 5075 5975
3115 6553 618 1059 1564 5453 7408 1428
3116 523 3739 5282 5549 7607
3117 4025 4027 2288 2185 2810 1428 1091 1188 3099
3118 4596 4666 6865 7475 7713
3119 18 1316 4164 6601 6603
3120 4082 4401 7243 7551 4971 4973 6060 6509
3121 70 857 1116 2532 2812 4144
3122 2605 4156 6186 2683 4369
3123 6533 7487 7490 618 1139 2505 4528
3124 4388 107 962 6258 4387 4383 4384 3101 6829
3125 5622 2184 5463 6651 3830 5936
3126 7107 350 1346 6028 6430 7446
3127 1588 533 2185 262 6215 5141 4587 2828 6431
3128 3284 4713 1497 673 1954
3129 5430 1524 113 4567 788 356
3130 6825 3150 92 7392 4383 3377
3131 113 2891 5070 5696 3873 4091 7401 5285 162 5066 551 7603 3181 4451
3132 3842 5224 5246 896 6854
3133 978 1200 1644 2565 2837 5546 5802 7404 7555 1768 8165
3134 5882 6428 1921 6471 7301 7508 6834
3135 2905 2229 833 6975 5915 7712 4711
3136 6090 3440 8112 7157 8482 2619 8438
3137 944 4995 4996 924 5026 5692 3563 2385 1529
3138 306 599 995 2868 5529
3139 82 705 1223 2155 2542 5689 1917
3140 130 171 247 427 7364 6558
3141 1917 6250 2238 1771 3508 351 2687 3381 4347 1367 5155 5648 526 2766 3792 6131 4135 1234 7128 767 6415 3440 6095 1156 1164 7390
3142 2148 1836 2713 3594 3676 6562 4185 812 4015 1617 6284 2141 2266 7162 328 1903 5621 6833 6988 4280 5672 1262 7487 7613 5113 4212 1655 2185 3639 4181 5492 5826 6793
3143 2605 3707 1734 1778 2329 2815 2941 2950 3004 4002 3176 6195
3144 1829 4655 99 7145 7551 8094 7416 4383 4384 4711
3145 879 1359 4338 1721 6437 7561
3146 643 5142 6744 7040 315 851 1513 2278 3035 3583 3977 4059 5616 6242
3147 257 369 5764 4427 5401 5970 202
3148 113 1290 183 151 225 2138
3149 1502 5516 7376 7556 970 1178 7134
3150 4585 6186 7570 3523 5164 5553
3151 2439 5026 1035 3443 3639 7387
3152 6752 7088 6465 6466 6284
3153 2978 645 2484 3026 4336 5048 5581 7807
3154 1713 6269 3477 4973 321 2561 359 4112 6264 7177
3155 7040 3820 4441 4557 6900 6903
3156 1035 1269 3189 3587 3766 5026 6282 6493 6943 7668 64 6458
3157 2185 5339 2399 6264 1617 2662
3158 3450 4990 1066 1953 3486 1116 5581 500 1120 2812
3159 3122 1206 2580 6739 7818
3160 2851 2969 7802 2152 3739
3161 597 5377 3709 4900 4680 3284 3587
3162 500 3058 3091 4226 6844
3163 4563 1455 1524 2635 4568 5505 7945 1454
3164 272 4278 7475 7146 4802
3165 1056 896 547 1708 3244 7390 1029 2662 5732 6634 7630 616 135 1247 2602 6155 6525 8038 8172
3166 609 4666 1439 1589 7934 4985 1253
3167 3201 2215 7095 6501 5392
3168 29 245 1422 2229 1437
3169 5557 7731 5546 7208 4890
3170 6799 7221 2418 4675 4858 7013 1812 2977 7672
3171 993 6721 6229 116 7334
3172 4617 3374 3560 3731 5164
3173 3045 6310 7146 4401 4082 3343 3440 7236 7021
3174 3898 5055 469 4699 2155 5886 2976 6303 1098
3175 1367 4140 4935 6314 1135 1644 6095 3659 7384 3829 7639
3176 770 3904 3618 5378 2635 3945 751 6915
3177 1092 5261 2407 3250 4499 5867 6441
3178 3321 4116 5344 6663 1941
3179 7656 2183 5026 7628 244 504 2222 6269 7560
3180 1243 4442 6310 3562 7401 3191 3186 8505
3181 907 5315 908 1787 3242 8224
3182 782 1258 1541 4519 6843 1952
3183 6703 4038 5967 3137 2253 3467
3184 4401 7021 8421 8442 8444
3185 532 464 928 5057 6645 8141
3186 430 3427 4675 6095 465 624 1203 1519 2101 2128 2189 2740 2933 3379 3560 3950 5283 7301 3043 3073 3150 3587 7428 3004 3483 3690 3829 3997 4650 5808 6098 3886 6578 1107 1200 3838 6293 7367
3187 1489 2608 4350 5437 833 2384 8245
3188 1200 1367 1489 2207 2238 1833 3829 2817 3326 7128
3189 5226 4853 6186 5730 5657 4987
3190 4910 470 7114 1184 3946
3191 104 3618 4953 6974 7062 6723 113
3192 409 2927 6082 1296 7386
3193 2696 3774 5168 5915 6256 6254
3194 437 6266 6284 4991 6227 8023 66 3916
3195 5776 607 3524 2544 3716 7327
3196 6795 36 3227 7361 6599 6602 4940 3706 5111 6197
3197 8119 3663 4643 5019 7594 7595 8121 8123 968 1281 1604 3450 4718 4719 5963 3536
3198 6975 1847 5164 6980 7376
3199 3042 705 1353 5061 5312
3200 2152 2484 2729 3223 3806 4439 4710 5184
3201 1962 5019 4689 8216 7654 6324
3202 1270 2185 2567 3668 4650 7093 1912
3203 167 177 222 265 1251 7762
3204 2286 500 2515 3915 3925 4440
3205 881 222 4555 4685 6448
3206 2710 1713 6642 7272 6534
3207 1249 2090 4816 5946 7875
3208 4136 475 1964 2928 864 399 402 1899 4252 6256 2303 3188 4379 7389
3209 2285 7911 4592 6101 7829
3210 109 639 633 1912 47
3211 3254 697 3181 4655 7010 8104
3212 3105 1428 1827 1949 1367 4623
3213 5557 409 29 3181 932 526
3214 2909 1910 970 340 3091 3814 5674 6213
3215 2824 4371 4140 4968 3903 6142 7938
3216 4379 332 5417 6663 7090 874 4117 1375 2851 7754 1541 2095 2682 2117 2104 533
3217 470 1206 4179 4379 5270
3218 994 4713 4844 2750 4328
3219 1497 5839 5840 813 3936
3220 898 4379 3966 924 504 6943
3221 726 3727 3798 4022 5180
3222 470 978 1132 2725 5765 5950 6282
3223 2483 4360 4466 2328 5673
3224 1181 2034 4125 6326 6833
3225 3602 924 6494 947 2904 7661
3226 1524 113 259 3791 5061 6590 2150 5066 6089
3227 4994 2954 5622 1633 5621
3228 228 4089 7843 1719 3467 7743 1164
3229 3731 3820 1024 3060 3381
3230 480 166 3024 5713 6005 3218 1167 6223 1187 2049 8077 6343
3231 1197 3849 1061 725 2207
3232 2711 3916 3075 3358 6900 6903 5765
3233 3766 925 1601 3883 7553 8361
3234 2295 1682 1012 2229 4802 7375 3039
3235 618 1428 1504 2185 3321 6227 1249 2508 3728 5124
3236 4035 7475 3829 2286 7313 1409 4140 5916
3237 1887 7164 5008 5439 5174
3238 64 2748 575 3971 8280
3239 1353 4140 3829 2558 3830 1812
3240 924 4996 5026 6928 6956
3241 4382 5546 1234 7555 8252 4331
3242 4644 2484 507 5955 6038 6645 1080 4522
3243 8283 1336 2138 8351 303 3434 4530 4689 7654
3244 3394 4715 5800 3176 3317 5553 71 2484 2765 4405 7684
3245 1083 2279 4277 4961 2002 500 3974 5946 1658
3246 6310 8360 8428 8409 4826 5237 8477 8125 4074 8162 8171 8448
3247 5776 705 2238 6810 8253
3248 686 1098 1467 4424 1485
3249 4130 184 2004 5702 2814 2229
3250 5458 320 1812 3073 1696
3251 1644 3102 5048 5851 4243 5850 3537 2143 3720 1824 2206 4575 2091 6152 6979 4137 2777 3731 3830 8085 5777 3835 5216 5546 2286 4640
3252 646 1896 2002 924 1194 5026 6468
3253 100 202 457 4003 4685
3254 6154 114 890 1682 2028 2124 3829 3955 4171 4600 5062 5921 6474 7046 7093 7165 8234
3255 4140 4980 1489 3516 5730 6132 6136 8219 8305
3256 5768 1376 3381 4280 7900 1335 3149 6506
3257 833 1723 1911 5062 5894
3258 757 7777 5743 8227 3301 6357 5045 337 7428 416 664 669 847 879 1725 2134 3852 6437
3259 1733 610 7665 7681 1502 3267 2002 3878 6267 6672 4912 460 6236 6838 4996 502 3766 3639
3260 533 610 1839 17 36 1497 2566
3261 290 701 3140 4091 8118
3262 742 4839 6092 1966 6282
3263 3587 5246 7500 4116 5218
3264 6439 2817 348 2229 2103
3265 897 3757 2225 6813 5026
3266 1814 3814 3929 6275 7018 8195 1025 7575 2241 1195
3267 7534 1335 3804 6176 6926 7553
3268 5196 5207 1489 2919 8243
3269 113 130 415 924 4430 6719
3270 4231 5062 6314 7005 1160
3271 2305 4802 5048 81 2025 2372 673 677 1135 2517
3272 26 1789 3835 2155 6239 5319
3273 933 7909 2184 5634 2736 8191 694
3274 3579 1584 5163 278 4369 7551
3275 56 2229 1489 4625 5915 2595 1723 3506 1821 4156 4980 3663 1847 7986 8193
3276 20 1378 2565 5312 6239
3277 1508 3301 3484 5997 73 6443 8161
3278 6988 1173 1157 1594 7975
3279 5062 7075 1467 2142 2003
3280 833 1712 2565 5061 3457 3468 1367 6431 5347 767 3374 4140 5016 5586 5622 6562 7933
3281 1346 1910 4710 5199 5202 5414 5608 6910 5580 3539 753 991 5024 7845 3543 5664 6690 6694 6700 6972 5619 3585
3282 1195 2484 3210 5278 5294 4531
3283 1234 7732 8315 3432 7731 7782 8252 1408
3284 6407 306 468 2119 6117 8038
3285 1936 2441 2572 5728 451
3286 1257 2608 697 1660 3513 3384
3287 939 2247 3925 5419 7670 7966 102 6074 7371 8067 8192 7873 1705 3511 4744
3288 526 2694 3923 4394 5210 5730 2207
3289 809 519 7750 3943 4549 500
3290 2750 5508 444 4017 4280
3291 1151 1165 1468 2253 4084 5891 7332
3292 201 202 1536 663 126 232 2355 2451
3293 83 468 67 467 1617 1687 17
3294 2296 4811 5208 1946 1418 1131
3295 3560 3849 4802 6162 6975 8049 6314
3296 2022 2180 2693 6508 3452 8177
3297 5514 5085 5019 5621 7223 393 6266 1861 7443 5499 7674
3298 2307 2270 1807 66 3437
3299 2706 3157 2264 4735 4935 4030 6139 1340 3951 3810 2217 3169 4655 1243 1505 6768
3300 4041 2580 3510 6658 8100
3301 1627 6516 2229 4802 6975 6218
3302 1519 2170 2176 2484 5636 6117 7453 8099
3303 1253 5461 1035 1524 4059
3304 2368 3191 7801 5032 6604 8383 2375
3305 6544 896 464 1707 3213 6541
3306 3676 7924 66 7076 6388 6739 8383
3307 6053 6862 1917 2776 3341 4210
3308 109 3379 3467 7005 7315
3309 390 3803 5763 6739 332 938 2958 5080
3310 5236 1799 3909 3595 5590
3311 430 1329 2155 2229 2766 3897 4496 4711 5465 5485 5936 6921 6975 7005 8024
3312 6310 4401 6330 8448 8442 8378 8473
3313 7828 4025 6409 7827 2842 8014 4140
3314 1555 1750 468 924 1286 4710 5464
3315 703 1138 2956 1519 2694
3316 42 2420 2868 3465 4116 4932 6600
3317 4534 4602 7294 1734 6446 1847 1174 3381 5410 1604 3376
3318 1428 1516 6737 7647 471
3319 826 3105 4020 4860 430 6431 7763
3320 1559 5133 5453 4893 7560
3321 4218 1645 1648 3337 5538 5539 1255 3925 6264 7080 1555 5170
3322 728 1085 3952 1531 2570 1194 8149
3323 851 190 596 5746 7612
3324 5552 5278 4440 6592 7511
3325 4469 924 5825 7614 8395
3326 837 1443 8030 1442 1588
3327 1116 2173 8126 73 4048 2747 4660 2172
3328 2201 322 3031 5570 4286 1774 7529
3329 6384 5747 6768 3608 7841
3330 59 960 2797 4081 7340
3331 1201 1957 2185 2200 3060
3332 5061 5593 2515 2973 6250 6484
3333 2865 5086 2321 68 5749 8380 5073 6621 2019 3915
3334 1682 4119 4589 5414 5621 470 5019 7387 8383
3335 408 6531 556 812 924 1324 1524 1599 1611 2093 2684 4245 5922 4832 3487 574 886 1632 5728 6090
3336 3042 4655 2596 1847 5112 3507 1604
3337 2117 5923 6475 6867 8189 5558
3338 304 468 3472 5857 6465 7787 8023
3339 685 4279 6703 1428 2610 3860 7978 6264 7984 66 4502 7549 3330
3340 2185 2200 2315 3576 4923 3404 6599
3341 2470 7282 7129 1385 1952
3342 283 4828 1211 6979 4685 5932
3343 66 837 1131 3156 3611 3679 5146 7430
3344 463 1601 1613 5218 5840 7611
3345 3334 5936 454 1489 3560 7742 7744 7987
3346 3017 3406 1162 4758 6146 1428 4885 7053 6678 3010 6519 6988 7331 7647 5578 28 73 2299 2309 3071 3925 4280 4589 4639 5841 5869 6123 7593 8068 1192 7590 8349
3347 1063 1919 595 5721 1869 4605
3348 5062 6131 91 827 2256 7672
3349 2073 3786 4476 5787 7562 8383 8496 3928
3350 6122 40 140 1594 2321 6166 4026 7275 1066 2510 8069
3351 288 286 287 2352 1241 133 376
3352 2750 4705 5901 6329 7162 7982
3353 2954 3037 1645 1648 2419
3354 4848 216 248 113 337 145
3355 432 3181 5546 66 8015 2484
3356 6680 7516 2002 1547 6070 7699
3357 6330 2088 4418 5654 8185
3358 777 6420 6128 663 3622
3359 1810 1770 5008 5897 1521 610
3360 1437 2264 4593 6094 6096
3361 6143 2228 1337 1718 1319 533 4007
3362 3595 1821 168 3004 6084
3363 3043 5485 6154 6684 2897 2124
3364 2152 2911 1286 4710 3226 3961 4080
3365 8184 1122 1121 113 372 3187 3620 6082
3366 4857 5953 6945 1353 2248 2565 5056 6747 269 767 2045 2572 4511 4858 2721 6811 6829 3375 6785 2987 6979 1858 519 2694 2952 6314 49 526 4292 5581 2703 2253 4256 4398 7577 6732 3303 4289 4301 6440 4291 1427 3233 4304 4717 5531 6862 7284 4196 7639
3367 1206 1568 6154 8052 1282
3368 1412 2121 2737 3149 5971
3369 2705 2711 3076 886 7156
3370 5730 3966 66 5183 64 997
3371 938 1685 4689 4916 6284 6333 3476 3957
3372 308 244 4288 7893 3689 7819 8134 8019 8295 8065 8244 8429 8450
3373 5955 6496 2229 5485 8258
3374 7096 3974 8324 6250 6510
3375 3181 5981 7294 5190 6481
3376 4863 5026 6458 7374 8383
3377 4377 1685 3227 4195 4722 5586 1204 4347 2296 5591
3378 3138 31 5963 2670 2261 500 2956 3849 1578 2139 2422 3923 1083
3379 6057 4796 1280 3560 4440 6975
3380 4332 1378 6475 1712 7382 8358 1200
3381 1200 1353 1367 2256 461
3382 2828 2185 1165 3925 5077
3383 6705 1584 3483 3829 4336 4562 5953 5678
3384 36 387 2962 3576 6473
3385 6975 6314 449 1754 6047 6840
3386 1815 3663 5732 610 6500 1381
3387 2952 3948 6311 113 6014 5552 8360 8438 8224
3388 6374 190 7745 429 4369 233 1723 3867 851 2625 468 687 4080 1979 3829 6106 6053
3389 5358 148 3623 4760 286 2352
3390 2976 5581 6683 8092 3560
3391 672 674 2155 465 241 675 677 705 3002 673
3392 1703 4710 5159 448 6229
3393 3451 973 1209 1065 4627
3394 233 854 7971 3050 856 429
3395 468 689 1224 1428 7489 1843 6637 4704 3730 6863 8281
3396 673 1723 2108 5955 6202 7636
3397 6310 6312 6449 6492 6671 7146 7551 7475 833 7128 4401 8094 8019 8065 3381 6721 1833 3073 4917 8450 8477 8492
3398 2260 5756 7446 6692 6693 7144 7359
3399 4903 6938 7475 705 1644 3829 7551
3400 3582 1896 2997 4379 7231 7627 8194
3401 4853 5063 7770 5346 7118
3402 418 127 3216 4451 5324 125 206 945 2755 4154 6557 7325
3403 183 113 6918 1304 3618 4951 178 1283 6723 7686
3404 225 415 639 3095 5505 5961 5962 588 166 207 216 3172 3201 5831 2527
3405 735 118 460 6268 5119
3406 2763 4918 588 1721 3255 5371 5631 6246 7367
3407 862 916 3942 914 3227 6464 1401 6534
3408 4958 1178 1048 8069 5011
3409 2229 2847 3003 4694 6475 8468 2564
3410 2608 6179 2229 3447 6035 932 7345 4645 6431 4445 4119 4347 8179 2620 5346 1220 615 5443 6573 7383 7717 705 1310 1971 4653 4655 7672 4708 6084
3411 2002 364 753 5026 6867 1545 3759 1026 1428 6264 7756 4996 3860 4474 2448 5750 3751 6799 140 1018 2225
3412 5824 5141 6235 6236 305 7654
3413 1991 6402 73 897 971 6432 6601 5414 7738
3414 1710 5513 6540 3147 953
3415 2002 8468 3543 4833 7643
3416 5654 5661 7105 3417 6663 6816 3404 7276 1909 8023
3417 3280 2105 5047 2600 519 7952
3418 4620 4970 5105 7531 5064
3419 468 646 3443 5513 2171 3095 140 2002 2229 2271 2279 2962 8071 5133
3420 2624 2694 4740 6314 7903
3421 6439 7630 8252 2137 3274 76 2136
3422 8324 4347 7128 7059 2156 2204 1868 7609
3423 6612 5319 7269 5971 5753 7198 2229
3424 417 713 4854 5392 6418
3425 1169 1836 1896 2071 3112 6604 7636
3426 1178 1269 1200 4031 4038 7663
3427 4537 708 713 3925 6267
3428 644 2130 3824 4760 6046
3429 945 1060 1050 924 7829
3430 1734 1784 2525 8224 5657 8408 3386 3440
3431 1065 3668 4148 6168 6197
3432 3071 4165 5904 5687 7625 8341
3433 2002 7005 5570 5674 6493 7115
3434 5382 1547 1682 463 1224 1540 1589 2505 5026 5259 5298 5218 6592
3435 605 5076 500 1735 1786 1887 2585 1651
3436 6979 5031 5763 991 7549
3437 576 1489 3997 4658 7211
3438 1880 2666 6016 5188 6764
3439 4793 1589 4082 8481 8381 6050 1617
3440 1847 1774 1843 8397 1388
3441 2839 5314 639 2766 2964 8351
3442 612 6284 598 4165 5839 7195 2205 3936
3443 3381 3764 4785 5218 7641
3444 2189 4369 2740 1949 5513
3445 66 3587 3774 3825 6907 1437 3016 5621
3446 1775 667 1336 6854 6867
3447 126 2891 187 264 5067
3448 4622 3888 5128 6249 2972 767 1719 1723 4821 102 8324 1367 7617
3449 463 1280 4183 5621 5738 6818 6895 6898 7935 8116
3450 1502 5326 5524 4756 6124 2147
3451 5019 502 3451 92 262 3440 7251 2526 1492 3750 2723 2773 1098 1576
3452 1937 8240 939 3759 8003
3453 470 1260 4840 705 1613
3454 4828 3118 332 4538 4964
3455 5974 884 1943 4115 140 233 498 579 879 3413 3848 5260 5780 8249 5278 7205 1880 2385 2535
3456 85 596 2868 6600 898 2561 6966
3457 6686 8057 622 2502 3587 1817 2230 2324 7318 1022 3963 4622 578 957 2384 3181 4243 5071 6348 6337
3458 4515 2904 3372 3929 4608
3459 5379 6915 113 161 172 5356 2484 3640 4430 5358 5406 6420
3460 2329 2343 3372 7600 7642
3461 296 6452 6610 6956 3060 2121 2365
3462 18 1428 1588 3095 1243 3096 833 3697 1056 4501 4897 3274 1385 2962
3463 1142 6095 7093 6098 3457 5956 4857 7717
3464 2694 4740 3419 4657 5410 2534 3468
3465 6257 6258 3672 5114 703 5474
3466 945 993 7474 7475 7551
3467 7923 4001 6618 827 3013 8436 2976
3468 2740 5971 3719 7366 7649 8231 1861 3757
3469 8363 848 990 1547 6592 7425 3090
3470 1871 2803 4206 6173 6446 3707 7503 2422 3226 3259 5929
3471 639 7510 2225 7197 2892
3472 36 2169 2656 3104 3980 4051 876 6509 6384 7434
3473 3164 3025 3068 3189 4401 2368 7959 1578
3474 2608 2323 3303 2567 5622 3191 6967
3475 4196 8468 1723 1619 2223
3476 4850 209 1038 7365 7306
3477 1437 2505 5717 6282 7453
3478 2534 8348 8498 1227 2238
3479 1400 7812 1427 4280 4646 4995 7547 7549 7650 5366 6045 73 8190 4219 4358 5395 1428 1975 3060 3476 7387 8380
3480 434 628 1437 5621 7525
3481 2253 4000 4398 4968 362 4384 4093 4089 6857 5836 6238 3004 3013 6433 6975 8328 320
3482 526 1353 6040 2773 3377 572 705
3483 2423 7734 2728 2631 5389
3484 1643 690 691 195 602 7088 5425
3485 3030 886 6307 736 5109
3486 4831 5412 3212 4733 5192
3487 2020 4676 4379 7220 7359
3488 326 6018 526 742 812 4704 7730 595
3489 96 434 3437 5019 6337 6426 6650
3490 3587 3922 4113 829 1341 6886
3491 478 4952 6020 5505 644
3492 2184 2058 1183 6252 4383 1367
3493 6403 3529 3530 5884 7371 8042 7737 7873
3494 1428 4646 4828 5265 3149
3495 2745 3049 2264 1976 350 2713 7806 2124 2807 3343 7006 7313 1489 6958 705 1637
3496 1036 1647 1846 2755 2017
3497 5485 3513 705 3483 5312 8137 5953 1260
3498 2973 4640 5796 6303 6202 3468
3499 1228 2279 112 1206 1591 7510
3500 4653 4655 6987 1467 3923 6415
3501 1524 6129 537 5919 6082 7109
3502 2286 306 6067 6486 3552 332 5026
3503 1206 2484 3090 3820 8205 3677
3504 56 2155 3009 1500 3325 6231 4448
3505 4885 3959 59 4355 4579 986
3506 2431 1670 6082 197 293 4431 6470 7610 7349
3507 6314 1582 2185 2418 2933 3929 5188 6210 7106 7742
3508 3089 4866 774 2184 1568 2519 2565 7000 5622
3509 833 1122 5075 708 663 3203
3510 1682 5902 1643 5926 2873
3511 1160 4638 130 6501 1924 3990
3512 7003 66 1869 3777 3060 6443
3513 2250 762 3090 937 2909 1966 8460 3371
3514 4744 2373 305 3345 7906
3515 3289 3504 7694 5011 5224 5239 6842 6976 2749 7812 36
3516 5722 2446 1442 8044 8257
3517 127 113 220 4380 6216 332 2888 4430 7623
3518 1589 7137 4655 3944 4083 4249
3519 3083 4543 5033 6085 5030
3520 3946 74 1566 6492 4401 1804 2739 3917 3051 8360 8432 8442
3521 314 1108 2413 3299 3647 4161
3522 334 2713 36 6197 3445 3090 6187 3222
3523 991 2421 1646 2126 1542
3524 873 7171 1817 4474 5180 8039 2015 5020
3525 3508 7248 705 2155 3224
3526 244 2359 945 3321 66
3527 2248 3508 5953 2956 3381 3849 4628 6202
3528 2138 4140 4499 1247 394 1459
3529 1145 1191 2385 4379 5255 5513 5758 5827 1437 2002
3530 3120 5948 1437 8062 3552 2418
3531 6189 7146 4082 7758 5545 4401 8220 8429 8383 8449 8478 8451
3532 3072 1865 5730 6131 2384 3508 5916
3533 1081 1555 1605 5297 7653
3534 1589 4733 7060 127 135 2087 3555 172 179 421 1509 2932 6444 6490
3535 6673 3227 2251 7802 2726 7080
3536 6278 7475 2067 3675 4268 7186
3537 5439 2834 564 1285 2026 1684 3550 1827
3538 193 5358 1291 2528 7019
3539 4247 7287 1669 2093 2304 3625 8411
3540 3050 3866 609 770 1611 6106 5985
3541 1910 6515 1524 3925 6767
3542 2853 463 504 1950 3105 6783 8196
3543 1428 2288 6143 5594 6717 1807
3544 753 573 2694 3560 1200 2305
3545 2958 7948 2853 4179 7836 3147 3269 4102
3546 2774 3184 4369 4711 6256 2815 2933
3547 851 2292 3188 6028 6242 7971 4059
3548 2185 841 3587 1638 5690
3549 500 1589 1757 3448 7861
3550 680 5414 464 1600 6253 3765 1603
3551 1427 1312 2185 2849 3586
3552 2484 6458 6195 7067 503
3553 213 1299 1300 1523 3593 4760 7132
3554 2184 7427 3004 4980 3852 4959
3555 2766 8031 7930 2865 2866
3556 1559 3867 4069 567 1539
3557 1723 3730 7145 2976 1353 3483
3558 5872 811 930 1599 2225 3957
3559 4011 4249 5141 5611 7898 7056 464 857 1011 1262 1791 1817 305 7390 95 2448 6496
3560 1169 1793 5399 6984 7533
3561 4082 4401 8456 1281 6390 463 5030 5033 6388 7104 7648 8383 7406 8444
3562 1058 3915 5218 3096 6601 6604
3563 3757 3759 796 2514 3758
3564 3 2012 2637 3113 2484 8413 5130
3565 5031 4280 387 5030 3351
3566 1589 1988 5238 6980 5186
3567 6599 7847 7910 7916 12 500
3568 3799 7716 4179 997 2750 5711 6604
3569 1389 6673 6717 6854 7257 7800 7898
3570 2101 4717 729 5292 5302 5906 4385 1716 4383 4968 5513 5435 485 1260 30
3571 1010 1244 6066 2384 6887 5062 6949 3325 5420 4025 4842 8137 6170 6172 3060 1917 5346
3572 10 5062 7824 4140 2232 4038 2664 3221 6732 8348
3573 469 831 1353 2903 1489 3105 5552 6434 6502 7551
3574 1415 6062 7052 2152 1140
3575 2271 4710 4836 634 3274 3678 3818 3943 4900 1459 7260 1333 7196
3576 5971 4276 7735 908 2261
3577 4082 4644 3582 7975 8409 8474
3578 4140 349 423 662 1714 5122 5105 1533 2472 4995 4996
3579 396 476 1338 2928 399 402 1279 1611 3654
3580 4486 6492 829 901 5691 4401 1975
3581 3925 1892 2898 3921 3092
3582 933 1310 4382 2418 7099
3583 8455 6360 3087 7475 7551 352 1400
3584 1437 1578 2233 3541 5101 6199 262
3585 4862 36 4347 6260 598 8324
3586 2608 1630 3087 4159 4656 7523 3274 5614 7031 3298
3587 610 3273 7857 7858 1060 3943 3751 5621 4660
3588 5188 5983 3060 4828 5525 1503
3589 3075 3649 1928 5069 5738 7007 7252 5621
3590 7352 244 2170 7553 5840
3591 7177 990 4537 4560 1011 2535 3305 3844 4264 4508 5276 5968 7159 2744 7085 7680
3592 4802 5048 5435 6258 1576 2384 2697
3593 1295 4567 5779 99 1547 2165 5218 2726
3594 6277 610 1608 2750 6592 8046
3595 5240 130 160 416 4448 6019 7108 408 6822 7442
3596 3073 6314 5762 6611 2238 3043
3597 1004 390 3802 4336 7390
3598 3939 477 879 1725 3896 6436 1512 6613
3599 5986 130 189 222 240 276 1288 3190 4567 5432 6082 7878 185 225 234 340
3600 100 101 519 2241 2561 3090 3880 4009 4010 4420 5570 6993 26 3476 303 1817 4083 4248 2750
3601 1812 4996 6886 7313 911 7876 7375
3602 4655 639 36 602 610 4116 4376 5376 5906 6592
3603 1589 3415 4600 5013 5971
3604 5108 171 5929 2932 6666 6197 7137
3605 1353 1644 2333 3730 3829 5956 8382
3606 2155 3374 6857 1723 1911 2612 5800 7761
3607 990 939 2368 2495 3091 1346 1058 1542 3318 3223 5376 2052 1285 3997 812 3189 6473 7562
3608 4655 5265 5822 6431 7895
3609 1183 6828 6903 8149 6930 45 618 2034 2286 5218 5839 463 5840 6005 3437 4412 6592 7318 8332
3610 6450 6919 8448 8442 8415 8162 8471 726
3611 945 1489 2523 5164 8308
3612 4292 2799 3689 7475 4650
3613 1796 7997 1795 4620 5464
3614 1624 3191 2171 452 2386 3564 303 1617 1834 2631 3670 4034 26 4181 3926 3916 984 2570 5167 3477 6352
3615 5014 502 532 911 1599 1817
3616 7976 8201 1483 7549 7978
3617 638 1719 1735 1786 4181 1604 3560
3618 5063 118 5730 5953 4535 1875 8394 881
3619 34 440 2210 6300 7052 3719
3620 1743 2674 4323 6336 5485 3712
3621 796 5452 835 6628 6658 6624 6629 6659 6622
3622 6227 1286 4482 5032 5100 5167 7127
3623 4084 6075 7580 7672 3576 3060 5319 6728 7781 4085 4351
3624 160 4568 2451 151 2894 6082
3625 3342 6411 833 3829 3299
3626 464 924 1556 2225 66 463 817 1543 2289 2510 5026 3195 6282 1462 470 1529
3627 4163 2185 6694 2580 7162
3628 3574 7202 4893 4190 4649 5178 7351 1817 3993 6088 6876 7590
3629 5066 356 338 1300 4760 761 3770
3630 295 338 2087 200 5017 6213 5203
3631 2161 1450 4140 7745 8369
3632 4549 1239 5344 502 5892 6959 532 1262
3633 1969 3727 2160 7278 4242 6330 3626 8303 8096 2757 6280 2205 8385 8378
3634 160 218 1619 7742 8200
3635 4519 3169 4960 1301 6467
3636 1627 2289 2639 2855 2668 2750 5621 5622 2853 2570
3637 1279 99 3090 6314 3043
3638 895 898 2368 2375 3189 3195
3639 130 3185 3551 8149 8406
3640 463 829 2819 5026 5218 7349
3641 694 704 1135 1378 1723 2492 4079 4140 5346 1204 8033 1443 3640 5552
3642 1775 4248 3665 1595 6701 1811 3476
3643 3033 1613 3289 434 691 1817 3803 5414 3915 36 4898 5533 8013 6493
3644 1262 902 5162 6886 3034 5191 1389 3476 4083 5029 1437 3663
3645 703 1684 1489 841 2777 6258
3646 6310 6920 2066 5971 3582 7969 4401 3642 5790 4347 5904 5908 2176
3647 1815 941 7965 6704 3087 5694 3180 884 2279 2176
3648 3062 5759 4891 2168 5151
3649 3073 4140 7428 1123 5312
3650 746 747 2133 1847 2135 1170 2972 2721 1627 4258 1412 1734 2605 4312 5222 2120 7364 4399 4957 720 197 4082 4401 2927 7147 1289 3440 8370 8399 8450 8477 8441
3651 165 548 663 3286 5581 7404
3652 190 2179 5222 851 2542 5260 2775 6244
3653 602 6215 610 2630 6197
3654 2380 3090 3404 6855 5870 6223
3655 7162 990 5231 6269 2286 6928
3656 7392 4094 4331 1367 1595 4312 7278 1231 2104 4697 4758
3657 6323 1280 1760 1368 6459
3658 426 7515 2726 5141 5774
3659 1489 2122 705 3184 6572 8253
3660 1349 2721 1501 2056 6840 7169 3381 7340 1924
3661 505 4133 4049 7535 1947 970 1529 3321 4116 2868 7591 7598
3662 5812 4039 7971 5814 2292
3663 1847 2066 3704 4231 7390 8094
3664 2578 2524 1160 2520 3004 6252
3665 332 1428 1566 3325 5295
3666 5764 350 5308 395 709 3737 1108
3667 3676 5730 3004 4938 8087 7475
3668 3004 4383 81 1467 7780
3669 1971 2264 2136 500 886 5595 6975
3670 1734 2238 4670 3018 8094
3671 4957 7969 7952 8385 8471 8472 8495
3672 705 2534 3720 1260 1712 1833 4231
3673 767 2525 3379 3829 7551
3674 5157 4685 1769 3820 7001
3675 3582 1060 1428 4410 5547 7209
3676 3939 4068 6864 556 4832 3652
3677 2755 3073 3085 4409 5204
3678 930 502 3639 3758 5019 5484 3429 4183 8464 5431 7127
3679 1342 1343 1519 1532 2101 2151 2256 3133
3680 2120 4592 2724 3928 3814 7180 7326
3681 4354 1367 983 5312 6857 4086 5060
3682 1363 1059 1171 2296 3060 4800 5513 3416 6223 7804
3683 1905 2169 6310 6311 6919 6920 8220 8472 8378
3684 1782 1159 1510 4082 3349 7428
3685 3123 833 1545 2176 2229
3686 2256 6578 1200 1625 2846 6154
3687 1092 4430 924 6475 6495 1861 231 1428 1462 5611 2288 5478 4053 73
3688 705 2548 2868 4163 6041 1191 1229 3315 4751 1984
3689 228 1649 1865 705 6260 3827 1200 1353 5337 4877
3690 6333 7146 7562 126 130 200 343 1297 3620 8127 8184 8348 868 1300 1524 2111 3051 3560 4989 6501 7586 7826
3691 3663 1013 1353 2668 4143 5963 2184 5774 4866 6041
3692 5076 5118 7737 2586 1510 5583
3693 2979 7579 3925 1836 2668 2185 3587
3694 5794 3004 1573 2038 3667 4708 2332 8250 7531 2765 526 3029 4025 4350 5443 5808 2780 4858
3695 2723 5326 2302 3849 4156 4575 5493 4253 2919 7038 4794 2334 6578 7272 1924 2442 2989 3004 3294 3930 4588 8087 2207 7609 5316 1719
3696 2185 1206 1228 1852 2279 7113
3697 194 2621 5621 1588 1613 8194
3698 500 2174 225 1536 3468 4217 6938
3699 3742 1247 2264 7306 5448
3700 2591 275 3873 6490 1990 4426
3701 2286 4206 6434 5953 3829 6572 3831 4857 8234
3702 5747 6310 6311 6312 4082 4826 8453
3703 417 1122 4203 6745 7325
3704 6046 6915 7946 7230 7631
3705 1193 6905 5621 4922 6889
3706 79 404 759 2676 7762
3707 2578 6987 1306 3380 6135 6434 7744 5583
3708 6592 697 5019 332 1817 1835 4882
3709 5747 6312 4401 3582 7356 8443 8449 8416 8378 8471
3710 1751 7211 3087 8189 5727
3711 2155 3508 3829 6131 6456
3712 2155 2608 1367 3100 3101 3950 2817 3085 3391 5917 5463 1723 3949 4496 5465 8023 1260 2620 3379 1604 8211 4035 3468
3713 705 1867 2238 2624 3854 4171
3714 2035 3830 3831 6209 6095 2894 4992 3391 5316 6218 1644 6098 7383 7390 8087
3715 5075 130 6550 2066 8460 1489 2635 6252 4283 4437 709 3216
3716 8504 8408 8424 8507 8407 8480
3717 451 694 2773 4055 5963
3718 697 2484 4440 4442 5584
3719 705 2238 3468 3863 3864 6810
3720 7475 7551 3005 6056 6857
3721 1160 2229 3664 3677 5754 1902
3722 995 1372 1374 2561 1529
3723 113 202 206 699 1304
3724 6695 2350 3039 7089 8150 3024 2580 5319 6694 7403
3725 2028 2124 2867 4231 3924
3726 4594 1506 3605 5171 5580 5992 7642
3727 5542 5488 810 834 869 1863 2901 7150 5753
3728 464 557 2858 4068 3105
3729 5201 3189 3233 1617 4441 2141 4704
3730 697 1834 2828 2226 1247
3731 638 691 7911 4940 2034
3732 663 3874 6922 7823 7616 225 5206 6021
3733 3497 6310 4116 4393 5786 5026 4401 4082 7243 7758 3440 7170 7356 8283
3734 1786 7174 1896 3445 6689 6694 7162
3735 5062 4140 2334 4170 1608 6187 464 857 6197
3736 4980 1489 4190 7933 7543
3737 4312 56 3312 4301 5722
3738 194 464 1685 4785 5314
3739 53 1119 2561 66 5019 5205 7732
3740 4922 598 5266 6592 6717 8023 42 85 195 1623 6645 3166 8066
3741 3302 4507 6097 3303 3304
3742 7444 3 2580 3605 5148 7162 7326
3743 30 3600 5546 4904 3381
3744 1238 2152 1547 4781 3473 4798
3745 350 16 662 7578 818 990 890 7670
3746 1568 2519 117 6975 6314
3747 833 4623 4980 4317 4644
3748 1428 3054 3476 3676 7408
3749 418 1079 6909 7665 8030
3750 1432 3444 3751 6422 6911 6814
3751 895 924 1630 2368 4116 1459
3752 4307 3239 6528 6671 1258 450 4423 4401 4082 572 4944 7466 7049 3642 2834 914 7892 2977 6866 7339 7893 7819 3444 7401 8112 4493 8094 4289 8411 8410 1067 8453 8452 8436 8442 8443 4209 360 4074 8448 8444
3753 938 1810 1828 2072 2181 4680 6945
3754 6202 5915 5953 7313 4655
3755 639 7 2232 2306 1614 1755 9 671 1784 833 1668 7049
3756 500 829 2936 3587 3799 6565 7978
3757 4512 3586 4688 693 1647 1655 5170 6197
3758 7002 6967 7912 2318 2325 5344 3149 6730
3759 2929 2961 3152 5589 5659
3760 1381 66 3925 3929 6073
3761 1910 1249 3105 5412 1991 504 5827
3762 786 1512 2487 7218 4039 5519 5369
3763 5033 5837 5855 4660 7911
3764 610 1206 2264 4898 6943
3765 3238 1714 5171 16 6818 3149 5042 6685 7865
3766 6006 8308 705 1353 1843 2526 2976 4265 4369 6090 6438 6616 7275 7521 4263 5891
3767 4140 4838 3740 233 1943
3768 1723 2238 2707 2837 4541
3769 500 2978 3060 4420 326 5597 7856 7858
3770 407 3305 3211 3233 5004 5600 2750
3771 431 632 1499 2534 2548 2708 3098 3312 5308 6281 6980 7556 7783 6979
3772 767 945 1260 1638 4866 1573 2640 6247 1200 2952 2694
3773 461 6218 1117 5486 2368 4549 5839 902 924 7195 4359
3774 328 2561 3274 3670 5055 4535 5978 3060
3775 2184 4650 8302 1353 5731
3776 4715 4716 4804 1423 2139 2648 2774
3777 1463 559 785 4929 395
3778 2664 1660 2862 3030 1510 6518 6517
3779 18 36 2152 3191 5864 6600 8315
3780 271 2985 3526 5732 8444
3781 306 519 890 4460 4865
3782 632 3191 3842 6604 7858 7950
3783 2830 1612 1818 4296 4300 7579 73 2814
3784 753 1200 1833 2238 2673 3516 4917 4980 6431 705
3785 4684 5953 6431 1199 1812
3786 5321 5751 6987 7273 940 1203 1864 8288
3787 1962 3181 4596 8073 519 1553
3788 2555 4206 6606 5083 5124
3789 1817 4219 4712 5977 7066
3790 4388 4385 4391 3690 4383 4398 6186 5667 4390 4396 3004
3791 1185 3293 4212 60 5060
3792 3499 3723 3497 639 5747 6528 2626 7049 4082 4401 7926 7892 7022 8492
3793 4082 4401 8400 8275 8443 8449 4826 8448
3794 3587 3290 5017 6145 5141 7852
3795 3014 1501 7089 3013 6825 2066 7481 526 1628 3560 5728 2773 5730 3451 7696
3796 5036 1247 2688 4536 1195 4146
3797 244 3105 829 1545 4652 2070 4281 4475 5059 5259 4646 4743 6279 971 4741 90 819 6405 3091 5164 3080 2504 8182 5414 1674
3798 4945 5091 3925 5242 862
3799 848 1416 5376 194 4553
3800 3700 646 2705 6111 6768 2668
3801 1833 2207 7763 3381 5728
3802 93 328 817 3181 4345 5344 5897 8122
3803 4713 4632 2185 3462 4004
3804 3587 3957 4105 36 1262 66 3604 7080 1263 1804 4530 7152 7009 1763 3113 4909 5737 939 7073 7889 1805 4485
3805 4002 5730 5916 4899 6564
3806 4654 6310 4957 8442 8378 8444
3807 5622 7416 4980 1571 4002 4347 5730 7415
3808 1682 3710 2420 4105 7230
3809 2362 1059 2958 3587 3848 5187 5188 6868 1817 4094 8211 4195 6275 7655 6009 1966 3716
3810 819 4242 4958 4248 5057
3811 787 1899 6567 7477 1768 682
3812 5346 5915 5056 6941 1201
3813 5037 1887 1910 6199 7005 5439 6267 5058
3814 8311 1437 5058 7175 1419 1561 2299 2315 8310
3815 3519 2669 5308 7245 1910 500
3816 257 414 1290 5264 5432 5509 4427 4934
3817 1910 5040 6130 6452 8013
3818 3060 4715 5326 5916 289 1428 4457 7633
3819 1501 2462 2286 1489 5271 7005 7006
3820 338 341 4901 226 294 644 700 1300 4760 7586 1299
3821 2124 1949 6051 6865 4252 4255 4400 3005 3139 3142 3560 2279 4081 2968
3822 1561 1235 3103 3149 244
3823 1948 3019 4183 5125 5907 5908
3824 470 509 655 812 1617 3677 4276 4379 7850 7851
3825 3707 1353 1644 1847 2066 3451 1821 2207 6825 3690
3826 844 1293 2043 2051 2085 2735 3240 374
3827 3073 1924 159 4533 5316 6131 3176 1719
3828 930 5486 6461 5674 1275 2385 2962 3243
3829 532 1600 7313 407 1437 2389 2945
3830 7441 3328 5600 6324 2724 5452
3831 3138 1566 1723 3427 776 7531
3832 468 1316 3195 4122 7875 8374 7298
3833 2102 3641 5796 1401 1877
3834 829 1257 1660 3916 4908
3835 4082 6195 5429 8146 646 8093 1756
3836 3665 1157 245 761 5113
3837 1612 8013 533 5864 6265 2750 3782 4277
3838 7551 7474 7642 1633 6432
3839 66 1265 3372 2942 6979 7884 7460 8137
3840 464 4741 5019 83 103 1511 833 923 2954 5275 8234
3841 66 1234 6197 6424 6425 6980 1817
3842 5985 5439 41 285 3187 5503
3843 1160 469 1629 2596 7194 25 1944 2690
3844 1367 1170 5194 2248 3503 7160 1821 4206
3845 3533 3201 5358 7912 500 5621 6550 261
3846 4223 6231 6611 5657 7622
3847 2962 4401 5118 7032 7143 7457 3642 7837 1188 4646 3780 7692 194 6698
3848 5682 5680 609 2367 4788 1094 2104 1790
3849 691 1975 4005 5799 7086 7534 7900
3850 1034 2279 2933 7428 5876
3851 5019 4946 829 4140 1599 5802
3852 2192 1865 2187 2605 8034 2803 3645 1868 1812 2624 2687 3854 1833 1056 7525 1642
3853 5728 6830 6732 7639 4383
3854 5019 939 470 812 5275
3855 750 293 6046 225 418 1289 5070 1241 5509 5743 4868 189 2892 1526 185 200 700 7470
3856 3723 2855 3876 1775 1584 1488 2674 3074 7145 7969 3445 6224 7128 3444 7691 7693 8442 8443
3857 7260 5454 6280 6469 7422 244 636 1018 1839 4965
3858 328 465 575 831 1489 4666 7475 7551
3859 8149 3676 268 886 1151
3860 1346 1428 3174 6468 36 693 6307 7064
3861 54 3075 5594 86 895 1983 66 2324 4219 8023 3596 8361 7940 8154 5623
3862 1295 1004 106 668 847 2087
3863 4964 2297 6722 3210 6275 1150
3864 646 846 1250 1346 1540 3042 3122 4379 4460 4710 5464 6382 6468 6956 8189 1249
3865 7762 8184 211 221 1038 6994
3866 998 4285 4284 4001 3047 4543 3136 4206 3013 3829 3830 5955 5956 2910 7208 6659 6628 1734 3560 4079 6625 6627 5916 6098 6622 8075 2817 1095 8409 6629
3867 7824 112 6155 8252 8315 932 4347 5098
3868 3756 66 140 464 602 2205 2309 6495
3869 5778 5879 7552 5358 5830
3870 829 3766 3799 3934 5026 5735 4733
3871 3748 1272 3844 3866 3868 2244 429 785 2025 6274 7971
3872 568 3049 2264 5275 6282
3873 1322 2077 3540 3867 854 1895 4160 6864 5963 7230
3874 6997 4276 4982 534 5019 3463 7009
3875 3373 8317 8278 8451 8378
3876 3043 3829 5416 5953 7280
3877 125 1822 2659 2715 4426 6490
3878 5897 6096 7710 7775 8306
3879 6938 3277 6991 4877 3381 3468 2716 3376 1849 6133
3880 5621 500 634 938 1160 2484 3284 3997 5061 470 2229
3881 1262 945 8252 8315 6197 6186 6187
3882 3543 4244 3818 4962 6264 7678 2117 5019 3091 7292
3883 6902 66 2261 3740 4189 4259 4799 1555 3087 3658
3884 812 303 1428 4179 7487
3885 3255 4338 2140 2154 4609 6089
3886 677 332 7468 7049 2089 7424 3093 6611 655 8410 4074 8453 8450
3887 1378 2256 5800 6938 3508 3997
3888 821 3917 4163 1506 6070 3223 976 2377 2674 3236 3799 1533 2203 2582 3992 2861 6887 6605 434 2205 2853 6583 6607 7189
3889 1630 936 2424 2733 4441
3890 2109 1389 1910 1976 6324 3510 5613 795
3891 245 2185 3673 1956 5057 2205 3993 486 4828 5187 5399 5841 1793
3892 3721 1311 4800 924 928 5964 4560 5119 6667 3060 6752 3676 1769 2225 5105
3893 2484 2930 4276 1910 6138 7503
3894 36 1529 3677 3966 5224
3895 924 36 3316 2912 3292 8157 3358 7549
3896 1847 2066 2101 2803 2999
3897 4847 3984 4163 4164 4764
3898 1763 1312 2872 3327 3352
3899 851 6244 6742 7259 7838 7972
3900 2688 5116 2902 1780 5103 777
3901 902 4073 5331 6494 5867 7964
3902 5062 546 5441 3384 697
3903 82 1821 4903 5730 5916 5311 4152 102
3904 4828 1595 2065 3541 4163
3905 1367 1247 1250 2962 1910 4009 5303 5889 7354
3906 1554 3736 5298 3757 6739
3907 5621 464 646 3165 3766 5180
3908 5855 596 1428 1817 5523 4280 1172
3909 5273 470 896 1977 6165 4611 6323
3910 6231 7729 5756 2138 4621
3911 2418 7403 5955 5316 3709
3912 2886 3580 3608 5684 2637
3913 2075 3060 6634 7113 7787
3914 64 902 923 924 1761 3996
3915 2117 2475 4574 4718 4014 2471 4889 7239 4771 3318 1030 5835
3916 896 6818 332 3476 4183 4235
3917 2382 6494 2137 4574 6495 1318
3918 3341 2002 4354 3988 6446
3919 6437 6514 314 3853 6467
3920 36 987 3254 4442 4793 4235
3921 1847 3760 1924 2229 4350
3922 2261 484 500 1500 1354 1780
3923 5621 8054 2213 7202 5414 886 946 1885 8053 8374
3924 1214 6394 1506 2185 3090
3925 532 1428 4280 7113 3916 7877 5971 7032
3926 66 4276 2289 4481 3373 5322 4179 2070 4277 7589 8057 662 2813
3927 2828 4658 4340 2964 3820 6826 6461 3858 5083 5377 2853 2185 7978
3928 3211 5614 468 5019 1428 4280
3929 1249 1269 3223 6130 1540
3930 303 626 3912 463 690 7253
3931 4336 8021 53 945 1234 3176 4588 4780 7717
3932 1306 1316 4197 5096 6600
3933 1917 1569 2038 2225 3456 1063 2399
3934 3169 7789 4842 5333 5665 2329 6776
3935 1203 4924 5546 673 8296 2117 2526
3936 1070 6922 375 34 4106 1910 7603 1304 7878
3937 1385 1506 1682 1977 4015 4083 4249 4357 6323 6673 6868
3938 1865 2687 5657 6825 8086
3939 3384 6517 6535 773 6572 8498 8179 5821
3940 3814 4980 5164 5730 5916 6943
3941 5065 537 2155 4179 5570
3942 831 1164 4532 1964 4086 4980 1489 3136 7551
3943 7113 638 66 1604 8031
3944 5747 4082 4401 3445 6195 8185 8448 8449 8473
3945 5637 6198 8466 6728 7666 7298
3946 468 5258 618 2625 2944 6988
3947 1160 1598 2184 1739 3849 4140 5955 1014 1833 6239 2956
3948 4051 73 3530 2826 8151 2300 2828 4583 5626
3949 610 2962 464 2580 4882
3950 2990 4477 4453 2480 1851 5467 6647 799 2661 1910
3951 1595 66 1800 6305 7192
3952 1926 924 4996 2390 5692 4711 66 5532 5582 6368 616
3953 4272 4661 6337 6347 6459 7879
3954 1218 319 1589 874 2271
3955 3073 4134 5916 2569 7428 5790 3452
3956 1060 602 599 6197 5355 8057 367 4978
3957 3073 1260 3294 2213 8405
3958 2185 4959 4960 5051 8353
3959 3499 3497 4383 4350 6192 7146 7136 4082 7551 7236 2100 4401 8220 3327 8293 8295 8146 5866 8065 7286 8482 8442 8443 6742 8444 8483
3960 961 308 4717 6278 1154 6432
3961 1910 2229 4344 7390 833 6975 7551 2217 3818
3962 363 1151 4950 5566 8214 8439
3963 5110 1683 5569 7220 8189
3964 1910 797 5631 2554 5305 2966 4115
3965 2025 36 812 7612 8142
3966 332 1864 7475 7551 3209 5771
3967 1583 3930 1353 1833 5906
3968 610 3723 2642 3226 7170 4015 7149
3969 4717 4073 5873 4089 6857 7475 8354
3970 5720 6358 1734 2803 5112
3971 1734 1422 2238 1350 2229
3972 4336 3814 939 3732 8071 8463
3973 610 1412 2121 3041 244 7981 6730 7135
3974 143 3208 7989 206 1297 1524 5075
3975 1785 7373 7566 3533 1888
3976 1285 7070 8137 2137 7461 7719
3977 521 1767 1794 2047 3213 7082
3978 6975 7313 7475 2933 6133
3979 4 2207 135 1489 2305 6915 7770
3980 2232 2634 1833 1367 4585 5155
3981 2549 464 66 500 3751 4748 5019 5058
3982 2969 2848 3236 3984 1375 4612
3983 2389 5621 5818 766 3974
3984 1428 1861 2730 3759 924 4549 7850 7851 3118
3985 130 146 248 259 663 1297 5357 5358 137
3986 4948 1455 2739 7412 7534 6235 7621 8217
3987 4628 3857 6314 7660 7780 1723 3343 8059 7661 1653 3954
3988 587 2524 1489 2523 244 2515 4645 1056 5346 2519 2634 5084 4588 3869
3989 4535 1463 2956 892 1592 2511
3990 680 1655 7083 8023 6967
3991 3912 306 3223 4442 3091 4441 5642 1682 4440 7351 2972 3168
3992 5513 4995 1817 4249 4523 486
3993 3690 380 997 1162 2281
3994 85 1547 4785 1647 3572 7759
3995 3923 5552 1828 3793 1135
3996 5176 7076 8052 5396 3181
3997 911 1834 3456 3639 1442
3998 6592 7032 2755 3374 4140 6431 7094
3999 5414 6533 6976 4125 4219
4000 3723 6312 8448 8162 8444
4001 1516 5019 2818 1860 5437 7374 5891 5211
4002 5933 1448 1471 2185 7001
4003 2238 574 1755 3588 4655
4004 7034 7868 1487 1809 6758
4005 4282 1056 1442 1443 8055 1114 1577 1608
4006 2184 2185 2750 7280 36 194 1947 4398 4785 4002 2802 3211 8490 82 2596 4383 6047
4007 477 3720 6611 7169 7394 1723 3377 1353 2574 3379 3560 3765 4575
4008 7260 5224 112 262 8023
4009 4260 2484 3633 6305 8073 8332
4010 6087 5929 387 4793 5892 8116
4011 180 3348 777 663 2902
4012 42 5747 1817 6310 3213
4013 2904 8240 3766 2541 8194
4014 3376 7274 7481 8066 1148 5802 5182 8427 1174
4015 1446 6975 7313 5098 7475
4016 160 417 1037 1121 1293 2939 5779
4017 3473 3514 691 2094 2533 2707 3161 2184 2395 2580 6235 1809
4018 833 693 1595 3111 7818
4019 147 165 6341 6712 7362
4020 4156 2229 1400 355 4608
4021 4660 2436 1589 3366 3587 7995 1935 975 5006
4022 2338 3707 2803 4571 1829 1821
4023 6159 7113 333 7141 4422
4024 1847 3707 1812 3946 7453 7662
4025 6314 2773 5226 753 3560
4026 6565 4377 2448 599 6231 6644
4027 1497 2962 3936 6592 598
4028 6374 233 852 853 4875 1539
4029 3587 5623 633 6534 7560
4030 4990 1886 3011 3773 947
4031 245 997 1428 1887 4529 5769 7162
4032 4818 4627 7940 2272 5694
4033 5344 515 521 511 513
4034 130 2892 7767 1251 5961 6470 7623 2891 7585 8202 355 870 1291 1524 7608
4035 833 2419 4214 2918 924 7600
4036 2705 633 2706 2668 3605 2185
4037 4986 1540 4537 5582 6985 5230 2185 1250 5971 6975 1221
4038 6310 4082 4401 4990 8434 4074 8449
4039 2803 3150 5944 767 1719 1723 2066 2976 6303 6709 7521
4040 6210 4276 4440 6786 6834 4265 1428 6177 7460 244 1594 3212 5019 7549 4179 5511 8020 2540 8194
4041 7276 7300 1810 4688 653 6552 4125 1385
4042 8094 7959 8132 8134 8055
4043 350 2713 320 606 1326
4044 7136 8075 8133 8049 8483
4045 77 1389 3916 6937 7516 470 1589 7280 7698
4046 1910 5130 5570 6588 6993
4047 5971 2099 66 667 5633 8320 1024 5141 7226 3181
4048 2668 1910 4329 924 5581 1568 1949 902 463 1887 7292 5141 1547 6604
4049 2176 1428 1599 5026 7300 6553 8023 7499 5902
4050 924 1010 7540 4277 6562 1547
4051 8339 5652 3609 617 3087 3608
4052 3553 155 250 732 3824
4053 6154 1589 3060 5583 470 4501 4668 3916
4054 1817 4442 2289 7300 8082 1317 1130 2153 3766 6886
4055 3707 3441 1241 4091 4655 3004 6659
4056 5063 8408 1260 2229 7955
4057 3997 4248 6509 3509 3436
4058 1516 3758 5996 4940 4105
4059 306 50 815 1802 2689 3746 4950
4060 1069 1741 3091 3450 5874 7122 8463
4061 823 3223 4537 8070 7874 3736
4062 2634 6659 6945 4051 8225
4063 6282 6608 16 2962 7834
4064 332 1836 1942 2962 6130 3039 3563 3460 4176 5582 4011 3587 7175
4065 2508 4122 296 1247 1563 5971 3663 3921 26 8373
4066 1070 8463 4549 1050 7113 634
4067 3766 1545 2225 4531 6264 7143
4068 3181 6534 7196 7408 2137 1861
4069 2605 1712 1873 3381 3508 4035 4191
4070 4369 4980 2519 3560 8182 8183
4071 1200 3468 2123 2973 7567
4072 463 5953 6456 537 1154 3377 3468 3560 5384
4073 1682 2246 2674 627 5348 995 382 1825 2425 840 5824
4074 5929 1022 3087 2274 6145 7376 7555 214 215 4990 2117 7941 777 779 4063 7534 5144 6489 6490 5075 8315 1817 780 338 222 5066 130 1455
4075 3060 7857 990 1910 938 1333 1149 16
4076 639 1838 1975 4378 7612
4077 3279 4891 950 1449 4831
4078 649 7051 93 6154 7086 7098
4079 1462 2505 3974 4192 5656 5579
4080 4718 4719 1390 833 2338 616 4197
4081 468 646 991 1346 5437 6711 8023 7464
4082 2225 2226 652 7643 3881 2471
4083 1412 4004 1453 464 742 6284
4084 2042 2270 4956 5887 6680
4085 1086 1367 3829 5944 37
4086 4206 3138 2694 7465 1148 5915 1135 1578 2633 6999 1833 3451 3765 2624 7313 3423 2238 1075 1552 7524 7404
4087 856 4686 6609 616 2673 4294 5398 504
4088 64 670 1614 1619 1761 2223 3043
4089 32 3867 5083 5140 6743
4090 609 5026 244 4600 1589 5118
4091 2355 2162 1099 3181 8184 6915 457 3658
4092 3799 1545 1599 4179 924 3901 1060
4093 6310 6311 6312 6492 4957 4082 4401 3642 3643 6195 8146 6196 7691 7692 7693 8096 8318 8383 8475
4094 1588 1178 1493 3033 5982 6976
4095 6250 1875 7128 6260 7570 6975
4096 1056 1200 4853 2777 4684 537
4097 2313 3863 3864 6987 7184
4098 7455 5739 3572 5199 6979 5164
4099 4547 5746 6096 6605 5368 6600 6601 7592
4100 2473 7280 1160 3943 6815
4101 113 172 408 457 1524 2894 4567 6767 663 6120
4102 1804 1579 5083 6337 309 7390
4103 3499 3497 6310 4401 6330 8292
4104 36 4280 5033 6468 2484 6943 812 5030 3677
4105 36 597 646 4680 5374
4106 2405 7113 2831 468 857
4107 8435 344 1619 7762 3190 3534 8184 6046 213 4435 1303 872 222
4108 2759 4262 5412 6180 6827 7425
4109 1516 3108 5329 4710 8282
4110 353 1667 2623 2675 3138
4111 3668 1886 2405 6927 2962 3773 3814
4112 2484 4646 4672 5026 2373
4113 3152 6690 3104 3223 3539 5152 5414 7390 8023 465 675 6969
4114 1489 1920 2184 2526 2741 2843 3507 5164 6035 6132 6225 7573 8338
4115 2803 98 4366 7221 1912 5061 5078 1489 2529 7780 1833 5048 7742 7961 6136 8055
4116 3158 5026 2938 4665 3108
4117 3329 3374 5285 618 924 1817 6543
4118 160 3201 5066 6801 413
4119 2529 8131 3977 537 4271
4120 6493 7077 1044 7001 7970
4121 5198 8060 4781 6608 3191 1316 5020 7993
4122 4229 7318 3916 3925 5872
4123 3839 6459 2219 7138 4885 8051
4124 2668 2185 2147 1786 6980 7523 7810
4125 1912 2155 5528 4450 2186 8255
4126 1004 1223 1870 3712 4491
4127 955 3686 836 323 1036 602 1375
4128 3379 3508 1437 56 330 5010
4129 1813 2627 7321 8458 438
4130 1519 2950 833 3829 6266
4131 3118 2580 2713 5218 6592
4132 4946 6911 8069 350 6672 7499
4133 5717 73 6358 2195 8035
4134 1012 3996 6795 5950 2367 1810
4135 13 56 2139 3145 1763 634 2148 1424 1725 910 2595 879 3896 480
4136 1056 1694 2578 1199 2953
4137 29 2560 3804 5823 6804 7236 7501
4138 21 1212 1850 6182 7829
4139 3450 5900 4811 6980 1504 3090 2152 3716 1588
4140 1566 2384 4371 4038 4807 5000 3377
4141 911 82 2703 4002 4294 5623 6053 6832 7113 7116 1427 3007 4986 5346 8443 7632
4142 1056 673 6757 28 73 6145 6816 6857
4143 2720 3144 3522 8339 7288 8247
4144 5145 5839 6263 6266 7280 7391 464 519 1312 1389 1600 1927 4345 4696 5133 6384 6441 7195
4145 679 2476 2501 3071 3814 1713 2477
4146 1428 2225 857 2822 2364 3166 3191 5442 7534
4147 1129 3149 7869 1971 3426
4148 2377 2725 995 2203 4627 2272 5768
4149 117 352 1536 2213 2344
4150 5239 2617 8363 808 2203 8069
4151 7128 8110 8134 7440 5866 8293 7692 8354 8430 8473 2976
4152 3476 3758 1065 1497 2382 4574 6434 7797 6028 6495 7638
4153 113 125 130 1122 5392 6501 6822 152 276 415 1524 4448 6527 6767 7764
4154 673 1463 5435 1160 6975
4155 3497 4486 5699 6375 5087 6312 6311 6449 6189 6492 4957 6946 6544 5732 7468 4401 3205 5358 7438 7449 2185 6195 3091 6032 8293 8065 8453 5504 8493 8185 66
4156 3375 4853 5730 4980 5387
4157 1057 1056 2484 2155 3090 886 3676 3147 4940 463 500 4273 8023
4158 955 992 1124 1691 1752 1838 2271 2490 2962 4377 5314 6284
4159 2499 4812 1589 1760 534 463
4160 3284 6551 5630 622 2238 3379 7392 5346 7313 8296 705 2933 3381 1613 1378 7954
4161 8224 1249 4715 6190 6192 7296 3560 6040 1489
4162 171 2963 127 180 415
4163 5286 2977 4851 5786 5851 6152 1329 5196 3377 3004 3931
4164 6245 90 1843 2195 2484 2885 599 7832 666 3309 337 463 500 1032 1044 1109 1389 1613 2661 2962 3197 3308 3624 5344 6545 6967 7560 7517 531 1672 1846
4165 3142 6616 6856 3176 3814 4508 2099
4166 2416 6340 924 1346 1908 2374 2484 3060 1869
4167 5187 4228 1056 6558 5939
4168 42 2580 4771 320 4229 1976 5284
4169 1976 1584 1588 1617 2668 4372 1024
4170 27 5274 5695 2117 735
4171 96 812 1263 5019 5839 7865 7866 6532
4172 91 572 705 6799 8253
4173 2484 4122 7489 7710 8048 8070 7113 4116 7017 1428
4174 323 2523 3072 632 2286 2526
4175 693 886 1162 7489 8251 5414
4176 1660 558 562 1249 6742 7127 5363
4177 1200 5622 4980 6825 7581 8142 4336 5847 7198 8224
4178 3976 56 696 2066 2291 2897 3377 4980
4179 4230 4857 6202 602 697 6441 6604 8331
4180 1746 3435 6110 7759 2239
4181 2213 876 4005 4006 5799 6178
4182 1682 3242 1056 4535 3798
4183 6264 1728 3477 7056 5570
4184 5375 6267 5218 4185 1044
4185 2003 443 1200 7481 7933
4186 639 1050 1588 1941 2608
4187 220 3730 3770 3829 4197 5077 7831
4188 1178 5581 842 2117 2723
4189 6794 6197 6259 3921 8211 3299
4190 2286 609 2800 3928 3079 903 1175 1249 3510
4191 3518 3468 1476 4640 4837 5124 2773 443 5622 6938 8177
4192 2060 3382 1330 2161 6152 2694 4983 3753 469 8177
4193 1146 6095 3776 1774 5056 4769 6975 4720 4711
4194 36 639 885 4058 7052 8218 2748 3325 4173
4195 105 4551 7298 8358 3060 6015
4196 1847 2151 2584 6385 6659 6938 7194 624 731 834 1086 1719 2184 2238 2256 3440 3595 4052 5491 6431 6517 7000 7476
4197 5258 6479 3444 6195 7959 6523 8442 8444
4198 5138 4793 2532 910 6819
4199 697 1947 4467 289 4179 8015 3090 2295 464 3273
4200 709 708 713 1524 7163 540 1592 248 724 283 247 1301
4201 5982 6265 2295 8186 3758 6943 86
4202 3073 464 1723 3375 3765 5000 5731
4203 470 966 1124 939 3174
4204 979 886 2590 2644 3751 3752 5555
4205 927 1617 5041 5167 8401
4206 1363 24 900 2668 6111
4207 5460 2015 6113 3669 6550 2155 7241
4208 537 3560 5149 7310 2492 7308
4209 2819 1545 2818 2852 5323 6883 95 3071 3099 2252 4002 6184 6634 6453
4210 5621 819 3676 4658 6088 6638 7489 7490
4211 3740 962 3003 4002 7741 7742
4212 26 45 622 632 657 939 1428 2225 2404 3587 5026 5622 6134 6854 7443 7590 8255 2831 7572 8071
4213 130 189 279 458 3640 275 281 4429 4854
4214 705 1367 1489 1712 4369
4215 1966 518 4500 6310 7339 8442 8473
4216 1880 3648 7747 8038 4884 5031 2535 2257 5033
4217 395 529 761 4239 2635 3520 217 713 2894 2892 3379
4218 8348 2155 3138 3468 8175 8382
4219 556 771 1224 1269 4069
4220 534 1496 434 463 5768 5839
4221 1589 4460 7785 7874 7189 7567 5314 5691 5720 5735 6603
4222 3486 681 6197 7373 464 665 6284 142 2791
4223 7086 6567 3437 1238 7375 5717 6646 1255
4224 3957 1428 160 2561 4522 2707 8137
4225 4265 3960 4373 5473 5330 5797 4804
4226 1547 829 2185 2962 6235 6458
4227 5764 3073 7609 4860 4675 384 2928 7437 3534 7999 5435 3829
4228 1655 4603 3091 3814 4522 7618 6365 6645 4006 7885
4229 411 2894 3188 2965 4566 6759
4230 5415 5230 1752 1791 4376 5417
4231 8010 7380 7709 7120 726
4232 3106 963 3541 3811 4444
4233 1912 2200 4337 5048 6457 827 4903 6095
4234 1973 7115 598 930 6854
4235 829 4537 7852 3450 24 6817 5920 7060 3810 1589 6859
4236 1214 2771 5321 4710 5540 911 5645 4280 514 2437 3233 3580 3609 509 523 511 6188 3162 5297 3539 7035 5523
4237 4720 3343 3469 2565 8225
4238 7243 4082 7969 4401 7025 7766 8494
4239 6186 2229 1975 2999 8324
4240 1589 3681 5839 7195 955
4241 1588 7050 8023 4916 3758 7756 4441 2962 3587 1584 5982 6926
4242 1428 3957 1836 1589 438 504 2015 6730 2141
4243 6310 4082 1280 8442 8378
4244 464 534 5301 5621 3008
4245 753 3925 6493 4430 6741 7280 2014 1192 6187 7725 3915 7723 6739
4246 113 3640 3325 8296 253
4247 1536 113 355 1291 135 222 3919
4248 2002 3371 3929 6210 3512
4249 5019 1368 6701 6741 929 2938
4250 2525 3341 6314 831 705 3829 5636 6572 8115 5416 2916 4002 6732 6829 1812 2950 6857 3560 2987
4251 2299 4348 5234 4116 5032
4252 76 1861 3223 6956 3587
4253 1821 1501 2578 2232 19
4254 130 139 2892 4091 7552 5358 2081
4255 4219 5935 350 6726 8282
4256 1113 1243 382 113 1536 2314 200 206 125 5764
4257 53 890 938 6604 8194
4258 3138 1578 1854 1924 2207 2687 8193 1734
4259 1135 3391 3730 7933 2956
4260 6583 3511 5012 6663 7065 3465
4261 3663 1763 5108 5752 7349 7522 6422 7490
4262 620 2136 2148 2950 3007 4401 7683 6059
4263 306 1428 1861 3587 3858 6558 5083 6424
4264 2185 833 1428 2708 6442 6832 7672 7344 1131 1991 4227 6417
4265 1437 2137 5250 7113 7271 8023
4266 248 3757 8003 3824 5941 340
4267 2664 160 248 376 4585
4268 5915 6179 3976 2264 5911
4269 51 2578 7543 7229 7274
4270 896 733 7011 7249 3587 114 634 6593
4271 1367 1012 1479 1711 1910 1985 2072 2279 2284 5039 5273 6307 6608 7390 468 1545 7492 8122 8099 8380 5086 705 5215 2504 8002
4272 4082 4401 3642 8110 8442 8483
4273 1833 3830 2333 1808 6006 4628 1578
4274 5009 273 2902 6507 5575 5791 420 2452
4275 6342 6671 4957 1910 7145
4276 1962 1241 1563 7376 5732
4277 413 2305 5402 1299 592
4278 464 1547 1549 2490 5026 6980
4279 2471 6092 4362 5034 4360 5008 6726 8157 2321 3973 7071 6269 7176 5354 2746 4420 6122 7983 6555 6123 4265 8077 6035
4280 2831 886 4149 5414 8180
4281 5888 1121 3060 5403 2541
4282 423 581 3007 4370 2608 7416 3857 3730
4283 5672 5727 6680 7668 7812
4284 5546 7556 2184 4116 6090 7376 7555
4285 1688 7063 6715 6716 500
4286 1723 1378 4699 6095 2565 4025 2277 5565
4287 819 1285 2444 3060 6680
4288 2039 3867 5973 6106 6306
4289 3184 5985 3941 3011 2070 3468 3736 6040 6611 6777 3531 7332 2730 7415
4290 3636 113 177 374 2894 5655 6444 7109 181
4291 1812 6095 2229 7175 5776 7908 2847 3663 1633 6154
4292 1545 2479 8240 4179 5096 4977
4293 1373 4224 4800 995 1374
4294 2123 4083 4105 1589 5892
4295 3197 1889 7971 3791 6613 5655 7183 2087 2092 7956
4296 2186 2445 3073 7896 8352
4297 1160 1917 5112 5796 7792 7955 2156 1004
4298 4850 139 3348 6341 165 202 1526 5263
4299 935 5414 3192 8325 8255
4300 4398 4385 4387 4969 2782
4301 21 2681 4669 7561 6186 4886
4302 2555 6332 559 2992 7972 5813
4303 3723 459 4373 594 6854 8408 7165
4304 2697 2741 6765 7005 4898
4305 268 295 464 5919 7615 427
4306 3344 1194 2826 3109 4379 5026 2828
4307 4646 4888 233 3487 5699
4308 1655 1682 15 305 1647 2420 2439 1791 4164 4378 817 3267 459 1078 5545 602 3834 6424 2750 3406 3639 3077 603 5470 5789 8082 4615 7192 7056 7899
4309 836 3320 7231 2984 245 7642
4310 6720 2139 5439 1204 1437
4311 130 165 180 416 4521
4312 4874 2936 4899 543 5670 6975 8272
4313 63 1589 3587 5322 5377 2176
4314 160 2894 5764 896 995 2976 3223 4379 7487
4315 3165 610 2264 1682 3727 1971 1976 2642 1204 3277 1200 2736 4116 1712 2279
4316 2521 2524 5800 4353 4025 3765
4317 463 1617 2646 3444 4800 5019
4318 1184 1031 4910 829 6241 7245 4179 4138
4319 563 7971 6103 6186 4152
4320 56 1501 118 2155 1644
4321 3199 1861 1389 7413 3587 4076 6717
4322 326 833 4140 4519 6475 7278 3829 4866 6064
4323 3716 5525 3717 7162 1966
4324 2636 4207 1178 2170 2383
4325 2826 5755 1462 8042 5638 7485
4326 6915 7146 7136 585 2560
4327 1730 6145 6149 1630 2650
4328 1994 818 1036 2994 3845 857 4522
4329 1836 2279 4134 5513 2668
4330 6671 4082 7157 4401 8442 8444 8472
4331 1190 1712 2248 3376 4866 5056 6938
4332 1984 4871 463 3997 7162
4333 1833 4819 5625 6631 1333 4140 5155 7772
4334 2972 3720 4980 4806 1367 1723 5064 130 2973 3483 3539 5953 6954 1252
4335 4644 4111 6284 1547 7055
4336 468 470 610 1479 1976 4440 4441 4442 4492 4549 5240 7156 7292 7280 1446 3957 5863 8102
4337 6946 4082 4401 3642 8425 4826 7687
4338 50 464 2209 194 7177 36 2884 4179 7152 3587 4219 1683 6197 217 1326 2291 2437 3576
4339 185 375 1122 2357 5961 7095 7112 8296
4340 66 328 938 4179 8167 8194
4341 3925 437 1887 2573 5374 7066
4342 4181 7276 1165 2255 6713 380
4343 1644 3813 4919 5955 6239 6434 6921
4344 591 965 1160 7093 7312 3224 3379 5589 4369
4345 1910 3105 6130 7154 7715 465 3060 7113 7690 7857
4346 1774 6431 7464 8115 1329 3829 4629 5021 3381 6809 6810 2279 2129 1847 7986 5465 5193
4347 320 5061 1367 2465 5917
4348 1821 7432 3595 3039 3740 4585 7543
4349 3055 6980 7467 4082 7147 2156 3582 7969 3445 7339 3444 6224 4401 7766 8096 7691 7693 8318 8442 8451 8419 8482 7068
4350 3725 2711 1246 2441 3493 1784 6156 2403 3833
4351 5258 2619 2395 7682 4914 7794 2580
4352 12 917 1206 5198 5574 3661 2002 7775
4353 305 1375 1376 4377 2377 2962 3473
4354 1966 5525 3087 3716 7473
4355 5026 5720 5594 646 6671 8383
4356 612 2674 2906 3587 5246 2490 4017
4357 1593 6913 1505 2309 8003
4358 1438 166 3088 935 6328 1439 33 960 1108 500 2484 763 8383
4359 3605 2644 3684 4718 4719 7756 819
4360 45 1685 3191 6333 6336
4361 1861 6793 5012 6833 5672 3511
4362 2670 5019 7278 7902 6284 36 470
4363 1277 5379 41 222 6490 414
4364 244 697 1928 2002 2484 4379
4365 306 5275 3639 1261 2120 5019
4366 2977 2156 7128 5210 6225 8270 4401 8094 8019 8370 6721 8478 8481 8496 8497 8329
4367 3928 1062 1728 3917 3918 6266
4368 2127 736 4401 4082 7136 8107
4369 7873 3238 6604 7351 7966
4370 705 1847 3829 8224 8325 36 140 5377 6473 6592 8391
4371 1846 3710 1982 2321 6168 1475 523 513 7529 8344
4372 5062 1833 1367 1077 1148 1437 1486 1790 2238 6186
4373 4519 3799 1380 5981 970
4374 3367 6887 2061 1362 2073 1552
4375 244 5820 6197 7731 8232
4376 997 7583 7584 5011 7501 8102
4377 66 5621 8102 5923 5140
4378 16 516 3639 5776 305
4379 3587 3709 7155 8028 3284
4380 5219 295 4609 5198 5321 6979 7113
4381 1647 31 1767 42 5442 6601
4382 4340 1194 2152 3880 6640 1676 1745
4383 6298 898 924 1529 4116 5041
4384 2803 1734 705 3753 4903
4385 7551 5115 7905 1548 5247 6111 8349 27 6853 2321 4962 7975 3112
4386 36 5398 1428 6487 8280
4387 500 1926 4900 4441 6975 1385 6758
4388 90 4877 6201 5840 6042 3758
4389 1428 469 2079 2729 4218 4116
4390 334 924 944 4022 4537
4391 1011 2348 3920 1613 1887 990 4177
4392 6310 6312 6671 6919 4082 4401 3582 3643 7959 8110 8107 5235 7766 8221 8393 8434 8442 8478 8471 4074 8162 8475 8440 8470
4393 4082 4401 3643 8426 8448
4394 1512 1066 3189 4166 4224 7084 794 795 4014 5812 7410
4395 7770 4588 4675 1086 3924 7742 1200 7531 2976
4396 8499 4002 7641 485 945 1467 3331 8024 8468 6303 7474 537 2976 3381 4675 4866 6810 4070
4397 1634 4163 4781 7292 195 649
4398 4915 755 592 4108 8336
4399 1194 5063 3105 1204 4075 5810 7146 2156 7837 6535 7691 7692 7693 8096 8316 8317 8318 8411 8383 8414
4400 833 2697 6212 5273 6927
4401 124 200 3640 133 134 202 222
4402 1651 1484 4207 2544 5073
4403 831 1489 6975 8224 443 4807
4404 5308 5546 7731 424 978
4405 527 2755 8034 537 627
4406 323 7197 8102 1497 2170 36 1318
4407 3955 1409 2664 4684 6264
4408 5730 6412 3227 4496 4535
4409 1344 1529 2185 3189 3476 3587 4248 5026 5131 5621 6494 7390 5027 3936 5840 7314
4410 1886 2950 1609 247 1066 1271 3292
4411 2908 8068 857 928 3072 7318 3936 5749 8372 8383
4412 785 786 855 2027 5369 7637
4413 879 6873 4846 4646 6246
4414 1160 1712 33 982 2044 4084 5491 6517 6985
4415 1691 1385 4117 4116 5052 923 1705 1506 1428 6310 5658 4401 6927 7371 8074 939 1213 8486
4416 2148 5032 4359 4879 5368 7032
4417 515 521 2152 4164 1617 6955
4418 619 620 2006 574 6440 6191
4419 18 194 4476 4710 4996 5662 6544 6614 6956 7115 7336 7846 7911 247 693 2542 3993 6327
4420 56 4035 1965 1148 4911 4602 5622 7357 7758
4421 5647 5674 3639 1617 7252
4422 1966 5525 4671 1270 1908 3716 5739 8194
4423 781 3925 6264 7462 5077
4424 2031 2418 4061 5809 1759 7554
4425 7088 752 941 2286 600 2288 1682 2405 5113 6185
4426 2351 3928 5033 4004 3860 3916
4427 1992 66 4275 3325 5395
4428 1847 2066 2207 2409 3508 8193
4429 6186 978 2636 5064 6732
4430 910 1473 245 463 1685 7113
4431 464 3804 63 1416 4165
4432 6992 159 1821 2620 3391 4331 6186
4433 5839 7033 924 944 5692
4434 292 476 2929 7291 395 8224 8408
4435 731 7703 7704 1644 8383
4436 2740 3039 5283 8001 4802 5286 6934 6975 7551 3276 4807 5614 6258 7475 6595 2229 6075 3619 5465 2933 1519 5385 189 543 5936 138 5800
4437 4386 4381 3560 1907 449 320
4438 908 1499 4323 7288 907 4655
4439 2200 3857 351 5420 7390 2777 3954 4336 1489 2244 3274 5447
4440 829 1624 1852 1853 6854 7971
4441 56 705 119 1306 2863 3380 394
4442 1428 1945 2018 3262 7162
4443 560 1493 2077 2770 854
4444 937 1755 2608 1576 334
4445 713 1408 6479 1576 4802 580
4446 2267 5940 1333 3582 6370
4447 464 5672 3233 5295 6833 1588
4448 469 2976 6975 320 3176
4449 812 567 641 909 1883 3865 4078 4166 545
4450 469 898 1086 4711 4822 6152 6857 6970 7554
4451 99 1497 3677 3937 4522 4280
4452 2744 2816 3902 4153 1748 2748 3163
4453 1295 1353 1633 2658 5552 6662 7909
4454 1100 3938 6143 637 661 669 883 1109 2091 2681 3647 7215 4042 858
4455 6179 3105 4851 5058 6656 705 5915
4456 3917 464 2267 2271 5839 6693 2646 2668 1842
4457 175 7243 4082 4401 7551 6746 7819 8354 8450
4458 2260 2261 2272 3673 3801 7510
4459 4968 4255 4387 1912 2976 3379 6431
4460 753 634 1963 1983 3327
4461 3028 6144 8035 924 1529 3189
4462 5730 4980 2124 5657 1950 2028 3343
4463 4349 672 2567 574 7696
4464 6314 6055 1200 6857 703 5056 1489 6132 1941 2837 2718 7531
4465 8108 8268 8425 8185 8474 8438
4466 113 5505 183 130 2314 146
4467 7128 7258 1148 2933 3004 4369 705 7313 469 2155 4347 6938 7475 2846 4231 6562 4002 3814 1485
4468 6952 1011 5188 1204 3090 4492
4469 499 1249 1910 7631 7710 7833
4470 5472 5646 7263 2553 6046
4471 4369 434 1655 2526 3936 4522 7195
4472 269 1367 1817 3483 3829 6369 7149 185 2604 3807
4473 2791 8324 5160 4504 807 7005
4474 1479 3719 5083 1593 2165
4475 2225 3766 5026 6585 6943 7900 7335
4476 924 1545 2374 3766 4898
4477 1950 2124 3468 6945 7431 8115
4478 5435 7208 2152 2279 4710 5953
4479 4239 6723 240 7137 4435
4480 470 502 5019 8222 2121 7052 3766
4481 5375 7292 6494 939 5026 2766 1589 1689 7113 1682 5840 8454 2639
4482 66 3512 5392 7623 1103 281
4483 2858 6313 6384 2526 3829
4484 464 5200 3917 5839 7195 1599
4485 1836 5019 691 4689 648
4486 66 3181 4718 4486 2923 5165 7236 3237 7837 8441 3769
4487 2208 2512 1710 8413 1589 896 1428 2138 3077 4119 6049 3897 5081
4488 1710 1610 2225 2226 1521 5275
4489 2641 6494 7245 1697 2261 6068 6906
4490 3923 639 1011 837 5026 7189 7475
4491 2093 2268 3625 4556 6513 1708 4068 5617 3442
4492 5721 6645 1589 5314 1817 4276
4493 896 4920 36 5621 7195 7663 8393
4494 3644 8022 1285 1316 2152 4610 5886 7403 8471
4495 2869 3122 4180 5083 616 7292 2342 945 500 4643
4496 248 3623 870 7644 3556 5393 856
4497 7709 1367 4822 5622 7340
4498 5622 3272 26 3476 4248 632 3404
4499 6903 39 1589 3541 4442 5439
4500 66 323 464 812 2137 2561 3060 3969 4476 5218 5244 5787 7865 8464
4501 3263 5054 3514 4943 5398 5220 7721
4502 4655 6528 4082 4074 5237 4826 8442 8444 2008
4503 5485 2189 4369 7313 4002
4504 1249 1250 6752 7028 7885 7223
4505 1011 2336 3960 4560 3736 4022 6452 4468
4506 5339 3337 4099 6523 6634 7821
4507 1158 1316 1416 2668 3996 596
4508 1056 5370 8027 3006 705
4509 3160 4857 1573 4286 7128
4510 2229 2847 2708 2714 5564
4511 1682 602 5621 7612 4276
4512 1704 890 1442 4489 4617 4793 5019 5695 4798 5442 8141 1682 5344 1018 657
4513 4369 1160 809 6334 2270 4940 8467 697 2266
4514 721 4413 7395 1460 5135 938 66 125 127 5760 708 713 6187 4412 1467 5772 5773 6907 2091 2212 7397 160 308 2286 80 2798 1333 81
4515 6258 5955 1644 2694 3483
4516 5686 1775 3372 597 5329 690 691 1504 1511 5200 5201 7055 652 596 748 1778
4517 6309 7453 2828 7837 3510 7162 3373 8434
4518 1711 2682 4785 857 5674 1932 6821
4519 2586 4658 6565 7348 7354
4520 1829 2308 4383 6845 7236
4521 5275 1206 1817 3957 4747
4522 3345 5680 4379 7177 3587
4523 220 713 2963 7607 3555 2932 3553
4524 923 924 944 5846 5848
4525 2714 3081 3474 2122 1712 2620 4230 5732 6202 3304 7926 6278 7394 8094 5928 2953 8065 461 8453 6411
4526 753 2513 5442 3060 7005
4527 1416 3785 6600 6608 7162 7724 8129 3693 5425
4528 5933 2406 1132 4711 8161 8194
4529 2918 1569 1695 6262 7058
4530 810 7011 6307 1838 6496 6644 1817 3476 6333 6336 825 2505 4165 4528 6284 5657 5916 6185 1515 1662 1711 2002 4031 4083 4248 5674 7054 3528 809 5948 6425 7534
4531 2218 1477 3921 7727 5030 6271 4636 2561 2328
4532 4941 189 164 243 695 5414
4533 705 4720 7308 3720 6584 4917
4534 753 2256 2519 3043 526 2785
4535 17 36 895 898 1529 2152 3829 4921
4536 923 924 1366 2368 4116 7739 1462 3166 4193
4537 426 2001 6282 4589 1617 2066 2368 829
4538 464 1092 1588 2185 6854
4539 3981 1578 3835 1644 6186 5410 2465
4540 3060 4514 610 2002 4199 4472 5633 8320 350
4541 1697 2410 3056 5788 7355
4542 1016 1393 1966 2286 6595 7540
4543 6531 233 2179 6281 6374
4544 6089 6419 2593 1455 189 6420 7762
4545 2158 705 2238 2846 3979 7313 7472 1489
4546 1456 1540 2509 4379 4455 6028 1446 3957
4547 1501 5062 1723 1101 2933 4666 2519 5667 827 3374 6871 6975 778 3150 3459 4988
4548 457 2513 3377 3829 1281 3201 4124 6501
4549 5281 7643 2264 7501 7503 7353 6843
4550 3176 44 2723 5665 2780
4551 1310 2572 945 6095 6518
4552 1339 4431 4992 222 2357
4553 5622 6975 461 6209 1056
4554 1967 4710 6600 7569 991
4555 3587 5929 6399 5741 8464 2185
4556 546 1009 1024 3714 4711 8066 8383 6264 7740
4557 1168 73 1186 6643 5869
4558 5840 2170 2207 3839 1833 1868 5130
4559 500 1817 26 4249 1436 1588
4560 2309 73 2957 4280 5471
4561 1213 386 4338 5160 2484 2873
4562 36 6827 7207 244 697 3173 3477 4517 4549 1247
4563 932 6104 5836 1552 8019
4564 1576 2124 833 7146 6485 5164
4565 3449 5293 4804 4276 7639 8354 2748 5153
4566 3099 3560 1097 1598 4522
4567 5058 351 705 3381 4866 6186 7673 3829 1353 4790
4568 7162 1817 907 3779 5790
4569 1484 3818 16 7579 8013
4570 4980 2229 1004 6154 4862
4571 434 464 3404 3571 5026 5621 7189 5020 6986
4572 3060 3660 3820 4758 639 3587 5049 6529 6011 6197 2299
4573 2725 667 3341 3921 6854
4574 6627 45 464 1547 3710 5026 6628
4575 638 4809 4814 5053 6663
4576 73 378 812 1012 1834 1836 2668 3719 4144 4280 4379 5032 5377
4577 3244 6037 7346 7155 8043
4578 566 1058 2090 2135 7005 7390 2057 3150 4980 5566
4579 1159 1608 5343 8073 2286 4980
4580 3164 2306 3905 4985 1888 661 486 1280 3233 3608 3232 1725 744 7351 1198
4581 1249 567 5193 6094 7785 7875
4582 5801 3514 4331 7891 5570 4385 4383 886 4879 1751 6732 7781
4583 1644 98 4079 6202 714 3138
4584 5516 5601 4828 7589 99 5215 3311 6586
4585 971 1130 2148 4945 5524
4586 303 1840 3646 4249 5557 2805 4840 5593
4587 6310 6193 3999 3465 5485 3820 7147 7453 5195 2688 2484 7339 2156 3582 3440 7715 3444 5210 6225 7969 3642 3643 4401 6195 8094 8049 6845 6721 8316 7693 8096 8433 8496 8497 8442 8443 8387 8444
4588 2289 1802 2439 5863 1529
4589 5058 228 2534 6186 8237
4590 2155 74 6189 4957 7819 8450 8444 8442 8443 1529
4591 3210 3539 3715 4022 5215
4592 1545 1839 2123 4965 2740 4653
4593 1479 924 1599 2918 4531 7905 7578 7704 8263
4594 7475 7551 2950 4089 1073 4025 6857 5249
4595 2271 3191 4710 5782 6337 7799 6599
4596 103 1838 857 690 1599
4597 638 1462 3060 3388 4561 66
4598 2185 4536 742 328 1702
4599 1419 3336 5133 5224 1088
4600 6017 1416 1599 1802 533
4601 6314 8197 1156 1485 2248 4684 4708 1353 5625 3897
4602 1836 7280 1249 1751 2185 2828
4603 2378 16 40 466 924 1682 2962 3327 4193 6505 6600 6663 8240 350
4604 1957 2271 1254 5019 4199 5218 1817
4605 3019 3002 4401 4796 6672 6717 5864
4606 2125 4952 5205 5304 5646 6420 162 488 5165 7385
4607 36 5057 6592 6842 8015 997 6496 7390
4608 2469 2634 5566 1736 1033 6411 6417 6415 3829 5955 4319
4609 4228 593 2244 1755 4140 228 4980 3743 6924 2641
4610 3056 4151 742 1617 4286
4611 1545 2646 3662 6295 2271
4612 4862 2279 885 3640 7656
4613 4014 835 7128 350 3451 2227
4614 2385 2904 5525 6304 7709
4615 5758 2002 3542 8038 609 7031
4616 4733 1247 7162 7752 6582 3465 5020 3825 8336
4617 434 464 874 5840 5017
4618 326 5062 5442 6385 6440 8289 4282 5621 1200
4619 392 1815 3127 4340 6204
4620 2639 6187 6953 6482 7430
4621 1206 3473 4173 5231 5964 6716 924 1067 1068 3450 519 609
4622 505 833 2561 26 911 924 1204 5024 7206
4623 1437 1552 1971 673 896 2972 3667 4136 5344 5485
4624 953 2731 691 990 4662 5026 7748
4625 1428 2225 712 1238 5218 1118
4626 3412 3571 1987 3305 6148 2251 1168 6487 3229
4627 500 2750 434 693 4476
4628 1119 7113 7776 5238 4847 1000 6338 6366 1928 5041 4537
4629 1682 3295 5672 4119 5252
4630 383 142 854 1784 2002 2292 3105 4888 8361
4631 1200 2155 2949 1833 5063 2853
4632 3736 3587 7522 4033 1861
4633 2688 7716 4248 6235 7534
4634 3024 3612 3732 4652 7314
4635 6186 1310 7672 7744 6518
4636 3196 3223 4339 4704 6534 1428 2625 4275 4898 7189 111 6287 6886 8007
4637 113 4863 1053 5730 5308 5860 6186
4638 4276 5414 3684 2835 1763 2288 3560 7156 1644 2299 7598 3012 7480 2718
4639 8286 66 3167 3991 8023
4640 3814 6209 6943 3404 4370 2288 228 5096
4641 4943 8339 829 1951 6028 2637 8270
4642 2378 4792 939 2625 4412 6586 5057
4643 7039 2105 3814 8068 7017 292 1022
4644 1821 469 1870 4711 4980 1367 3830 526 1719 5730 2384
4645 2124 2867 2807 1829 1917 2803
4646 6854 924 8076 3043 4011 6379
4647 26 303 2625 4785 7911
4648 5581 6604 1763 3628 2264
4649 1734 995 320 2602 3916 7345 1630 4314 6075 6838
4650 179 3301 6490 721 198 7607
4651 2699 3063 5135 1197 4384
4652 222 273 4951 2054 2963 5238
4653 4082 6195 4401 8107 1151 8093 8448
4654 1272 454 5142 2976 4924 1833 1239 6374 5622 7581 1489 5089 6611
4655 633 7346 639 1975 5026 5614 829 5717
4656 1437 7173 2988 3724 2903
4657 1489 5346 1482 6571 8194
4658 2015 2908 4334 2620 2200 5346 5485 1423
4659 500 610 2831 4063 4862 5772 7052 7113 7863 8224 8408 4812 7349 7390
4660 1512 8009 3405 5918 6186
4661 4768 152 222 355 3301
4662 3849 5060 1734 4197 4732 2821 4025
4663 434 5621 6145 4973 6509 885
4664 5075 405 1524 3051 6435
4665 896 2139 184 1523 4951
4666 3464 4116 5344 7667 970 1139 2962 4940 5314 6592 6600 6601 6608
4667 283 2831 5075 2619 3172 95 7956
4668 705 2045 3829 5731 1644 7428
4669 1389 5614 4808 6644 6494 6495
4670 3208 6915 7110 419 2115 3553 1665 125
4671 4644 1234 2713 1886 8168
4672 6943 3105 7213 8101 2090 2484 5662 8012 8135 3719
4673 5183 6532 1746 924 2706 7737
4674 265 3556 4521 8071 438 1763
4675 2185 1949 2484 795 1910 6588
4676 1833 4140 1197 2189 835 932 3176 2418
4677 500 976 90 2750 3019 2748 3881 5711 691 1511 470 3748 1578 2264 2731 4748 3766 6604 31 350 3076 3971
4678 1816 5868 305 7629 2610 3569 5269
4679 911 7330 3508 6131 3423
4680 4715 8459 3701 1827 1899 626
4681 443 1210 2039 6179 493 1827 2025 3273
4682 6975 2189 4369 2418 8071
4683 6629 2780 696 2384 4935
4684 3970 5030 5609 898 1578 2376 3863 5286
4685 364 1412 1334 1991 1781 5581 3925 387 3714
4686 3107 1887 1951 2148 6943
4687 5358 5982 136 1462 3619 4850 6915
4688 2002 4800 5761 364 730 737 2629 2632 6425 896
4689 332 5621 6121 6854 2279 2645 2873 7803
4690 5460 933 2010 7227 4581
4691 4653 4655 4958 4956 6496 8375
4692 7496 3493 5073 3498 3510
4693 4516 1489 6575 6576 7420
4694 4140 7093 3930 7744 2253 1367 3117 3513 8177 1378
4695 1138 1260 2333 3508 6131
4696 2232 2229 2755 3009 140
4697 36 4725 5053 6431 3890
4698 130 4239 2273 6654 4187 2147 2441 8352 1079 2058
4699 3285 1109 3896 5005 3853
4700 6868 1588 3325 7302 53 7088 7224 2750 5273 6854
4701 705 1353 1421 3105 3730 4258 2238 7128 6186
4702 69 572 976 4929 2002 5819 7971 1539
4703 244 4771 3508 7684 73 6440
4704 1353 1833 2155 6517 6572
4705 2002 2264 2271 6604 7088 7054 7092
4706 924 2181 5010 85 4037 2978
4707 1547 4696 5511 6176 7899
4708 3246 5382 693 2720 1360 1923
4709 7630 244 391 646 846 924 1250 1428 1869 1887 2561 3528 4733 5344 6018
4710 2298 4532 4140 4533 4666 4994 7701 7314
4711 1132 5308 5525 4144 5546 3857
4712 168 7581 416 469 4863 4992
4713 1389 3818 4440 5090 5412 5536
4714 1354 1254 3417 1589 2171 3418 3144 5244 597 6174
4715 929 1546 1881 690 2504
4716 646 2561 3480 4460 4704 5003 5251 6028
4717 1489 3560 7642 1817 3543 3404
4718 319 3349 8011 8243 24 6122
4719 945 978 6442 683 1847 7315 2066 5112 8027
4720 326 4440 6898 4898 3716
4721 3699 5740 4464 7302 4756 5621 939 3649
4722 4214 3101 574 3379 1485
4723 2305 50 1224 1924 2816 4491 6882 2953 93 3707 4350 7233
4724 4557 639 1516 1682 6265 6316 8079 6788
4725 2276 5132 1594 1130 5367 17 3993 8116
4726 125 130 417 4567 4768 7132 4563
4727 4821 4657 3674 1200 7475 7550 1644 1847 2066 2620 3391 7334
4728 1228 2979 3105 7231 8126
4729 667 3571 7443 7489 8048
4730 2664 3829 5956 5953 6572 71 2384 4350
4731 5124 4675 8001 7309 1489 1847 4019 5236
4732 1847 1489 76 4137 6255
4733 4472 4594 6468 1224 5130
4734 896 1840 895 6566 4082 7758 6746 4420 7044 4256 6662 6224 2959 6870 7789 8410 8411 8385 8368 8415 228 3795 4074
4735 3374 4231 5236 2815 6227
4736 1269 1358 2184 3392 6090
4737 1779 1629 3333 7742 2599
4738 2565 5112 6250 6411 3003 6410 6345 7399 3341 5336 5337 6412 6414 6415 6170 6417 5801 7891 3381 6731 6413 1917
4739 2865 5982 1505 1139 7135 3031 5034 3822 3916 4004 2918 6265
4740 3776 1817 1949 4249 6972
4741 2286 2234 672 3601 3150 1249 1489 5164 2155 2207 3829 3277 1423 3508 2238 3381 5469 7609 3516 6810 8334
4742 2633 7092 530 3677 7489
4743 82 5292 3011 6732 3004 7038 3176 2445 1485
4744 334 3829 5188 754 2794 3292
4745 468 598 6284 1896 3784 3925 6869 7282 1428 2185 2484 7751 2271
4746 3107 464 687 693 463
4747 7748 6479 1080 1557 7769 1437 2565 1697
4748 2345 1682 6595 1014 4405
4749 2351 1168 1419 2513 1589 7443 7251 8197 1165 7000
4750 4824 323 2561 1098 5062 2322
4751 2514 3929 4500 5187 5364
4752 1763 6975 3560 6945 2915 7481 3869 3916 6811 1173
4753 66 3571 6062 7342 6143 7140
4754 2444 911 1767 5726 3780
4755 2578 4935 4711 500 1627 1981 1633
4756 80 697 1139 3019 1836 2855 2668
4757 3556 4520 6046 3640 3770 7132 7386 120 372 1291 3593 4760 185 1292 4953 7437 2130 4427
4758 1861 2962 463 602 1547
4759 6690 7854 2875 4890 1314
4760 2060 2483 5472 6610 86 846 3195 2185 3264 7721 6598
4761 228 500 1519 3764 705 1200
4762 609 1141 1437 3539 18 4476 4710
4763 2475 2962 3289 4440 6179 6850 463 697 896 1428 2170 4935 5915 6949 946
4764 1206 2793 6943 8358 3541 7857 7858
4765 7475 7551 1553 8035 3740
4766 693 911 970 1385 5218 7800
4767 2236 4337 214 3913 126 268 2963 6928 1768 3622 4203 5411 5857 411 5282 1175 1520 3211 3233 8490 213 5925 7328 3829 2018 3273 5836 6403 8162 3324 7319 1295
4768 1178 3929 500 1653 4644
4769 970 1692 5017 6007 7534 7654
4770 5102 5761 2300 6787 4862 1250 2002 5026 4800 5641
4771 1442 1818 5159 7216 257 507 5506 4019 5531 8084 1524
4772 1197 1912 4140 5485 6975
4773 3436 3918 5026 7162 7653 7977
4774 4206 5776 673 3834 1079 498 537
4775 7005 833 1489 7880 8420
4776 2484 8251 463 1675 2137 6604 6663
4777 3829 3073 3583 3763 1828
4778 4014 5367 924 3509 5019 6608 8333 6068
4779 2359 675 1176 1200 2147 7263 6975 819 7612 8189
4780 6754 65 4103 4179 2070 4862
4781 5453 2750 3148 5133 1005
4782 190 431 1512 4166 5815
4783 2862 4440 1677 350 5339 6924
4784 5346 6975 3327 7319 7521 7843 1489 4041 7332
4785 2185 4314 387 3157 3925 2137 3002 4294 5174
4786 3021 5669 7742 5730 1837 3004
4787 753 1378 1014 2188 36 2856 3011 3188 3523 4223 4791 7742 8173
4788 2933 3829 4866 6757 7308
4789 1723 1353 3720 4535 7093
4790 664 228 316 819 5019 6962
4791 6192 2156 3440 4401 6506 8449 8185 8482 8493
4792 533 1547 4015 4781 6997
4793 4771 2973 7679 8465 2820 915
4794 4357 5026 5844 316 7189
4795 2225 3946 1966 4412 5747 6671 3642 7662
4796 5329 4590 4991 1424 1959 3311 1249 3077 1250 4664 3668
4797 5568 1254 3046 533 1104 1985 988 3832 3216 6269
4798 380 939 3060 697 3943 5030 1861 4179 6854 7106 2766
4799 5719 880 5435 2723 7712 7475 673 4802
4800 5722 5904 833 2957 5732
4801 81 2563 3188 4040 2725
4802 1598 2229 1499 1086 1682 2772 3849 1688 5955 5063 3830 36 2755 3280 1108 2411 2481 4477 2967 5660 4867 1491 5956 386 4726 7672 3124
4803 835 2837 3858 3910 6314 6433 1719 5553 6518
4804 1500 6542 6543 7047 2597
4805 1573 2953 1077 3399 1500
4806 6250 6707 5594 3000 66 2999 6197
4807 5664 1193 5083 468 924 4733 2074 2665 5978 6346 5081 1604 3031 7053
4808 1917 7925 7128 8075 8354
4809 145 3534 3787 5837 7362 7585
4810 622 4140 4857 1631 1644 1489 4535 5728
4811 1279 2659 2024 2693 3866 3540 4490 1539 5814 429
4812 6311 6193 6671 4423 4082 4401 7243 7453 6195 7959 8268 8287 8385 8421 8443 8185 8417 8474 6812
4813 5187 6661 269 1821 1833 1638
4814 610 1367 3150 6659 7521
4815 4179 4514 4862 5019 2185 4632 1200 4038 5559 1489
4816 8023 245 3624 7463 8299
4817 526 2709 6417 2708 7118 2714 2151 6517 8262
4818 3572 3267 3560 4803 1050 1813 2869 4667 924 1759 2938 4067 4358 5549 5621 5982 6495 2470 6741 1416 5950 6739 5802 463 693 1516 2756 2962 3149 6592 8188
4819 3317 5407 4262 4379 6989
4820 469 841 1278 1720 2155 5819 6975
4821 3829 594 8308 228 3483 4917
4822 2124 5321 6282 1783 938
4823 366 971 986 4440 1973 303
4824 2949 3005 4291 4002 4711 5893
4825 5187 4143 3669 469 2139 1160 4757
4826 1272 1538 2027 4068 6242 388 3427
4827 2663 5922 4055 560 5815 5819
4828 3243 500 610 1092 1568 2315 2518 4440 4549 6111
4829 1437 99 4916 5266 5840 6284 6384 6540 6750 2264 3091 3624 117 328 500 971 977 1584 4900 5240 5415 470 595 697 1685 2903 1589 2639 2831
4830 3924 1477 1946 3829 5313
4831 3100 1997 633 1985 5818 5740 5583 5552
4832 117 3707 4216 1755 3743
4833 2484 3541 1480 1312 1428 3195 5674
4834 1722 62 3135 7551 3277 4268 2803 7778 1227 1310 1135 7399 7128 6708 2187 2066 4874
4835 4499 6646 36 6854 1805 4908
4836 2334 4921 3005 5886 269 1306 3588 5528 5980 1723 5894 228 3932 8422 25
4837 1593 3907 4820 5909 7625 4940
4838 7087 8412 2630 924 3541 5077 6468
4839 1012 5857 1049 2853 5200
4840 2609 3766 350 5293 610 2266 3235 5019 1599 3385 5558 6681 302 3563 7318
4841 2668 6677 1976 8066 4073
4842 3896 660 2501 4040 4161
4843 416 417 1524 3402 7607
4844 3060 610 824 3818 2617 6223 2002 6221 7113 7224
4845 2238 705 1056 1156 1644 2694 3381 5048 7313 7572 7609
4846 7489 8047 632 7202 1046 6953 7314 5969 1269
4847 4131 5400 7245 7986 6860 8290
4848 5687 7205 2580 3294 4633 5679
4849 8392 2535 2562 5032 5031 8230 5030 6753
4850 1068 1069 6530 2179 1279 216 189 1611 206 340 3555
4851 7501 990 1011 7198 1539 1564 2002 3166 5667 6553
4852 2634 4987 6095 1310 3566 2361
4853 57 574 705 1485 2155 3730 3764 4857 4866 5009 7156 7256 7443 683 6083 6517 8361 5061 3835 6285 352 1353 3468 5581
4854 64 1761 1917 4140 1367 3043 3440 1833
4855 2465 705 1712 3483 3930 5665 6075 6162 6178 6314 2620 3664 6126
4856 1957 632 1896 2052 2962 3090 5611 7220 7553 8326 8358
4857 2406 3409 7161 8139 244 8138
4858 7712 1200 537 1964 8237
4859 2828 946 3149 5475 5332
4860 833 1501 4602 56 6033 2087
4861 2429 4250 1260 443 1489 1636
4862 326 1949 3057 3091 2779
4863 1784 2502 2435 4655 112 4235
4864 7281 1271 6691 7031 42 194 610 1206 2279
4865 4800 1843 6713 1498 3825 7910 7916 8023
4866 5026 1563 3181 3368 2229 1682
4867 2184 53 4290 2222 5601 4559 7555 6028 1652
4868 2233 3882 2700 3755 6053 6732 6857 8015
4869 756 2225 6459 7353 1763 2475 332 1545 4281 7207 1600 3766 5621 995 5019 7556 2594 5082 7456
4870 1903 4276 6509 5968 5969
4871 3251 5026 4655 5929 4990
4872 3925 5294 7710 597 908 2385 5187 5268
4873 3759 7676 3957 4139 2225 4057 8026
4874 3730 5016 1353 1833 3946 5063
4875 831 1334 1353 1849 2155 2204 1566 2668
4876 2903 2976 6040 6703 7521 7813
4877 785 1539 6036 3220 4241 851 2960 5461
4878 3922 1284 1500 829 1545 2250 3752 3145 245 93 90 600 3148
4879 1876 2486 1599 673 5845 5279 2176
4880 2229 1755 8033 5802 7622 5730 6945 5916
4881 1586 2234 1489 6253 6732
4882 283 3525 711 4567 275
4883 1022 610 2032 5026 2279 5019 4015 4122 4710 6282
4884 3098 3100 4625 6252 7742
4885 2688 1605 3961 6197 3959
4886 537 3379 3381 4866 4904
4887 1949 1950 2484 3858 6028
4888 4853 6512 1866 2687 5302 5730 3105 5056 841 3176 7660
4889 1116 1736 3167 4970 2748 7381 8270
4890 1477 3925 4627 4749 3814
4891 4938 5238 6485 2184 1576 3863
4892 4296 1160 2615 2755 4284
4893 3527 3522 1280 8321 5042 267
4894 3003 3004 4383 6058 7819 6383 6857 3021 3689 5665
4895 1437 194 1195 1752 195
4896 430 3004 1836 5878 7169 4084
4897 228 269 705 1833 1873 2238 4231 6611
4898 140 3421 5218 8028 8488
4899 1891 997 6130 6588 5225 2185
4900 924 929 5691 7579 8331
4901 1463 394 5485 1734 1821 2066 4291 4903 5014 8401
4902 73 817 4060 4167 4627
4903 705 4035 5056 2155 8394
4904 5134 4276 5727 3756 16
4905 1600 5621 541 2818 4898 6284
4906 693 1545 3678 4780 6333 7487 7664
4907 4054 4807 2224 5249 1164 6255 945 6186 6258 7824 7742
4908 250 1822 2278 6216 6857
4909 936 1018 1506 4144 1574 3163 2324 7975
4910 26 1589 3340 5715 7052
4911 2587 3211 5212 3072 6361 1593 2373 1652 3076 7290
4912 3453 2139 1576 4666 6564 8225
4913 4091 6767 2229 6186 7971 5670
4914 628 2095 1702 2484 3727 618 656 961 3689 2526 6372 3498 4501 5611 6188
4915 7204 6330 8107 8096 8425 5237 8472 8438 8471
4916 5886 2853 3605 5730 3417
4917 459 995 1372 1427 1545 2816 4116 4280 5026 5246
4918 1428 7547 7647 7650 7730 7736 7738 8354 7874
4919 878 1437 2767 3176 3341
4920 45 1316 1966 4781 6496
4921 561 787 1720 491 682 1899
4922 2493 2769 1099 1428 1861
4923 928 1479 1516 1645 3481 6197 7312 536 4906 3799
4924 2271 6030 7570 2002 2561 6275 350 1249 3440 6011 5210 7555 3468 5546 5039 5040 3176 2948 557 854 927 3442 3550 4008 3939 190 2484 5041
4925 4675 74 108 6732 3860 3168 4002
4926 4276 4729 4733 4468 2264 8090 8373
4927 195 2853 6941 6145 6615
4928 6319 1497 1157 387 982 3354 3476 6442
4929 470 655 829 1949 2225 2959 5019 1363 3404 1516 4808 6194 6875 1599 1874 924 2426
4930 3438 3632 5809 6811 2256 5967 7128 66 3043 3073 3654 5546 7732 7782 224 234 254 340
4931 1352 6919 4401 166 4082 7693 8318 8185
4932 1265 1609 1462 5345 6293
4933 7508 7836 3429 7500 2951 8200
4934 4329 2950 4361 5130 8401 2137
4935 697 2360 2518 4530 5414 5624 3644 4083
4936 860 2033 8076 463 570 1547 1707
4937 3582 6555 2744 7737 4401 7157 8220 6330 7356 8042 8278
4938 5976 867 3640 8184 8376
4939 1617 5026 303 3064 524 4529 5170 244 5420 5621 6604 7313 7088 7978 8337
4940 414 3829 6572 2624 4038 6434
4941 4828 1711 5757 6125 453 888
4942 1991 4116 140 5949 6641 7928 2868 1428
4943 2682 3766 2519 1037 1861 3676 1477 2606 1293 4016 4992 5004 3024 5090 4245 3090 3359 4036 5932 3982 1149 4265 6360 6958 245
4944 537 5802 4740 308 932
4945 6741 7277 7391 6754 6980
4946 1936 21 2843 6186 3009
4947 4276 6085 2561 7531 526
4948 1736 1335 4752 4946 2225 7189 7191 4862
4949 3957 5824 3936 7197 7510
4950 1563 5747 2950 3814 1834 1022 1969 3091 1993 6191 6919 2062 7243 4082 1201 4276 166 879 1108 6437 3172 38 1721 3642 385 4401 8287 6762 3197 4823 8185 8482 8442 8162 8444
4951 2680 6677 7028 7030 7612 50 194 1224 6908
4952 1035 6544 3541 7491 7492 7865
4953 7864 4227 5004 3587 5293 2510 1235 6091 7052 1976 5058 8023 7791
4954 581 1450 580 118 2155
4955 2840 6251 3560 6252 7160 7279
4956 4753 5561 2148 5705 3019 5595 2734 6923 4949 1903 3373 5556 1555 5706 2009 4297 4303 8241
4957 5635 6633 6498 7858 7857
4958 3361 6979 66 2977 4366 6186 3608 4588 6256 1080 3829 3830 3739 509 4049 7866 896
4959 8408 8407 8504 8500 8508 8509
4960 37 320 3829 579 3227 3303 705
4961 5614 2229 3643 5929 598
4962 7094 2558 2965 6988 1584 4459 612 3957
4963 3798 4759 2822 3962 474 3801 6407
4964 2661 3197 1725 2565 207
4965 1589 6197 99 5124 8215 7668 7953 6681 42 601 2484 4376 6473 5277 2264
4966 712 2328 110 1116 4080 5045 2977 2084 2829 95 3101 3998 7640 5727
4967 7056 2271 6592 5872 6318
4968 21 5621 2155 5853 8021
4969 306 4549 302 304 1816 3476
4970 3866 6197 3218 429 66 3510 1173 7755 3336 521 2385 5033 6206 8337 5031 1211 3450 4441 5041 5188 6711
4971 1428 5691 1515 5019 7650 829 5026 6096 8401
4972 5095 351 1920 5286 4866 350 938
4973 1642 5313 6825 7347 7432
4974 1600 2748 2750 5621 7863
4975 7765 5101 3814 5973 4174
4976 4383 3863 6095 6098 6832
4977 1615 7404 2950 4089 3312 4468 5333 2323 4353 7038 6186 1489
4978 4733 2315 5857 6367 7952
4979 5915 82 3730 2972 6179 5688 2708 2709 3175 2200
4980 928 930 1368 5579 5414
4981 66 4181 5343 5621 6634
4982 880 882 1210 1445 2791
4983 3804 303 1428 7050 3676
4984 6915 651 4785 670 3245 5218
4985 833 443 2244 3774 4100 5164 7285 1955 3457
4986 4863 3348 340 113 7762 135 7945
4987 2079 1882 3183 7611 3788 4793
4988 1682 1505 3587 2281 3647 3896 2947 4276 7207 936 4173 424 5108 810 5674
4989 1519 4709 5566 6697 6825
4990 2185 3068 5032 687 7057 7657 7798 7915 7916 6601 6608 7802 7912 332 6956 6305 6337 7655 4704
4991 705 1378 1423 2207 7474 7521
4992 705 1723 2045 2574 2555 495
4993 751 264 5764 187 200 3791 4091
4994 537 2155 3506 2225 4140 4995 1200
4995 3276 2950 5871 6887 8087
4996 6096 2155 3217 7403 4372 7872
4997 225 4596 5327 833 4206 5182 3630 702 6113 6114
4998 5747 4082 4401 5697 6290 8019 8096 8316
4999 937 1910 6852 4379 2795 4430
5000 778 2238 2248 4740 937 1677
5001 5622 6876 1689 2557 7510
5002 2171 2436 4835 7535 1938 2494 6912 4482
5003 2225 3935 434 929 3637
5004 825 1089 3365 6186 6197 1029 1507 3654 4936 6861 1098 1964 2561 2579 3977 7074
5005 5188 7106 2382 1065 3393
5006 152 227 249 1304 5165 3653 113 144 342 130 865 6419 4521 167 7989
5007 1234 6979 8252 2605 2803 3829 5546 6432 6434 6572
5008 7146 4082 7147 7170 7819 7952 8146 7021
5009 365 1347 3091 3235 3814 4369 4711 5353 6772 3004 7672 7895
5010 1365 1794 2299 5927 7182 7327
5011 6147 1545 2857 2894 7087 2120 3488 7657 1083 3821 2740
5012 6943 7082 1381 5883 7366
5013 1037 2939 740 1457 709
5014 610 1836 2668 3144 3443 5781 3519 3577
5015 1353 1423 3427 2812 3457 4628 3381 3720 1422 6945 8290 2484 5434 6096 7113 7206
5016 2030 66 8026 7528 811 970 2141 2444 4119 7380 464 5377 5677
5017 526 674 465 572 2066 5112 6041 6975 394 4006
5018 5971 1785 526 924 2869 5834 7144 2368 3643 8194 8172
5019 7819 8113 8111 8295 8429 8421
5020 6085 5622 3158 6186 2176
5021 6980 2794 3814 5224 3745 5445 6231 7556 3244 7226 3911 5001 7783 7784 1856 2909 7731 7732 7782 3091 7376
5022 1139 4116 4163 4164 4710 1655 3060 1910 36 938 3482
5023 1910 1961 6275 6760 7005 7858 7859
5024 978 2394 2942 3184 6186
5025 2319 2329 2705 5073 2331
5026 1249 4159 5175 5369 6058 6186 2155 4994
5027 502 929 1584 3539 1204
5028 6533 7230 7292 7524 6930 903 5524
5029 4608 3637 346 626 3638
5030 2138 2688 56 3857 6097
5031 113 148 5165 225 6561
5032 53 1817 532 3710 2484 5581
5033 524 902 1202 2376 3542
5034 1491 2800 4387 1486 1495 1499 5595
5035 5494 7650 73 2580 4976 36
5036 1163 3738 5073 53 1428 5367 2289
5037 1833 3013 2956 2817 3690 5622 1378 1858 3902 1056 5928 835 6058 5669 4073 4285 2010 320 4252 5577 2708 5802 5665 3004 5337 5335 2578 5702 6975 6776 5808 5175 7069 6840 2977 4769 7241 7545 6416 6383 7544 1174 2066 6611 4617 7771 5937 1309 7588 5821
5038 463 502 923 1557 2176 2229 3167 5121
5039 3073 130 374 1295 6917 132
5040 6965 1367 2561 3280 4150
5041 21 1601 2403 99 3587
5042 2073 2264 795 2750 5896
5043 1458 4255 4383 4968 5217
5044 3006 3012 3011 2803 4383 4394 4390 4391 4385 6830 247 4969 3687 3688 3689 2220 6056 2892 4245 4423 3787 6996 4384 4389 202 5216 7551 7544 7893 3142 7543 7780 4381 5784 7892 6053 1199 7274 4084 6058 4863 4869 2822 4481 60 5702 5698 4392 8486 8411
5045 20 596 2686 1354 2185
5046 609 1524 2402 3832 5396 5849 6957 7636
5047 8 1583 6192 7145 3453 2977 7892 8427
5048 2286 4243 4445 5414 5577 6202 7475 3560 7474 1734 4206 5112 2766 3427
5049 6872 4746 8248 923 6264
5050 3091 5592 5055 5968 6384 7677 1389 1456 2070 6465 6501 6787 7454 616 2484 6533 426 3601 8069 8141 1247 2396 2871 5255 7375 3711 2170 990 5609
5051 5833 1156 1249 2361 3150 3379 5795 1528 6208 8327
5052 306 1604 2311 7657 8209
5053 978 1234 66 3814 165 1524 7183 7337 6762
5054 3723 3946 5747 503 8380 7287 4116 6663 6716 8385
5055 500 795 924 1480 6551
5056 3722 3587 7276 7280 1593 2185
5057 7836 7613 5019 502 602 3766 7387 7388
5058 4625 6051 4084 7350 1200 1467 5337 6840 1729 1821 3353 6040 1917 2910
5059 113 400 2111 2140 6418
5060 500 634 2264 3244 4119 6943
5061 1784 8 5061 5906 5258 1776
5062 1367 2740 1825 1845 2755 7712
5063 5218 6604 6851 3149 6600
5064 99 829 5026 5720 6886 7188
5065 189 8017 66 303 4179 4916 2561 995 4281
5066 3341 521 898 1969 3390 4116 66 7558 7819 1489 1823 2229
5067 1836 2376 5729 2668 4016 7579 6722 1008 7409
5068 5344 7055 194 245 467 829 2573 4440
5069 6314 1154 1200 7315 2973 5794 455 1723 3560 4038
5070 2042 3923 5872 1367 5676
5071 6492 6309 3780 8096 4022 8277 8471
5072 3680 1200 6202 6314 1723 1644 1823 2572
5073 3756 85 2404 7534 7899 99 7579 938
5074 3042 3167 8312 995 1545 3541 873 8023 1520 3766
5075 4525 2260 3658 7165 612
5076 5017 2439 811 464 5019 5026 2284 3191 3044
5077 2229 6891 5473 65 7707 3591
5078 4902 1949 3974 4995 4996 5026 4803 6533 2226 3387 1139 4119 2625
5079 639 896 1524 299 508 721 1300
5080 3597 3404 6197 5246 1817 7501
5081 5048 7475 6227 2844 2128 7313
5082 1027 2674 4644 1558 5290
5083 6490 113 169 3656 1289
5084 4031 7292 263 306 468 646 1896 2561 2627 3464 3629 4379 5083 6958 7435
5085 924 1428 4116 5052 5344 1846 4185 6349
5086 71 526 2767 4330 7740
5087 468 3191 4710 6604 7802
5088 3430 6807 932 2028 2639
5089 5839 39 464 3936 5840
5090 463 5425 5426 1874 2090 5845 6551 6867
5091 7894 222 2453 4282 5505
5092 2708 1092 1589 7356 3373 3780 8111 8275 8430 8185 8448 8438 6634 7818 8398
5093 3195 5118 924 2368 5055 7047 7222 2127 3636 2312
5094 8367 5181 1589 6943 6264
5095 6395 785 854 4007 5972
5096 1053 618 8023 8466 7162
5097 1220 6288 6782 7954 7968
5098 598 5376 5377 6473 7562
5099 3524 6115 1228 2279 3718 4964 6186 7005 4772 6838 526 68 1364
5100 4231 1682 3039 4668 5346
5101 3173 673 2989 5937 2608
5102 1540 4710 18 753 1316 2152 2386 5496 7070 8061 4551 924 4164 7223
5103 4341 1998 4412 4683 6534 7547 8077 6817 6844 5413
5104 7709 3766 4704 5641 7825
5105 208 1719 2256 3188 3379 3457 4322
5106 6310 4082 4401 6290 7157 7692 8317 8096 8430 5237 7821 8442 8443
5107 4231 5953 5956 6475 6314 1683 4179 7390
5108 630 753 5570 1356 393 5757
5109 2564 4882 5581 6269 610 7523 4644
5110 1749 2163 4445 6385 8289
5111 1664 2030 3445 2904 7975
5112 6434 6879 7414 7573 1489 2066 2523 5112
5113 6186 26 6197 1735 1786 2222
5114 610 99 5013 2136 5055
5115 3138 3857 3698 2703 3954
5116 66 350 795 993 7280 7579 3233 326 6197 2545 7292 5546 938
5117 4549 470 4862 1360 3404 1976 2264 7152 7596 1003 2345 4996 3673 8341
5118 567 6431 3764 4725 5519 7933
5119 4140 2056 3099 4322 5953
5120 2066 1355 1501 1485 4156 3499 3497 945 3947 1628 2953 4535 4728 6192 3092 6059 729 7146 3560 7147 7551 82 1467 2977 5210 1249 7892 6857 7714 7819 8132 5311 59 6484 7286 8354 2010 7394 8410 8411 8436 8477 3150 8485 8191
5121 693 5003 2969 7106 513
5122 3004 4394 3012 4398 4386 1467 4399 2814 4390 4385 6732 3643 7959 4252 7742 8224 4383 6862 7781
5123 1011 687 1428 5621 7380 80
5124 6595 1038 1040 4951 135 4091
5125 1722 1210 2002 2026 6106 4166 5972
5126 3532 165 1524 8184 164 222 248 663 5502 6019
5127 6787 1056 8249 1589 3345 3799 7499 8437 5122
5128 194 2499 2853 5388 7510
5129 2818 6179 4550 4552 1167 4292 7640 8328
5130 104 266 4951 113 4955 8435 6723 5505
5131 6410 6414 1723 4640 6417 705 3659 228 6202 6810
5132 6058 3688 3440 3447 3687 4071 4304 4208 3004 3013 4256 4257 4394 4399 7819 2950 2703 71 6056
5133 830 6923 7313 7475 3004
5134 228 855 8249 4783 4851
5135 2923 2976 4143 6607 7070 7521 17 1734
5136 6095 5155 2565 8090 269
5137 3929 4097 4879 5188 6069
5138 1194 5641 2498 924 5073 4600
5139 6594 1016 2229 624 4857 5277 3511
5140 5403 3730 5056 2687 7904 775 3221 3489 4496 7494 3753
5141 1861 3587 1545 6612 6282 4940 829
5142 3829 4853 4232 5554 6810 3073
5143 1761 64 1836 2724 4196 5747 6310 6636 7283 2156 6049 8094 6330 8383
5144 4148 5800 5335 5786 3820 7243 3814 3830 7714 7892 6535 8111 8132 8287 8244 8400
5145 2994 2368 1969 4163 895
5146 4518 7385 6107 5356 3791 1666 4952 6936 644 3505 1283 7437
5147 2861 3867 470 1545 5019
5148 2308 1389 4733 2185 6258 6252
5149 1053 1500 3925 1590 6312 4082 4401 7453 3060 7509 393 3915 6805 5019 938 2980 7799 426 2264 7969 6224 3444 66 3417 7837 6853 1284 1155 7276 8107 6721 6275 7975 8360 7691 8275 8425 8471 8415 8418
5150 5971 3916 6598 3917 3918 4004 7739
5151 928 2126 2185 6592 6602 2152 3189
5152 3435 7737 1882 2834 194 601 795 890 4487 304 7730 7736 7738 6197 1529 6875
5153 5063 999 1809 3881 2086
5154 4679 4820 5838 1835 194 602 5857
5155 3131 2898 1804 2509 2610 3017 332 4096 4914 3327 838 1983
5156 5419 5498 1159 1966 6009
5157 16 1675 3639 6336 6644 6645 571
5158 3921 5971 5091 4971 4972 4973 2185 578 5614 6122 5019
5159 4440 4441 4442 5141 8308
5160 505 1815 1045 1850 2012 2749 5641 6677 3107 1047 4583 5547 5694 4198
5161 504 1202 2390 4336 5188
5162 130 172 254 255 256 1524 1755
5163 639 3656 4644 5183 5543 3073 4206 1642 2565
5164 3230 6239 4140 3829 3990 4369 1353 622
5165 6310 4082 4401 6195 8421 5403
5166 705 2244 4369 5337 7938 3381
5167 3841 6110 958 7656 5644
5168 6057 526 1070 1335 2557 5322
5169 671 1898 1905 3946 6310 6193 6492 4207 4082 4401 7147 7469 7969 2002 6196 7157 7025 7692 7693 8096 8316 8317 8400 8442 8443
5170 1200 2124 1160 1197 6846
5171 20 3829 2151 2780 3341 7659
5172 1194 1268 2299 2978 3060 5611 6669 6798 7052 7195 7583
5173 1206 6441 3344 3345 3330 5046 8252 8315
5174 244 610 5026 2200 837 898 4460 1949 6028
5175 924 3380 3830 6355 8338
5176 2819 533 1516 4281 4499 464 5275 5383
5177 3487 469 5066 1821 7551 933
5178 4390 4383 6732 1134 2224
5179 2725 2792 3105 4971 5909
5180 3157 4501 3785 7054 114 3461 7337
5181 7164 1428 4690 2580 3395 3603 5672 2918 6833
5182 1250 4733 5083 7509 1194 1540 3328 5761 6544 1095 1910 2061 2484
5183 83 687 1362 4733 5083 5580 5963 6493 7100 7150 7793 8387
5184 3418 6545 1817 4113 7238
5185 8401 468 3444 4502 4514 6422 4646 4276
5186 1971 1973 8032 2279 4707
5187 1955 3090 2721 526 575 4383 6431 6255 6186
5188 6979 537 4298 52 3959
5189 463 2969 4049 687 2205 4612 7898
5190 1588 1565 618 7244 3917 64
5191 1159 3947 5747 4957 6192 7286 8491
5192 1011 6038 1113 2202 6977 898 2368 6877 911 1098 1529 5055 2286 924 6878 1285
5193 66 896 3748 4036 6197
5194 572 1489 3831 3381 2782 3829 7445 537 3467 2976 7313 5048 5117 6432
5195 130 3557 4778 5066 5811
5196 4140 5553 1248 1784 3888
5197 6182 4340 5038 1910 5039
5198 36 350 451 2181 4402 4780 6303 7074 7280 7441
5199 1202 1362 1983 4861 3418
5200 2225 5691 3530 7344 36 306 5971
5201 932 1722 2207 674 4350
5202 1428 1589 2185 3845 3860 7191
5203 130 189 222 247 5392
5204 434 1928 2209 2645 5096 6604 7863 8314
5205 2121 2580 3510 1940 7681 2185 2254 2828 1976
5206 3587 4357 1599 3639 4060 5026 6638
5207 5747 463 6310 6193 6492 1118 502 7468
5208 4719 610 6942 222 225 227 248 345 457 7362
5209 1682 902 924 3907 4206 1757 897 4704 7138
5210 3377 5061 468 795 1228 6604
5211 5475 2299 4195 7027 41 5971
5212 4231 6456 705 1924 3765 7933
5213 1271 907 6854 4750 8384 2951
5214 511 911 1983 7534 8039
5215 7070 5339 6980 1234 578 5030 5032 6468
5216 3150 4156 3812 3560 4655
5217 5039 7371 5322 1613 2596 8071
5218 3 924 2375 7063 7064 4560
5219 1427 3161 1682 1604 5902 2366 5905
5220 3743 7649 7742 1200 5346 5056 6522 8467 6626 6800
5221 4957 7147 4401 7692 8317 8442
5222 5368 8251 1593 1652 1714
5223 1363 1204 5511 6165 7599 140 2185 6096
5224 3925 332 3528 2002 2674 5126
5225 171 5522 135 141 5066
5226 642 3050 64 723 490 1260 443
5227 454 4711 1489 2089 1754
5228 924 463 1250 1925 610 2760 829 928 2225
5229 3906 1682 532 4973 6284
5230 5611 464 3327 7802 3610
5231 926 3040 6356 6797 3250 6308 2260
5232 633 1311 1606 1797 2032 2264 2387 2876 4094 4276 5614 5674
5233 2738 8156 8234 1489 4917
5234 6310 4082 3444 7959 8277
5235 1160 2151 3723 5747 6311 6191 6192 4957 7923
5236 1847 7521 4143 4657 7041 2523 5164 2946 4008 7415 835 2129 4185 6660
5237 5747 6310 6312 6919 6915 4082 7136 7243 4401 7998 6290 8400 5237 8448 8482
5238 924 7188 6603 7818 8071
5239 633 3678 2193 500 17 1286 1969 2509 1221 350 77 3154 6312 1547 6310 6311 6309 1578 5628 2459 1018 7975
5240 3060 3658 6672 5956 7496 350 5672 2426 2713 7275 6834 1589 4940 5489 7907 4615 7906
5241 4936 5407 971 997 5314 6458 6608
5242 833 7313 7475 8126 3860 99
5243 4375 3341 233 852 2179 4088 6491
5244 1070 1582 2134 4927 5188 516 514 2967 6647 6838
5245 3073 6054 7428 2782 6975
5246 627 2416 67 519 687 2885 6891
5247 6282 886 3091 3814 4962 500 3773 489 3077 7003 5710 3072 3295 3925 7271 3510 6269 6271 66
5248 1365 2084 2746 6990 1364 5225
5249 5776 1024 6154 5368 8045
5250 652 66 1645 1648 5017
5251 1764 464 928 1590 194 4996 5019 5720 7500
5252 332 1228 2200 2853 5517
5253 3691 6975 932 2232 7541 4640 5634 6202 6255 8050
5254 610 463 5019 5200 435
5255 2155 3990 4602 6193 5786
5256 463 890 5019 1437 5367 7516 3046 5720
5257 3060 5019 831 2132 6997 7551
5258 2299 2300 4644 50 5721
5259 1208 3923 1686 2664 1576 6485 7744 5056
5260 5582 5031 2544 3019 5032 6539 3834 5030
5261 5747 6310 6528 4401 8385 8474
5262 2328 2610 7757 7088 3191 5685 7141 8061
5263 8410 8436 8450 8452 8482 4074
5264 3296 269 1333 1719 1823 5210 1115 6623
5265 2286 3925 7529 7162 6694
5266 8323 6975 244 5164 7146 6834
5267 1048 3284 4658 1500 7146 1833 500 7830
5268 2277 4252 1353 7551 1489 1174 2346 244 3440 5210 3560 1485 4084 7525 8354 7546 8410 8483
5269 3091 3814 1797 5199 1910 1217 1425 2368 6813
5270 4116 526 1285 1594 1882 4177 2012
5271 6310 6449 6528 6493 4082 4401 2033 4793 3643 6196 7157 6231 8293 5235 244 8065 8224 7277 7612 4163 8410 8433 7380 6604 7911 8093 8453 6334 6644 8471 8436 8451 8378 4074 6812 7068 8442 8444 8171
5272 4119 464 166 879 1439 31
5273 386 2134 337 881 6293
5274 291 1337 2929 2930 3401 6557 2273 6736 473
5275 1847 5164 7521 2132 4936
5276 2185 5621 4474 7799 86 4116 4615 464 8038
5277 6310 6492 4082 4401 7157 8448 8162 8088
5278 829 1374 2484 3935 4523 5413 7280
5279 4818 5026 693 923 1428 2938 5674 7197
5280 1477 610 680 2813 4482 5339
5281 533 7051 4096 7052 5344
5282 2625 3042 3062 468 1678 2439 2733 3797 8203 2484 874 8204 8351 5151 464 1613 1685 3061 6284 7253 2509 4179 2100
5283 2892 220 222 663 5975
5284 2623 2561 3120 5064 6095 6595
5285 8149 36 50 2962 5376
5286 1204 3274 5419 5041 2243 2265 4501 1205 5772 6853 1817 1910 2562 6912 4083
5287 1048 1056 7310 4732 1828 2333 1489 7551 827 5062 2418 2803 3004 3898 5728 3560 1148 2950 3009 3468 5061 5618 6857 7166 8382 5016 82 2224 3559 4140 6258 5058 7005 1378 8295 4089 6383 2519 4077 6560 3353 4866 1557
5288 3891 5916 7189 1917 5657 3799
5289 1632 5657 6360 4535 2200 7296
5290 244 1545 2816 3748 4531 5026 6264 6765 7033 8149 4689 5035
5291 2490 7857 2182 1776 6270 1604 5842
5292 2395 2580 1886 658 3978 6104 1156
5293 6592 924 3189 2198 194
5294 281 698 5655 2561 2919 6140 1861 7605 1613 2918 8023 1311 3215 3815 4618 5526 6044 8056
5295 332 1516 2444 5026 5081 2225 2141 2264 5852 1887 3638 380 2497 1858 6728 1428 923 3637 4116 922 392 1861 328 928 938 995 1425 3766 2226 3476 6181 5882 3906 2325 667 3455 8038 3211 6739
5296 1704 1428 1966 924 4800 1243 1363 1412
5297 646 1966 2904 3676 4339
5298 4290 4322 4285 4292 6516 767
5299 1385 2562 2452 6528 1822 4259 5732 4401 8049
5300 3744 189 2348 4276 8169
5301 5326 5554 1367 5955 3924 1156 2606 5956
5302 22 5217 5546 7555 7570 6186
5303 5075 338 3204 6431 6434 6611
5304 464 956 1952 4082 7254
5305 6254 5061 2565 7160 7151 1489 7954
5306 5535 6854 17 2152 3191 4476 6606
5307 1243 5727 6310 1452 3318 5209 6312 6311 6671 66 25 7243 7157 1704 4401 8321 6870 8385 8421 8471
5308 928 3639 2225 1589 5549
5309 3946 7692 7693 8287 4643 7975 8383 8433 8449 8093 8451
5310 2264 1599 5026 1336 8189
5311 13 504 2120 5621 6316
5312 4193 6500 6671 7122 7326
5313 6938 3720 3764 4038 8135 3763
5314 1410 7207 7525 1194 1540 3387 3638 4803 3637
5315 2686 3386 214 2887 3381 3959 4427 5772 7066 7640 7641 8321 2015 3060 4007 1280 244 3124
5316 1393 1821 2128 4015 6447
5317 1249 6340 4820 4894 7697
5318 1164 4291 4394 3004 6857 6055 6616 4071 2010 5114 168
5319 610 2002 4800 1563 1836 1966 4672
5320 2656 1249 2621 4735 3639 924 3482 4357
5321 831 2207 4450 2238 2972 4640
5322 1428 1515 1547 3510 7393 5839 4119
5323 1808 1999 2517 1160 8246 8338
5324 8 1847 2229 3138 6250 1093 4231
5325 3014 3312 4025 4579 5286
5326 2225 2682 3215 3677 4276
5327 332 618 1204 2566 1685
5328 639 3059 7592 3069 4464
5329 50 4710 7443 7993 7994 2240
5330 793 190 233 3405 5143 6281 6864 5819
5331 1516 4476 6496 6592 6927 7562
5332 56 1723 3698 5000 6264 1921 3923 2523
5333 5146 5002 3751 532 1141 6034 2713 4772 8315
5334 6564 6485 3453 5062 3974
5335 5569 935 1912 6040 367 5164 332
5336 3041 2002 3039 4122 7070 18 3417
5337 833 1489 3381 7160 6239
5338 3369 3929 4226 5188 5849 6073
5339 2991 4985 1721 802 807 482 3285
5340 634 1655 5492 2851 3056
5341 903 4026 4244 5167 8038
5342 3970 7238 7642 6347 8081 5384 7560
5343 92 326 4585 6397 8457
5344 1545 4281 5675 5839 36 434 3766
5345 50 1928 3677 3818 5464 5523 7246 7992
5346 3464 4996 5621 627 995 1166 2819 26 464 3176 8467 140 1428 5346
5347 1260 1593 3326 3374 469 1547 6432 6810
5348 929 5342 5376 5787 5377
5349 247 113 418 708 713 3575
5350 1011 2060 2513 2740 3675 4900 7196
5351 2307 1353 3391 5119 965 3835 1774 2620
5352 3930 45 691 1260 3377 4440 4847 26 3281 3820 4441 4442 5238 7401
5353 7195 7353 26 1516 1685 1817
5354 3703 4162 4952 5941 6530 6723 4951 1300
5355 3587 903 1044 4249 5082
5356 924 4476 4015 1085 1084 1547 6109 7800 4122 1887 7832
5357 1200 2418 3379 5292 7340 3004
5358 963 1786 2636 8032 8464
5359 103 2603 7748 8023 3092 1961
5360 4000 3807 3013 3806 4318 4324 4333 5590
5361 945 4369 7208 1723 4084
5362 36 463 596 647 1354
5363 5431 5662 646 1193 4154 7807
5364 8 1247 56 2634 6006 2313
5365 1899 4596 7044 5435 7477 8252 682 787 3599 495
5366 332 586 618 1420 3475 7694
5367 1280 2430 4084 4383 6047 7284
5368 5982 5133 8467 7676 1149 1333 2816 8392
5369 5852 1833 4232 5622 5671
5370 1467 407 3015 3022 4285 8350 2185 6431
5371 1200 3667 5124 6119 7551 3176 3217
5372 527 4125 1584 1846 3857 4372 2229
5373 618 819 1510 1599 2962 6592 36 4970
5374 6057 5915 6133 6179 4980 1734
5375 6411 1902 1907 8188 6603 6608 8060
5376 4422 746 1249 3916 4655 4733 4800 5569
5377 1613 4357 4441 4442 7676
5378 1427 3254 4105 4248 6186 6269 4530 7742
5379 1511 326 3936 5839 2121
5380 3578 6357 6975 6439 6504
5381 879 3855 6514 665 2414 7561 883 1848 5156 166 995 1139 2868 3191 6604
5382 5335 833 117 5808 5346
5383 3603 5221 7162 3925 8028
5384 66 1969 3676 1882 3946 6310 4082 7147 4401 7453 7715 7714 3444 3642 8293 8429 8452 8443 8442
5385 2238 4917 4980 5155 7536 7974
5386 1646 1881 5606 2581 2962 2580 2847 2733 2420 3710 3287 4987 60 5350
5387 500 815 1579 1965 6201 6408 8456
5388 594 1353 7044 7256 1086 7194
5389 5674 7353 4793 5019 4239
5390 3073 7428 2010 2229 4857 7712
5391 45 1092 6284 6496 7899
5392 6671 7453 7969 3444 8220 7138 8385 8383 8416
5393 419 2115 2381 3553 3555 887 2580 3510 3524 6759 353 7057 859
5394 146 550 5830 6470 7552
5395 817 5032 6236 2539 5019
5396 2712 7590 3351 4440 7359
5397 1832 2502 3843 6611 5622 1200 1784
5398 1586 4075 3227 2742 2843
5399 619 2894 1241 311 865 1524 2892 3203 4849
5400 7707 860 2646 5982 8022
5401 6938 3990 2571 3419 3277 3765 4784
5402 130 113 225 416 418 1289 2939 5263 6213 216 2892 2179 2238 3675 4490 1552 7084 4078 526 2143
5403 4903 3060 2418 5458 1819
5404 5460 6532 245 650 2488 3223 4379 8151 1056
5405 3780 6186 7113 1234 6187 796 20 785 233 5985 2007 8362
5406 57 1910 4059 5494 942
5407 5622 7313 4851 7475 7481
5408 1848 479 314 481 5005
5409 2335 2505 446 995 2315 3832 4599 7162 2229
5410 812 66 4379 2293 26 5148 6000 2266 6638
5411 6596 2620 5339 703 2915
5412 635 6793 206 4323 6973 3107 6061 6762
5413 4401 5747 6311 7128 6224 2312 1910 7691 8096 8316 8307 8448 8495 8171
5414 36 1816 953 3060 4274
5415 5062 1828 4140 4535 4079 5055 1422 3864 4866 1644 6662
5416 1179 1861 1011 5609 3147 533 534
5417 2957 1971 4908 5414 6034
5418 2668 3321 2962 3936 5218
5419 1112 2840 4075 4143 2797 2155 5915 3925 2153 3916 5030
5420 809 2033 2321 7600 7832
5421 2848 5748 6645 6314 1190 4369 6571
5422 457 6871 1073 2200 5346 5906
5423 2657 4585 1164 3440 1146
5424 66 468 691 814 1368 3822 3934 1092 27 434 4083 7612
5425 8038 6039 1721 2036 3255 879 2684 2717
5426 705 1644 1712 3829 6785
5427 5657 23 3374 5016 5546 945 975 4983 5704 3765
5428 3639 2853 4087 819 2805
5429 5577 2555 2086 5150 2025
5430 6926 7683 1011 5610 3042 2978 3060 2386 5647 1191 3090 3929 5188 6210 6943 1044 1157
5431 416 5358 216 339 5405
5432 262 3134 6592 6813 7457 5096 6468 6694 7142
5433 350 1682 4345 5559 40 8069
5434 66 468 1000 1640 1908 2484 3524 1910 4800 4140 4710 6186 4643
5435 829 1988 1655 1818 303 2849
5436 3561 5946 2090 3463 5756 7292 7510
5437 817 6399 3435 3917 7510 305
5438 2155 3147 923 2368 5060
5439 3811 1910 3858 5193 7230
5440 2185 1686 4347 5742 1267 2458
5441 2118 1682 3935 4811 6846 394 1174 5674 7703 5583 566 796 5056 5439
5442 1572 3705 7241 1160 2484 3640 4245 2998 631 6494 3654
5443 253 2868 3848 5490 2034
5444 2699 3731 5372 3009 6659 2155
5445 36 524 1139 1531 1675 3191 4163 4946 5462
5446 1723 5019 5026 468 2750
5447 3818 6197 3369 4404 166
5448 581 1260 1306 3953 2286 3787 20 4243 318 2846 6275 3909 1239 1867 3854 5062 1865
5449 5552 5641 7706 4781 5553
5450 639 640 662 1590 2185 2515 2625 3820 3861 5755 6764
5451 1940 5678 7162 5679 5275
5452 5893 7168 7967 2707 7968 4643
5453 1719 3730 3764 3854 3930
5454 7955 1004 1160 1847 4217 4717 5112
5455 64 2139 729 5588 6358
5456 6248 1196 1582 7475 8298
5457 7590 7601 16 684 2330
5458 4239 5203 1568 3541 171
5459 332 453 500 1910 4379 8023 2299
5460 1206 918 1584 1836 2561 2266 1435 350
5461 2338 307 1353 1519 2572 3829 5465 6630
5462 219 1513 1539 1894 2278 3035 4166 5363 5972 6242 6244 6744
5463 663 1455 139 189 1241 2892 5066
5464 6935 2646 4655 4432 5841
5465 5614 2013 4167 4441 5464 2490 7797
5466 3144 3161 3087 5472 3510 1435 6089
5467 6299 5032 1224 2156 445 8007 1453 5861 4828 5169
5468 1397 1216 2241 4600 3929 1284 1741 6275
5469 6179 118 3829 1239 3483 3073 7717 1865 4866
5470 2717 7094 5740 7995 8364
5471 1682 941 1540 2962 4862 6275 6282
5472 1317 1861 45 5200 5201
5473 56 924 2427 6772 7789
5474 5448 3338 3444 5929 6558 2378 2969 3227 4612
5475 4035 3815 4690 2450 6095 1622 7944 4594 4657 5132 8249 6979
5476 2175 1467 4002 3013 5936 6975
5477 3631 2028 6533 6846 8097
5478 1365 2178 3576 5319 5700 6078 7027 2919 7215 4676
5479 3483 3730 3830 4140 4896
5480 2627 3223 4996 5132 7875
5481 4853 7285 7347 3043 65 6967
5482 4071 3517 4384 4698 6278 3739 4321 2868 3838 7536 4319 7573 1433 2977 7672 3566 1084 3303 7143 6622 8301 308
5483 3822 1249 6130 5019 1682
5484 1602 2347 2769 7277 2452 3750 7406
5485 773 3730 1774 3105 8252
5486 6310 4082 4401 8448 8436 8378 7068 8444 8442
5487 2892 4609 6589 474 713 4138
5488 1201 2127 4655 4867 6360
5489 4440 857 7390 1118 7393
5490 3943 3582 1022 1617 3244 3925 3928
5491 8066 2482 2089 4175 1716
5492 6095 36 7279 7570 4612 5982 8395 3677 6810 7577 7742 7911 50 2205 3191 3236 4940 7656 3444
5493 1247 5026 5125 5579 5900
5494 3946 4246 5721 2181 3987 5145 6312 6492 6671 2185 2815 3730 3925 5061 6919 6309 5431 4689 1610 1763 1243 4082 4401 5236 7216 7551 7892 3642 8041 8075 8049 42 1139 3174 5866 8293 36 809 1497 3804 7356 1578 8383 8093 8448 8426 8162 890 5211 8438
5495 1234 2920 3558 5755 6730 7458 4008 2185
5496 1028 1923 3436 955 305 2868 3333 1489 7048 2365 2364 2713 6431
5497 1982 26 4248 4249 16 3511 1624
5498 6428 4543 6154 673 833 924 1576 3138 5754
5499 3003 2224 4393 7166 1833 8287 8111 7893 8426 7167 8486
5500 1141 2279 1844 6069 8222 3905
5501 928 1261 2819 3639 5549 5019 1374
5502 2189 4825 5871 1489 5808 500
5503 1723 3849 3857 6090 3707 5410 6385
5504 5621 165 552 1040 6796 6915 7437 7826 7945 7989
5505 1298 709 2917 4848 2043
5506 3731 2484 651 1178 4611 6007 6592
5507 464 601 687 6473 6592 8052 103 2050 3302 3889 4503 5006 7898
5508 2230 6415 6417 2185 7555 7556 526 833 2227
5509 1428 4314 4539 7144 4587 7547 7548 1429
5510 3676 464 5675 3924 1506 350 6855
5511 1261 1687 2924 5011 6665
5512 4140 1353 464 4151 1489 3829 4206 487 4751 6314 4511 65
5513 7298 7840 8101 8180 8361
5514 1910 2037 1201 3060 340
5515 36 7978 2395 6495 6740 1588 5568 3460 6867 1810 4373 5892
5516 750 2149 5070 5072 5154 6387
5517 6671 4170 7886 7479 7356 3373 8385 8383 8417
5518 326 3722 5132 4466 4194
5519 464 5073 6086 1192 2267 3293 6445 1127
5520 563 1272 2761 5973 7637
5521 1077 5225 3432 7375 2639
5522 244 468 829 924 2286 3027 5026 5132 5188 5247 5562 6282 5622
5523 3930 7475 7543 7274 6012 228 5346 5469 1878 1917 2976 3379 3764 6264
5524 5458 5459 2185 3538 6243
5525 1116 1238 2562 5921 5929
5526 2350 4495 6818 667 2580 3510 7115 8242 7840
5527 537 2976 269 1723 1367 3931
5528 308 1847 6095 3007 6130 8224 1286 1985 4554
5529 50 645 2826 2828 3925 1224
5530 149 393 2509 6264 6212 2834
5531 2464 3814 3800 3345 7289 1581 3837 4577 8023
5532 2996 828 1723 1367 3381
5533 4278 5657 1440 7005 4742
5534 659 2739 3444 5130 5621 5642 5737 6304 6461 6894 7081 7579
5535 1784 1832 2184 4622 3298
5536 4675 2132 4349 2345 2151 932 4739 6652 2221
5537 104 1304 2591 4951 6918
5538 66 4726 605 906 5071
5539 1032 6956 2569 2419 2869
5540 6197 1383 1095 5321 326 3838
5541 1462 1685 3181 6479 2046 2739 3205
5542 4140 5641 489 46 2229 5592 6085 6972 907 5064 6157 245 5642 1966 2725 5338 6271 8195 29
5543 8128 1485 622 1921 2390 6930 8196 8282 5265 500 6134 2972 1699 7345 8405 416 1000 2185 4650 6908 8488
5544 924 1247 1563 2688 5125 5259 463 670
5545 4957 781 7147 7969 325 782 8471 8473 8438 8474
5546 3612 639 5621 885 2185
5547 1847 2519 4337 6186 61
5548 1962 5747 2990 3582 6196 3642 1143 4401 6364 5235 7356 8434 8385 5237 4826 8449 7687 8451 8162
5549 1185 4862 1327 4658 7807
5550 171 692 1122 1295 1319 1705 2961 3945 7108 6666 5066 4007 706 2595
5551 2668 2309 1836 7649 3571
5552 2861 5019 434 5344 5365 649
5553 3340 2793 3925 1617 2488 4610
5554 4535 36 1734 3121 3707
5555 3765 3829 4407 6095 6431 705 2578 4851 5446 6379 1719 7933
5556 463 470 610 693 812 857 3213 3587 4549 7113 7390
5557 2953 4709 6852 320 704 1200
5558 190 431 1977 1437 3244 4711 7483 6187
5559 4398 4400 4255 6059 6840 3004 3003 6733 7892
5560 218 299 1200 7774 7949 8445 6470 259
5561 702 1467 7160 6252 7319 7332 6255
5562 17 970 1260 5346 6431 2063 4079 6757 1423 1833 7534
5563 2693 705 1272 1539 3595 3266 3867 5581 6186 3201
5564 924 3476 7738 2725 26 27 4083 4622
5565 1230 1836 1976 3124 6160 6351 7161 7202 7791
5566 605 4341 6739 2185 2289 3191 3759 6931
5567 5073 3105 5033 63 1861 7981
5568 1287 2543 7131 225 3873 408 5379 422 457 7615 8136
5569 4549 5971 806 2414 5170 6583 166 434 3817 6711
5570 4140 1817 1682 5019 7716 3435 6508
5571 6157 8286 886 2904 7105
5572 1836 3105 4529 4862 6473 7413
5573 4685 6448 379 6054 6252 4321 7743 7744 3005 3384 6258 1524 6051
5574 3306 5192 903 3493 4265 6988
5575 2170 4438 1836 941 6492 7466 8442 8378 8473
5576 8382 1625 1964 3105 3743 4640 5061
5577 2977 7819 7969 7794 99 194 4298 3804 8113 896 3019 971 4401 5026 618 4320 3060 1558 8220 4899 5736 2526 1510 125 4655 3673 4847 7995 697 8015 4082 747 7692 5997 8287 3186 8317 8000 2894 8399 4826 5237 8481 8185 1524 8478 4479 6197 8489 8505
5578 702 705 1229 1367 2844 4347 5152 6095 7040 1903 6328 3142 3631 4580
5579 8143 3168 841 1954 2759
5580 5125 4719 1589 3896 763 245 8140
5581 3087 2902 3267 4549 3276 3149 4590
5582 4364 5892 4249 50 819 2266 7144 7195 596 648 2034 3091 3189 6318 7239 7240 890 1359 4361 7979 7980 817 1617 3030 4610 5374 5539 6561 6592 6979 7022 8067
5583 1762 4425 4848 6039 2481 804 1785 3197 1725 2109 1578 3938
5584 5236 4780 6972 2484 3676
5585 1504 7597 7596 634 7598
5586 932 3379 6104 8194 7672
5587 2723 3798 2709 5302 7696 4672 3690 4717 7398 6908
5588 5017 6284 7490 4015 7621
5589 6745 4863 6082 4140 4349
5590 3869 6951 2177 6159 7234 244 1050 1067 1714 7092 464 1593 4116 4276 7032
5591 1682 831 1557 1912 2155 6096 7533
5592 6997 3415 4441 4442 5414
5593 3814 3091 4190 7031 1024 3233 6370
5594 4768 3769 4850 4951 1295
5595 39 1817 1995 2065 2748 7165 1683 5026 8217
5596 500 1861 927 862 6096 1858 885 4472 1667 1187 7169 8077
5597 4694 979 991 2229 2463 8273 2973 3270 1873 5057
5598 3444 4401 2179 8220 5401 4425 8287 1264 854 4043 8307 1489 8442 8444
5599 1830 2232 3355 4137 5217 7160 44 1489
5600 2056 3849 1642 1200 1367 2933 4051 2780 6258 7568 2544 3691 4555
5601 812 997 1428 1971 4224 4442 4450 5026 5246 7074
5602 2351 432 1882 691 19 40 67 83 687 1836 1891 3602 5019 6101 4797 3812 3310 6264
5603 42 1385 2185 4549 817
5604 18 1617 3191 6473 6604
5605 596 6269 896 7250 8043
5606 2673 1328 537 1021 1353 1723 4866 6095
5607 2155 3730 8411 3997 1768 7551
5608 5210 2184 6930 1423 1636 5552
5609 113 7436 1455 5358 663 6082
5610 833 3381 5312 6133 7689
5611 8457 7521 1917 5164 1075 1089
5612 357 6686 129 4901 125 127 2447
5613 332 1817 1970 3284 3937 693 3936
5614 1376 5748 3236 380 1559
5615 244 391 1541 1599 1767 5106 6326
5616 199 4091 178 2917 4506 708 2453 5575 5502 5975 155 4760 8184
5617 532 1545 1516 533 5395 2002 7911
5618 3845 244 2484 4733 6233 7294 2152 2668
5619 3857 455 456 736 1367 1723 2468 3954
5620 6611 6960 3829 1712 2545 3468 4580
5621 3346 4502 4915 7520 4362 4960 2324 3118 7444 3421
5622 831 1466 2780 5061 7551
5623 1255 6609 2423 742 6305 1971
5624 1193 1333 6222 359 1201 1815 2535 7710
5625 171 785 3375 4239 7084 7093
5626 2120 2791 4119 4276 7076 4411 350 7535 2156 5059
5627 74 6248 7243 7551 7819 6225 7639 5866 3004 5325 8410 8450
5628 7618 1817 4248 4689 5144 7620
5629 7800 7802 7523 691 7522 8120 8122 5201 5026 7419
5630 2232 1576 56 1367 4140 3886 3731 5465 5917 6097
5631 494 1523 6089 478 3703 2892 3490 3550
5632 997 1751 3916 6761 3915
5633 1455 113 2359 2229 864 183 1056 20 3857 3954 4817 261
5634 929 1516 1599 5019 1679 2935 3075
5635 3544 5672 3543 2260 6881
5636 610 1497 3584 463 4522
5637 7202 1151 2213 5891 7201 7501 3404
5638 694 1902 2933 3105 3829 5591 1267 2971 3583 3977
5639 1390 2238 2862 2933 3690 4020
5640 2037 2615 2575 930 3935 4747 2258 2035 1900 5318 4748 3940 4746 4138 3678 7836 4119 8211
5641 463 1861 917 3719 885 2299 5368
5642 3197 5631 2414 2735 5476 3647
5643 1527 2896 1106 1396 7427
5644 705 924 2706 5611 7100 1234 5308 5346 1151 6634 1912 3870 463 3468 6975 6218 2238
5645 1010 3541 4703 6034 5275 939
5646 905 3381 1350 1723 5000
5647 1777 5511 1685 6305 7611 907 1076 7705
5648 3130 2488 3539 7421 2557 2269
5649 2238 6782 73 4628 6131
5650 2505 7849 815 6008 7056 2034 6333 6334
5651 2713 1626 3572 4757 6194 6166 8436
5652 5703 7460 1428 6264 6988 2137 2739 4280 7461 4168 3142
5653 1833 705 1353 537 6134
5654 908 907 3921 3922 783 4676 3917 5672 7642 782 3918 1428 3357 6728 7113
5655 5747 4423 4401 4082 6195 6330 4414 7434 7766 7025 8442 8093
5656 1866 7551 6133 7279 2290 8258
5657 3925 1428 3587 2185 4683 2828
5658 673 2128 2815 5730 4935 6192
5659 113 416 5392 1512 1539 1643
5660 4276 7177 742 8071 93
5661 269 469 3381 3468 5634 7113 7322 7383
5662 5599 5807 3445 6716 54 7625
5663 2016 3386 2625 4649 321
5664 3945 4873 4951 5264 6723
5665 42 2794 5026 6264 3132
5666 230 5665 7005 4450 1604 1423
5667 7111 329 4723 39 2744 3231 3305 6388 36 7177 997 2284 4153 5868 2758 8182 2178 6599
5668 1975 2962 2969 6028 6561
5669 1932 2371 1262 73 500 1429 4479 5188 7647
5670 6150 4653 4655 1966 8383
5671 5344 2170 2241 2750 5047
5672 5467 166 1139 2993 827 1960 588 802 1108 3533
5673 36 434 3915 330 5730 5916 2218 2962
5674 1821 3947 3948 2620 7286 8411
5675 2713 924 5026 6642 6070 2849 5840 8066 848 2198 4478 6758 6873
5676 6570 244 5112 6090 6186
5677 5916 4880 2339 4920 4350 4987 7840 8250
5678 502 4574 2422 3683 5753 7643 2654 2655 4155 2845 7748
5679 4401 7147 4082 7453 7969 7715 3642 3214 8449
5680 4156 6398 1918 1722 3881 3645
5681 91 1723 4038 778 3137
5682 3197 385 1848 3171 3853 4237
5683 4357 896 1159 3587 2748 4503
5684 434 2962 6507 4245 5743 356 4951 222 4733 7113 139 338 340 4492 3640 5840 3576
5685 1644 6975 1823 6131 2207
5686 4218 6895 1961 6431 8269
5687 3415 4561 5034 938 1066
5688 1392 2944 6142 7378 7377
5689 434 1547 6284 7254 7878
5690 6297 7139 7265 463 848 4165
5691 468 911 924 2060 3925 4248 4379 4733 5026 5188 5904
5692 6833 2639 3306 3392 5798
5693 3300 3004 82 4318 5410 7256
5694 1385 4835 7100 1689 6317
5695 4401 672 2578 5273 5922 4857 3013 2706 470 8410 8443
5696 3641 3579 647 5238 8212
5697 5502 4369 473 7681 8468
5698 1702 1860 2816 2958 3149 7667 1374 5837
5699 66 2484 916 2871 7162
5700 840 3374 1723 2248 3730 3829
5701 2299 3736 3925 5573 3358 924
5702 3642 3644 1192 2610 7626 6188
5703 650 4228 2577 4296 841 3060
5704 2155 2863 1878 2238 117 1355 1519 2687 3105 2624 2581 2847 2742 4905 1389 3508 5786 3523 7146 4082 7551 6003 7758 3440 7819 7886 8295 8133 5465 8065 8484
5705 1267 4874 6584 3468 4369
5706 1864 3004 2950 5562 2608 7531
5707 673 16 1056 3090 4249
5708 5800 4585 4853 4684 2529 7938
5709 7712 3899 6975 796 3687 4369 4394 2359 6809
5710 350 1938 2727 4590 2918
5711 5178 463 5621 5916 2141 3548 1893 5414 8308 2625
5712 2578 5915 6100 6314 7938
5713 6690 6402 8251 6403 3262 6404
5714 2713 1600 4603 6673 749
5715 1648 4015 4441 5109 6178 1645 2678 7811
5716 365 685 1941 5396 7248
5717 3310 1491 2442 3341 4715
5718 2121 2403 2408 3706 4996
5719 2138 1904 1561 2315 3415
5720 2174 6752 3181 1965 2484 2951 68
5721 3377 3380 469 537 1911 2155 2238 6288 6624 6626 8348
5722 3866 7118 8080 469 2853 7432
5723 1812 815 2428 693 4401 814 978 4014 1933 7245 5308
5724 4603 5012 5133 7577 1413 7320
5725 6588 7540 7710 7752 1249 1250 1910 7154 5434
5726 3767 924 5621 5878 146 663 8184
5727 4294 4793 5187 5546 6877
5728 829 2439 2935 3461 7567 1516 6318 7188
5729 907 4703 4898 5395 5904
5730 945 1474 848 930 1368 1821
5731 3765 5724 6353 7023 2229 2694
5732 2189 2465 3181 4369 4980 5895
5733 924 36 2185 3818 7113 7425
5734 39 1838 3561 3574 4492
5735 1734 1966 2078 2658 4900 2580
5736 130 1660 5505 6212 8134 8159
5737 3499 3723 6310 6671 5786 8275 8278 8448 8449
5738 3238 36 1368 1599 5200 7487
5739 377 4430 2115 2043 260
5740 3349 7521 1353 2045 2846 3391 5731 6291 2238 3468 6727
5741 924 2169 3189 4710 5991 164 363 4886
5742 911 4286 6197 7280 4294
5743 6095 6604 6605 1511 6592
5744 2690 7713 4666 4994 6314
5745 2033 1619 7236 1055 5920 3546
5746 504 2135 2904 3847 7875
5747 840 8338 8366 4181 8408
5748 1072 3606 3774 5683 7627 7628 2396 3181
5749 29 3129 1156 2953 5669 7383
5750 3804 2610 4878 7187 5033 924 4549
5751 1975 2713 5558 6874 8182 8183 8200
5752 1129 540 1910 5038 5110 7154 7464 5412 6577 8023
5753 3925 1301 2894 7177 8281 6808
5754 556 768 1671 2093 2304 4556
5755 3814 6942 2458 3668 7031 713 2227
5756 3109 5306 610 1975 2264 2934 4420 4489 7162 7280 7457 7929
5757 2140 5204 1320 2154 864 6666
5758 500 2002 3038 3591 4027
5759 5026 1428 1682 3751 4549
5760 4134 4849 5075 6163 8016 8214 1682 8227 6917
5761 1707 1617 4933 390 1151 1556 7292 7579 817 2580 4713 1117 5891
5762 117 1200 2032 3138 3857 3885 3955 5017
5763 1115 1353 1924 2238 441 5060 5849 6095 2954
5764 6492 6946 7236 4082 7468 7145 4401 7147 3642 7157 7969 8434 5237 8093 8491 8162
5765 1671 4892 1324 557 1611 1338
5766 7376 4644 6231 5076 3423
5767 4886 705 1200 5056 4079 831 5728 2185 3925
5768 1942 4935 6385 1006 4445 5828 8289
5769 66 945 1524 1682 1885 2154 3556 5621 5742 6527 5276 3381 8023 3165 5469
5770 8083 1156 2155 2441 6657
5771 2045 3221 3379 4383 6829
5772 1428 1971 7107 5234 7283 5923
5773 7584 1428 3060 8189 2813
5774 66 204 499 3702 4043 4069 8106 5143 2770
5775 2854 4845 5177 1233 3962
5776 2066 1847 636 2409 3539
5777 7321 4277 6275 6783 8458
5778 1220 4008 4423 7136 25 448
5779 1200 6314 4960 6434 2624 3333 4140 8193 2206
5780 620 7819 3643 8470 7068
5781 3490 3651 2750 8315 6497 2639 66 475 2412 3735 3550
5782 2580 2755 7730 7736 7737
5783 2545 166 585 2185 6633 2103 5769
5784 1353 1367 2187 2418 2933 3923 5055 1576 3830 6434
5785 2244 2826 3277 3560 3765 3829 4231 4450 5689 6431 6475 6938
5786 710 4718 4148 4719 7510 7346 7962 4692 6101 463 1817 4246 3572 1574
5787 464 5019 1613 2885 4161 2179 4669 1324
5788 4756 1427 2673 3248 3251 7343
5789 1315 1644 2014 2623 2933 3150 3377 4784 5219 5857 6811 8024
5790 812 813 598 5224 815 929 8296
5791 1428 2750 4140 6028 911
5792 2803 3707 1136 2066 2605 1510
5793 1697 3115 3587 939 2619 3597
5794 4968 4393 7622 4902 4969
5795 468 4379 5464 6178 6959 7276 7115
5796 118 1589 3060 8311 2540 3065 5396
5797 4401 3780 8442 1213 7820
5798 415 1524 2256 6448 6749 7764 7826
5799 1917 118 1367 1821 1831 3740
5800 733 4207 4320 1752 3543
5801 3946 3947 6310 7468 7243 7959 4401 8442
5802 3201 4954 6957 125 197 7112 1108
5803 757 3327 3663 6350 1428 7287 7569
5804 522 2672 7746 431 190 4014
5805 6976 7162 1065 1125 5929
5806 3830 4140 5955 5956 2972 3829 5953 6923 3560 5055 5056 4711 6275
5807 618 1031 1973 1975 2170 2209 2484 5621 7676 3191
5808 1742 4476 4695 4379 5273 5377 5555
5809 244 899 1531 2390 3943
5810 228 705 1353 1719 7494 7604
5811 4535 945 6447 991 1204 1277 4347 5754
5812 2064 5414 7009 4082 4401 7438 7959 7819 8112
5813 4655 6311 6492 6920 4423 4082 4401 7453 8318 113 8162 8442 8444
5814 2277 5124 6094 7298 7016
5815 1949 2103 3533 1960 669
5816 812 977 3388 1529 1587 1844 7299 3189
5817 5906 2258 2336 8314 547 99
5818 5025 6197 4179 2059 7892
5819 3822 1681 86 922 1991 1529 6422 85
5820 5971 890 5031 39 1371 3552 7891 6509 3887
5821 5308 1018 2545 7556 7860 7861
5822 3587 2853 1869 2185 6096 6927 6813 3782
5823 860 1613 7503 6681 7390
5824 1631 1873 2153 5338 2101 3290 5643 6263 6517
5825 2072 2374 1548 1985 3663 5963
5826 16 5132 5285 1545 6494 6518
5827 5439 5985 7524 5759 6681
5828 3725 5786 2953 99 3105 4038 5062 7136 6924 8287 2089 3698 8496 8497
5829 5915 6064 6119 2280 7014
5830 462 2803 4893 5112 5751
5831 6325 610 623 1018 1712 8097 1719 3105 3139
5832 1821 3102 6310 5786 4082 4401 7022 7339 8094 7692 8317 7691 8448 1213 8492 8431 2976
5833 3257 4707 6319 6780 6487 3637 1682 5394
5834 5421 3117 5632 1547 2746 2962
5835 2185 4537 1639 6544 3684
5836 3934 922 4235 7411 8270
5837 4276 3241 3562 470 2644
5838 729 4300 380 1976 3413 1488 2792 3323
5839 2575 1232 6210 101 453 2241
5840 4442 1589 2619 1886 3055 3091 3814 4243 11 2471
5841 5570 3773 6739 6741 6009 52 466 6495 468 7230
5842 990 966 1394 6264 6537 6538 6793 7503 4942 5672 5929 6266
5843 7508 6264 7301 5592 7352 6085 7292 8084
5844 2384 48 262 1056 1489 1652 3227 3233 3353 3408 3560 3683 4980 6691 6453
5845 5401 551 1103 1295 3201
5846 2066 1847 4206 8094 7521
5847 2537 622 2551 4851 2450 7243 6385
5848 66 1588 633 7862 6376 6591 1188 2996 8137 2934
5849 2785 3440 5796 6810 8289
5850 2703 6975 255 4675 7415 3618
5851 489 534 2205 7928 4105 3417
5852 5621 1775 2484 5040 742 5041 5230 7127
5853 610 1637 3587 7033 7575
5854 6189 5786 7146 7136 7758
5855 1437 1949 64 1078 5148 2639 4793 5131 5133 5011
5856 2465 5145 833 6133 7573
5857 1612 1784 1832 3888 4161
5858 6222 2257 2646 7001 7298 8205 1756 3112
5859 2238 2933 3004 7672 1489 2777 8223
5860 1477 7301 3765 4148 7248 2462 4982
5861 6967 819 5887 6380 8240
5862 2288 2674 5621 923 924 6977
5863 7302 3608 7209 8254 8341
5864 6098 7093 8234 1442 5553 6887
5865 5214 1972 1976 2617 5224
5866 5473 4150 1604 4804 8037 1254 463 2121 2644 3782 3804
5867 2869 2374 3223 4379 4710
5868 6310 6311 7819 4401 6330 7434 5866 4414 8065 8303 7693 8316 8427 8434 8450 8453 8472 8473 8494 7068 8474
5869 3189 66 3290 5321 6858 7033 2176 3170 6979 5621 5745 6965 5056 1234 3138 6035 6784 8038 705 2238 486
5870 2037 731 7327 7280 5691 907 6044 3744 6194 6482
5871 955 1681 5511 3957 5439 5422 7787 7935
5872 1229 7974 3277 1712 3931 6773 7360 4223
5873 1506 6175 6854 6896 6902 5317 2181 6044
5874 924 1380 2185 5990 6030 6874 3342 3357 3358 1428 2706 8023
5875 898 1752 5201 5374 5375 6337 7798 8061
5876 112 1010 1740 1976 1063 6269 1653 6264
5877 5019 762 920 2185 2879 4499 7725
5878 4711 3560 6496 6336 2271
5879 1313 3929 4644 5188 6844
5880 819 5549 5583 6645 464 1817 6287 726 4179
5881 5864 8127 7675 8305 2185 8143
5882 8034 6164 3005 3689 6732 1723 3276
5883 1604 2685 519 592 2073 2876 2881 2908 6282 7300 3105 6130 924 6617 1966 4555
5884 3784 2643 1817 2560 4163 6310 4082 3756 3643 4401 6788 8434 7068
5885 113 2927 5743 222 5718
5886 2444 2760 5063 4906 689 925 3049 3339 7499 7553
5887 1880 650 4056 4199 6016 7313
5888 3751 8384 2229 2755 4802
5889 2471 1066 1067 1414 4933
5890 2753 3560 4914 6487 6730
5891 7805 1830 1833 2505 3379
5892 5955 4980 5305 4265 4458 6514 6595 7553 6262 3273 3852
5893 3039 4469 7246 86 7121 305 6236
5894 690 2872 6279 6336 7222
5895 596 2625 4646 6874 36 924 6381 7730
5896 2707 3838 3883 465 6398
5897 3438 5622 6549 1489 3829
5898 937 1210 1089 2452 4535
5899 8224 8208 8265 8266 8408 8501
5900 263 289 468 924 1286 1995 2137 5581 5930 1589
5901 4148 939 3146 3799 4190 4543 2951 4549 4276 2505 2670 4995 1042
5902 3888 2232 7005 7771 3004
5903 112 1139 1599 6837 6155
5904 5698 6769 5800 6264 5485 1980 5916
5905 1228 36 1249 2904 3215 4235
5906 1589 3881 3923 1456 1932
5907 1903 4284 5063 1581 3955
5908 468 1540 2484 2978 3060 3744 3822 4379 4710
5909 6311 6312 4957 8110 6330 7356 8283 8185
5910 2572 6517 3730 6616 7526 5282
5911 945 2637 5188 3305 3887
5912 5392 2635 1122 243 4939
5913 1471 3416 3561 7129 8025
5914 5149 4793 5183 2826 244 1238 350
5915 1034 3174 1502 2501 5935 634 5981
5916 693 2313 3729 662 1817 2646 4762 5621 7634
5917 15 1092 4483 3804 2000 1389 1655 3257 939 5275 1588 6854 3181 3574 5408
5918 1817 5069 7162 7475 7743
5919 569 6744 4174 2770 558 1889
5920 1392 2200 3073 575 5498 933 5415
5921 18 898 1285 3189 3212 3820 4710 7070 6799 2972 5188 1286 1817
5922 3668 579 890 1428 3357 3358 5835
5923 2931 7113 23 8234 1098
5924 6440 624 2236 5728 7588 7740 5230
5925 4401 3642 6196 3643 6195 4414 8442 8443
5926 463 471 2924 2962 4280 5376 8204 6950 5377 6592
5927 923 2995 938 5435 5621 6979 6009
5928 570 1275 3060 1544 3325 1212 3745
5929 840 1121 2635 8411 5061
5930 6446 575 3689 4960 4622
5931 5621 4523 818 2609 4501 8081
5932 4095 4094 5079 7327 1966
5933 130 201 3505 3919 5503
5934 6558 101 2241 4659 38 1260
5935 45 434 691 4165 5201
5936 3141 5610 1249 6096 7710 7875
5937 6541 1636 8066 1798 2566 3814 1030
5938 66 705 3930 4935 6152 5730
5939 2714 5289 2005 5967 5230 7322
5940 4991 7535 2136 40 4357
5941 2637 1563 6151 5760 6074 639 6441
5942 978 1056 4143 3408 3707 4842
5943 1588 6214 5840 42 464 1428 3476
5944 1022 1386 1426 3321 8168
5945 3002 7542 3999 7280 5284
5946 371 4427 144 3619 5764 663
5947 5841 7899 303 463 3476 4691
5948 1442 1444 3269 6057 3541
5949 1682 56 1847 1804 1700 3074 4622
5950 3771 8252 6346 1021 5055 6807 7494 2521 5331 6261
5951 2798 6568 6690 6831 6808
5952 1817 4122 6600 693 3215
5953 1151 2750 3341 1504 2441
5954 1796 3078 3876 93 3274 4372 4867 966 8320 4211 6529 3608 3637 3260 3076 5431 5555 1989 2622 4052 4323 6728 3320 5683 6267 7462 3611 6980 1804 85 1987 6147 3229 7149 459 2185 4940 7089 8069 4207
5955 4140 2147 6312 7401 7049 610 7926 6290 7243 3445 7969 3643 6195 8094 4154 8019 6721 8318 8421 8482 8495
5956 3497 1599 923 2437 6804 1709 7993 7992
5957 2002 2073 3670 4818 7310 1589 1046 304 2123 2264 7617
5958 7313 7475 7551 7781 8055 3997
5959 7027 7035 7370 2185 3514 8103 6181 7452 3576 5398 6350 6728 7311 8442
5960 2002 8090 2654 2655 4155 5187 8038 2001 7354 6073
5961 5513 3785 4478 726 819 848 1416 5839 5840
5962 919 59 3888 5956 5272 3188 3793 8224
5963 2769 2515 5511 5739 6321 470 519 2933 6194 6275
5964 1619 1723 2741 5155 6197 4507 2066
5965 130 151 153 161 183 196 222 234 255 256 336 340 416 3190 3556 3627 4245 5379 5504 5655 5961 7436 8390
5966 6979 3482 6816 6068 7943
5967 1573 2803 4035 7921 654 2204
5968 561 5973 6103 3819 1889 2093 2114 3867
5969 6158 8003 8023 16 1983 7841 2505 7953 1817 3782 524 924
5970 463 4809 8466 502 829 928 1475 1634 3436 3766 3936 5019
5971 5511 2272 3083 1060 2885 2261
5972 705 903 2518 3829 5266
5973 1832 2505 3871 742 2169 4622 3639 6312 6919 1961 5236 5395 5582 4423
5974 3596 4870 470 4833 4834 5653
5975 3744 2185 1018 3039 3539 7113 8038
5976 1682 7500 16 4105 2275 4131 4420 3288
5977 3508 7272 7550 2207 1924 1353 7334 1200 2467 2933 2596
5978 3444 2340 3445 4179 4119
5979 73 328 896 990 1861 1991 7300
5980 463 4474 5621 434 691 3638 5019
5981 468 3284 6298 6604 7231
5982 1367 4673 20 1949 5892 6028
5983 457 258 6049 764 2552 7482
5984 1065 1444 2598 3269 6499
5985 2428 1836 4706 1588 3049 4508 3191 1950
5986 7026 3597 5667 1658 6443
5987 1056 3379 5164 7308 1734 4445 8094 2402 2066 4206 6303 7792 289 5112 5018 7521
5988 1135 3898 4793 5174 7287
5989 4623 1489 723 2200 2723 2773 4350 6432 7005 833 4872 5622
5990 463 1682 5314 7380 7865 8022 8312
5991 1997 3526 6253 4073 8179 1489
5992 164 5432 6745 7095 154 6557
5993 99 537 622 2155 3560 3829 556 3616 2099 4980 5730 2946 4987 7018 2897 1244 3468 827 2915 1056 2015 8364
5994 43 296 982 4135 5096 5249 5950 6493 7756 1135 1153 1165 6616 2230 6161
5995 2185 2918 3860 7162 3834 7177 7882
5996 833 2578 3829 4140 2953 6475 8286
5997 1160 5101 1176 2229 5546 3910
5998 2663 1949 1910 5419 5622 1880
5999 4968 5474 2252 4400 4395 2703
6000 4820 1012 4733 6721 7752 6379 262 7639 8354
6001 3149 99 3915 3917 3928 6473 2152 3191 3916 4015 6604
6002 1412 2120 2514 4989 4361
6003 606 4223 6056 8066 1552
6004 3497 3130 4216 64 4968 2184 7160 4259 4243 4842 1870 2977 7969 8094 4401 8132 8133 8370 8394 8287 3004 8411 8478 8424 8436 4071 8330 407 8489 3022
6005 7551 8277 8278 5237 8443 8451 8442 7821
6006 2071 6009 6189 4957 5040 1540 7401 5464 7147 7468 7136
6007 1601 7143 5839 6524 7254
6008 323 5581 4881 3264 4943 3263
6009 1103 2452 1251 5764 6501 113
6010 3582 7162 3213 7088 923 3327 6937 1802 4823 8060
6011 1723 1156 1485 2204 2232 3829 5657 7151
6012 6153 1880 7885 1362 1850 3223 6482
6013 1486 3508 2780 5688 7573 7744
6014 4549 5621 332 463 5019 26 1976 5320
6015 3136 833 4294 5915 1608
6016 1910 1985 6692 4442 504 812 1613 2266 6854
6017 500 1574 3091 3149 3316 3604 5772 5983 3124 8460
6018 1200 4221 7146 3092 6171
6019 1524 4657 545 740 1272 4929 7091
6020 3090 7113 5308 4531 5055 2286 7978
6021 1348 7980 7984 1736 4620
6022 581 3432 3881 3863 4821 4857 4980 6630 6659 6202 6438
6023 416 417 2087 7325 7795 275 4992 6211 7364 6501 2314
6024 1630 1991 2284 2578 4980 1432
6025 4460 426 600 1169 1896 2535 3411 6478 7583 2235 7584 8104
6026 753 7862 7863 4183 5132 3060
6027 3107 4119 4583 662 6509 4402 4022
6028 5312 5636 56 65 8249
6029 3640 2484 8067 4833 8069
6030 244 697 1367 3090 3318 3444 4733 4831 5255 6694 7092 8336
6031 4179 4862 3060 7407 824
6032 3888 3007 2155 56 2950 4002 5182 4325 2812 7819 7319 4401 5866 7692 8096 8316 8317 8318 8295 6857 8450 8492 6523 8494 2976 8432 8354
6033 3497 6189 7758 7893 7819 8094 8483
6034 2538 3849 5313 1378 2956 8269 5307 8366
6035 5691 7798 7800 7802 3846
6036 152 213 215 220 252 945 1283 3185 4953 6369 6723 8396
6037 713 721 2894 2943 711
6038 4718 5167 5583 78 463 812 924 5083
6039 3587 7861 8023 500 2019
6040 42 464 814 1354 5677 5621
6041 708 3521 5791 257 1228 7463
6042 163 196 417 2359 4602 6046
6043 833 1353 2884 5622 1191 2908 3334 7428
6044 3447 4324 933 932 7783
6045 3050 4018 6105 6744 7390 711 3269 1539 233 388 3228 6281 4172
6046 5063 843 3105 3518 6314 1971 2185
6047 45 3587 472 4932 8383
6048 1966 5062 5083 7223 7464
6049 470 2289 1356 2853 350
6050 661 1426 5747 4401 7969 7975
6051 7940 36 8121 5056 7757
6052 1414 2057 667 6854 1697 3597
6053 3325 5026 470 2420 5840
6054 463 503 546 2271 2739 7860
6055 6310 924 7243 7453 7837
6056 1887 320 4442 1778 4280 1777 5212
6057 5686 194 1437 1601 1682 6348 7280 7322 8104
6058 6599 8403 970 6600 6605 3195 6604
6059 532 5162 4219 4117 4940 3710
6060 3072 6958 140 2324 322
6061 519 586 602 1336 3587 6264
6062 1500 464 5574 2883 7326 7468 6853 8360 8409 8494
6063 349 3560 938 4369 1723 1566
6064 4494 5132 1453 3450 4972 2257
6065 2541 2727 6350 3325 1130 1648 1129
6066 935 6312 6310 609 4148 4757 8287 1563 8416 8419
6067 1966 5385 6348 1165 1554 2272 452 7790
6068 2521 1022 3098 4025 1353 5063 1489 3793 4369
6069 502 3663 5450 6941 2289
6070 1697 334 1271 2222 6979 1738 1786 3572 3107 5030 5113
6071 4842 1920 4347 3353 5346 2155 1917 537 1921 5274
6072 3181 463 2668 7862 1836 2557 688 3676
6073 2416 4401 7925 8108 8292
6074 1710 5721 1268 2099 4985 968 1975
6075 4299 5439 164 1751 2705 7737 4459 6032 7762 1271 2019 3233 3576 3103 7738 2254
6076 4105 3797 4101 4106 3925 6544 7115 4856
6077 7750 7210 5167 4215 262
6078 194 753 809 2002 2226 4733 4816 6604 7540 7867
6079 464 752 1861 4492 3180
6080 1367 2704 4736 4739 2238
6081 1398 3084 765 495 4372
6082 970 3167 998 1027 5645 3539 5823
6083 6172 5800 5564 3930 6413 8237
6084 8349 4833 5763 3211 5598 7560
6085 1783 1784 3440 6447 1821
6086 1908 2137 2672 3715 7473 823
6087 3011 4369 463 1682 1750 5246 5346 7734 3138
6088 2897 3038 3710 502 7230 3307 8030
6089 1167 1186 1168 5034 6671
6090 57 58 611 614 5936
6091 2705 2301 3839 5190 3032 8239 8013
6092 85 1547 1139 7119 924 7189 5181
6093 6053 3188 316 5441 6987 3658 6165 3373 4681 6539 1078 2639 5622
6094 190 233 785 854 968 1913 5819 7091 8155
6095 3782 4362 4613 5418 5606
6096 2002 2505 103 502 4655
6097 1685 5721 1459 4644 3052
6098 4140 1545 5026 911 6094 4276 330
6099 350 2752 3195 3798 5804
6100 3829 5820 5955 5187 6095 705 4709 773
6101 50 2868 5218 6604 7802
6102 1679 1764 2439 5185 5186
6103 4424 2465 5112 5614 7696 8094 672 5577
6104 3315 5465 1257 5592 8382
6105 532 3181 3766 5053 3746 16 521 926 4116 4876
6106 3245 2261 4654 99 2894
6107 6872 7162 5188 4910 546 3572 3275 5614 5583
6108 1428 7646 3002 3587 7542 140 4015 2185 2705 1617 7579 8079 1547 3730 6353 2868
6109 1921 1200 2187 2229 2155 1919 1393 4857
6110 537 1723 2151 2155 1719
6111 829 1516 5019 7356 3395 8185
6112 1719 1846 2755 3731 6975
6113 228 705 1723 6431 6434
6114 2185 2277 4357 3814 2664 7113 4358
6115 6310 4082 7339 4401 7693 8096 8317 8442
6116 639 1590 1682 2185 4652 114 1459 2668 3280 5244 1770 1975 3917 3918 7260 36 929 3072 5840 7958
6117 1428 1548 2665 6592 3541 5129 5200 5201 5621
6118 1910 7298 7061 6756 8337
6119 3341 1460 5665 8366 441 8297
6120 2571 2740 2972 3930 6260
6121 617 618 500 2580 2985 3576 350 2423
6122 6535 7157 7969 7286 7688 7821
6123 50 99 332 832 1012 1045 1589 2120 2170 3284 3336 3479 3637 3638 3766 4227 5026 5134 5200 5581 7553 8023 8231 1157 6867 874 2918 3149 6884 4655 4689 4745 38 6603 434 815 5840 7056 7254 7899 6197 8408 5164 3327 4049 4116 5344 5899 7070 7501
6124 5209 17 3107 2514 3925 18 7177 2495 6603
6125 712 1228 2179 4150 5142 812 6494 7188
6126 663 1303 2892 5066 7917 7919 8376
6127 464 332 434 756 1217 6913
6128 4276 1200 5410 4853 831 1353 2238
6129 4636 1644 1937 3892 6587 7060 8249
6130 4745 3357 4419 4693 6196
6131 3313 7446 5188 5642 6219 3299 4881
6132 1160 9 1808 5194 1353 1200 4638 3423 674 3664 6479 3886 4524 8388 8389
6133 3453 3691 782 7125 1576
6134 2530 7080 7226 7273 1267 3599 5126 7312
6135 602 1111 1752 2766 2962 5377 6485 1262 2903 6197 2904 6325 532
6136 2520 2703 2777 3384 1182 3829 6258
6137 1910 2148 4852 5142 4472 5635 851 3540 7066 2761 4646
6138 1833 4600 7661 8087 5666
6139 7253 1335 5594 7280 5848 6545 4615
6140 271 6634 777 788 4091
6141 3699 40 5133 648 1023
6142 898 3465 6600 3639 8028 8194
6143 1846 3637 3638 890 2713 782
6144 2839 2172 3044 7197 8161 656 1437 5301
6145 4249 811 911 5674 7195
6146 4943 1506 2264 4359 5366 6188
6147 5083 5621 6197 7626 8003 6966
6148 3831 3829 5075 1999 1784 4644
6149 1763 8341 6545 8456 924 8251
6150 5083 687 3982 6316 5863 463 2380
6151 1515 3493 8038 6717 4276 434 5218
6152 1362 5171 435 6926 4022
6153 2418 2923 4600 7986 8233
6154 1462 2351 2514 3860 1682
6155 2066 2492 6652 1200 1444
6156 1991 52 2006 3756 3367 4119 6269 4534 4608 2803 3707
6157 1833 3483 4738 4740 4994
6158 3091 5540 6307 6815 1998 1641
6159 464 928 3213 6458 829
6160 1428 5923 1238 2726 6634
6161 1389 1132 2169 2646 896 8028 7503
6162 3294 3660 4008 5167 6791 6883 5480 1285 4800 5761
6163 1545 2969 3710 874 1431
6164 1506 2444 5674 7106 7489 8346
6165 3716 2185 3095 6118 5026 8340
6166 2217 2185 7681 7081 2090 5185 5570 6993 7794
6167 83 5999 3934 5026 8220
6168 889 3709 3974 459 5083
6169 2253 3385 6634 2787 1489 4144 5085 2342 5739 4301 6258 3222 1140 5561 586 2052 2812 3279 7284 4460 4753 2748 469 2072 2305 6284 4923 5513 4185 5517 3091 2137 3167 5757 4249
6170 924 4403 902 3719 955 596
6171 4082 3642 7157 8448 8449
6172 3379 3381 4866 6731 7903
6173 4324 4917 4924 5955 7941
6174 4292 2902 4188 4328 4399 7093 1505 8051 3782 2731
6175 1582 4251 576 2128 3239 4640 7895 3740 7384
6176 73 1581 3125 3784 3814 4838 5507 7371 7646
6177 1573 1927 3176 4804 5171 8111
6178 1428 1599 3725 3766 17 1243 3060 532 3284 3529 5314 5587 328 4646 3594 7468 2376 7049 7147 4401 2169 4082 7145 1574 5983 3912 2166 3294 7175 7969 5745 925 2944 3189 8061 8409 8478
6179 3081 1705 2638 3075 3514
6180 4706 14 1127 4227 3804 4867 5323 2309 3756 477 4927 618 7534 466 1817 2740 7409 617 3246 3476 7304
6181 233 784 5819 2180 3903 4452
6182 112 727 1459 890 2184 2578 6615 2977 2321 7995 2631 8356
6183 319 6078 5424 7976 3875 3860 5776
6184 4082 4401 7339 7453 7959 8220 7356
6185 2244 1353 1723 1755 3829
6186 1270 1271 2853 3668 1505
6187 4278 1289 2286 6465 4224 3787
6188 1099 3801 6500 1024 4985
6189 18 4122 5108 7076 7443 7602
6190 3130 2266 1263 6592 1764 3337 5793 1923 5492 6263 7562 5442 1588
6191 6258 965 3454 4716 5302
6192 4733 5570 3576 4693 7695
6193 2386 3541 5024 1941 939
6194 627 896 1056 1976 5062 6943 7203 26 1139 3803 5881
6195 924 6789 7884 4890 4554 1428 2264
6196 3042 6138 2592 3109 3837 6139 7079 5881 3346 3445 3916 1249 5045
6197 742 8017 8339 464 4260 7052 6931
6198 3798 669 7165 7642 1497 5436 4011
6199 2892 220 4126 4646 4853 7647 3945
6200 5758 6637 17 45 468 1260 5314 6592 6601 8007 8246 3971 18 99 3060 3191 5000
6201 3465 380 66 2309 3846
6202 2045 2574 3830 3910 5184
6203 2634 7206 7292 7847 331
6204 4456 3921 7351 1249 1477 4833
6205 5358 5986 7831 235 225 3873
6206 2185 1427 2750 6333 7292 7579 7664 5995 6494
6207 2892 162 3191 3925 8208
6208 7651 1835 2532 3325 5790 3803 1120
6209 3213 4785 434 4441 464
6210 92 4799 3135 2418 528 3924 1227 1354 2606 2206 5210 2976 1367 2605 3829
6211 1200 5957 443 2244 6314 1176 1825 1845 2755 4230 4140 5956 5998 6098 6431 6611 6630 1723 6434 1260 5000 831
6212 4252 537 4383 4396 4968 4969
6213 953 66 693 598 1752 6592 3587 4378
6214 1176 1846 1968 2429 2755 5011 1204 5442
6215 3719 464 3943 5940 436 7676
6216 1118 1128 1144 1373 3222
6217 1432 6975 833 575 5622
6218 5177 6935 1568 4592 2792 3960 1375 5473
6219 1847 2066 4622 1734 1784 2502 3888 6156 1821
6220 3467 2155 2463 2465 1877 2066 2238 7778
6221 693 1034 1497 350 2750
6222 1975 7175 500 5906 6612
6223 5269 154 130 8058 1524 3556 4566 6686 6767 132 5832 7608 4448 4954 217 5206 125 1103 129 7442 1295
6224 753 1485 4369 6328 8338 1142 4140 8386
6225 1966 2619 5325 3640 4161 4099 661 3171 777 4162 1292 1523 4951 6918
6226 1285 3814 3131 833 2685
6227 4280 5062 5996 6178 1178
6228 2730 3995 6078 924 2230 3189 3960
6229 155 189 1509 2087 3619 4567 7386
6230 5621 4958 7162 2748 1547
6231 4914 5721 7236 500 6534
6232 939 1600 3751 3612 3138 4358
6233 5312 6098 6119 6303 8338 4640 5333 7740 7554 2768 2484 3304
6234 2229 4629 1160 2803 6975 2305
6235 767 2248 4384 4398 7674 7817
6236 36 3112 5793 1763 80
6237 245 521 2185 2200 4531 91 697 935 1139 4116 4272 5238 7326 1861
6238 93 4596 2101 3930 4851 4936
6239 3677 4313 3480 3814 6690
6240 3803 1956 6017 6541 2750
6241 1346 1428 3820 3925 5434 7113
6242 1265 2395 332 2185 6739 7361 8151 4366
6243 4953 859 148 464 1712
6244 2956 5155 6887 3138 6825 6871 4350 5657
6245 595 795 2869 1152 2002 3095
6246 6854 1589 2170 5621 6399
6247 5073 140 435 1194 7002 7961 1759 3010 502 971 8240
6248 1862 3416 3258 669 7633 2107 6453 2194 2990
6249 1346 2235 3541 4485 6826 4072
6250 1260 2155 4684 5021 6432
6251 3957 350 1022 4277 5583 924 4219 4712 269 1353 7643 656 6544
6252 3090 5308 6145 5320 140 350 1173 4280 5933 6184
6253 929 2938 3766 7127 2868 3284 3536
6254 3188 5581 8272 1423 3381 4383 7996
6255 4733 4337 4562 6975 1762 5552
6256 1791 5026 6601 7249 7612
6257 26 233 1817 6750 7958
6258 66 3323 4969 3231 4646 4394 2712 3292 4195 244 4398 2068 2634 5581 2148 2166 5800 21 3293 3455 4116 3413 6391 4210 885 7538 4508 697 4024 3010 5332 4874 2653 8506 6304 8380 526 3090 7076 6732
6259 610 5414 113 130 222 6212 7110
6260 1505 1506 2185 1702 3887 5755 5901
6261 3922 262 6193 3528 5940 7147
6262 5792 1428 1427 2439 3609 4192 874 1376
6263 493 7390 1910 3545 6244 5724
6264 468 646 687 2484 7961 2680 6604
6265 1249 1026 3099 5582 592 945 5548
6266 7136 7758 7819 8113 8132 8295
6267 3277 6360 7978 3680 5048 2155 454 2015 7921 8094 5784 4276
6268 7189 3637 3639 7162 6459 7028
6269 1616 7216 8177 8389 8388 6517
6270 7339 2977 8429 8433 8442 8448 4074
6271 1821 334 1089 1090 3985
6272 1160 1833 1461 2151 1865 2687 5786 7145 2229 7893 7469 8220 3274 8287 8354 1308
6273 5367 1922 4116 6650 1137
6274 6248 3386 6460 1709 4640 919
6275 1120 5439 8294 5861 7737
6276 3716 2156 5525 4441 5765 7882
6277 1220 1864 6254 1209 3019 3321
6278 5061 1489 73 2750 6634
6279 2490 4440 5057 5751 7113 7642 8464
6280 463 1817 4198 3072 326
6281 434 610 1995 2539 6599 6600 816 1976 5019
6282 2061 5187 1201 787 6296 6178
6283 5257 1603 6310 4957 2139 6721 1454 5414 4082 4401 1979 7243 1562 1197 1784 7128 833 1489 7157 6006 6186 30 7356 8065 7286 8436 8492 7687 8368 2008 8442 8444
6284 350 1682 2561 5739 4991
6285 4798 6604 6607 6701 6854 7511
6286 7892 7893 3440 5210 7128 8453 8450 8419 8426 8442 8444
6287 4336 7005 3438 7999 973 7161 3713 5269 3361 2753 2145
6288 4152 2803 3707 2523 2526
6289 6633 2035 4972 4973 5091 6269 7550 3864
6290 3549 1488 1948 40 648 3662 1695 5212 5721 7048 7937
6291 2828 5755 6054 6494 6833 5672 7171
6292 550 4091 5358 3640 5075 221 144 715 6915 644 3620
6293 5906 37 74 1223 1936 6162
6294 3539 3372 1091 5751 6069
6295 5547 7396 7398 504 5760
6296 2225 6289 6884 7619 4140
6297 5066 113 136 202 751 4239
6298 4366 6975 1164 705 3468
6299 1463 2469 6377 6180 6583 5622
6300 3826 6212 1954 164 417 3525 464
6301 113 418 1290 3575 5075
6302 1723 1917 2245 3690 4644 6250 4216 5912 2534 3831 4140 1719 5194 2612 2657 575 1833 2028 2256 5016 5730 6226 1755 4980 5953 6202 37 5657 6442 6825 4230 6475 5917 5112 587 6706 6661 2768 4141 5622 4736 4739 5062 228 4740 4143 3886 1557 2153 1614
6303 924 2828 4948 5297 66 6226 1165 3327
6304 2841 5747 6310 6671 6919 4957 8443 8474
6305 1962 4114 5580 6112 7447
6306 36 2271 4377 6188 6600 6885 2284 4933 6473 2625 6592 6604
6307 1228 3044 3060 3993 8189
6308 2803 537 4866 1462 1575 1617 2625
6309 1950 1093 4608 6526 1312 1385 3587 924 5026
6310 1734 3375 1723 2624 4720
6311 244 1899 2026 5150 1949 5060 2238
6312 4179 5525 5864 6980 464 970 2286 5019 7800 8300
6313 1552 1784 1837 4653 3888 430 469 2933 3381 4654
6314 5061 1353 4949 1924 2153 5236
6315 4745 1333 6694 350 4249 3800 6726 2136
6316 2330 4106 5344 7113 1759
6317 610 2168 7230 17 5721
6318 5019 913 924 26 36 42 305 2271 3191 4249 6592 6645 7534 7900
6319 596 924 1026 1228 2518 3199 7235 7857 7858 8206 8298
6320 3003 3004 4002 5015 6250
6321 4421 2568 6197 6949 6690 6538
6322 610 628 1346 5004 5541 5417 4646 5026
6323 2839 5414 1228 2855 4442 5294
6324 848 1446 6399 7224 5486
6325 2580 4862 4179 2647 4683
6326 1234 4837 4802 7712 2229 2204 1849
6327 3408 5347 1489 526 1367 2155 826 4623 2238 4025 7340 7933
6328 5471 5642 8468 2200 3468
6329 487 5621 890 2189 2739 6972
6330 924 3587 6197 3617 7590 601 819 1416 2271 4049 4785 5218 5344 6603 6681 7195 2320 2326 2330 1613 8189 1496
6331 495 1118 1720 1899 2039
6332 7094 557 1338 1883 2036 3903 5819 7084
6333 222 224 340 3422 5163 701 4951
6334 1737 2189 1861 5415 5420
6335 829 1516 350 1841 500 7511 924 2484
6336 928 2226 2231 2368 2375
6337 5874 5447 2578 60 3583 1185 1200 705 1501 3859 6053 1489 7179 4324
6338 3896 6436 2410 3342 7511
6339 4280 5798 7880 36 489 602 995 3010 4301 5414 6911 6937 7390 7671 7948
6340 3491 812 1194 1249 1316 1676 1753 3539 5026 5167 7443
6341 2323 3499 3497 74 5786 7147 4082 4401 2977 8019 8421
6342 819 2152 3677 5198 6640 8007
6343 924 5538 6430 2289 245 1685 6931 1031 7292 6264
6344 896 2625 3925 4140 4206 7113
6345 7551 269 1833 3381 6618
6346 1039 3377 4496 7173 4111
6347 5188 5857 7113 325 1195 2673 2845 6858
6348 2753 3599 2047 5489 7930 6693
6349 1391 3699 6946 5547 7453 7969 3073 24
6350 602 610 691 4612 5198 5621
6351 673 3139 3177 3353 5248 7040
6352 5056 7742 5058 3779 5016 2972
6353 5193 3381 673 7313 7475 463 7474 3273
6354 340 416 3618 4431 5505
6355 946 993 1204 6090 6231 6186
6356 2229 33 7481 3098 6234
6357 1206 1250 2002 3109 3825 5193
6358 7059 2422 5526 2294 6984 896 5788 8189
6359 2963 4124 6501 4566 125 130 1295 5924
6360 6915 468 618 1052 1584 4618 5227 5892 5367
6361 3937 4130 362 6726 1403 1478 2494 6685
6362 6474 3488 2184 6154 7171
6363 1921 3179 6999 7717 672
6364 2002 2564 3766 4179 6869 7188 2845 5083 7769 2484 4710 8337 8379
6365 2250 426 1400 1362 7765 4878
6366 795 5563 3320 2764 5603
6367 530 531 1706 4986 875
6368 1427 3211 3231 3233 8490 8341
6369 770 771 7094 2452 6501
6370 6095 3508 1353 5953 5956
6371 5285 1817 1114 2675 4165 8130 5064 2484
6372 360 1446 3635 7535 7995 1600 2289 4441
6373 7358 965 1200 6162 7895
6374 1588 3883 2608 5978 5979 1966 2925 7982
6375 753 2155 2933 3560 5061 5346 5936
6376 6492 923 2179 6682 563
6377 5747 6310 4082 4401 8093 8474
6378 1099 4888 890 2972 5307 8220
6379 939 2386 3587 7507 5130
6380 1011 1286 1540 2288 2295
6381 140 2200 2893 5570 6612 8466 1437
6382 468 322 7441 7531 1141
6383 2580 1758 4122 5130 66 350 4190
6384 1427 5343 2670 7294 7803 1589
6385 3288 5470 1853 1950 2057 2750 6123 7185 6604 6717
6386 769 1889 1895 3616 3468
6387 2644 3810 4247 6194 2713 6309
6388 610 111 220 416 5975
6389 6532 4600 6722 5019 5026 8251
6390 2877 387 3613 17 521 636 3060 4164 4584 7115
6391 4270 5038 3480 7199 7730
6392 812 516 7142 1359 4020 7934
6393 2594 1555 423 6187 1265 6932 7676 1552 3091 6186 1407 66 3730 5989
6394 7000 1489 118 1154 3560 8324
6395 963 3811 5082 7292 8326
6396 4800 7932 8411 2608 8194 4369
6397 1381 580 5874 3924 4366 4491 6049 2015 2908 1421 4783 7842 4666 8411
6398 6833 3589 1168 3150 3227 1626 4056 4320 1887 7797
6399 4514 4119 4476 7524 349 5644 4276 8017
6400 7144 7863 600 1428 1991 4280 2904 73 697 7562
6401 1250 1378 3829 2226 3637 3120 7507 5130 5493
6402 222 225 290 346 4431 1040 1299 4157
6403 470 1367 1428 2155 2439 2976 4285 4983 5099 5915 6640 2499 3364 5599 6166
6404 1734 1917 5182 5210 2534
6405 1735 2222 2545 6979 7245
6406 831 7835 3857 4143 4637 1361 3043 3452
6407 7492 1374 3759 4006 8138 8139
6408 3493 3548 2710 3004 4399 6100
6409 328 3116 1900 5188 7177 6266
6410 2155 2163 4715 900 463
6411 3765 5344 7663 3560 6174 4179 2444 2238 6495
6412 514 2444 4116 6494 512 6544 618 2185 6634 7776 303 1817 6717 5366 3250 332
6413 1260 2155 2923 4054 1353
6414 419 2082 2115 2125 3551
6415 1524 1536 3640 5075 5837 7826
6416 945 2256 2244 6477 833 6197
6417 2229 3077 1200 500 5065 1199 5071 4795 755 3570 3319 1004
6418 6231 7555 7556 2644 394 2211 6186 1001 2305
6419 1642 2187 4369 500 5622 3508 5871
6420 71 74 2384 2780 2785 2788
6421 3267 77 1218 2446 4608 1019 7864 7860 350 8030 1425 4148 6037 8069 6818 938 6266
6422 493 786 3540 6244 2761
6423 890 4206 3774 903 1675
6424 8057 6166 6167 5604 4900 7483 6640
6425 148 213 214 215 1889 3913 6369
6426 3543 7642 328 3465 3477 7319 2320
6427 3301 6957 7746 181 3286
6428 2813 3888 5124 5298 5344 3807 7672 6560 1028 5414 7088
6429 181 4430 6419 7362 7826
6430 1135 3375 2153 4715 5665 6378
6431 2144 2619 7652 3570 782 4362 7156 5546 2002 5852 7105 3118 3210 4867 5612 6948 5421 4361 7191 352 4546 7760 330 5113
6432 5403 3405 3865 4827 5974
6433 1757 1890 532 850 911 929 1263 2062 2421 7627
6434 5743 5929 2452 189 1455 5163 164
6435 2239 6206 1804 2147 1234
6436 99 1734 4549 306 1636 4173
6437 833 4206 1444 3829 3105
6438 500 3572 5624 5628 2459
6439 4809 6394 6965 8263 3587
6440 37 3468 7212 5485 4980
6441 2155 5063 1873 1723 6322 6810
6442 1515 3364 3820 5147 5343 7127 2561
6443 4505 5598 3820 36 4276 453 2200 3069 4594
6444 1191 5417 6369 924 5344 73 3445 7510 7456
6445 1385 748 1613 6545 7489
6446 3917 5582 3915 3922 3916
6447 3723 3946 3947 5747 6310 6671 7136 8220 8278 8383 8443 8444
6448 2155 705 1723 1833 2207 2238 574 2683 5048 2694 3508
6449 1437 2708 7990 81 1185 2158 2384 2782 3005 3176 7341 7828
6450 2261 1050 1555 4846 5366
6451 3798 662 73 3510 5442
6452 556 1338 3625 2304 135 5066
6453 2806 3812 1588 26 6545 8309
6454 3044 5185 6725 4015 8469
6455 2155 3004 4575 4640 5316 6620 6202 441
6456 4102 794 3180 6358 3467 4283 5167 2207 4917 7005 8354 6230 7403 2873 691 7346 7407 4079 3477 8479 8330 1660 4919 2608 5062 5821 2124 2807 3343
6457 2230 7337 2299 2725 5473
6458 622 1649 1519 1573 6840 2878 1249 349 1315 3212 5810 978 3007 6885 5210 8233 20 6956 2976 6136 2741
6459 2763 5371 491 842 2057 2556 2484
6460 8042 2668 1428 639 8079
6461 1056 4643 5188 6210 3560 1201 4374 4570 5445 7501
6462 7162 8063 4804 8018 5301 2725
6463 809 3936 5840 7195 4562
6464 2155 692 2961 6288 113 7181
6465 705 1353 1833 3105 1367 1865 3829 6456 3184 6127 2620 1442 2704
6466 430 2002 4025 2599 2286 2289 6413
6467 1428 2264 5696 2707 2601 8028 3319 6517
6468 303 898 1201 1529 1966 4173 5026
6469 5395 654 857 4093 2266 2271 2434 4105 4117 4173 4474
6470 53 3039 6071 6194 6966
6471 3591 2290 5747 1552 6191 4957 6190 2185 7479 1874 7975 1836 2668 6192 6171
6472 3440 5866 4511 6186 2694 2989 3094 7093 4588 5139 578 8454 3009 6975 890
6473 2020 1966 2828 600 2309
6474 468 1836 6401 1604 4134
6475 602 303 1817 3476 4249
6476 1353 2157 2785 5167 6786 6834 5164 2397
6477 924 1367 2195 2739 4179
6478 2634 4855 8023 1489 2305 6975
6479 1687 2266 6284 7964 26 924
6480 2329 2136 3004 3013 3755 6197 6728 2700 8341 2343 6048
6481 969 5026 6899 53 811 2431 3635 4956 532 4105 3964
6482 2806 4053 2883 898 4118 3814 6603 8463
6483 443 833 4140 7712 5916 5657 6142
6484 1868 4857 5410 6186 3379
6485 3676 680 795 5451 2617 332 3586
6486 2060 815 2869 3215 4785 6592
6487 26 1137 1817 3917 5026
6488 930 3191 3325 3928 8200
6489 4995 3060 7191 1685 3915 3925 5810
6490 117 705 831 2155 891
6491 829 2439 3105 3509 1932
6492 6314 3560 3764 833 2933
6493 795 602 1122 2894 3492
6494 2378 1621 1894 2002 4465 5815 118
6495 66 407 1737 1341 916 3736
6496 1250 2974 4596 6739 1961 3397 4480
6497 1307 6692 1634 2760 5621 7011 7195
6498 2417 3752 4672 5025 5414
6499 2185 7804 6569 6878 7881 6893 636 6814 73 1428 1613 1850 4179 4227 5040 5308 5320 6646 6943 6956 7177 7676 7928 8356 8473
6500 136 2839 2964 3943 4344 5137 924 3757 1932 5478 3786 2795 6300
6501 693 2225 4015 6028 829 2271
6502 833 1200 1351 2229 5625
6503 1895 2114 4160 3050 567 2796 6281
6504 7654 4083 4623 5823 7744
6505 53 1132 6333 434 7671 1139 1140 4909 8005 2176 5321 2431
6506 1582 6786 6834 3861 4597
6507 1524 6592 6601 513 4940 524 509
6508 8005 500 2057 2532 1079
6509 2180 2561 3536 7084 4315 2253 2137 2266 3539 5235 6956 7865
6510 3349 1057 1378 1566 3304 1056 3303 622 705 3990 2987 2708 3506 4371 6503 3176 3188 6646 4055 3698 6012 500 4369 4857 2843 2847 6559
6511 1650 2867 3601 4196 8188
6512 6919 6265 8093 8443 8448 2978 8438 8473
6513 2846 1315 7005 4319 6618 4243 7639
6514 3676 3245 464 6123 6521 3341 646 4262
6515 4337 5153 7040 3560 6616 1716 4038 1260 1468 4980 6357 6433
6516 5312 5917 5955 6637 2286
6517 1707 1791 8023 1568 1973 2470 2740 4372 7599 2561 8099 8120
6518 457 6043 3557 3618 7019 867 8202
6519 1723 3137 430 705 831
6520 2155 4140 2720 7040 1644
6521 73 1018 1162 3806 2219 2254 3603 6694
6522 5141 5621 6933 4544 2733 1800 1173
6523 1817 6860 171 856 5984 3641
6524 166 639 3095 3895 6039 7561
6525 42 195 596 857 1817 2962 3476
6526 444 5747 6309 6671 7136 7339 7438 7959 7157 3373 7691 7693 8444
6527 403 2676 135 317 711
6528 1576 3691 354 4084 6854 4054 66 8186
6529 3004 6857 7819 8354 8059
6530 327 2639 6310 245 3925 5287 3921
6531 2550 2942 6785 1633 3730 5016 5577 6433 6434 5064
6532 6252 1820 2128 2176 3004 4324 5346 5456 5460 6055 6732 6857 723 1161 2229 2755 2768 3870 4650
6533 933 3779 4347 4588 4845 6303 5114 8328
6534 3450 3708 3025 5130 7875 7887 8085
6535 5045 6264 1933 3330 1347 2590 6786
6536 73 1991 3756 3837 4915
6537 4786 785 855 968 1966 3301 3757 3860 5815 5973 6930 7259 7292
6538 90 746 995 2015 4762 747 2964 3327 5120 1243 1529 2271 1545 2171 2745 648 504 2264 2181 896 2170 649 1372 6311 6312 2470 328 2752 3915 7443 4120 378 7469 3642 5221 6721 600 938 8221 2185 7975 7876 8471
6539 5498 7313 7475 697 4917
6540 2075 1784 2502 3073 3085 6880
6541 6945 2972 3374 3730 4140 7931
6542 1611 7337 73 7636 7389 5264
6543 5342 2470 3815 5621 2918 2919 3284 610
6544 2705 3003 4232 2787 2800
6545 6468 2668 5026 2828 1286
6546 1011 5968 2261 2750 3801 4893 7390 6269 2847 1041 3341 2933 8391
6547 1273 5039 5979 6340 821 6788
6548 3985 3848 1191 1489 3381 3560 4857 8196
6549 3553 3555 6994 3657 2635 5358 6915 7586
6550 130 160 709 1301 2894
6551 4315 4295 5032 1887 5030 5031 2832 5033 3925 4476 7028 6814 4242 82 3920 4646 3690 4383 6732
6552 6858 6859 1437 2626 4179 5242
6553 1723 4857 5963 7093 394 2155
6554 1983 7977 8286 5903 1364 3758 3404 3678 3957 6073
6555 1545 6808 8442 927 2853
6556 3751 1770 1072 4276 2668 525
6557 17 2656 5026 5621 7326 876 924 4116 1529
6558 1817 3814 4051 5621 7502
6559 555 868 3919 5778 6200 5997
6560 2306 2505 4035 3815 1846 2755 3669 3535
6561 244 6160 7336 2725 8023
6562 2141 5691 5735 6553 1846
6563 638 1617 1687 2185 4957
6564 730 737 2139 2812 2803
6565 2141 6926 5622 140 2755 2806
6566 2229 4140 5564 4670 7089
6567 7042 4933 7001 1272 6864 2292 851 1895 219 5009 4498
6568 6021 2040 2041 2635 5066 5875 6046 7470 8152 6033 6918 4907 346 4521
6569 3863 5916 2155 5062 6314 2708
6570 1784 833 4203 5432 1524 6767 2229 1911 2155 537 626 2133 6840 2755 1559 1238 4102 160 870 2963 247 255 1682 3640
6571 500 3327 4355 4116 6350 1552 1557 1969 7863
6572 7437 7607 2917 5067 3703 4520
6573 4035 2664 4191 1423 5622
6574 1691 888 4441 2147 2148 350 4442 5977 2853
6575 680 1505 2470 3803 6995 5175 7531 7642 8006 890 7357 487 7230 7409 8224
6576 5596 3501 574 1489 2683 2694 2809 2817 5802 6517 8019
6577 2770 4159 5519 2796 7372
6578 1910 4800 5040 5495 8045 5130
6579 7970 1746 2570 2747 7735
6580 833 464 3381 3468 6218
6581 2155 7813 8100 3829 5016
6582 1400 1734 2984 8324 326 6187
6583 1886 332 935 4718 8361
6584 5363 2027 7971 125 431
6585 1489 6255 2608 4988 5289 8033 754
6586 81 2409 6231 6440 5063 5904 468 4871
6587 2003 4265 1245 2005 4081 244 473 801
6588 5061 2571 2773 2602 228 2972 5724 4369
6589 924 928 2002 2374 3060 3766 7390
6590 6310 6312 6311 4082 4401
6591 945 5607 5546 7555 4558 5525 6979
6592 3697 245 2515 3393 6525
6593 2155 3379 3381 3468 6516 7093 8177
6594 1076 782 4991 521 1075 8200
6595 2261 4058 1600 3060 3146 7314 2260 2405 5141 3226
6596 1427 4646 73 3828 5033 5030 5031 3925 5034 5135 7498 1928 7396 3510 7907 3444 4412 600 4529 6873 5083
6597 5811 1194 3204 4529 5377 715 6488
6598 2725 2973 5188 7696 3598
6599 5552 1644 2846 5112 6260
6600 1447 1548 5420 7253 4482 5026 1545
6601 2922 3670 7852 7853 2535
6602 1528 2384 2623 4622 7672
6603 4588 6152 5793 7702 705 4190 4980
6604 3004 3104 4440 5083 5246 3283 6931 5266 5609 3046 4123
6605 1625 2708 2584 454 1512
6606 352 1089 1682 6094 7453
6607 1066 1467 2010 2915 3720 3807 5291 5439 7006 7329 7954 8238
6608 848 2266 667 1602 2271 2539 4057 2171 4372 2830 2226 4798 4323 836 1705 1139 5086 2137 6109 898 6050 7287 6154 5950 1446
6609 2688 6452 1066 3736 3925
6610 233 1237 3212 3867 5386 6103
6611 3186 3791 4686 6129 6590 7110 197 246 6749 173 1990 5975 3505 5961 172 457 7137 949 5988 226 7436 148 3348 6046 113 340 2115
6612 1129 783 908 2557 2904 907 6367
6613 6182 3105 4796 6198 4004
6614 45 463 599 2962 4812 5385
6615 220 1287 1666 4955 7532
6616 3669 4259 470 5075 6557 7018
6617 5351 7599 562 1682 2124 5188 3280
6618 597 464 468 2773 2780 2785 3587 140 2743 2751 7468
6619 1037 475 476 3654 7484
6620 723 4824 194 470 923 2831 5026 3090 1564 1932 2646 5019 7850 6207 7101 5963 6941 5271 6963
6621 4279 920 848 2460 2474
6622 691 3666 4620 5019 5342 4376 5375 5561 5513
6623 2545 4761 7076 8467 7397
6624 3227 5573 7655 2515 1682
6625 1436 5069 5341 5563 3336 8192 7873 7966
6626 5410 4000 7347 3778 1467 2482 4928 6626 6627 1308 3707
6627 2894 2892 7236 5063 1110 7208 1910 4082 7146 7147 7243 25 7758 4215 2105 59 2777 7544 933 2229 1806 5695 3444 7892 2977 2156 7438 7819 6224 3440 5210 6225 7128 3445 6195 4401 3642 7157 6853 8094 8108 7356 1264 8096 8316 7692 8317 8093 8185 8444
6628 1515 4155 2589 8031 4295 7419 7253
6629 3809 4861 6608 4116 6715 6603 6716 7798 1285
6630 6943 8137 4705 4898 7406
6631 5224 811 4956 4958 5366
6632 1683 2623 3060 3258 3735 6408 6452 7742
6633 1734 2409 2066 2624 3508 7872 1847 6131 7481 7744 6322 7903 2207 3381 1239
6634 5716 659 5026 5720 7443
6635 731 4933 2748 1278 1157 6161 6231
6636 938 3596 1425 2853 5658
6637 2586 1984 3004 3353 4002 5233 2385 2386 2387 4205 4295 5662 6857 6863 7220 7319 650 4287 2950 6049 7067 332 1220 1861 4294 8354
6638 470 697 2418 2484 4098 4931
6639 1817 2806 5218 1560 7619
6640 3441 833 6592 7197 469 5124 6458
6641 1588 2764 5492 3109 3756
6642 5095 1160 1833 4853 6227 574
6643 1489 3379 117 6434 594
6644 3467 3765 4038 4782 5479
6645 1262 5126 502 2853 3181 4280 7708 895 898
6646 1752 3378 6592 599 2271 2962 3213 4474 5218 6284 6424 6645 7254 7612 7913 8331
6647 607 1618 3628 2369 2484 4733 3346
6648 1249 1714 1711 4646 5019
6649 3639 7501 7836 8099 4357 4603 4689 6408 303 1995 4577
6650 3374 5062 7005 624 526 1154 3830 5346 5953 5955
6651 622 3765 3829 3830 8468 1510
6652 4599 3138 3321 5284 8264 7921 4116
6653 2851 2850 5030 6700 6967
6654 1506 66 1702 7162 446
6655 4572 4455 3916 471 8359
6656 185 197 1508 4863 227 416 1295 3216 3617 7999
6657 1335 3183 4793 2002 1815
6658 3018 1598 1919 2630 610 5384
6659 1782 619 4140 6584 4655
6660 6975 1266 2238 4079 4375 674
6661 1137 74 95 3191 3358 3921 7162 5735 7980
6662 6492 6671 6528 6309 4401 4082 3642 6330
6663 3863 954 1959 1815 3635 2232
6664 4501 7001 726 1070 3785 3803 5839 5584 5840 6758
6665 1331 7411 6188 7888 5110
6666 2505 81 5224 1950 2484 3099 3100 3101 3678 7169
6667 1164 1519 7390 7740 3099 4708 5197 8288
6668 4961 1966 4098 4649 6480
6669 494 2029 3865 5363 1773
6670 4666 320 1489 3407 3857 3186 3043
6671 7506 6491 971 2541 7107
6672 92 3707 4733 6397 6447 44 1821 2605 3506 1400
6673 53 464 1702 2431 1622 3191 7157 688 4681 7129 2778 6333 2831 5017 5759 693 1613 1617 3428
6674 1258 2120 3598 3800 4134 5296 7836
6675 4811 3758 4693 5692 7836
6676 1200 4407 2155 1367 4980 672 3073
6677 4020 2386 5622 2155 1712 3468
6678 8000 164 248 2115 4448 6082 6387 7365 7989 1524
6679 986 635 5621 7511 5386
6680 1247 4140 3829 3565 1327 5800 3326 8465 4206
6681 1428 5573 1657 7366 3756 4693 6478 7289
6682 30 416 6686 2132 963
6683 1836 4273 4602 5026 7443 7475 7551 8061
6684 3587 4282 6686 7417 180 415 1122 1524 4448 5282 7177
6685 2837 3829 3990 1978 674 2478 1680 6230 5443 5944 7160 7486 5463 7742 8233
6686 576 1485 2158 4383 6202 631 7546
6687 4264 2225 452 4514 5231 7205 7206
6688 314 3213 1479 1480 7054 7070 7127 8372
6689 1200 3953 1 1367 3849 705 1833 5915 6720 6729 8175
6690 205 2287 5936 7328 7806 672 945 1489 2741 981 2248
6691 4173 54 66 350 514 691 1065 1101 1529 1578 1805 1887 3075 3156 4116 5414 7425
6692 1000 5099 6956 5188 8038 7857 1947 2044 2385 2386 2758 3715 4341 1194 1540 1558 6287 6855 7065 7710 2419 4852 4173 5003 6605 5007 5053
6693 5477 2185 5880 4460 4710 5033 3925 7270 742 2385 5552
6694 2980 3060 4796 892 937 1574 1653 4608 5605
6695 1659 3820 4879 328 5773
6696 5026 6845 1824 1632 3829
6697 3451 537 2634 2060 3863 4079
6698 6865 4384 6732 4393 4369 1160 7040
6699 93 391 470 519 3143 4015 4852 5218
6700 767 1249 1910 2090 3223 4295 6217 7710 1250 4891 5464 6518 4173 18 4710 2155 3838 6027 7475 1617 1847 3645 6627 6924 7489
6701 1367 762 1489 2565 8094
6702 3857 6325 5055 3468 5590 4132
6703 3588 4574 4661 500 939 5737 5740 2978
6704 1428 1599 4376 1809 2271
6705 8194 8196 705 7931 8388
6706 462 3372 21 451 2600 7153 1949 7880 2438 6750
6707 354 7404 2187 1723 1812
6708 2959 5319 2283 2286 3974
6709 7762 1300 281 8435 2149 7470
6710 1014 1424 3223 3479 924 3806 3167 4733 4122 7090 4443
6711 3012 3013 3015 3004 7168 4988
6712 3167 2561 2651 3541 942
6713 3012 3015 6058 4002 4385 4397 7892 4389 4390 4391 6056 6996 4392 5697 5702 2703 2814 1134 2702 4381 4396 4000 5698 4382 4387 3004 6732 6857 3013 7546 3011 6164 6186 3006 7544 2773 2010 1200 1495 6709 3829 6660 2774 269 1310 2572 3468 3720 3730 6659
6714 244 578 1516 1563 1604 3231 3293 3418 3799 4646 5039 5040 4940
6715 4103 4489 4488 2205 2614 2849 8238 36 1376
6716 4869 7108 6979 633 914 6197
6717 3946 4719 5747 7998 8133 8134 8354 8414 8125 8432 8444 8474
6718 1833 705 3468 5895 8249
6719 2602 7671 753 5 650 895 2818 7271
6720 1966 4027 3527 1280 1679 7502 6798
6721 819 1546 2225 3639 4996
6722 451 3560 3930 57 1489 4369 7258
6723 3302 3560 7075 3138 3303 4317 7475 1485 2946 7474 8086 5063
6724 113 5075 5764 146 967 2894
6725 704 7716 3090 3444 5609 111 3676
6726 1378 1712 3863 5953 6621
6727 5208 924 3173 1617 1759 1947 2169 6115 1285 1758 2014 4828 7115
6728 4182 2378 3936 5839 5841 6758 5840
6729 1367 1378 1942 3073 5112 5731 6825 2151 3663
6730 4140 1506 3034 4440 4442 5121 1613 6034 1312 302 693 5017 5414 5621 7863
6731 2286 622 6570 3381 5619 1723 6825
6732 6283 2890 3374 4140 4917 5016 2976 2605
6733 3470 4666 7521 2905 3560
6734 171 217 6212 4239 6666
6735 3729 1922 2477 6173 2471 3292
6736 4145 244 898 3060 4327
6737 119 350 1193 1861 6365 6758
6738 2289 1851 2480 3894 4985
6739 7534 305 3436 6235 7292
6740 1474 1529 3005 1262 8059 6788
6741 1197 7541 6840 4790 2703 6832 7350
6742 2906 6533 708 3640 713 2902 1682
6743 1060 186 4203 1241 125 548 2635 4204 5094 189
6744 2256 3043 1917 2534 3150 3924 4857 5955
6745 1711 3387 7700 3372 7085
6746 1699 5346 18 3765 7852 4119
6747 5622 6314 6133 7445 6975
6748 1217 2739 1818 17 1316 6600
6749 3978 502 5019 3363 6534
6750 3348 7786 340 1289 6971 7305
6751 468 1515 4122 3090 4644 5032 7485 1148
6752 3039 526 2780 3423 2785
6753 5026 3639 5485 4224 2435 4116 4996 5113 5322 8122 3663 8119
6754 1121 6399 7503 7878 8396
6755 130 222 240 6448 125 189 1304 6046
6756 85 3519 1817 2353 1624
6757 795 2523 2755 5062 8019
6758 64 705 1160 3090 3629 3764 3909 5741 6097 5967
6759 5243 6150 3223 1900 8358 1529 4786
6760 1817 1589 3222 5598 4785
6761 222 283 417 3551 4563 6515
6762 1428 4357 5321 6675 6676 8194
6763 7280 5843 6282 6926 350 3501
6764 1666 4955 6918 6936 5941
6765 1505 7670 896 2444 6555
6766 851 5815 6868 3122 8273 6444
6767 90 598 1956 5019 7124
6768 3524 2507 2371 5525 505 2803 3707 6482
6769 4711 6857 7415 2703 4002 7416 3004 6186
6770 923 1617 1795 1793 3563
6771 468 2200 3719 6604 7127 2002 441 2238 6140 8310 8311
6772 66 3814 1613 464 946 3091 4420 4519 4719 4990 4148
6773 5298 5512 7463 4407 303 468 3008 4276 4355 8464 4862 4597 5136 7927 1949 2613 5510 6177 6295 6520 6536 6778 3179 4962 6176 6548 8383 8020 4462 8257 4606 4966 5511 6174 7444 7519 7520 7568 8062 8375 1026 5321 6604 6986 7980 8247 6539
6774 5577 3560 4666 507 3457
6775 5259 4603 4734 5680 7282 8052 8309 7860
6776 1439 4793 4812 4965 969 8264
6777 7865 1805 1589 6363 1363
6778 26 738 475 277 3550
6779 3587 3372 4249 5414 3476 7559
6780 477 3218 857 6941 431 4888 4136 883
6781 1170 1519 3499 3947 6492 6946 5747 7453 8410 8411 8450
6782 673 2305 4286 6715 2828 5793
6783 1908 1966 3054 3871 4644 5621 6400 6721 1500 6461 958 5414 3132 7528 612 7106 1394 4823
6784 2894 1304 3185 6212 6418 6490
6785 2326 3341 7523 907 1280 4060 2232 2887 4383 6270 1024 1846 2331 4503 5982 7597 6924 924 7978
6786 3468 7208 826 2903 8358
6787 3181 7475 3611 5131 7086 7474
6788 971 6967 4599 890 1545 1682 6740
6789 2368 7113 7231 4280 2625
6790 468 3479 3539 4460 7140 8042
6791 2152 4379 5583 6956 6972
6792 4960 7079 7446 5323 6344
6793 39 4718 8195 4148 7260
6794 1372 971 4190 6679 5526 1341 6356 6353 4505 3236 4612
6795 3621 6069 3026 8336 518 8250 888 2908 140 504
6796 8039 5899 6074 8188 7583 8044 1589 8232 3799 6202
6797 3149 5191 4583 3267 3107
6798 4583 6215 8466 2984 2396 602 7836 2557 3706 4276
6799 6854 1574 463 500 1861 3321 3943 4444 2315 3060 7709 332 464 2962
6800 1589 4179 7836 5096 7632
6801 294 336 6854 1214 3539
6802 2792 4316 3818 4749 6370
6803 1200 1367 1723 1616 2187
6804 1664 2358 1299 8152 185
6805 4445 8375 5755 1250 3510 4340
6806 705 5917 1353 1378 2534
6807 7792 1161 2153 2956 1160 2755 6276 3588 5286
6808 498 771 5617 556 1338
6809 4678 7235 5826 6618 6688
6810 1836 1910 1249 5062 8311
6811 4955 4951 3208 4952 859
6812 733 745 969 1262 1952 5317 5877 7237
6813 74 6310 6492 4957 6671 5866 8065 8244 8400 8442
6814 1585 2840 3690 705 1833 3374 1924 767 5016 2238 307 4331 6857 1239 1847 2056 3101 3560 4650 5465 6517 7006 7546 8177 8179 2933 3138 7903 8249 8348
6815 2278 6243 2484 6325 4857 7971 132 431 854 2116 2812 5167 6846 413 2667 3197
6816 1784 5629 5364 5776 7149 7098 8189
6817 4633 326 1592 3730 3829 4197 5031 5409 6538 7213
6818 3372 5188 5187 7145 4082 4401 7551 7758 7893 3444 7819 3642 8360 7975 8410 8409 8450 8451 4074 8448
6819 5829 6723 948 5832 1665
6820 3257 2708 7225 2803 3056 7285
6821 3384 7340 2903 2971 6258 6442 7936
6822 2934 3582 4419 4456 4838 7462 3091 3814 1842 2724 3637 3638 995 1520 1900 3922 4574 5209 2185 3676 7547 4644 7172 938 3331
6823 277 297 419 548 1103 1122 2892 3186 3945 7146 7617
6824 468 4710 829 4441 36 6965
6825 591 4230 3020 4142 1902 4924 2155 1267 2445 4658 3447
6826 945 416 8297 1251 713
6827 5506 66 4730 5073 6284 4116 1087 328 194 90 334 303 5624 3233
6828 3136 2113 4624 8411 1636 5159 2608
6829 3075 3311 5440 6847 5583 3825 3323 5857 5880
6830 1841 3284 1877 4357 1861 1802 2386 3663 463 955 1809 1817 6423 812 4249 6349 4165 5110 5300 5883 6494 1976 874 2230 1858 2819 7190 7500 7501 7514 7503 2625 6534 3942 1428 3091
6831 705 767 2890 4859 7248 3829 5465 6186 2238 3886 4872 8177
6832 1327 228 2687 4701 1423 4736 1868 8193
6833 1200 6707 1027 1997 6355 4940
6834 1414 326 1488 2430 5346 1495 2288 3361 5994 5596 2440 2747 1467 3341 5019 705 1261 2155 2750 6989 8128 6677
6835 6310 4401 4082 7998 8244 8450
6836 1593 1817 2444 2485 3476
6837 306 468 500 610 612 4951 6046
6838 463 895 4122 4280 5047 6023 6264 7220 8358 2286 5218
6839 3946 3045 5747 6311 6309 7339 7469 4401 8220 7434 7766 8383 8385 8442 1213
6840 2058 5971 1391 1870 2099 4644 5064 7376 1022 4990 6856
6841 2087 7325 811 4314 997 625
6842 2074 2265 3417 4372 1097 5414 4785 8179 7534 6560
6843 5630 2853 6634 463 898 1224 6130 646 1249 2484 3090 7508 4838
6844 3964 114 487 634 639
6845 3285 890 3783 244 468 697 812 2849 3321 4971 111 7534 6509 1221 1604 3091
6846 5840 390 5677 3213 3215
6847 7391 5109 7560 2750 3682 6986
6848 1910 5020 5464 6473 557 5009
6849 2504 195 5621 4276 3417 3587
6850 2430 4522 6758 5839 5840 5841
6851 1682 2286 2561 5877 6228 3766 6813
6852 2139 4015 5218 602 970 4163 4165 6473
6853 833 1437 3254 318 2224 3280 3493
6854 2229 4802 5062 5498 6395
6855 4184 6600 8383 6605 7797 8222 8240
6856 1154 2200 3003 3689 4369
6857 938 1910 3872 2665 6956 5838 2126 7489
6858 1837 5124 3100 4625 6887
6859 435 6310 6492 7551 8094 4401 8220 1492
6860 1175 1782 5788 3068 4366
6861 6997 7408 7506 1685 7510
6862 3719 140 1437 1520 3037 4440 4441 4442 5213 6943
6863 5304 416 551 3204 711 1122 1304 2891 4850 6914 2635 7132 5764
6864 1056 1489 2750 5326 7052
6865 575 5915 6975 2151 2584 5308 6202
6866 3004 5062 6100 2048 3353 6857
6867 2635 5358 130 5356 5361 1524 396
6868 996 56 7686 16 38 4533
6869 1206 4179 1389 1655 610 632 7818 8240
6870 896 2168 821 5839 5840 7195
6871 2441 2442 4822 5124 1910
6872 6253 1847 3201 7095 7418
6873 4822 504 3073 4140 3587 3928 7281
6874 4497 6975 3560 667 2903
6875 4156 2653 3149 1089 1234
6876 3814 40 513 6604 6956 8490 3233 2748 6600
6877 2918 4345 6228 7292 7600
6878 500 359 361 7939 3319 7007
6879 3499 3725 3947 5786 8019
6880 5382 2484 3174 5019 7189
6881 2975 634 636 1514 1543 3607 8251
6882 4559 4713 2015 5611 5134
6883 2025 7755 429 5819 6103 7972
6884 3073 4904 3893 805 3485
6885 1993 1056 3105 4860 7551
6886 5066 185 189 242 128 248 278 711 3216
6887 2550 7463 2241 4065 416 1249 4042 5206 7325 3511
6888 1763 4355 5735 6198 7374 7119 7763 3019 1702 5727
6889 663 2892 3201 3359 3874 4953 5066 5358 5403 6969
6890 1682 8383 4800 6323 7106 7516
6891 5764 6888 6894 200 215 2059 551
6892 2665 6951 7053 4786 5807 3678 5750 6534 7390
6893 4666 4332 3864 4588 2999 8366
6894 2185 2766 596 4200 7162
6895 2837 5009 3829 3830 3925 5224 5443
6896 1368 2118 2126 2141 3766 2225 7039
6897 978 4711 5928 118 1833
6898 1200 2155 5465 6611 6975 4655 1361 1367 1755 4844 6887 1353 3094 5060
6899 2185 6439 8198 1140 2732 7671
6900 4082 3050 3800 3892 4410
6901 1870 4650 3005 1712 1719 4116 6659
6902 795 2033 2299 2300 896
6903 2723 3909 5496 6932 7173
6904 2821 6162 1712 3391 2161 833 3667
6905 1108 4610 5377 6207 6424
6906 753 1255 1589 918 1428 6009 7397
6907 3587 7339 2185 3313 3111 6422 7907
6908 8 1632 2956 1583 2947 6344 1406 7184 6975 1200 3379 5159
6909 6744 5519 1539 5819 851 2077 5815 493
6910 4715 7599 4549 7590 953 3477 7461
6911 2121 3078 4119 4419 6615 3107
6912 3587 924 2185 3075 5367
6913 4622 3990 2823 1200 3997 60 2862 1343 6782 7968 3374 3979 8115 1814
6914 3829 3931 1406 4720 3317 6378
6915 617 3254 8126 6319 5275 8240
6916 673 671 2704 6975 5328
6917 6967 470 829 1589 5863 7451
6918 464 639 1378 1497 1734 1996 2608 3898 3930 4369 4565 4980 5719 6660
6919 1063 3946 5747 6310 1456 6309 6264 7136 3602
6920 4713 130 189 222 7260
6921 1428 6867 7579 5621 3989
6922 819 1802 2444 2145 1428 4270 4683 5678
6923 4240 4441 4442 5055 2295
6924 3971 4167 6933 18 1194 2152
6925 598 2136 2962 6716 1122 3824 6102 7112
6926 3387 2631 3070 3638 5996 7162 7870 1817 4599 5188 5839
6927 171 711 3520 5282 5166 6211
6928 833 1694 4401 4082 7969 8270 8088 8438
6929 468 1896 3539 5083 6956 817 2097 2625 4618 3227
6930 3440 5327 1489 1829 6003 244 7333 2972 3447 6077 6774 2976
6931 1130 935 5451 6479 5230
6932 2155 4038 6611 7788 5622
6933 646 4252 4255 4379 4399 4400
6934 3077 5685 3594 3609 5683
6935 575 2089 3748 4053 6166 8207
6936 1723 5015 5460 2063 3689 8348
6937 6310 6191 2750 4082 4401 8421 8451 8448 8444
6938 5012 2145 2597 2832 5085
6939 2389 2392 2393 2945 1570
6940 1506 1489 5296 1908 2828
6941 1584 3766 39 1976 1092 5177 2185 1032 1547
6942 633 4688 2621 1949 5026 2611 4440
6943 1604 6099 36 470 578 2286 2386
6944 401 669 190 854 2032 1773 1899 5922 6732
6945 705 1200 2190 2939 99 2740 5622 5915
6946 125 225 227 5358 872 184 6914 3190 3204 5356 5504 6515 3873 4993 152 198 3185 147 222 7711
6947 275 457 949 7436 7949
6948 7146 7136 7145 7893 6314 6535 8477
6949 1966 4416 781 3211 2299
6950 1831 634 1045 3602 4702 5414
6951 320 3438 5296 5322 6717 6877 7577 8405
6952 99 5063 1723 1160 1161 4231
6953 3638 2770 4159 5138 5812
6954 2868 4828 1191 7230 898 1193 1428 4122 7107 504 6750
6955 194 1816 1312 1817 2938
6956 896 1588 3815 6088 6462
6957 2680 16 2073 3820 7156
6958 1428 2097 2169 6649 7489 8405
6959 1238 1176 618 469 5062 703 6864 7259 2030 3971 4442 5366 6634 7847
6960 4940 4862 5468 1743 2378 4574 6284 4974 7757
6961 4547 995 1682 2819 7962
6962 5747 7551 5784 7145 7892 4401 4802 7691 8096 8316 8318 8411
6963 2791 1903 1953 3091 7560
6964 8458 4164 500 3475 7142 7187 8383
6965 73 938 1428 3766 4083 6000
6966 2703 6383 4398 5399 6231 945 4188 1249 3007 3514 5590 5927 2183 2185 7672 6378 978 4208 4399 7415 7742 1793 4002 4394 6440 7545 4753 6996 8337
6967 1279 1669 2717 3850 7126
6968 4652 5208 1246 924 2385 2386 2390 3330 8467 8309
6969 2135 2544 66 2133 3834
6970 3725 3946 3947 74 5747 6528 4401 2185 7286 8410 8436
6971 2580 4360 4614 6151 4961
6972 2484 3149 896 945 2306 5178 6187
6973 30 2418 4503 2229 3176 1349 4347
6974 7639 2705 4286 4293 6074
6975 2484 5100 6096 5271 6044
6976 10 3816 5953 7673 1735 6186
6977 1600 617 1602 4357 4442
6978 896 2181 5557 6197 985 2603
6979 1586 1719 1154 673 1200 1633 3560 6975 1911 705 1723 2229 1260 1833 2155 5621 1308 6432 3730 3379 6027 7843 835 4038 1353 6 677 3854 2147 2153 7609 2101 3009 56 3796 753 4331 320 1354 8387 2185 2207 3374 465
6980 4082 4401 8449 8442 8443
6981 6473 1249 2918 5770 7089
6982 4580 2323 2006 4806 6314 1597 2519
6983 4802 3955 4709 3523 1712 2101 5953 3277 5915 1981 3765 2973 5634 4899 6620
6984 1272 1512 1539 456 7971
6985 135 222 871 2892 7762
6986 1243 3814 639 1590 7351 8229
6987 3757 7510 6739 6740 4600
6988 130 4992 556 6106 6613
6989 5487 3843 4438 4442 7152 1880 3820 4733 6560 6338
6990 610 2171 2708 598 6854
6991 7146 7243 8295 3829 8432
6992 5148 3222 4446 7325 711 1923
6993 2668 2681 6026 2688 4800 8464 6197 439 747 3450 6015 6956
6994 1780 3451 945 1615 2968
6995 3149 77 3191 5169 8206
6996 1818 7897 8063 7730 8108
6997 190 793 1512 1726 1894 2002 4039 6244
6998 23 1505 2079 4310 7087
6999 912 3274 1249 1250 943 2509 2626 2444 7765 7874
7000 1244 2003 2369 3346 5288 6139 2916 3345 6614 1005 2914 4236 5765 2155 4404
7001 434 464 902 5218 5638 6284 6333
7002 1462 3123 4748 6384 5968 6902 7196 4183 5729 5980 6854
7003 693 6284 7655 4195 7658 5218 7233
7004 3064 3060 4733 5464 7720
7005 8117 463 1593 1685 6741 8103
7006 2743 7204 4103 7236 2371 3836 1494 504 1863 2019 2951
7007 1924 5019 5026 1206 2586 8189
7008 1156 3271 3004 7781 7476 7778 7780 3013 3925 7572 4399 1489
7009 1409 7301 4709 1063 1921 1865 697 1847 6303 7173 6225 7128
7010 794 874 2171 3541 4183 8008 6205 435 935 2034 2266 6650 7278
7011 1317 2271 3211 1050 5739
7012 3506 4739 5463 4254 7128
7013 2359 2283 1240 1821 3102 1400
7014 1423 2060 7716 8151 4031 4366 7162
7015 705 3377 3764 1100 4711
7016 1966 946 3524 518 3929 618 1741 5971 6197 4276 326 7280 6787 7292 1584
7017 4445 5083 5582 904 1169 5294 1675 1763 2013 2386 6951 50 439 1224 1869 6385 4705 1217 7139 6494 6943 5751 2063 4789 5300 6533 824 3090 6143 5032 5298 6646 1746 3092 3668 1271 5276 5749 7657 7994 7846 5268 596 6498 2706 4195 8128 2868 5033 6604
7018 3391 3829 3830 5955 6162
7019 1228 1589 2176 5111 3782 6699
7020 5504 152 255 710 2354
7021 831 833 2738 5307 6127
7022 2748 2247 324 610 1604 2002 2793 3343 3719 4190 7807
7023 36 505 6543 7230 7642
7024 7962 307 705 6517 1160 1423 3468 3508
7025 3993 5019 5026 5250 2371 2309
7026 5665 6314 2988 3098 3100 3177 3073 6623
7027 537 3277 3560 4369 1200
7028 2238 6095 1200 4640 2337
7029 1228 1428 1489 4898 5082 6975
7030 66 520 1791 36 6280 7913 1968
7031 2238 6512 1644 1823 7717
7032 751 4409 4609 171 1319 2046 2894 7117 856
7033 6155 857 6336 6750 7534 1560 500
7034 5039 5726 8392 1488 7302
7035 518 1741 4991 596 1922 4163 4164 4357 4574 4120 245
7036 298 868 2891 6515 185 2214 2635 4201 4928 4953 5204 4773 5154 8153 8145 6002 7746 123
7037 1206 4173 6426 1437 8186
7038 1362 3065 7016 7874 7875 7934 8306 3118 7510
7039 581 1723 6659 3690 2803
7040 91 526 1367 1858 2236 4367 7570 7573 2044
7041 2578 702 703 6021 469 5414 189 277 4245 128 275 2803 2229 6456 2869 6017 6188 6494 5764 6561 2323 7742 2788 165 5316 602 1489 4350 722 2185
7042 4783 3138 4934 8000 2917
7043 4720 1833 6322 2207 5730 5397
7044 3815 3669 5016 205 7065 6264 3515 7352 7579 2157
7045 464 978 2530 6286 7042
7046 3645 2155 460 537 5016 1367 3731 4857 5155 6131 1573 461 2511 3854 3930 7904 7947 1148 6570
7047 1500 2561 3510 2002 2286 2484
7048 6348 8189 990 3090 7479 3500
7049 3549 2484 3358 1817 3476 5366 4797
7050 2668 3177 1489 4355 5621 3825 7822
7051 5601 575 1489 3689 4084 6303
7052 2347 6154 857 5281 6474
7053 4441 6384 6912 829 3196 6592
7054 1644 5056 1197 469 2903 3508 4711
7055 599 1695 652 6598 6821
7056 6461 4626 5188 5187 1756
7057 1470 3123 3125 7353 5714
7058 305 434 955 1617 4165 5841 6889 7517 8279
7059 1423 3730 3830 5906 3483 3831
7060 113 184 418 1617 4357 5505 3090 3925 4164
7061 244 4818 598 1329 1975 2185 6473 7742
7062 3812 5019 463 632 2264 3041 4998
7063 3381 1200 1573 3560 4302 5955
7064 4383 4288 6090 4254 6051 4398 4395 4255 4331 7069 3005 4384
7065 954 747 1452 1898 3510
7066 1589 3814 4440 6493 1505 1682 2906 5026
7067 7509 2385 4964 5188 1966 7473
7068 6942 7434 636 5759 5776 8442
7069 2191 2328 3173 7398 262 4413 2185 938 7070
7070 2238 2694 8193 269 1723 2534 3381 945 4243 4369 4872 7717 7521
7071 5289 3546 7339 6350 3510
7072 4082 4401 7339 2156 7438 8444
7073 3579 464 736 1204 4370
7074 2265 5132 306 3935 2672 5044 5047 4572 3678 66 4946
7075 2755 3341 1489 3004 6314 7475 3217 7778
7076 2028 493 787 1210 1773 3189 4136
7077 394 3829 3930 4644 5953 5956 6572 5693 2224 6251
7078 1588 3445 5587 4007 4574 506 5742
7079 4270 6604 7750 66 896 5017 6284 7230 7510 8023 1740 332 1685 5414 6854 519
7080 4666 6825 3138 6776 4657
7081 1712 1353 3105 4185 8464 244 5635
7082 1 228 1367 1723 2187 4371 5956
7083 140 3107 5776 1588 5133
7084 4694 6310 4957 391 7236 7466 7551 8094
7085 4239 5429 340 458 197 4066 148 4760 171 4124
7086 2976 4675 6975 4640 3807
7087 5800 4132 6345 4025 5805 7280
7088 4657 4602 3379 2229 21 6187 4206 2673
7089 468 6600 2594 4116 4379 533 1353 8091
7090 4949 3829 5953 5955 5956 6141
7091 3975 3188 1946 1566 3771 5062
7092 6964 184 7767 7949 129 6081 226 458 3867 4435 128 372 457 4955 6590 7823
7093 3350 360 26 1853 5721 3635
7094 3497 3946 4082 4401 8444 8162
7095 4495 6458 4643 4879 1201 4658 2073 2972 5079 5765 7115 114 4459
7096 3084 6197 3073 3085 6186 7896
7097 642 664 661 854 262
7098 4870 4857 5061 3659 7093
7099 3816 6006 3924 3829 5937 2903 7770 1409 4684
7100 2739 2225 7698 3799 7699 5582 7708
7101 2264 5744 6714 4940 2853
7102 1694 3499 3725 3946 1976 2688 6310 3923 6671 635 6235 4655 7145 8075 1633 8089
7103 1333 1459 8201 7008 1092 4519 8224
7104 5063 2777 2950 6258 7378 5058
7105 324 928 930 1385 1428 1589 1599 2446 3719 4668 6473 6592 7055 7698 610 980 4651 4705 5287 244 7612 54 1238 1552 5892 4357 8189
7106 2064 2747 3716 5053 350 602 817 7058 650 1036 2748 8200 7829 8351
7107 1205 1694 2012 2185 4758 6509
7108 148 4760 7556 155 222 2900
7109 26 27 1613 6612 1622 5890 5388 2804
7110 1250 5179 6366 3966 6943 639
7111 66 2137 434 86 7461
7112 3521 3787 6212 416 3620 5764
7113 4522 1503 924 5301 16 6671 6528 7401 4082 4401 3445 3444 6224 6195 7356 5866 7025 7766 1432 8318 7692 8317 7693 8316 8385 8442 8443 8444
7114 271 3945 4609 291 2930 3550 6419 6749
7115 2101 2305 1390 6275 2565 3829
7116 3461 5107 7127 735 1203
7117 5739 5741 39 7313 7326
7118 2417 2863 1836 4357 1506 2394 3587 6905 598 3406
7119 3560 5063 5856 5513 5408
7120 1463 1378 1924 1616 2229 6825 2334 5634 6100 4164
7121 382 833 1327 443 3696 63 620 1050 350 20 6197
7122 203 248 113 202 4239
7123 244 2958 3744 6501 5379
7124 2305 4233 812 1976 5026
7125 691 1547 3116 66 4519 4655
7126 4850 2355 4951 6875 2404 7863 7864
7127 1113 2377 923 4116 1280 5282 6546 5103 4474 5689
7128 5953 1310 6239 3483 1343 6731 2229 6981
7129 891 911 1054 3584 5340 6486
7130 5688 5188 5773 6314 7661 5397
7131 5986 6590 226 227 3505 225 6448 6490 6533 130 148 1281 4760 4901 5379
7132 1861 2185 7232 5107 8117 3966
7133 2484 1428 1561 2561 6465 3036
7134 1262 3092 4962 7120 657 4015
7135 66 7288 5722 1271 4190 4823 4839 195 2962 4528
7136 308 1460 4645 4698 6084
7137 2136 2431 3211 3233 8007
7138 4204 222 340 1990 4810 6470 721
7139 1407 3107 5711 4770 6398
7140 20 1160 4802 1200 2817 4622
7141 5175 3516 2571 3830 8290 7038
7142 350 3075 2271 3572 5641
7143 4122 890 938 1228 3226 4047 5674
7144 37 1353 1378 1771 2163 3813 5197 2204 91 1858 5554 3730 1847
7145 6311 6193 4401 7691 7692 8096 8317 8318 8450 8482 8442
7146 2534 1578 2158 5207 1343 1519 1532 2101 2153 2229 2755 3730 3932 5000 5016 1528 5196 82 6584 3419 3496 3353 7819 5665 6708 3001 6857 6040 2714 2950 3100 3003 6383 6975 6710
7147 4865 2253 4206 354 4347 4513
7148 2580 2985 6988 5755 6989 6169 7162 3283 3308 5086 7663
7149 1489 1653 1684 4644 4886
7150 3974 714 2739 1050 6976
7151 3082 2637 5074 6049 3531
7152 3612 3341 4503 6732 66
7153 3570 6773 859 1022 3590 4035 4951 5321
7154 7591 7600 574 2326 2329
7155 6310 5448 4082 4401 7147 7466 7467 7453 7925 2950 3440 3445 3642 5210 7969 6195 6196 5235 8146 7356 7021 8425 8093
7156 39 2205 5395 3680 4140
7157 831 3451 4866 5498 6810 2200 8151 2238
7158 2279 1191 2015 5187 707 5581
7159 4013 3613 362 3572 5585 5630 1293 3976 6941 8218
7160 945 5979 618 4677 4971
7161 2484 5026 5963 7756 33 4903 2803
7162 118 5622 6179 7896 1821 7717
7163 1462 1746 3606 3942 3943 99
7164 348 3951 6195 190 233
7165 73 1026 3087 6547 5429
7166 6289 6608 160 165 202 418 1524 3201 6600 6604 414 970 2635 3532 3640 4854 6601 6387
7167 1719 50 646 705 7954 8061 6981
7168 4083 6893 6896 6902 6788
7169 956 1428 5146 693 997 1547 1861 2170 3008 3019 3154 3340 3998 4015 4781 5012 1341 464 1427 5019 470 5431 2434 1589 1588 4785 3448 3957 2202 7944 953 1617 3710 2733 3845 8008 3191 4105 6154
7170 3039 3720 7313 1135 4857 7093 8050 1917 6202 965 7475 2976 4142 5210 7445 7551
7171 3767 4219 4764 4998 6174
7172 4328 6312 2229 5440 5583
7173 1589 6073 2484 697 4661
7174 1024 2908 4148 4582 1348 350 5026
7175 1228 1426 2265 1661 5747
7176 500 2161 3374 3730 4579 4858 4822
7177 1345 3572 1078 19 500 1572 4444 1951 6057 2566 2639 4116 2725 3280 3290 7537 3710 4462 5676 6650 1417 90 6165 6737 1344 7278
7178 4276 6730 7247 5645 8114
7179 983 3188 1489 5022 6132
7180 5188 435 437 1191 3278 1871 2185 3777 6818 6935 7125 660
7181 6367 44 526 2765 4888 981 2155 3829 4857 6620
7182 3716 5525 6977 7033 7456
7183 6409 7360 7789 7828 3440 7827
7184 1891 5314 6592 7055 7489
7185 7313 461 2664 4655 2608 7475 1631 4140
7186 64 1761 5581 5777 2139 5064 2463 622 3508 3829 4337 6945 1406 8366 5553
7187 4393 5024 4314 3239 500 7146 7145 3780 8394 8399 6180
7188 923 1270 1994 5621 1460 5547 3925 7456 2968 5058 6670 7476 7579
7189 1784 1837 115 1267 2184 2780 2847
7190 1874 130 164 232 251 313 708 713 4801 125 2963 345 924 2896 3336 3798
7191 4200 5836 3004 33 3022 1873
7192 504 4644 3091 3929 5414 5644
7193 524 837 911 3779 3957 4720 6447
7194 2544 4549 8062 2594 3834
7195 71 3303 1489 5797 2776
7196 464 3218 5026 5271 6284 6634
7197 36 244 425 936 7074
7198 2127 5133 4183 1815 3060
7199 42 36 464 602 598
7200 7095 3724 164 993 1301 1508 1391 3689 3829 4398 6328 6857 7639 8187 932 1754 5435 1485
7201 4646 5800 5095 7593 4025
7202 580 1378 3765 4324 3377 6051 3005 2010 3941 1200 2155 3039 5038 2288 3013 3004 5029 3001 4383 6058 6840 3848 1148 2802 4788 8249
7203 1191 7106 7321 438 2015
7204 1563 4671 8094 1005 2184 5112 7294 1234 2803 6227 705 4935
7205 970 7801 7802 995 4474
7206 3053 2590 6057 6269 4922 3060 3943 1772
7207 3211 6445 4730 3303 924 5073 1129 3336 898 3293 3602 1157 4829
7208 6256 2205 6154 733 8072
7209 3142 6997 2418 4857 5609
7210 6695 6689 4733 7447 2002 4287 1249 6700
7211 1437 1122 322 709 7095
7212 4535 490 1207 1576 7341
7213 1353 2200 6810 2073 2152 2953 7313 8173 1849 6509 8109
7214 4457 239 482 883 4161 5156 480 6504 3855
7215 3372 3879 945 6310 2477 3379 2620 1712 2508 4082 6659 25 2742 3680 932 2950 1074 1228 2156 2484 6195 7998 4401 6517 8107 200 8448 66
7216 6755 7502 1712 6024 3468 5207 2155 6239 1911
7217 6998 3656 382 1455 6735 1509 6915 2891 3 1555 4907 1524 5066 500 2289 5133 7146 4423 7468 4900 886 7467 1682 3582 3642 7170 7969 7157 7959 2220 3643 7449 3906 7284 4074 4826 8093 8448 8162 8171
7218 3188 3493 4384 5764 189 248
7219 6552 4666 5969 7113 7247 2336 6793 6854 4464 6844 2169 5674 3637 5668 140 516 4336 4664 39 5193 1876 3952 6604 6599 1027 6818 8073 3638 3191 7922 4950 7456 3576 6833 5201 2256 3156 6264 898 7492 6780 2373 1593 6302 8236 505 8211 6057 7066 8159
7220 243 865 8184 183 2635 5165 7137
7221 2767 4082 3582 3445 6224 6196 7157 8134 4414 5866 7356 8065 8287 3373
7222 7318 1056 3191 27 2225
7223 3073 4232 5915 3813 3004 5292 8055 7357
7224 195 2377 3352 5266 5569 5965 6583
7225 1705 2637 66 3362 7463 887
7226 1200 2155 2903 2999 5622
7227 1272 2023 3540 6105 2024
7228 955 4163 2925 5026 1497 5720
7229 2198 7282 2444 6854 7553 3414
7230 756 705 5915 6179 3560 5062 3541 3587
7231 1917 5446 351 7301 705
7232 3881 1254 502 3799 5026 7906
7233 6938 5906 5443 5800 6162 6627 7038
7234 6087 4351 4499 1594 3426 5516
7235 2238 1135 1200 5917 5953 1833 2187 2803 5955
7236 6686 6723 2115 2891 2932 3554 5067 6419 4346 6128
7237 5557 1548 3541 1052 5273
7238 6828 5716 4856 6849 7540
7239 5100 3715 3921 4945 3925
7240 6722 1588 6673 3060 1814 7302 3123
7241 502 5026 897 924 6854 7114 7138
7242 1055 1541 3461 5425 5614
7243 1833 2903 2933 6131 7562 2200 4243
7244 4163 3189 5674 1619 7844 7663 7754 532 1541 5144 534 913 4835 5019 5668 7295 7409 7664 1054 1360 1861 2141 5118 5121 6984 7211 26 911 1817 4105 2954 8102 3404 8364 459
7245 935 3388 332 890 896 1360 4549 2185 463 470 1836 2557 3751 5543 924 2668 955 5026 5810 7247 7760
7246 2853 3663 4933 4643 5710 4823 2969
7247 3399 3450 4644 5091 927 6143 1029 4972 3921 5033 3605 3757 4416 2369 924 3834 6264 3368 4971 1232 7177
7248 896 66 1026 2140 4082
7249 5265 7551 705 6860 1200
7250 3136 1378 2664 1201 2264 7040 3149 7189 8248 3766
7251 6189 7551 7272 7892 7893 7959 7453 8134 8394
7252 7211 2647 2803 3707 5187
7253 5778 135 4245 5743 355 4864 134 416 8490 3190 5358
7254 5132 3716 1908 4963 2200 7975 8299
7255 887 1966 4589 6153 8067
7256 5365 4323 437 950 2724
7257 3499 6192 5786 7145 7286
7258 2269 924 1381 2176 2484
7259 5607 1875 3277 4640 4535 7384 5062
7260 1270 5658 7371 7035 1428 8350
7261 2803 1405 1720 497 563 492 2734 3423
7262 66 486 583 2306 4643
7263 2185 4276 1769 7113 639
7264 2663 399 2847 5665 6415 2742 6413
7265 3572 4276 1975 2264 6943
7266 1682 2739 6494 4007 66 3802
7267 99 924 4655 6235 2902 229 2892 405 3640 7102
7268 1372 1545 2818 4281 1092
7269 896 767 36 7598 464
7270 5368 2208 6928 7742 6053 1489 1995 3820 8401
7271 2894 6727 4567 5403 6163 6557
7272 5589 2238 1353 3830 6239 6133 5112 2066 3379 3707 3835 3740 4857 2484
7273 4206 2736 2608 1293 8465 8058 6230 5075 243
7274 418 200 2608 6984 6511
7275 7325 4902 5308 7636 3073 7313 8194
7276 247 2917 3194 6489 125
7277 6671 6450 6919 6309 6528 4423 7136 2977 3582 6225 7837 7157 7969 8274 8443 8444
7278 1734 2803 2976 3707 7474 3829
7279 50 244 520 540 2893 3274 3783 5374 5414 6600
7280 1910 1836 7849 639 4276 6264
7281 1009 3362 3766 3934 5979
7282 471 3039 2676 397 5721 7671 1516 7438
7283 5621 5810 7162 99 5019 6334 7390 1838 4672 6525 7292
7284 515 523 838 1983 911 3881 7706 4146
7285 401 165 6387 1536 3654
7286 314 2096 2779 3896 4161
7287 1723 2229 5061 1208 4025 2238
7288 4532 1821 5155 4585 194 658 1206 1589 1836 2264 3842 4357 4372 4442 4589 6316 4352 4684 8084
7289 1833 2207 3849 5820 8354 8224 8375 2526
7290 5621 4015 332 1178 1588 2380 3167 5121 5218
7291 340 2892 255 1715 6915 3555 5163
7292 6046 3402 1300 5430 7043
7293 1274 1547 2557 4015 5583 938 1416 2439 2819 5266
7294 995 1372 1374 1545 5019 3374 5346 5917
7295 4283 7097 3792 3793 7005
7296 995 1545 1622 3576 5057 7993 1780 2197
7297 3699 7435 5031 1593 6813 73 3444
7298 3587 1819 2853 897 140 5747
7299 3009 113 171 247 1056 351 2229 3595 3138 3698 2041 6915 298 124 203 222 4907 6014 419 1724 3478 1200
7300 5554 5063 3264 1714 2858 8192 3260 5916 2233
7301 2152 4555 5294 5417 1817
7302 1630 605 4749 2117 1574 610 4182 1119 5621 6750 4442 4492 7750 66 7197 8278 4862
7303 833 3281 1952 5557 5674
7304 3043 5619 2286 1576 3819 4903 4860
7305 5027 6493 7832 8383 1589 7076 36 4113
7306 3374 705 1755 5063 6975
7307 111 2542 3773 6713 8478
7308 275 3614 7117 298 2139 1848 8184 8376
7309 996 1073 2156 2200 1249 1870 2333 3761
7310 8180 7072 3090 5647 6016 5130 6258
7311 2389 1463 5735 5737 5295
7312 247 4116 2065 5489 526
7313 6311 6492 4401 2103 4399 2950 7951 2700 4298 1109 4458 5013 8365 5647 6604 6608 7390 7875 8007 4351 7113 6523
7314 130 189 420 2534 1833
7315 705 2132 1367 3468 3730 3829
7316 1074 5063 2780 3375 3730 4350 383 3188 3761 4132 2707 6776
7317 1489 3176 5058 574 705 1604 2155 8142
7318 4574 466 5621 6000 6336 3149
7319 1200 705 1924 2060 2534 6095 6098 6975 2466 1160 1176 2238 4802 7550 7713 2463 3516 6314 8034 951 2248
7320 2189 7709 113 1103 4937
7321 361 935 6167 5603 6166
7322 2668 6186 6187 1884 262 6756
7323 322 3773 1160 1902 4802
7324 4535 1875 2418 939 4582 5630
7325 4140 1239 3854 705 1367 3508 4666 1833 2694 3374 3377 6131 5955 1865 3830 5956 6314 7609 3560 3863 4802 2207 5728 1782
7326 2264 3056 5253 924 5157 8022
7327 610 468 2050 3215 1529
7328 5290 4116 5554 3920 5864
7329 970 2625 7664 7723 7802 1787 2226 5782 7277
7330 6154 1260 3829 5485 1660 1847
7331 1784 506 2271 639 3852 941
7332 596 2226 5256 7162 7435 7734
7333 1026 2962 4105 195 366 1280 1428 1647 1817 1969 2033 2264 2515 3284 4049 5032 5621
7334 3829 1135 4140 5953 1633
7335 501 1286 1362 6468 7298 7859
7336 1685 2072 3425 4862 5750 6333 7515
7337 1160 55 6186 2803 7891
7338 776 6202 1154 2238 1573 5439 6945 3513 2844
7339 2634 6197 5917 633 833 2132 2894 5463 6706 2595 3092 4021 7347 7974 2056 3560 4866 6975
7340 1399 1891 5390 7820 1372 2834 5672 8336
7341 4156 1073 3772 6006 4503 2634
7342 2286 4276 4800 5312 5510 6799 7298
7343 3005 4311 4317 7640 7641 2137 4312 4325 4334
7344 463 687 693 3444 5935 6284
7345 1176 1485 8436 6703 6733
7346 705 1135 4640 5218 6431 3468
7347 4980 610 2066 5112 5622 6187 7555 1723 3863 5955 6445 6270 2450 2588
7348 173 6107 1121 2892 1317
7349 2090 2141 2542 2002 1248
7350 5278 6869 1249 1861 4183 7113 7292 7579 8311
7351 65 2708 3707 5350 7041 5351
7352 890 1467 1604 2484 1116 1428
7353 3916 3915 6854 3917 6868 1969 5595
7354 7760 3091 7590 3752 938 4973 1249 1697 5776 7148 6130 6635
7355 190 851 2292 5972 2282
7356 1372 1545 2816 2853 4281
7357 2067 5061 1644 2163 5063
7358 171 8149 4038 2583 7395 3098 5499
7359 939 896 2955 3106 6532 5489 6854 8090 3272 6542 6853
7360 3191 5218 6333 7802 440
7361 2679 1430 4733 4800 8169
7362 7983 7982 7986 454 5230
7363 554 5360 5362 777 6129
7364 83 468 2050 2484 4442 6466
7365 3374 5244 1891 3514 7683
7366 532 534 4712 5413 6284
7367 2035 5375 7984 244 2962 4574 4615 5344 5652 8023 7562
7368 306 2731 3818 4181 5414
7369 3967 939 5061 2803 2853
7370 3821 3927 6717 3925 5880 2451 633 722 5477 7289 7873 7162 470 3921 3107 1505 1555 6420 6611 8240
7371 5512 6553 464 6323 8251
7372 3561 4178 8130 8160 8478
7373 3864 945 2534 2953 3374 2956 3923 2238 102 5622 2624 4347
7374 5864 6321 1024 4402 8015 5706 3576
7375 4025 1200 533 1682 2288 596
7376 5308 3998 5526 2982 7991
7377 2499 2646 6094 2286 3056 753 3362
7378 3876 4795 5903 5030 8005 5034 7188 5033 5032 1428 829
7379 2419 5308 4990 5320 7855 1065 5187 4537 2382 1741 8181
7380 3539 1214 470 7962 2933 7525
7381 1139 8038 995 4185 6276
7382 2711 1747 2706 1505 2777
7383 42 2582 3325 1663 2957 3682
7384 6998 7826 833 2892 5230 6216 113 2901
7385 1488 6018 6195 1168 4383
7386 1566 2234 1367 3731 2529 3724 4073 6312 6134 4082 7551 4298 4401 8452 8442 8443 8444
7387 20 30 222 1298 2355 4203 6186 2354 125 5094
7388 305 693 997 1689 2974 4522
7389 6749 113 1304 5358 7762 6082 7484
7390 4026 3200 2363 2365 4649 2371 2625 1125 8377
7391 3147 3037 4570 7223 7505
7392 135 5945 7552 7774 7949 457 4091
7393 59 2066 1734 4657 9 3349 331 4378 3252
7394 130 283 1524 3205 6420
7395 2236 4655 6975 1485 1489 705
7396 463 2185 5557 2271 8106 533
7397 7241 464 469 1695 2639 463
7398 896 3083 610 8028 7970
7399 6186 2185 2371 5755 923 6158
7400 3546 862 2435 4758 472 5034 885 4138 4215 3482 4925 5033 5854 8073
7401 927 1833 3277 4374 5303 1427 4276 4793 4641 5439
7402 6197 3607 1619 4276 6945 3587 1375 2668
7403 1880 1027 3921 608 4551
7404 3923 978 5786 4857 7286
7405 603 6854 1505 3587 2360
7406 1675 4116 4272 5026 6381 1530 6231
7407 419 4428 7365 2115 2125 172 6915
7408 2705 1659 4555 1363 8038
7409 36 1564 2544 6788 5026
7410 909 4537 5797 7162 563
7411 5182 263 3468 1306 2038 1200 6810
7412 6764 6739 4733 5856 2750 7235 5346
7413 395 1326 7325 522 1524 2698
7414 2799 3277 3381 3438 5061
7415 1082 3073 494 1210 2025 2555 7213
7416 1262 3336 2139 8010 2725 533 2331 1682 2321 3782
7417 1437 5450 7264 92 6440
7418 833 3043 1608 6132 1923
7419 3917 1243 5881 5691 3922
7420 4537 5195 7175 915 1861 1958 3736 3983 1194
7421 6881 4383 3650 1817 7088 7638
7422 6336 4476 693 970 6333 7797
7423 1516 2428 463 6519 1561 3925 3109
7424 6090 7550 3073 7551 3489
7425 1032 1568 822 500 3399 5869 4377 3539 3860
7426 7329 3004 3073 4213 2386
7427 409 4564 4567 4568 6082
7428 2780 1367 1378 712 2232 767 6516 7933
7429 1091 3369 4225 5188 6069
7430 6258 6364 6475 6477 7750 5410
7431 75 8177 3112 271 5819
7432 2207 6098 1086 1868 1573 7322 7570
7433 2567 2933 6621 7717 8100
7434 924 4105 4862 6750 7456 8383
7435 2484 602 63 328 464 4463 5026 5129 5511 6833 5878 6885 5794
7436 2485 977 6854 7736 2185 2286 3195 2470 3997 8071
7437 2447 5743 3422 4686 104 856 2860 5975 6490 3556 7608 2902 867 222 859 3237 3557 4162 6420 6723 7137 7482 290 148 3620 4521 372 3575 342 5505 113 4647 6759
7438 1200 2155 3857 3547 6379 2956 3060 7271 2124
7439 846 1752 4179 7503 8464
7440 3073 932 1200 1444 2207 2608 2623 3829 7954
7441 6465 18 2152 2217 4655 898 6509 1961
7442 2755 6843 1298 1847 2066 2137 3051 152 225 1784 2894 2900 3539 3888 247 1536 304 722 3623 5414 7551 579
7443 6758 1617 4183 5032 6854 3437 7724
7444 558 561 853 1272 1322 1889 2024 2051 770 5818
7445 1135 2187 3829 3164 4131 8113
7446 6179 2578 7390 1485 1821 4980 5915 7169
7447 1179 4710 2185 2557 2558
7448 4401 7714 7469 3444 3445 7479 2372
7449 434 464 6333 6424 6644
7450 1031 1506 3420 4786 5674
7451 2685 6980 8049 1821 2106
7452 1812 6314 5665 5622 5514
7453 4537 7231 468 8311 3090
7454 3676 1763 609 1250 6618 6533
7455 128 715 2124 6767 7764
7456 5688 2605 8465 4206 2718 3762
7457 2244 3005 1155 3729 5332 6053 8290
7458 26 27 8253 3830 7660
7459 6677 1066 1511 1683 5760
7460 161 417 5764 691 1304 2484 1861 2892 5066 113
7461 2155 3382 1260 1867 5064
7462 938 4280 4886 6818 44 3090
7463 2427 42 638 380 16
7464 1524 2058 945 5546 5585
7465 603 944 3677 6337 7911
7466 829 929 3766 26 67 1506 5188 1500
7467 1205 2018 2894 2943 5884 7737 7289 8328
7468 1815 657 1682 3943 4608 8023 5318
7469 4924 7313 7770 2933 5061 6975
7470 1843 2333 2956 6186 8308
7471 2067 5802 5915 6179 7093 5528
7472 2832 1891 4835 1474 3686 5641 4801
7473 2599 2409 4617 2605 5873 6238 1734
7474 6213 7454 6096 4441 5036
7475 20 3021 6703 6732 3227
7476 6611 3955 5802 3923 5730 7475
7477 1873 6985 3250 2668 244
7478 3150 3374 1723 2755 6264
7479 1516 5825 4357 5281 6264
7480 2076 3284 5641 6018 6543
7481 1301 384 244 2461 4038 222
7482 731 6125 1135 228 7785 3739
7483 2713 3445 4798 5602 5783
7484 1428 1497 4379 5840 6612
7485 1247 583 1996 3861 5621
7486 7674 1568 3669 6189 5993 57
7487 892 1578 6245 5842 2023 6744 3538 611 3540
7488 6310 4082 6195 3643 7691 8453
7489 2952 4866 4369 6202 5836
7490 171 247 2447 4239 6211
7491 833 2612 5249 6432 7093
7492 1056 2702 3497 2384 3947 3004 2780 308 4025 3506 5665 4503 835 3304 7147 262
7493 5892 385 2002 2853 6786
7494 4401 4082 7951 7692 8317 7691 7693 8096 8409 4074
7495 1833 2831 3668 4729 5346 3105
7496 128 164 248 1241 2963 6418 6749 6767
7497 6189 5786 7136 8134 7021 8354 8426
7498 2828 2959 6042 6534 6800
7499 1460 5112 7733 4206 2803 1164 2956 4715 5346 2384 7521 7551 1557 6560
7500 1400 2218 2602 4159 7971 4181 7264 92 3848 6145 7496 3814 4929
7501 208 2309 2918 6166 2638 207 3610 4209 5910 5971 6258 6794 482 5607 8335 314 1100 1657 6228 2904 5030 5031 3647 3757 5982
7502 6283 3863 8165 1154 7842 7781
7503 978 5546 7376 8196 1022 1024 5414 3403 7731
7504 1260 2238 2572 4231 6314 6611 6811
7505 2170 5788 1933 2954 5582
7506 924 3191 3290 646 4646
7507 1367 5346 2973 1093 1763 4181 2066 5112
7508 1250 6468 5839 1506 829 1599 896 3400
7509 1104 1484 2590 3934 4483
7510 1156 1160 2384 2615 3188 3730 4181 1176 2504 4185 3807 4132 1301 2597 5885 901 2605 6475
7511 1644 2821 6624 6626 6627 594 1598 2206 4025 4375 5270 6625 6763 6975 924 1374 1437 6779 5696
7512 2484 1515 4710 5032 5342 6612
7513 5142 185 340 4039 4059 7455 2892 7109
7514 3450 5148 2575 4594 5414
7515 649 4024 4476 1817 2017 2138
7516 953 4259 7146 634 8494
7517 4646 6030 1285 1286 4360 4361 932 709 7242
7518 2317 2325 2326 6168 1737 6411 6412 2705 1340 7335
7519 7836 2326 4677 4946 5010 4050 2218 2260 7293
7520 1442 1729 2397 1833 8094 8224 8290 8308 1286 1617 3293
7521 1260 1723 2256 7792 2238 3829 2192
7522 3990 1830 2801 831 834 1367
7523 3838 3374 3829 3830 6572
7524 2418 6310 2444 6193 6492 4957 4082 7146 4401 833 7136 7819 7969 7170 7025 8065 8096 8317 8409 8093 4826 8453 8493 8472 8451 2008
7525 651 3757 3943 4281 200 202 396 476 713 1469 2893 3653 4451 4941 5066 7364 663 708 400 2892 2096 5842 8078 1374 2140 2179 2279 4515 4954
7526 2155 4282 4782 463 7390
7527 4188 7068 2137 4881 5611
7528 2256 3303 2534 2780 4335
7529 1966 2637 140 1861 5247 5026 502 2225
7530 4200 6937 3193 2248 8219
7531 1552 1949 4039 7208 2124 786 190 6864 7971
7532 995 1545 1966 5742 3170 3360
7533 990 92 8457 7186 8092 1917 1066 5634
7534 325 296 2664 3587 5032 7092 7234
7535 5975 1297 5932 6025 8118
7536 639 970 1437 66 2002 5125
7537 2238 5327 6576 44 1849 5326 7717 7475
7538 1156 3923 2155 6192 8094
7539 2455 2049 5086 1162 6895 6904 8147
7540 2148 5086 5706 6181 93 6194 5442 6728
7541 2484 1515 5569 350 4682 519 543 1260 1489 4990 2625 3105 7758 5665 6127 8403
7542 2185 4116 4853 5183 5730 6717 7271
7543 1660 1464 2608 8033 1707 2557 4072 945
7544 4535 3988 4800 8468 6357
7545 3499 3723 3039 3002 4328 2019 2018 2309 4693 1130 6310 2580 5297 4316 4401 7448 7170 4298 8112 7157 8220 7025 7692 8244 2501 7068 8442 8378
7546 6202 3105 4231 6134 2384 7674 3765 5853
7547 2137 6739 2725 3060 4242
7548 2027 5552 6146 7500 5559 1436 3503 6485 879 3852 4093 5621 5622 6100 7128 2059 1682
7549 306 466 468 896 1547 2484 3191 3678 5611
7550 7555 7636 373 562 785 831 1301 2114 3900 4974 5819 6186 6957
7551 1910 4900 1201 350 1588 1206
7552 1791 2616 2500 1497 3584
7553 537 879 2155 4040 7367 7369
7554 509 684 2202 924 3799 5674 2444 8284
7555 2384 2708 4025 1585 118 5808 6075 3808 1086 8086 4738
7556 59 1843 1986 6195 8468
7557 54 8490 1172 3274 6717
7558 5747 6310 6311 6312 6920 7136 7356 8303 7691
7559 1880 2257 4687 7298 7875 26 1617 5042 7975 2120 5148 5579
7560 41 95 856 5228 7590
7561 1031 6317 4401 5 6057 1458 3306 5798 5561
7562 6471 2156 5210 8094 8453 8483
7563 2727 3246 4420 5621 7198 350
7564 5582 3060 3925 1155 7292
7565 3073 610 6320 4276 5142
7566 1702 3417 526 6424 1060 6336
7567 565 1512 1513 2660 2770
7568 4553 453 4828 6073 3118
7569 3073 1847 1566 2384 6218 7792
7570 1497 2197 4105 6585 4522 36 434 829 2195 5026 5678 5901 6188 6265 6287 6458 7195 8199
7571 7667 7891 3072 7756 8345
7572 244 1517 1912 7637 6242 2282
7573 924 1622 1861 2410 5691
7574 6550 1118 5622 6490 7873
7575 2117 4224 4990 5261 8405
7576 1873 4628 4921 705 2847 3341 6095 6098
7577 1719 7105 8290 1723 1833
7578 4996 995 1374 1817 1908 2958
7579 891 941 5900 6279 6612 7353 32
7580 4349 686 4471 3949 6083 5463 4326 6840
7581 4116 6314 7113 7982 7986 1060 7978 86 1032 7976
7582 650 4163 36 2610 2962 4528 5314 7800
7583 4575 3990 2910 714 1911 8348 4822 4684 5249
7584 26 1613 4083 306 3253 6635 6637
7585 7705 2729 4654 7165 7750 1370 2137 4655 8309
7586 90 462 4420 4488 7613 7614 1644 5026 2803 6451 3830 4004 2041 3740 1940 1608 8116 1056
7587 2261 4973 5652 6197 833 975 978 1234 2933
7588 1783 8 1061 2615 10
7589 3563 2485 6310 3076 4401 66 82 7145 7468 2668 7356 8354 8244 8275 8453 8472 8473
7590 1196 1914 2379 7507 2663 4028
7591 512 516 523 1704 514
7592 5385 1734 723 1961 2803
7593 2581 4025 4291 4027 4026 5800 4296 380 2323 5174 5301 7761
7594 4766 1354 6494 36 194
7595 3133 1351 9 1781 537 1390 4035 1423
7596 3618 6046 1535 202 4951 1523
7597 1705 995 1372 2637 4144 3262 3031 5489 8004 2104 2732 8003 1891 2368 6493 7076
7598 1589 1218 7503 2958 3586 1599 2225 5572 5414
7599 3004 3105 4140 2664 382
7600 6587 6772 107 3774 244 5437 1547 5485 3589 642 2184 271 4592 3150 6145 3149 3232 434 896 526 1173 502 1157 7000 3006 3004 1843 194 7056 5377 6424 3001 7892 6058 6857 6496 3673 6416 3012 3013 3655 476 6975
7601 819 1679 6534 3915 5623
7602 1196 1565 1815 5242 83
7603 1357 2803 3707 1200 1376 5112
7604 7925 8109 7886 8132 8287 8354 3730 8426
7605 2639 3591 1569 6940 7280
7606 4140 3039 964 1734 1850
7607 1646 5867 416 3666 4245 6381 6969 4893
7608 112 2505 1817 3916 66 652 2726 3814 4549
7609 1279 1611 233 2681 3625
7610 2821 1644 1723 5388 2646 8039 6926 2819
7611 3496 3587 6594 3860 2946 3013 4089 4304 35 1866 2523 3924 5164 4002 1734 4384 7005 3829
7612 2498 1815 3116 3587 1363 3879 1036
7613 36 2271 2885 3477 3587
7614 7888 7730 2137 3458 7812 997
7615 1910 1994 3924 4733 6588
7616 3341 4073 5175 1489 2634
7617 130 146 218 388 5924
7618 4276 7270 4480 3398 1412 1091 1756 5990 2105 7581
7619 308 5786 6189 7243 4082 7892 3440 7959 4401
7620 1657 3543 7853 2868 4122 4710 899 2828 6601 2459 5999 938 7225 7265
7621 2384 117 2799 4641 2788
7622 5173 1249 3450 3451 7849 8391 7172
7623 664 1725 2143 2967 4042
7624 8324 3947 4957 7146 8450 8452
7625 443 2244 1489 2189 7551 6975 5622 614 5671
7626 121 199 247 384 2817 3203 6082
7627 4425 1156 2892 2939 255 1508 284 7325 3945 4127 3427 4895 7458 8301
7628 3814 5692 6044 829 5373 3758 4179 6237 195 1412 2668 5604
7629 4549 5032 5030 1012 3825
7630 5609 5532 66 7701 3002 2108
7631 76 2185 4007 1906 2229
7632 4720 1367 4079 2803 5063 6186
7633 6410 1774 2009 2185 3650 1593 2148 1428 2010 3176 4399 5820 7737 8405
7634 1169 1194 2152 2284 2484 4379
7635 1243 6312 4401 7356 8096 8394 8425 8450 8442 8443 8431
7636 6126 6179 7717 6108 5806 8165 2725 3960 5728 8249
7637 3707 1343 2155 461 7933
7638 569 1139 1323 1899 2279 5390 6028
7639 4357 7591 610 896 4440 8129 8332
7640 2561 5429 7159 2223 2279
7641 66 3031 245 6602 2097 2653
7642 2213 5510 7978 538 3236
7643 1353 3830 5465 6810 4709 6246
7644 1588 7232 1428 42 602 814 6430 2958
7645 3016 1910 7267 5033 3800 7790
7646 1945 3262 6402 6403 6404 2018 6692 1356 6689
7647 3998 5140 1446 3916 7288
7648 59 3731 5310 4025 6485
7649 2279 4640 6314 8034 2957
7650 4769 5915 2238 6314 5312
7651 167 417 1524 3640 4245 6719
7652 7926 8134 2957 7691 912 2000 8444
7653 3321 2193 4589 4014 5915
7654 2286 7752 3799 6839 8367
7655 238 395 732 3654 6861
7656 8115 2155 334 3280 4726
7657 2090 2666 5273 3709 6726
7658 1110 1463 469 470 2176 5747 2976 6311 6671 6920 1529 7865 4082 4401 3444 7969 6224 7356 5237 8368 8162
7659 1694 3933 2664 3779 851 1237
7660 213 215 295 3913 5411 1241 189
7661 6187 5621 303 583 2644 3060 3916
7662 1074 658 932 2977 2937 3444
7663 3021 3690 23 3004 6328 3440 3765 7819 5437 8252
7664 2897 3709 3105 833 2608 3269 1660
7665 601 646 1533 2427 5470 5621
7666 19 1157 5563 970 7381 7483 1869 7596
7667 3831 5062 2777 6314 7212
7668 6095 4935 6474 6980 2847 3674 3835 6090 1723 6035 6431 4032 6517 6202
7669 66 946 7226 2580 4503 633 2391 5642 1083 3138 8224
7670 4709 4880 2247 4866 5316 5124 6202 7093
7671 1287 7767 4850 7470 2355 3300 3640
7672 673 5460 3560 2699 3765 2200 448 1303
7673 5665 1660 2608 2625 6285 1578 584 1551
7674 2708 4326 4332 2740 5015
7675 8 5786 6225 2950 8354 8411
7676 2812 6783 3003 6252 6258
7677 3075 3077 940 610 639 836 3587 8023 7890 326 3071 1481 7695 3475 3638
7678 2631 6689 7249 6691 7847 6690
7679 2124 2279 2807 4924 4038 6446
7680 72 1506 2515 3860 1910
7681 867 222 1038 237 3873 6766
7682 5048 6186 2406 3468 6760
7683 6739 7838 3189 80 2064 3289 4043 7084 7562 7960 103 1140 5118 7852
7684 7672 42 4165 5375 6624
7685 6012 5155 5064 1604 2484
7686 113 2384 5063 5754 6239
7687 2244 59 2005 3004 6051 6857 3013
7688 66 4646 5544 2637 5609
7689 5167 4179 4379 5414 610 3822 5032 470 1193 5026 7836 5905 6068 1228 3541
7690 896 1494 1259 1584 4140 4958 3417
7691 1836 2668 4113 2621 1503
7692 5105 898 1529 3639 5314
7693 939 1160 295 457 7132 338 200 294 4448 5205 7831
7694 52 3233 3582 6717 7263
7695 3060 1910 3810 6734 6034 7958 943 1863 3476 5929 434 6001
7696 4473 4944 36 1428 2225
7697 1373 2635 2831 2894 3726 6197 1644 2453 2957 1817 2043 3774 6186 663 10
7698 6592 6175 6693 2869 8053
7699 367 526 4133 4224 6462 7602 896 3536 6931
7700 66 1164 5793 924 3450
7701 3011 1644 6769 352 1831 5916 6114
7702 1489 1632 1912 2694 3720 3977 5915 5055
7703 712 3733 5112 6446 3004 3645 7421
7704 4379 5621 6854 6717 194 4015 5787 6287 4782
7705 2526 753 1833 4675 5062 6314 7128 2206 2229 2755 3379 3829 3930 1156 2238 5188 6550 2418 6765 6975 3468 5839 2207
7706 5711 6203 6504 7534 3101
7707 816 2173 2438 6900 2882
7708 533 819 6537 969 6232
7709 7216 3477 7731 6048 6699
7710 539 2663 5790 1879 2174 8200
7711 2307 924 3568 4979 5236 5323 5492 5892 6748
7712 36 63 5377 6022 6473 6592 1099 42 308 690 915 963 2787 2800 2962 2969 4280 4646 4828 4883 5200 5376 5604 1775 2317 4610
7713 2755 159 1845 537 1378 1575 3990 3792 5428 8383 932
7714 908 1262 1949 3372 6979
7715 6314 6584 2038 2954 3830 5800 5828 4223
7716 4219 4280 4279 6422 2610 4845 5026
7717 634 2222 3981 4845 7402
7718 4495 885 3309 2974 7721 1423
7719 7216 7792 2704 6303 537
7720 1568 5621 194 6592 2484
7721 2338 3101 5769 7294 924 939 2605
7722 3004 8195 2911 3021 6857
7723 1210 1323 2098 4236 3670
7724 1194 1428 1542 1676 3231 5026
7725 4793 471 1428 2800 3766 5026 6976 1588 5790
7726 3640 122 2939 1304 5743
7727 4394 2950 4002 4089 7822
7728 2745 5056 5414 463 610 1836 1861 2668 938 3926 617 3639
7729 278 5506 2238 92 5563 2218
7730 3863 5953 5998 4644 4806 4322 3689 1185 5905 6056 4874
7731 1529 2519 2129 4852 5501
7732 895 2063 5782 6064 6977 5814
7733 2225 500 2433 1031 3814 4148 4013 1924 2624 454 5621 5674
7734 6372 532 534 602 857 2922
7735 6975 3096 3097 3560 753 4788 4802
7736 1939 5188 5202 5341 434 6402 3964 2185 7171 3531
7737 5060 7554 7023 6516 5767 7895
7738 5611 6545 7953 2766 2813 5982 5542
7739 4931 6186 6256 20 7526
7740 4796 2610 8235 6405 6804 7138 2655 7579 7663 7994 2766
7741 7403 1346 6764 6869 6901
7742 3484 3223 4680 5608 3090 3642 927 5728 3644 1249 2059 4814 7889
7743 854 122 130 379 1524 6914 2201 2505
7744 3841 6545 324 334 1312
7745 3074 7648 6641 7374 2439 5033 1449 1389 2706 5030 7007 8104
7746 3226 5621 4183 6319 8270
7747 6873 753 1604 3638 6874
7748 6317 5583 66 1682 1389
7749 2495 3075 296 8357 5074
7750 5019 5323 2547 955 1262 2509 6284 1695 464 1545 911 8412 5721
7751 1061 7 10 1260 1631 945 998 5257
7752 1644 3105 5056 2128 6975
7753 3915 3921 6966 363 1555 3925 5793 8241
7754 6310 7243 6290 4335 4401 8443 4074
7755 1206 4377 6679 752 2996 4440 938
7756 463 464 687 5834 7932
7757 2699 519 119 1092 4955 3190
7758 6977 36 1529 3189 6473 6592
7759 4957 4082 4401 7147 8293 8278 8419 8475 8162
7760 833 1174 1723 2155 3728
7761 3343 3004 3013 2275 7742 7743 2972
7762 846 3087 7579 8106 795 244 567 602 1178 6479 42 3706 4276
7763 8 64 2956 7151 4806 5308 1320 1660 1964 2238 2534 7324
7764 1682 3814 7730 1956 1271 1589 3773
7765 2225 912 2201 885 3766 4752 3274 7599 2319 4 2317 5548 5652
7766 1610 1770 3272 3181 2544 3834 6116
7767 2229 3105 4369 6975 8194 7843 1200 1833
7768 1817 4276 7534 7302 8412 8240 8167 618 8194 6282
7769 572 2238 2903 2933 2972
7770 176 180 3286 415 6719 6767 6387 7526
7771 460 1367 2248 3193 3381 3587 3830 3831 4858 4859 5914 6785 7005 7272 614
7772 7545 702 5657 3013 6786 5475
7773 245 3685 3922 4173 6509 7462 7113 5188 7498 2185 4120 5213 5414 7326 335 4551 4224
7774 468 1481 4704 4976 4557
7775 7603 3201 7417 4245 4565 4768 196 5358 7131 8184
7776 78 4946 7836 2993 6437 166 1108 337 8030 2552 76 3051
7777 1389 1452 2670 3075 3514 3531 2018 3663 6803 6941 1793
7778 470 970 1228 5057 1165 435 500 3943
7779 464 3596 3834 466 2471 2680
7780 6310 6427 5786 6528 4082 4401 7758 7892 2977 2950 7819 5210 6225 3440 6224 7170 8065 4826 8453 8442 8443 8483
7781 2986 4025 1489 5056 1423 1833 2524 8391 7279 8224
7782 1661 3433 6919 6920 2457 2473 2639 4678 4681 6692 662 3445 4421 4780 5427 5662 5225 3024 3027 3914 8018 4649 4823
7783 1389 5346 3376 6434 7868
7784 2419 3213 726 3748 3294 42 1645
7785 3855 663 187 225 1281 2892 6984 4161
7786 5546 4532 1028 3725 3726 6186 7830 2605
7787 6452 63 3222 4437 7033 7927 5319 6692 7737 5399
7788 643 4939 7971 2469 853
7789 1319 718 222 1122 5342
7790 19 5435 6090 1850 945
7791 6153 1966 2866 8037 7709
7792 514 5026 5052 2225 2444 902 86 3195 6050 521 523 893 3290 509 895 2309 5290 7737 12 1428 16 812 2450 4150 3971 1529
7793 375 2357 2635 2998 5393
7794 3535 2035 5286 3014 520 3004 6058 4450 4132 5953 1845 82
7795 658 2237 2484 2155 4140 5953
7796 2299 4350 1466 3396 3073 7428 266 2653 6418 6444 6767 7482 7786 8136 6971
7797 6854 7551 7475 7276 5248
7798 896 1105 3338 3314 5005 5305 759
7799 618 1141 3727 5428 5790 6758 7730 8189
7800 6311 4957 5786 4082 7136 1353 7819 4298 4401 7440 8421 8471
7801 2902 339 1300 4760 6369
7802 3301 4802 1644 2339 2608 4654 4666 4994 6615
7803 3077 73 1149 63 5733
7804 5555 992 4035 5566 4366 1015 731 1174
7805 4116 1225 1191 3676 3529 3839 2019 7670 2185
7806 2242 66 945 59 2440 4021 4267 6436 3164 2406 3325 6439 1886 2431 2441 2750 3647 3917 3918 3921 5178 7162 7555 7556 4954
7807 924 6496 2880 3693 3840 4840
7808 50 5839 5861 4655 5108 7798 5314 5375 4925 8022
7809 1589 2408 2585 3706 350
7810 3990 5688 1203 3380 5773 4575 5465 6825 7902
7811 519 118 2207 2694 2187 2229
7812 3703 2932 4951 4955 7365
7813 2264 691 1682 5583 6268 6533
7814 1966 5442 2835 3392 1810 7675 8205
7815 7177 903 4862 2828 4793
7816 1752 5414 2668 8023 7356 6771
7817 2561 5075 6128 6515 6020
7818 2619 2340 831 4980 5026 5982 4919
7819 145 222 1300 2451 4854 5379
7820 3677 3803 4163 4469 5768
7821 6427 8109 7886 8133 8368 8484
7822 316 3131 5964 8260 795
7823 3371 1014 3849 7438 705 2155 3381 3829 5916 3899 4206 7521
7824 240 4430 283 1304 130 1367
7825 6186 4369 3073 6880 3396 7428
7826 4140 6754 1423 5064 3381 4292 3483
7827 3497 2418 3004 1260 924 4082 7049 7147 7243 2156 4401 575 8410 8409 8442 8444
7828 3916 3918 3927 2580 3917
7829 376 2229 4127 2055 7949 2755 3944 5505 6420 7917 7919
7830 1238 1969 896 1196 6533 4776 4365 6354 6560
7831 713 4522 585 42 197 5308 5320 7123 2087 3051 7764 7826 113 225 5066
7832 6942 2289 1574 4265 4718 5335 1389 1489 500 5181 5037 1428 657 7409 1983
7833 6588 3068 7313 7475 3025
7834 4903 650 4369 4440 4442
7835 26 1817 2170 5259 5510 7300 7534 667 2668 5388 7503
7836 875 5083 7940 4758 4345
7837 2155 1442 5592 6085 4405
7838 1850 4890 7921 1966 4886
7839 2169 4179 1988 16 463 1982 3195 1675 521 4116 5583
7840 390 2518 3803 294 6702 1774 2279 5961 5962 7826
7841 3073 1406 2238 6880 7428 4711 4535 6975
7842 1416 610 924 4492 5522 6335 6423 7517 7911 8159 7182 596
7843 1160 2066 2615 3100 5665 7313
7844 675 6314 575 577 2229 2755 5622
7845 3947 4654 6248 6310 6312 7551 7145 2950 7819 4401 7356 8354
7846 3417 4960 2219 5951 5051 7116
7847 2767 6840 44 65 5665
7848 817 4958 2042 819 2034 4116 4710 6680
7849 2439 4583 3962 1817 7647 1428
7850 130 416 220 3618 5811
7851 731 1756 2342 363 4092 3113
7852 2442 2784 5328 1555 7659 6945 3138 829 928 1368 1599 3195 3764 6604 5290
7853 2032 4125 3639 6672 4165 7318 1499 3635 5891 6370
7854 7681 3122 6592 1139 5527 4163 6352 5344 38
7855 1353 1378 6051 3523 3829 5953 5955
7856 3345 514 84 5969 2643 4560 4644 7106 7528 911 3415 4561 5187
7857 857 925 3191 3739 1084 3916
7858 4194 4947 1395 1437 1697 1910 3042
7859 5026 6466 8073 4884 6597
7860 1600 7278 5621 7528 5388
7861 3676 2351 846 2523 3669
7862 2815 4650 7742 7743 7744
7863 6269 691 2561 3706 3915 3925 5019 5074 6143
7864 2641 3107 350 3700 6143 7983 4283 4276 3597 6186 1991 6592 7759 2962 5790 3973 86 1589 5558 7803 6717 5033 3758 5031 1260 5113 5030 1079 8394 6653 7980
7865 4535 7128 7713 4666 3864
7866 705 7049 7959 7286 8410
7867 1606 1618 2558 564 1321 3198 545 1210 6106 2179 3908 7389 3676
7868 332 2185 2264 3814 5019 5227 5680 6827 7057 7390 7803 42 434 7709 4855 5057 6284 2670 2766 1608 3091 6525
7869 4407 5189 5953 3829 4140 5367 1685 5366
7870 2651 3188 447 1185 2116 2253 3293 3643 5596 7889
7871 3039 4972 5034 6455 7981 5661 6264 8236 897
7872 2315 7832 598 1817 4378 3191
7873 2233 3857 1056 3219 1510
7874 5747 6310 4082 4401 8448
7875 189 2963 3422 701 2905
7876 4655 2229 3022 1056 1057 1422 5167 6975
7877 1372 195 1060 1503 2260 817 1118
7878 2590 2185 2869 3472 6728
7879 1734 7712 10 3725 3726 3816
7880 1950 2022 2124 3819 5019 6095 7513 244 6592 8056
7881 1976 5644 4549 6979 1162 1018
7882 2226 2818 3637 5026 5593 7982 5584 691 7423
7883 4224 463 466 467 5201 7900
7884 463 5621 2501 3226 2853 5752
7885 4652 6033 39 3640 6154 2894 6474
7886 3462 4233 6864 555 1611
7887 3774 7289 244 5661 4989
7888 1193 445 66 1470 2868 4592 6022 8463
7889 3073 3587 5690 4337 5687 5688
7890 646 1836 2668 4379 332 597 1543 2585 4440 4442 463 1505 896
7891 461 1135 1367 1833 2333 4643 5917 8251
7892 202 249 721 189 200 1524
7893 2001 1789 3816 5064 2837 1771 2838 1966 2229 2755 7712 2155 1723 1160 5063 2163 6239 1719 1873 2694 3854 4140 5061 5916 8003
7894 713 3187 1912 5505 7178
7895 413 2698 113 872 945 1289 5163 6002 559 865 1252 1611 3442
7896 2359 5493 4084 6840 6996
7897 795 1504 1772 2505 5692 7040 2427 3751
7898 639 829 244 2561 1739 1135 1636
7899 1624 1032 4140 3008 4163 2264 5312 924 1462 1557 2368 3241 902 350
7900 7865 815 7867 2540 2541
7901 470 5747 6310 6342 4830 6191 6915 6917 7598 7438 7977 3444 3445 6224 7532 8406
7902 3038 175 5517 2002 609 2286
7903 890 1971 4900 5637 5364 7009
7904 500 2670 1475 3697 2002 6585
7905 4442 795 463 8194 3587 4440
7906 6764 1751 2580 3445 7714 8365
7907 1333 1834 3121 3284 3321
7908 1227 1378 1636 1723 2740 5691 6239 4806 767 1717 2238 6230 8290
7909 895 5187 5284 2668 5415 470 500 1316 7677
7910 4957 7145 2058 7959 1264
7911 2769 2847 3964 896 2561 3090
7912 3915 463 2171 4015 5700 6333 7026
7913 5621 1130 5864 6539 8045
7914 1428 1836 2962 3494 2185
7915 3867 3866 2292 6596 5485
7916 118 3146 3226 6887 1866 7560
7917 3725 4401 1024 8277 8276
7918 227 242 275 1303 5379 5621 1389
7919 4140 56 5778 705 4230 6202 1086 7902
7920 6360 610 886 4019 5414
7921 2886 7612 4916 7870 194
7922 927 7288 583 1131 5034
7923 3719 1066 6932 5234 6813 1475
7924 351 350 5621 4689 5218 6064 5592 602 1817 5825 5826 7613 86 6941 7756 7757 4629
7925 99 7896 3073 6880 7428
7926 723 1332 1757 2169 2562 6380 2570 817
7927 5056 2695 4110 4943 5187
7928 1812 6006 358 8038 6493
7929 1367 2551 5618 1723 4994 5802 7128 3863 7334 2776
7930 6494 2219 1682 3071 1600 4672 533
7931 911 5019 5026 36 434 2962 5218 6956
7932 2833 66 3814 6942 1966 1882 3736 918 2764 3732
7933 1234 1437 4140 8252 5153
7934 2315 3249 463 3181 3222 5366 5436 464 5621 3246
7935 5112 8219 500 7456 7922 7961 392 7101 6264 6297 7471
7936 5410 5731 1865 4240 6661 5742 1823 7034 5232 5397 4140 2066 7617
7937 3145 4134 920 2176 195 598 2962 36 194 459 463 1685 1978 1541 4522 4165
7938 686 921 1589 2152 2264 2893 4122 5849 6956
7939 5903 463 4805 67 816 3417
7940 1462 3884 9 64 3043 4499 5912 352 2696
7941 705 1260 1476 2817 3508 3730 4243 6131 6516 7954
7942 3970 3504 4219 4535 502
7943 3829 8087 1489 1847 8085 8086
7944 5977 2147 194 1752 1746 3678
7945 1613 4183 6937 7317 1770 2750 7961
7946 829 1682 2225 2819 3146
7947 5496 1810 7262 1036 7508 1202 4336 6217 8464 3443 2564
7948 2484 7297 7950 646 1437 1683 3539 4519 1950 3491 4379 7489 4710 36 6196 6640 7802 1547 7171 815
7949 2271 4179 5026 1685 502 3766 5017 944 2034 7490 618
7950 457 5154 4955 949 5945
7951 1353 1461 3639 4712 534
7952 959 2371 4439 3960 5329 2148 2918 3189 5658 5518 7670 7867 929 2997 5982 7136 7850 8402
7953 842 4619 6227 2273 2624 2687
7954 266 3402 4203 4953 6723
7955 3924 5577 4369 6562 4930 5346
7956 4560 5790 4956 817 2266 6264 2034 2064 4464 7489 2042 6589 3761 8270
7957 2271 4946 4163 885 5971
7958 5125 5777 5692 2733 5275
7959 928 593 3009 3169 3150 1233 6311 536 4866
7960 6137 2002 4800 3244 7513 36 466 4689 7489 3636 8359 2226 5721
7961 172 227 293 336 663
7962 2449 6264 8367 4014 2804 5556 6269
7963 1243 1702 3417 4886 4890 6834 5558 8200 21 4733 262 1194 2519 2691 325 4229
7964 1428 103 4244 4179 8298 3210 5939 607
7965 3273 42 280 595 651 4377 5200 5201
7966 475 3945 4127 5131 254 2635 6501
7967 2200 3095 3820 5569 1011 1529 2484 1381 3195 5319 3284 3321 4049 3715 5772 8337
7968 6256 6846 6059 8143 4231 451 3827 6028 3105
7969 36 2819 194 2170 7503
7970 4589 1688 2288 5026 5201
7971 1081 6722 7088 5615 464 691 2271
7972 3560 3680 4231 5528 2200
7973 2484 5583 5948 7873 5927
7974 618 924 5789 930 1260 3964 6810 7020
7975 6310 6312 6671 5224 6224 4401 6330 4414 8293 7356 8400 8442 8443 8444
7976 4870 4798 1353 752 5766 7005 7931 3689 8196
7977 543 4857 6857 3478 1301 6497
7978 3452 1847 2135 5112 2803 3829
7979 233 1239 2847 1723 2933
7980 3289 3995 3347 4940 8240 1060
7981 1670 499 558 560 1278
7982 1529 6311 2644 7401 7049 4401 6276 8292 8385 8383
7983 36 602 5750 646 3226 6323 6931 534
7984 8143 1573 2953 4866 7093
7985 857 164 2447 699 8153 86 4863 4768 5067 859 189 4563 4955 6418 2002 4059 4953 6420
7986 4530 7285 534 5917 6706
7987 17 195 434 1547 3215 4900 6645
7988 1555 2477 3444 3729 4119 3311
7989 4022 4366 270 5581 2094 5640 5901 3683 4004 5776
7990 6814 7054 7800 1613 4276 6494
7991 6187 599 1399 3814 1064
7992 2295 2848 16 3955 6326 4809 1505 1506 7993 5841 36 598 3452 8039
7993 1310 6945 7118 2694 6518 5410
7994 932 3483 3779 4874 7531 3518 5626
7995 3073 4216 1200 1581 354 1917
7996 5062 654 2204 5550 1680 2211 7308 971 245 543 1849 4598 7510 2356 2803 85 8249 907 7103 7856 7991 1949 2002 5526 8116
7997 3091 4148 2601 3814 4718 6942 2559 1682 4539 5145 1366 3149 4106 3038
7998 7091 99 1949 1553 2025 2488 5117 5535 1206 3541 7199 7235
7999 248 3004 5432 6186 6187
8000 3676 140 130 128 2210
8001 5747 6310 6312 4082 1565 3582 3445 4401 4933
8002 432 997 1044 1758 2145 2587 2610 4573 2545
8003 1316 2139 2500 7127 489 4379 6264 7928 1651 1991 6869 4179
8004 3676 1010 3670 1553 7492
8005 1428 3330 924 6138 6139 5046 140
8006 36 596 1139 1416 2826
8007 434 4280 2 4973 2926
8008 2599 2873 7343 6139 4265 3829 2956
8009 2137 7463 5167 7115 7208
8010 1784 2534 1170 2502 1847 1928 4474 18 898 1547 1285 1783 1224 1286 7959 2002 924
8011 417 2567 5061 7551 3468
8012 225 340 3216 113 164 220 254 410 4245 4430
8013 2289 3587 4933 7177 7288
8014 1833 1849 2089 4216 4349 6383
8015 3947 5786 8065 8244 8427 8295 8453
8016 1500 1195 2646 90 841 5261 2785 7313
8017 438 3921 747 1191 6509
8018 1993 8079 3677 1880 8070 8242
8019 474 5850 6856 2930 5734 1455 2668
8020 113 395 2140 2553 4619
8021 1002 2229 3881 6267 3918 908
8022 2962 572 6987 2807 6510 6615
8023 402 784 2273 6325 6155
8024 3004 3009 4071 7685 932 1576 2803 2977
8025 3042 3132 3611 1011 5658 8042 7873 1234 5546
8026 91 2089 2567 833 2232 5063
8027 1024 1489 1660 3773 6887
8028 5026 1588 4862 2839 2668 4183 3090 42 2748 2750
8029 5312 5622 7475 1200 7895
8030 2255 904 5077 6700 6813 3039 4658 5570 1255 5525 5188 6816
8031 8000 165 1122 4934 6767
8032 113 5961 6969 457 411 5505 4873 5831
8033 3925 4369 4035 1250 4777
8034 464 2195 2725 7165 244 3943
8035 3378 1763 2688 2725 6494
8036 2614 395 2170 5633 938 1547
8037 2318 2319 2325 2326 2510 3320
8038 4276 5273 99 610 1975 6672 3560
8039 2241 8224 6218 5956 2976
8040 924 3660 6663 66 6835
8041 812 814 3758 4547 5911 6804 7489
8042 1924 6250 1236 3176 3302 8411
8043 1846 601 2176 6673 8020 1589 281 306 3128 4280 4621 7900 7906
8044 5897 1880 2144 3512 4608 3985 3986 3210 3860 5188 2147
8045 64 1501 1821 2657 3440 3445 3798 7229
8046 5471 2084 4114 6301 1780 4440 8333 6931 2124 8196 2644 3435 5627
8047 6250 2723 2773 3105 1442 1519 4231
8048 5700 4034 459 1817 5701
8049 4537 6500 7017 7874 7875 6764 7932 7428
8050 4115 1278 3663 434 7292 7579 1791
8051 978 5546 5435 2155 8252 861 654
8052 1022 3417 6033 6043 328 350 285 2316 130 8200 133 1508 2515 3286 6264 6263 6767 3860
8053 3094 2155 4715 4025 2513 7038 2184 4588 4980
8054 616 6076 7271 8398 5483
8055 3676 6311 8444 8478 2008
8056 1734 1833 2238 4206 7193 7609
8057 7991 1341 1682 7668 8025 3458 2117 3087 3191
8058 3829 5622 3818 6575 7128 1492 2526 2742 5346 7521 7771
8059 1489 6383 349 1437 4410 3066
8060 5179 1589 5839 6282 6758 6428
8061 326 2474 2580 3510 1231 7683 7425 4463
8062 295 229 458 1455 113 777 6915 4423
8063 2579 777 4537 7589 3567 3657 6586 74
8064 166 463 2228 2460 2580 6601 90 593 938 1416 3191 3223 4379 4679 5039 885 7502
8065 531 819 1595 2065 2750 6638
8066 2626 3804 500 795 7353 5668 7191 5674 8062 2580 6552 2732 2328 6726 1234 4361 7179 3475 7089 2381
8067 464 6284 1600 1601 1602
8068 5739 7114 3560 1146 6483
8069 609 4627 66 3916 4677 6268 3917
8070 3105 8273 3508 4783 6810 8269 5307
8071 1016 6595 484 4302 7872 6733
8072 1300 2454 4760 5975 6046
8073 4035 1305 5503 130 254 3653 4431 2069 1849
8074 6468 7113 602 2327 5840 6890
8075 5674 924 3417 3639 5421
8076 6180 2261 7292 3090 500 8060 8178
8077 1500 518 6275 1206 2561 1515 7054 453
8078 2185 3602 4537 5621 5971 1428
8079 413 202 6046 136 113 254 255 7110
8080 1810 1489 7570 3560 1707 7146 332
8081 896 3190 5378 395 2273 3873
8082 2619 474 3551 3553 4774 4779 5204 2892 1326
8083 264 419 2115 7585 7644
8084 2289 3174 3295 7495 470 1752 8160 5086 434 7970 7698
8085 2059 8022 3522 1280 5839
8086 3751 526 575 3139 7956 8335
8087 5934 5900 1428 2266 6034 1497 5650
8088 7508 1910 5110 7154 4976 6282 7092 5009
8089 574 1160 2135 5971 7313 3381 7931 3138 3142
8090 3829 3830 5955 1367 1381
8091 2289 3587 5013 95 2725 2855 3493 6988
8092 244 997 4228 6730 1862 1846 2229 7599 6187 535
8093 2625 6493 4122 2603 26 896 6232
8094 914 1957 1017 1181 3298
8095 4345 26 2639 2619 7598 2002 3325 876 2575 5604
8096 4140 3468 469 1378 1833 2956 228 959 2346 2918
8097 705 1353 3097 8223 2462 2229 6314
8098 2713 2982 36 194 2962 4147 6473 3395
8099 7331 305 1055 2444 754 2202 5126 8183 939 521 2380
8100 4574 4666 4802 7272 7334 7301
8101 4622 5128 6156 848 4206 5530 5991 6496 5057
8102 1247 1529 3032 3261 5582 5864
8103 26 5388 4689 5542 5543
8104 610 1206 2176 5131 7836
8105 4898 305 5245 6310 2725 7170 7197
8106 6524 42 380 3587 6137 195 857 1617 1952 2904 463 500 2906
8107 461 2848 7891 7827 7671 5948 38 7403
8108 1054 3957 2311 4758 86 538
8109 3122 3602 7280 1949 3624 911 5322 2013 1679 3191 4420 8066 2540 7156
8110 3110 1524 1295 4727 8297
8111 595 601 1634 1752 2484
8112 6010 892 1576 6975 4243 5048
8113 978 3423 1949 6553 5715 6197 7995 2904 8510
8114 4711 2933 3829 1723 469 3427 587 3560 6250
8115 4379 7100 1685 5377 6545 5996 434 4105 6459 3638
8116 3907 5111 5145 6562 7906 1265 5626 6860 7270 7281 7981
8117 160 6686 130 7773 7774 6964 7436
8118 2384 2578 5754 6594 5063 7987
8119 2733 1044 52 1045 5934
8120 1066 4572 2557 5621 8336
8121 2635 5075 2939 6969 5960
8122 469 1421 2634 2307 3043 2398 3595 3031 3447 4132 2139 7543 7093
8123 3828 6568 1175 3222 387 6473 2117 6300 6692 598 995 4887 6187 8270 6988
8124 8443 8444 8473 8474 8475
8125 2284 2147 3284 4173 904 446 6582 5668 6544 7489 5950 5983 6231
8126 464 1428 1505 2225 5965 857 1852
8127 1174 1497 3936 705 1723
8128 2624 3468 5731 2238 6854
8129 2775 493 4436 6480 7956 6242 7971 7972
8130 7940 970 3510 7128 8411
8131 4664 6672 5414 7715 7714
8132 3804 5776 3543 4782 7177 7491
8133 4946 2266 3116 470 332 3587
8134 1409 2189 2815 3898 4369
8135 928 833 3739 3946 3917 3923 303 26 8385
8136 5236 1381 5176 3283 3963 2705 3960 43 2724 3502 4589
8137 1367 4588 4698 8366 1644 8067 5210 7882 1423
8138 924 5373 6368 5026 796
8139 3306 2751 3409 4501 36 194 2434 4004 1663 5730
8140 2288 3921 3925 3927 4267 4414 5031 5599 5951 7592
8141 1925 119 4507 4888 3004 4002 4969 841 4383 4866 5614 2184
8142 5357 5358 5359 5356 5361 5406 7131 113 1524 5103 131 416 1290 4131 4506 7732 7782 2081 6102 7731 7783 5324 135 710
8143 7272 753 2469 3294 6975 2694
8144 569 4020 233 498 2390 239 1217 2487 1272
8145 1310 1489 3560 4369 7579
8146 2396 7682 6154 2269 1058
8147 5745 1893 3091 3596 7732
8148 8081 2617 5717 2505 6006 7618
8149 2891 3190 3824 4448 5392 8406
8150 1249 2185 3670 3902 4341 7028 633 5621
8151 5747 7147 7819 2156 8113 8295 8442 8443
8152 1984 2135 7110 2820 6442 1855
8153 1078 1973 1975 7198 7937
8154 3047 528 5589 3691 7244 7146 2128 537 3742
8155 1428 1540 1285 2271 6235 6333 7654 1346 1497 1685 3719 4183 5468 5621 6337 6600 7052 7180 7182 7410 7834
8156 135 225 248 417 4493 5379
8157 1723 705 1353 1771 3829 3831 5056 5953 6852 5622
8158 630 3150 6484 7279 2933 5915 6095 2899
8159 7771 3857 5895 6596 95 2136 2384 3029
8160 3863 465 2015 2385 1868 2624 3508 1723 5188 4900 4666 4994 6288 7550
8161 2185 3946 467 4745 3328 6310 7714 7675 8107 5235
8162 705 743 2538 2773 3720 5777 5963 7813
8163 582 113 1524 418 6387 275 3575
8164 2229 4670 4375 6452 5328 3340 3355 2964 3341
8165 5848 1031 2264 2328 2427 3613 3766 4900 5229 5839 6941 939
8166 5525 5187 439 825 3810 4681 8472
8167 244 464 1821 3596 3829
8168 736 1976 2264 2625 464 1447 6284
8169 2369 2300 2155 2862 4960
8170 1416 3191 6473 6644 7916
8171 459 1975 2196 4440 6000 7000 7292
8172 4074 3587 6556 1922 5252 8038
8173 5062 7428 2344 3004 3731 4334 7580
8174 6611 7733 394 1833 7005 7868 4980
8175 1625 56 1135 1782 1847
8176 2243 6853 3860 4051 2382 8146 1504 2764 1213
8177 2565 5158 938 459 1194
8178 3461 1949 5414 3587 7928 1637 2974
8179 2256 4084 4394 4400 6040
8180 2066 2264 3005 5754 3924
8181 4599 598 995 1545 5628 8224
8182 1540 3677 4379 5971 1714 3077 4406
8183 639 2688 3060 7113 2580 3925 6509 7441
8184 1613 6612 4443 1886 3925 2828
8185 1428 2225 2403 3799 2121 4336
8186 1489 2811 3100 4722 6314 6840 1421 3009 3650 4038 5459 2206
8187 810 1963 5462 5668 515 523
8188 929 1369 1599 2750 3934
8189 2953 4288 4331 2469 704 3889 1353 1573 2615 741 5731 6852 1161
8190 932 654 3011 3004 1433 5552 3779
8191 1820 6186 1902 1864 6095 6098 5155 743 3870 5346 1443 3269
8192 3060 3118 6943 6096 8070
8193 2513 2488 1563 2515 4366 4743 5061
8194 5395 534 2853 3965 4105 6494
8195 4588 5062 3007 6202 6431 3829 4239 1329 4997
8196 6792 2215 3160 713 475 146
8197 497 790 7477 4238 3325
8198 1833 2186 7921 6314 6975 8226 8087
8199 1200 705 1135 1260 5062 5230 4715 3468 8348 4711
8200 924 2561 6265 6493 7953
8201 851 2077 2555 6244 8009
8202 6915 4091 7436 3617 122
8203 1672 5819 786 770 2659 2717 544
8204 3147 2264 3287 896 3809 944 1617 2170 3639 5621 2750 5174 3325 6035 328 7656
8205 394 5900 7335 2953 1350
8206 8462 66 5642 6788 3978 6181 6927
8207 634 3468 5061 2248 2238
8208 1500 3918 1973 1427 3917
8209 3915 4704 6602 114 6603 194
8210 6528 4082 7145 4401 7551 7893 7819 3440 8110 8295 8065 8221 8244 8411 8429 8453 8415 8426 4074 8171
8211 7325 2124 5112 7322 5210
8212 2121 5060 5220 7475 4820
8213 2874 6282 3195 3189 3417 4530
8214 5141 26 132 439 646 886 1104 1301 1479 1751 1817 2050 2655 2873 3377 3482 3629 3719 3898 3917 4031 4496 4618 4689 5459 5465 5662 6282 6384 6478 7050 7175 7336 7809
8215 2264 3669 4369 2286 5168
8216 5936 4912 581 8102 8023
8217 2578 4771 68 1129 4462 464 1952 6284 5218 7505 4008 4893
8218 1455 4955 178 644 1283 3770 4760 4773 5066 5811 5941 6723 1281 6212 1523 4346 409 1305 3703
8219 1489 4653 4654 4655 4722
8220 5747 6310 7466 8287 8406
8221 1770 3572 4048 1846 6560
8222 8 6309 6095 1633 1437 7986 5766 4851 2248 5000 500 1200 4888 7286 5286
8223 711 1524 2115 2902 2316
8224 5578 3633 4593 3745 5132 7557
8225 328 2853 3089 61 5328
8226 4930 5346 6975 1604 6561 6646
8227 4082 4401 3642 8474 8438
8228 2987 4081 1895 3050 3541 5513 7993
8229 4671 4698 4866 6084 7580 6083
8230 1403 3166 3572 3682 5218 6194 6583 3558 6121 7589 7428 4862
8231 979 4866 5774 6266 5346 6510
8232 328 3677 4940 3289 3347
8233 8323 50 1286 2152 2491 2893 3760 6956
8234 5585 5008 1327 1328 4597 5089 7351
8235 41 1475 4886 783 5056 2607 7106 5273 66 6267 7162
8236 595 5621 5674 6810 8296
8237 1157 2020 1176 1702 97 1552 1587 5981 1145 1162 2019 2483 3786 6350 3344 2637 6609 7662 2219 2688 2257 5255 5212 5056 7371 1727 2001 1593 8488
8238 73 1499 2789 7261 1084 3195 4116 4122 7802 8007
8239 228 269 1310 1723 3381 4230 6202
8240 1966 3766 4183 4379 5167 6349 6827 3210 6870 2117 5621 6536 1022 7144
8241 1784 741 2256 5064 7417 443
8242 6979 4771 5630 430 1160 1176
8243 480 2681 3856 4237 910
8244 1843 463 601 1593 8380
8245 1609 7459 754 1044 1547
8246 932 1902 2513 6234 6683 4223
8247 3723 5747 6310 4763 4401 3445 8283 6592 8278 8430 8449
8248 1442 4669 661 2414 6514 239 1102 4985 3855 6293 4455 4357 4692
8249 5417 5452 5167 26 4646 4689 7847 5033 5083 6158
8250 1881 2711 3074 2706 2705 4140 7995 1120
8251 798 5330 2255 3560 2668 5055 4081 1432 2264 3176 3539 3804 6370 1191 2015 5767
8252 6671 4082 7145 7022 7157 4401 7356 8383 8421 8471
8253 1878 7285 5732 888 7113 8019
8254 5066 6749 867 5378 3557
8255 1648 3242 5538 5839 45 974 1890 2328 924 5823 1547 5136 5512
8256 5030 7600 5031 8456 2507 1489
8257 533 5425 6074 7912 971 1714 1792 3031 4885
8258 911 1871 487 5039 463 514 3777 5535
8259 928 1368 2271 5377 5750 7076
8260 2458 5573 5651 6979 7036 7577 463 526 1162 3033 3529 3820 4644 8130
8261 1846 6310 6312 7438 3373
8262 66 399 1914 4800 804 4161 4437
8263 924 3916 5026 4545 1497 7195
8264 4630 42 1220 5053 463
8265 5621 7727 1031 7061 7107
8266 1181 2200 3801 4003 4573 1745 3929 4601
8267 2207 379 5066 200 228 713 1924
8268 4898 1846 3961 1175 4706
8269 1178 7390 5621 618 3319 3351 4440 4442 7425
8270 2076 1139 3916 6884 1682 2518 4163 8023 36 6600 7231 7802 2957 5621
8271 3952 530 1372 1373 2816 1817 4154 1985 7056
8272 3060 3587 1249 3714 7715 1652
8273 3882 5906 1771 2247 7147 7551 6225 3440 7128 5210
8274 861 166 348 1108 1438
8275 29 1857 1556 1815 2543 4369 469 4879 7551 2592 7749 5166
8276 2828 3641 2813 3189 4780 3445 1529 2652 5365 6185 6509 6931
8277 1730 140 2293 5187 2171 1139 3539 27 970 1995 8352
8278 617 866 6554 618 865 2892 4430 6996 131 6107 2099
8279 1734 2886 3889 4617 6871
8280 4344 5897 4338 7367 2681
8281 6312 6671 6528 4082 7157 4401 4414 7356 8429 4074 8453 8495 8442 8444
8282 693 1499 2772 4399 618 3560 8094 2976 7672
8283 2400 3091 742 3798 6235
8284 534 5133 4729 5011 1973 4246
8285 1685 5019 5621 5840 6284 464 2625
8286 2176 3541 3560 3247 2160 263 1653
8287 2238 1367 1976 4673 7617 7933
8288 5229 36 1791 5621 6188 6509 4022
8289 6094 1869 3292 5321 7718
8290 709 5066 663 5358 5362 161 3787 4619 5356 5360 5361 5380 5406 6964 7917 113 130 1289 4609 6082 1534 751 7585 7437 708
8291 1138 7038 7394 1200 3304 3349 5346 5056 6846 3319
8292 841 3764 3870 6432 8186
8293 278 721 514 7563 7564 7565
8294 6290 7893 7128 7157 8133 8428 8448 8438 8476
8295 924 4549 652 3984 4105 5191 2496 4461 1862
8296 3060 5057 2444 1515 3157 4549
8297 1200 5621 4038 4823 6999
8298 2168 5510 2410 5843 532 4105
8299 713 160 202 508 708 721 1822 2452 551 6419
8300 5773 6949 3352 7836 4845 8240 7339 3444 4662 3445
8301 1489 833 102 5055 4024 519
8302 1201 5971 2655 5188 4733 4155
8303 5619 2529 5728 6047 1489 7328
8304 5281 6093 6302 5008 1728 2590
8305 1675 5026 5645 7511 8028
8306 91 2561 2904 7443 7698 7751
8307 3073 610 924 1009 3327 5613
8308 3707 5246 2286 8203 2289
8309 1547 6284 464 691 5019
8310 6157 31 3159 7627 1756 4198 7606 4644
8311 1231 2922 2213 3249 8351
8312 3295 596 6004 2161 606 1817 3678 4022 1271 601 6187 7732
8313 457 300 4955 5378 7019 949
8314 697 1214 2080 2208 6122 4265 7275
8315 723 1540 3223 4122 4163
8316 1191 5654 6935 1213 4049 4116 7106 7162 45 8190 5002 6956
8317 1917 4347 6979 3471 4206 5485 5155 7128
8318 1639 2258 6276 7028 3925 7874 819
8319 3736 911 6989 1157 1503
8320 2226 2484 2962 3637 3638 5377 533 929 6459
8321 130 113 415 1121 6180
8322 289 1375 3226 6284 332 6592 7182 8144 5342 463 5468 5839 5905 6266
8323 6528 4082 4401 7693 8317 7692 8096 5237 8451 8452 8453 8442 8443 8450 4074 8162 8444
8324 119 5706 6728 990 7656 4529 5739 5740
8325 1353 1519 1903 2155 5465
8326 500 546 1115 6541 6542
8327 2185 4646 3507 5609 3960 526 5429 3510 4654 6849 7005 5915
8328 1206 1280 2484 2740 3213 3404 4119 5621 7390
8329 2973 6314 8233 8083 1343 7005 1519
8330 4632 6157 2289 5140 1614 1755 924 1310 4540 1723 2956 3730 3765 5587 86 1947 6603
8331 3181 2002 1818 4828 6275
8332 1540 3223 1529 7579 3189 2185 3195
8333 1295 7325 375 4863 3201 5066 7786 5505 1122
8334 1372 7530 1545 4655 6068
8335 1833 2238 2596 5802 2624 6131
8336 6434 1576 1644 3765 3835
8337 819 938 1547 1589 1682
8338 1010 1521 2225 3568 1427
8339 1107 1682 3853 4867 6439 4527 6269
8340 6372 2123 2922 5279 5280 939 7981
8341 6923 5314 5342 6333 7911
8342 3799 4752 5026 4833 7162
8343 7259 483 493 786 407 7427 2114
8344 4523 5431 26 5492 6479 8456
8345 1810 6075 7005 1964 705 2128
8346 123 1292 3256 7429 340 6046
8347 1239 928 3639 2264 1515 5539 1804
8348 6937 26 5388 6235 7490 829 2271 6599 1817 3804
8349 2904 1841 5543 5415 3541 5092 470
8350 596 1128 4444 1613 5218 7055 2111 467 1139 1140 464 6473 6889 2137 3539 3925 434 610 5259 6493 3148 7958 2160 3435 7534 602 995 1887 8240
8351 3525 6435 4091 148 663
8352 350 4546 6949 1976 6963 1932 2203 6197 6282
8353 2541 3318 4282 7970 8280
8354 4445 1481 1777 5537 3925 4483 5032 658 4119
8355 2766 606 5164 2155 978 2623 5178
8356 3759 322 1810 2484 2970
8357 2766 5267 6318 6671 7012
8358 1244 4507 7781 8038 449 4002 6550 6732
8359 45 5201 5375 5377 36 2962 691 1685 4165
8360 1545 464 3325 1346 1541 6381
8361 6312 902 3284 6671 5026 687 7230 8112 5118 3782 5982 8383
8362 1999 6845 5119 8338 1160 3094
8363 2929 8085 367 4140 7295 7625 8023
8364 4574 1246 3030 6267 3077
8365 1512 5519 6613 1539 3214 5363 5817 8196
8366 469 575 2155 3730 1604 2519 6657 6729 8143
8367 1442 4533 7686 7701 8194
8368 2384 2578 2608 490 6108 2248 6533
8369 1107 5160 2103 7655 660 7232
8370 1024 2279 3223 6018 6592 4366 5032 7177 7714 1752 2962
8371 340 1299 1455 147 211 248 290 4091 1534
8372 547 1708 2717 769 844 3616 233 8459
8373 600 904 1529 2711 99 846 2580 4800 5339 7866 7210
8374 1595 504 1809 6620 6619 706 1613
8375 2647 1158 3676 5656 5765 7107
8376 4466 1175 2637 4943 6979 7555
8377 5037 5222 5040 5439 6343 5029
8378 1585 4654 4655 5536 575 2253 5894
8379 7375 3128 898 5840 533 5595 7461 7913 3031
8380 641 1883 562 563 1670 1943 498 1604
8381 183 196 210 399 402 3654 3814 5066
8382 36 316 928 1346 755 896 4236 2449 3587 66 4064 3468
8383 1363 4140 4476 4559 6810 6896
8384 1625 2408 99 2766 2504
8385 3087 66 1619 1786 2222 2594 4355 4789
8386 3469 2256 2204 3829 2238 3468 5465
8387 4346 4448 235 1080 1249 2958 4020 5188 5649 6016 6586 7615 7710 7940 3090
8388 3493 2510 7597 7594 6967
8389 2487 2021 3538 1984 2770 3652 6864 2182 5622 5369 233 572 1521 844 6742
8390 978 2771 50 648 500 610 4265 5376 6123 6592 8462
8391 1428 5473 3927 5031 2300 7645 2299 1991 3960 7927 5034 4293 5884
8392 691 3587 5200 5512 7642 7914
8393 4336 8126 464 5218 6737 6943
8394 5510 5511 1044 1045 1046 7204 855
8395 464 3044 6509 36 3829
8396 622 1156 3851 6683 5474 7892 8269
8397 602 2942 5019 6028 1565 3906
8398 36 812 1428 2568 3494 4923 6765 1817 3327 5033 468 723 4446 4460 4379 5552 6976 1139
8399 4500 2259 8455 526 1228 8073 5563
8400 6154 915 876 526 1124
8401 463 5818 2962 1518 1539 464 4059
8402 2565 6604 7231 7348 6752 7223
8403 896 506 892 1655 2733 8164
8404 2148 1659 3019 911 6975 6178
8405 4404 1589 2185 5367 3445 3582 4022
8406 978 3971 4644 4674 5415
8407 5754 3763 3898 6666 536 2902 2914 5291 117 705 1367 2534 2624 2687 5915 5916 5112 1413
8408 26 837 1763 1896 2073 3474 3925 6264 6269
8409 3191 4529 6592 7189 8166
8410 3039 2152 723 2288 2706
8411 7036 610 7409 2557 2871 6066 1589 3541 5950
8412 4928 2896 397 5022 3381 6567 6024
8413 3676 5187 998 1843 889 609 5075 1427 2348 4033 990 926 896 2497 5276 5462
8414 2027 4174 5815 7259 2002 1539 4465 2561 5971
8415 1010 6145 6087 3070 3087
8416 1796 5555 6228 888 2373 6264
8417 4359 7204 2286 6381 2730 5864 434 7162 3665
8418 4201 2208 4027 4782 7873
8419 3746 1278 5581 6486 7246
8420 3497 6248 4423 7145 7243 7551 7892 2977 2803
8421 5008 3859 5056 6040 629 2708 4650 6266 6202
8422 821 822 4122 816 820 6560 6646 2079 2868 3227 705
8423 58 841 1185 3142 1489 7332 8354 5249 2586
8424 3381 5936 6810 1476 422
8425 924 4862 3445 3481 4933
8426 2385 2386 1250 4886 8129 1861 2387 1362 1850 4881 8130 1430 4753 3245 2853 7005 1613 3845 6318 6680 8405 3843 8267 7221 1552
8427 3475 4959 6416 4960 7892 7548
8428 66 1503 4862 7162 4913 5218
8429 1910 1975 2575 6949 3063 3934 6980 7502 111 6815
8430 2309 1428 305 2750 4503 5118 602 1437 2429 7390
8431 4897 776 3374 3632 3829 4857 1573 469 3470 5936 6431 1329 3381 6456
8432 2180 2487 5974 1883 1943
8433 51 945 66 21 1901 5435 1293
8434 349 3210 26 332 4733 5202 6579 1425 3331 5534 5857 5769 7206 2264 753 2196 8038 4045 8008
8435 1583 1390 1476 3136 4140 6438 3301
8436 693 1118 4300 385 5023 6252
8437 7332 6891 6904 1786 6054
8438 939 999 995 2819 3154 6876 2904 2957 6194 7090 7708 3742
8439 7617 5955 6202 5767 8194
8440 297 416 6501 6917 122 130 222 5393 6031 6213 280 2892
8441 1971 2264 4097 4476 5019 5534 6275 7106
8442 631 1030 4916 7165 7750
8443 1682 2059 6 1573 3135 5728 3381
8444 4638 536 6152 6358 3898 654 1849 2915 4728 6887 8227
8445 4369 3483 1847 2066 1529
8446 537 5008 2288 4691 7071
8447 7300 36 40 4403 4008
8448 4336 5547 7396 6770 1091 4110 4404 7106 4225
8449 2162 6368 6544 6944 8413 491 7503 7598 1961 2269
8450 831 4658 6975 7475 7551
8451 504 2706 2904 6835 7390
8452 7347 5850 1824 2450 2523 4994 5060
8453 1487 1543 2894 2962 7162 7195 1514 6561 5392 1166 1175 5868 6818
8454 1966 1734 2803 5525 7555
8455 3510 1511 6007 5857 350
8456 266 4518 4951 2130 1523 6749 157 3770
8457 3974 468 1524 83 8413 3956
8458 6310 4082 8442 4826 7820
8459 6331 6099 7049 1874 8383
8460 2582 898 899 6679 6426 6604
8461 1924 1540 5047 5245 2707 7353
8462 1729 3695 4650 1821 3863 3595
8463 1964 3829 5955 6277 6308 6572 8382
8464 5047 6190 6193 1645 1648 3262 6357
8465 2049 3860 7343 1506 4049
8466 5130 1234 690 464 103 1262 2147 533 5017 583 978 5725 6284
8467 2138 995 1516 1520 1053 4747 1428 1952 2277 3274 5019 1506 4796 6154 7088
8468 7292 1599 5171 1747 5637
8469 2975 26 99 1818 2561 3363 4249 4689 5011 6518 1682 636 1503 1993 6469
8470 2404 2638 1503 3305 8490 3211 5004 7656
8471 2484 4591 3642 3643 6196
8472 160 171 398 5203 1301 217
8473 454 1704 5994 6791 2295
8474 932 3329 4535 4588 4980 5915 6179
8475 74 3326 5712 7136 1434 7420 3566 6781 8065 8287 8406
8476 3993 4762 2409 3762 6180
8477 5376 194 1752 4376 1589 890 1065
8478 2226 2458 1682 3425 6231 7312 3301 4233 3865
8479 222 4567 7095 1303 408
8480 2120 6615 645 1470 4571 6653 8067
8481 1875 5236 5717 5187 5751 26 36 468 651 753 1437 2185 2962 3929 4379 4658 4689 5055 5382 5388 5840 6275 6592 6901 6905 7127 7510 7697 7857 8464 1617 6361 7516 306 1194 1815 3060 3095 3189 3639 4946
8482 2297 2444 3292 7223 8087
8483 1057 2238 3570 4079 7768
8484 85 2668 1702 2830 3511 5769 6728
8485 4140 2141 6856 4919 5955
8486 5621 898 464 5129 4940 5414
8487 6428 2484 4247 7320 2688
8488 2736 6250 7128 1412 2124 2989 5210 5622 5730 5737
8489 63 578 2200 3191 5621 5739 6604 8023 546
8490 26 857 2203 3376 3514 4530 4689
8491 500 1481 2484 5083 6026 5077
8492 6132 3120 3805 5194 7017 6251 4519 6221
8493 753 2384 3188 4350 7341 1566 7394 6438 2847 6283
8494 1966 6311 3300 3056 2955 2008
8495 982 1489 3838 6975 7313
8496 1247 5132 7750 8007 1617 5219
8497 1308 1329 3093 4999 6809
8498 470 2484 632 1975 6157 7937 8296 8341
8499 2596 3096 1782 2465 1156 2211 3100
8500 6186 679 1722 5124 5765 7390 3587 7113 7277
8501 4399 519 7106 289 3677 4940 3412 3493
8502 2803 3707 2155 2020 4377 2256 4268
8503 4220 2155 2714 5061 3042 1249 7696 8337
8504 135 1822 1836 3145 3144 7122
8505 1378 4231 2184 7093 7815 354 705 6928 1873 7742
8506 1526 4091 6843 6943 7048
8507 8121 8122 17 244 434 691 829 896 1228 1269 1428 1595 3774 3828 4179 4218 4492 4549 4879 5026 5971 6606 6821 7052 7057 7964 8456 6605 1752 1765 5244 630 2264 4299 4309 4440 4442 5858 6592 2906 3411 815 2034 2270 6680 7490
8508 2368 50 898 924 1369 2868 3639 5971 7682
8509 3936 5841 1809 4105 3281 1589 4442 6982
8510 3492 2512 2408 4463 1545 4276 7391
8511 610 2075 5415 1588 1975 4908
8512 1254 4713 6943 6197 7736 7730
8513 5432 6082 130 164 2111 5430 6969 5379 872 3190 5505 4448 871 151 222 225 340 4563 6213
8514 890 1617 819 6876 7725 3417 8178
8515 219 1321 1943 6682 2761 4187 6036 6437 233
8516 7097 602 1723 1917 1980 2933 2977 3307
8517 1119 2185 6087 6231 6868
8518 500 1568 1991 2266 2962
8519 6493 1791 6495 7665 1092 5188 6551
8520 1258 1961 5082 5582 6199
8521 6227 4324 6597 2596 2634
8522 833 4655 3707 2803 1485 4715 4905 7146 6975 2277 449 817 4445 451 2523 8354 8411 1597
8523 5546 5804 5915 7020 1023
8524 2229 5622 2683 3381 5183
8525 1201 6272 6962 6977 1346 3511 3995 7390 7441
8526 380 667 7278 7463 6927
8527 1924 2466 7228 292 2256 2469 7792 8302 8313 3560 7573
8528 4965 407 605 5037 5581 8340
8529 1821 3109 3759 1702 2184 2224 2731 2596 6344 5354
8530 292 395 2273 141 1106
8531 454 1712 2108 2721 3093 5226 754 827 1242 5622
8532 7005 3916 3017 3325 4229 4503 5056 7119
8533 155 4261 4953 3557 5378 104 3618
8534 4555 633 1096 4886 6289 7176 7177 7180
8535 130 189 200 222 539 4174 1455 2561 3624 4478 5026 8177 194
8536 1115 3347 3677 3541 5674 1675 4680 5032 7230
8537 1429 6506 7648 4518 2185 7647 73
8538 5576 502 5546 6980 8315
8539 5026 36 5674 26 1982 2034 3476 6741
8540 4292 62 4290 107 4857 4866 1979 8170 8213
8541 1133 1378 1442 1755 1833 2151 2192 3005 4711 4857 5953 778 2155 3374 3820 5346 6573 526 705 1234 3872 5016
8542 610 2789 7127 924 7669 8263 500 2769
8543 1588 5839 6604 1312 1335
8544 320 5308 3379 5026 7189
8545 195 3039 5033 6694 262
8546 973 1882 1344 2146 3031 1975 5129 5019 6739 7997 3758 4082 599 2912
8547 465 2817 4819 7313 7475
8548 2155 3633 3634 6475 2112 4559 7113 6810 7271 8251 7009 7046 8224
8549 4990 1589 1821 6730 7977 7981 2579 4661 5930
8550 219 2027 4241 5842 4465 5369
8551 5622 815 1712 5368 705
8552 6819 3220 3903 4342 5519
8553 2711 3548 2099 2421 6310 1703 4301 3742 4082 2137 2156 3643 6195 4401 5147 8293 7025 7766 7975 7691 7692 8318 8430 8428 8434 8414 8185 8378 8442 8444
8554 1206 5121 5275 6038 7621 5715 1685 1462 2420 6313 1254 2808 1957
8555 99 656 5929 6421 618
8556 2668 707 2984 1489 7570 4959 7625 7980
8557 5061 3438 3090 2336 6047 6053 82 2010 5311 5435 6938 7046 7604 2586
8558 1177 1206 2562 4604 6319 7088
8559 809 1678 1764 2065 2266 3267 6681
8560 423 1816 1863 5415 513 2430 4313 7032 6978 3537 7142 7143 17 2495 66 6605
8561 7569 1224 3821 1148 7825
8562 162 104 342 4162 3557 2769 7230 5621
8563 1993 639 3916 115 3884 4777
8564 831 3945 5075 5416 350 6672 6060
8565 7427 211 663 3350 5066 5986 1780
8566 1996 2664 3193 3138 461 1428 7792 2668 3444 7927
8567 7212 7673 8143 4075 7967
8568 3578 5915 6133 6975 1367 1354 3763 3341 3468 5056 4983 6809 3142
8569 5834 2957 6592 7522 6088 1511
8570 4581 950 1797 8087 5231
8571 4723 2853 7161 7723 6496
8572 135 1122 5358 5837 6418
8573 2286 2404 1471 1957 4747 5971
8574 988 1068 1072 4846 7758
8575 3814 4017 5321 6267 3922
8576 4655 5019 5838 5510 6780 2575 435
8577 520 782 6854 5971 2250 8188 5367
8578 3358 4973 992 653 753 938 6197
8579 2178 7540 2289 5979 7715
8580 3707 3924 4650 6446 6652
8581 7758 7819 8111 8094 8494 8432 8483 8484
8582 532 857 3936 7054 7836 945
8583 7531 705 1833 3374 7622
8584 6975 3957 4460 5857 6235 7146 7709
8585 1589 1836 3803 4797 3181 4480 4798 6109 3985
8586 851 853 1513 1279 5972 1621 4447 6744 7455 1252 1611 321 1708 7094 3442 6819 7259 3227 2025 4233 5519
8587 1306 3375 7661 6472 2708 4347
8588 7560 1269 2795 6728 4116 4355 4303 5332
8589 73 1456 1682 5344 1545 2668 2969
8590 2264 2368 7647 5023 924 6599
8591 2706 1540 2002 3477 2382 6264 7382 3928 4379 4574 350 7665 2147
8592 1584 1600 1613 4022 5019 4463
8593 1651 4723 1910 5580 8324 1023
8594 3178 7743 2161 3650 4070 705 4715 269 526 1353 1723 1847 4398 5112 5155 5917 7672 5953 6303 7742 697 8386
8595 974 1160 56 673 2605 5140
8596 3246 3845 463 350 6495 1022 3347 7290 2725 6605 3049
8597 1160 1161 1176 2286 4653 760 2894 428 7528 7484
8598 2847 6228 6739 7654 3993 1651 2819 1516
8599 1378 4140 1200 887 2759 4218 306 3719 4800 2078 3925 7866 328 6818 2580 1637 578 16 6057 4183 2668 305 2185
8600 639 2662 2269 673 3587 3165 1381 2634 3138 3189 4022 4369
8601 526 7695 5188 7337 3468
8602 4311 4325 4395 4333 4326 7378 1189
8603 500 2561 7634 5790 26 4442 7195 5622
8604 4269 1871 5953 4710 2248 3838 5916 1249 4733 6572 6475 7248 4372 7280 308 5769 7860 4595 1135 262 1868 7210 7322 7551 7579 4183
8605 2334 4533 6327 7701 2608
8606 2766 598 7031 1593 5644
8607 3736 7159 895 2368 3195 7489 898 1316 3191 6608 7801
8608 459 1685 3510 8378 8474
8609 6566 5419 5739 8224 8391
8610 2452 612 40 854 1621 2179 3939 5819 1140 4080 8097
8611 3863 5493 5754 6811 4711
8612 5685 3578 5665 3100 6708 7600
8613 4337 6987 7093 1200 4600 8375
8614 6488 113 162 216 3521 5432 6019 5577 222 2965 6973
8615 886 1971 2259 2264 5147
8616 426 1817 3511 2270 6337
8617 16 1723 1764 3829 5079
8618 439 7403 1682 1861 1993
8619 2477 4440 928 4441 5789 7582 6118
8620 1200 2229 2664 4825 7308
8621 2608 8 1846 5242 1024 1265 2400 2596 5243 5910 7511 1395 3444 3878 7194 1750
8622 996 1077 4025 5985 753 2418 2153 4857
8623 350 3377 6186 8067 6187
8624 2956 3849 4532 443 8034 4533 6611
8625 6248 5786 7243 6290 5553 1821 8368
8626 1659 1850 3362 4215 6196 6764 7464
8627 1384 5955 978 5657 5916
8628 463 3274 130 6082 3756 1975 1031
8629 1810 1540 687 296 7005
8630 66 1487 2484 50 3191 5082 5949 6473 6544
8631 3539 2409 5999 1917 7958
8632 36 4011 7055 521 7841 517 8357
8633 3863 5392 7334 2610 3222 4802 4974 4977 1516 2969 2976 2977 3108 3444 4150 4383 6493 815 63 93 829 1261 6117 6408 833 1122 4140 4509 7242
8634 31 4692 2644 5891 2254 2260 8071 4440 2261
8635 5485 2607 2707 4132 2184 3977 7551
8636 2958 3915 3916 3922 3925
8637 925 929 2225 2367 3418 3639 1234 1786 3327 1332 380 3404
8638 1847 2066 2884 3508 6084
8639 160 1289 5358 6964 1295 5831
8640 1200 1327 2229 2399 4899 4350
8641 248 1160 5953 5955 6572
8642 2229 2103 2510 4384 1364 3320
8643 228 1135 1644 2206 3270 7881
8644 255 760 7364 2143 4435 248 275 6102
8645 415 1524 5546 2812 3468 4017 5435 1367 4622 7667 3072
8646 1812 2189 7146 5554 5784 2238 8177
8647 1072 4340 3757 3758 3759 1247 6637 7156 2750
8648 833 4340 5612 7390 3311 7200 4693 5664 6307 6808 7548 6817 7874 3848 4367 6800 6123 2997 8361
8649 491 1943 6491 350 1086 1827
8650 6100 4711 686 1177 1644 6162 753 5453 5622 1502 1778 5281 1354 1593 3683 6740 5141 1714 945
8651 3150 5906 7390 4082 4734
8652 4056 6094 1104 4626 5033 5573 2112 2264 1886 2330
8653 3095 1402 1201 4537 5554 7601
8654 2513 319 2731 4468 4682
8655 4800 7636 786 793 844 2304
8656 2486 3539 1555 709 1524
8657 2266 5118 8003 991 1595
8658 1428 1912 3090 4183 4823 5332 1318 6187 7428
8659 812 1210 1876 7575 1427 3936 1601 3800 7994 7090 5488 2515 1024 7127
8660 4570 6588 1249 3468 5857
8661 4075 3184 4980 6517 7571 7572
8662 5510 6892 7292 7852 3943 4440
8663 1929 3191 5542 7113 7653 6282
8664 26 691 4660 5776 7534 5783 6718 7090
8665 2132 4442 489 6684 7309
8666 705 1825 2229 1353 1367 795 1015 1934 3379 4917 6247 7465
8667 1996 2013 5375 7721 8488 2483 7606 8405
8668 5864 3295 1630 6758 809 2034 1655 5744 2266 4105
8669 112 305 616 896 1228 7534
8670 464 468 646 2505 2557 4315 5032 7800
8671 36 244 468 610 898 3191 5181 5368 6600 6943 7802 18 496 504 646 2962 4116 4235 5218 6813 7489 8026 1817 3195 5171 26 1617 1685 2271 4442 5835 6607
8672 6310 6920 4401 3582 3642 7170 6330 8430 8274 8278 8185 8444 1685 8474
8673 633 5178 66 6197 1234 5626 3039 3179 116 2385 350 1617 4280
8674 7096 7046 4231 818 4341 7948
8675 5327 6078 1551 8011 860 3011 4229
8676 723 2305 4038 6975 7313
8677 7063 5414 5035 1947 8437
8678 6186 840 3560 6616 1870
8679 4022 2343 7295 2317 3399 4881 4990 6634 4672
8680 8 10 1999 4711 705 1823 1696
8681 464 911 928 1382 2225 2226 921 4533
8682 1770 36 1858 534 829 3087 5759 4996 7836 7958 6197 2805
8683 3326 5337 1236 5175 5800 6417 7038 6346 4354 2153 526 2370 773 2708 6763 1489 5286 5577 7403 3424
8684 18 1026 2002 3587 5056 6943
8685 1200 4191 4858 3516 3150
8686 7390 1201 1203 2131 2235 3818 5319
8687 1231 885 1446 4279 939 3404 352 7983
8688 3461 925 1593 1846 4347 4995 5113 5556 2233 4015 1714 1097 1159 3451 5500 4353 7928 3191
8689 3829 4872 3830 6133 7551 5955 1367 6975
8690 7326 513 3336 6732 521
8691 622 2124 2279 6572 3829
8692 6855 2371 909 1943 558
8693 732 1287 6448 6554 340 259 663 8184
8694 2815 4650 7742 3150 7740
8695 3923 3138 7295 5916 3381
8696 2271 2668 3587 2570 6000
8697 453 2904 4601 977 2185 5773
8698 639 640 2090 2484 8032 2026 2039 5143 5369 7259 233 7971
8699 1341 6228 5038 5039 6074 1910 5857
8700 2735 5815 7094 1489 2815 4450 5059 6095
8701 2547 2677 2372 5546 7376 3896
8702 130 222 189 1455 5764
8703 1635 1930 1656 3563 1861 3562 6450 5786 6193 1041 350 4957 7147 4082 7243 4401 7049 7453 7438 7401
8704 1524 2891 5743 218 2892
8705 6358 2139 7612 3814 8228
8706 833 4231 5469 4654 4655 8094 1734 4874 4903 6097 7880
8707 1964 1924 1171 2859 2333 4014
8708 911 66 2444 4249 5425
8709 2671 3122 3273 4599 5602 2136 1427 2766 3227 5341 6336 2185 4840 6181 6284 7162 3514 5069 3103
8710 7197 2162 3149 5167 7815 3798 1395 8057
8711 829 1261 2288 3799 5691 6684 4116
8712 113 1281 5962 1682 6964
8713 7169 3098 7892 8213 2356
8714 1850 5439 7235 2561 4179 7948 6028
8715 7923 3560 7819 6535 8094 5164 7570
8716 2514 8443 8444 8474 8473 8470
8717 3103 6273 3576 4590 5068 5069 5399
8718 1193 3491 3060 5414 5621
8719 195 4165 596 3090 5214 7836 929 4785
8720 7384 6385 1197 2002 2153 3508 4445 3560 4624 5063 6358 6564
8721 2633 3138 130 905 1197 2892 7749
8722 596 2665 4412 5555 5760 6694 2766
8723 466 1685 1802 1975 2225 4710 5314
8724 1489 7689 2089 6431 6517
8725 6615 7371 8023 7612 8278
8726 1023 1025 7156 1550 5033 3798 5942 662 1429 3211 40 7549 7548
8727 125 248 276 575 713 4817
8728 5061 2229 2755 4654 4802
8729 3233 3108 3357 3788 2483 4557 6764 4280 7104
8730 5358 1455 5357 5359 5404 5405
8731 350 2514 4117 4016 8068
8732 673 753 2989 3730 4857 5061 2306
8733 2090 2484 5110 21 7044 5117
8734 595 601 1494 4007 1817
8735 500 859 1763 7429 8435
8736 5439 990 4478 1311 5739
8737 2569 727 1262 2962 3461
8738 1976 6885 7438 7276 350 6816 7590 8004
8739 943 350 5121 890 5621
8740 2002 5026 1224 2561 2484 5552 2646 7922
8741 8251 896 1818 2295 6561
8742 5977 6062 6263 6266 2147 80
8743 4658 2892 4245 2943 274 5067 7109 6102 7608
8744 463 3766 7499 5218 7489 690 691 924 1194 1546 1675 1695 3191 4173 4235 4710 5118 5342 6605 7086 7292 7318 814 928 1516 2286 3189 5839 118 504 651 1249 1515 2962 4033 5019 5776 6335 6474 7963 8157 8399
8745 5583 2289 2858 6359 3539 7958 4714
8746 1764 633 3946 2288 5747 6310 6919 1775 7145 2884 4082 7551 1555 1139 5110 2858 7837 8443 8378 2008
8747 5621 1428 5081 7054 7127 1896
8748 4206 5810 200 1825 4994
8749 6492 4082 4401 2156 7356 8448 8442
8750 1716 2176 1206 2806 195 6975
8751 2837 5754 1644 1350 3467 2238
8752 705 1353 1723 5058 5230
8753 5407 4539 634 3181 2726 1060
8754 3665 911 5468 5621 5737 697
8755 146 277 1870 2207 3813 7363 7921 242 6213 275 6081 113 6082
8756 3587 5047 4626 1285 2816 3060 3063
8757 5557 829 896 2889 4420 1545
8758 537 1260 2155 5916 269
8759 4116 4122 5841 2002 3404 5083
8760 5312 6006 7588 4640 5794 8095
8761 3921 3922 1952 2185 1601
8762 190 561 3050 5973 6106
8763 125 127 164 550 721 1524 2069 2892 5505 6501
8764 6269 321 1249 1250 5130 1991
8765 1528 1239 1833 694 1577 6266 2999 2754
8766 380 1910 5487 5621 5438 1774 2286 2592 1869 1204 5171 1194 4009 4886 3060 3800 667 5141 886 1880 2535 6184
8767 2503 4025 5458 3795 1491 4307 2163 1022 5665
8768 2677 1725 4675 5820 4558
8769 1327 6125 1328 3560 5334 6132 6871 7313 7474 1353
8770 5511 5545 3925 8054 7203 8020
8771 5319 4294 5012 4286 3019
8772 6312 6449 5786 4082 4401 7691 8318 8430 8418 8440 8442
8773 610 906 2002 5425 5732 6854
8774 1950 2124 2807 4983 6132
8775 923 5971 5680 1498 7598 8377
8776 1763 470 5621 5739 5740 8138
8777 5448 334 4942 490 5275 6926
8778 3095 2185 4265 4561 4356 5033 8051 1368 3461 7567
8779 40 908 1078 4420 2845
8780 3188 3303 575 1917 4312 4156 2155 2803 4326 1411 4143 3707 8324 4206 673 3507 241 6193 6314 3274 7146 1870 7551 1829 3004 4655 4002 35 5210 1200 7892 59 6415 7959 5346 8370 1142 2976
8781 705 1719 3381 3765 4337 5061 1367 2956 97
8782 5124 5273 5471 6561 7113
8783 479 6312 6427 6309 6528 487 4082 4401 7147 6821 7031 2156 3440 6224 6225 7969 8107 8094 8220 6330 8049 8075 8293 1271 8315 7766 7025 5866 6721 8303 7693 8096 8317 7691 7692 8316 8318 1264 8287 8433 6544 8451 8449 4074 8431 8448 8088 8089
8784 1480 468 5127 500 2225
8785 2152 3138 7874 7875 8379
8786 113 2149 6957 6470 7823
8787 646 1224 1316 6603 6605 6606 6608
8788 817 4361 6441 7488 6296
8789 656 2750 3751 3814 6495 8023 4165 463
8790 5125 394 4268 2579 5712 2890
8791 4012 1949 3254 4178 8203 4219 6426
8792 4389 4394 4702 6077 3303 6003 6058
8793 2577 3857 3885 3954 3955
8794 63 3195 3766 6612 596 995 1545 1993 7612 817 898 2962 1975
8795 532 1228 5744 1531 3191 5138
8796 805 549 663 6590 7585 7746
8797 3372 2061 4415 3027 3625 5470
8798 1698 1568 2815 52 1160 2544
8799 4612 945 6399 5164 6479
8800 244 2170 4549 5968 6579 7736
8801 3707 3733 7712 3376 6414
8802 222 227 345 418 1289
8803 3463 36 3444 5868 3117
8804 6178 4667 5508 6676 500 326
8805 502 4276 7237 7408 4357
8806 4796 4898 6943 6269 2185 7376 4531 7560
8807 26 1060 1589 2297 2353 3736 5858 6349
8808 5167 5058 6614 7067 1217 3677 5694 1427
8809 610 2305 6975 7573 6202 6098 3451 6095
8810 1910 3060 4644 2170 3450 5654 5583 3061 7762 1103 8145
8811 2608 1200 1660 2172 4405 7308 3167 7313
8812 6197 2513 3445 6873 3757
8813 2185 4379 7808 66 2885
8814 753 1637 5382 2589 7579 924 7247 5344 8454 1520 3766 6928 4469
8815 639 3946 6312 4082 4401 7959 8442 8444
8816 833 464 500 1568 1799
8817 1682 1009 1845 742 1825 2340 3573 3693 4980 5905 1160 3682 7347
8818 1846 2148 4030 4311 3165 5526 3916
8819 2612 2225 2409 1400 5458 2913 705 7746 4992
8820 3539 7280 7456 2439 5146 8023 938 8479
8821 1203 4709 5856 5159 1285 4441 5765 1589 3301
8822 5175 43 1056 4980 5916 1940 35 1818 3829 4419 2526 4350 7308 7974 631 7403
8823 2575 67 4996 5105 2670
8824 1234 8449 8424 8448 8475
8825 1555 1524 4430 5403 73
8826 7145 7136 7147 7551 5210 8111 8094 8134 8132 2976 8485
8827 1924 1833 3043 4243 7742
8828 2793 5864 6556 7298 1910
8829 3212 3957 2106 3822 4058 4678 4986 5681
8830 1427 1705 2705 3523 3407 3541 5226 3302 7330 4025 7420
8831 66 2602 6098 1682 6095
8832 1970 1589 1018 2924 2739
8833 468 1104 1479 2484 4704
8834 2300 3493 924 7158 8270
8835 1160 1176 1886 4038 4866
8836 500 924 1388 1428 1861 3799 7149 7155 7955
8837 833 900 944 2628 2868
8838 2418 2953 3138 4857 4870 606 3251
8839 1880 2258 3065 3067 5637 5268 6479 3173 3060 958 1836 1317 7852 7867 500
8840 350 922 1617 5314 8061 6931
8841 5019 4611 36 1859 1943 2100
8842 2019 3212 7815 2324 5429 2328 5827
8843 1428 2189 924 2590 3563 2803 5064 16 810 817 1314 1529 5026 5041 1966
8844 6535 924 4903 6285 1367
8845 3829 4857 5956 6572 6985
8846 1617 4114 4248 5177 3025 1657 6198 4084 5552 2578 1902 1285 1286 1314 1540 6714 2010 4295 8362
8847 2185 4097 7162 1091 2061 3684
8848 2232 2618 2953 3829 6975
8849 530 691 808 1545 2816 5026
8850 1500 5721 6073 6217 7106
8851 1400 3440 3468 4857 5112
8852 4853 7136 618 1604 4898
8853 697 3624 1219 1952 2750 3189 194 3357 4145 924 3060 1271
8854 4971 6835 3424 1489 2319 2405 3107
8855 1734 3698 536 1353 1833 1821 2356 4156 2238
8856 1489 2256 6938 3374 3506
8857 2694 3013 5937 6447 6278 7169
8858 1861 6533 6308 3444 5031
8859 3972 4519 6193 4116 3957 1714 2580 66 6313 5344 6663
8860 5485 195 464 1200 3232 6284 1157 1173 1234 2523 5546
8861 3700 314 1100 5801 6764
8862 3541 1510 1847 4862 5917 2185
8863 395 347 1200 2238 3381 3508 4640 7551 7987 3073 7986 165 254 255 3555 5988 6082 6212 6914
8864 95 5074 3326 3445 6350
8865 2563 3343 5210 5051 2248 7054
8866 6959 468 1428 1578 7282 971 571 8397
8867 2184 2705 639 5273 2137 3260
8868 1711 5971 2561 5259 6022 4376 4610 533 1263 5840 1682
8869 6575 835 6574 3630 2790
8870 896 1928 3969 4710 5026 7189
8871 2708 945 1699 3740 932 1686 2977
8872 1343 3630 4341 6303 21
8873 160 3787 185 164 248 721 202
8874 1536 2991 3058 3572 2194
8875 1200 1833 2207 2233 6010
8876 2185 6603 3060 1758 6219 7648 2962
8877 3384 2151 6054 3005 6252 6509 2238 3377 3764 8100
8878 1269 6312 6671 6566 7145 4082 4401 7136 6746 7969 7230 8278 8444
8879 78 114 1247 4796 7402 2440 39
8880 3676 5896 6842 7598 2430 4519
8881 99 326 350 2580 8466 5275 3960
8882 463 464 26 639 693 1589 66 83 306 1993 466 1685
8883 2012 6813 7156 2484 8038 646 5367
8884 3358 5319 4147 4399 2798 2639 3342 3357 7053
8885 4509 7260 2913 7005 7776
8886 83 2050 526 5113 4056 4198
8887 82 2708 6100 933 3176
8888 5218 6096 7508 8101 3141 7030 8371
8889 2502 6156 6516 1784 1846
8890 4200 4580 4317 3864 6412 6965
8891 4805 7391 1682 2271 749 1312 1385
8892 3947 3946 1400 6671 6919 4082 4401 7453 7339 7959 6196 1762 7356
8893 4843 4604 3923 3885 44 3720 7420 7871
8894 3946 1298 8275 8421 1213 8089 8473
8895 1532 1355 1378 269 3765 3829 3831 4737 2742 3630 1981 3168 6975 7933 7617
8896 1630 5776 1750 2651 8151
8897 5438 3465 4678 2373 1617 5026 2668 6067
8898 1993 2674 3663 4067 4226 883 2185 2513 4405 1500
8899 3749 2286 3105 5083 8467 4276 5189 7127 6908
8900 1702 2729 3231 5253 7290
8901 1734 4206 2605 5730 8324
8902 2185 3321 3961 2136 26
8903 2187 2687 6924 7431 8408
8904 2650 3709 1966 6482 7739 4996 6764
8905 2761 3540 5519 5814 6682 6242
8906 924 1221 1813 2958 7321 8458
8907 1018 2419 3943 6118 5840
8908 1812 2161 6750 1139 1545
8909 2747 4249 1682 2266 4958 874 4179 350 3805
8910 128 416 417 2939 5386 1051
8911 461 1563 537 1633 2229 3730 575
8912 1910 7182 8038 27 7857
8913 194 1427 3756 5026 1809 4646 6758 5246 5034 5555
8914 1636 1712 2608 6314 7474
8915 4082 3582 4401 8094 8019 8049 8075 8133 7025 6721 8316 7691 7692 8096 8429 4826 8426 8448 8442 8443 8444 8171 8470
8916 143 5505 419 751 4619 475 4609 1295 300
8917 26 5216 5762 3669 6063
8918 1524 777 779 222 2115 5075
8919 2933 454 3720 7712 3217
8920 4980 6322 3099 6190 8194
8921 4933 5479 3710 6250 6595 3560 5839 5840
8922 2871 7876 2294 244 7294 3560
8923 36 66 99 112 470 610 1766 2279 3918 464 1050 1589 2831 6194 6541 7260 8043 3989 8056 3943 5218 1175 1853 3706 7220 8323 434 440 526 896 2545 6980 7376 8032 5026 2171 3916 6604 3191 3928
8924 2635 3618 4162 6020 6212 7062 7762
8925 1601 7088 7054 8041 6337
8926 10 1837 5313 2155 8468
8927 2261 6732 7261 1754 5891 6252
8928 269 1330 767 1723 4217 1633 3483 6095 6098 1489 3830 932 3004 6254 6257 4002 2950 6058 6040 3273 5614 3177 3178 3408 449
8929 7559 8207 8308 8238 598 2962
8930 2321 2326 3039 5749 6031 7874 3105 2378
8931 1847 7322 2015 4035 1200
8932 1641 3365 4094 1880 2728
8933 1821 1330 4866 1306 6431
8934 36 2722 166 3606 8296
8935 3353 33 4070 2840 4643
8936 1234 48 251 715 1295 3417
8937 1250 1286 4379 4476 5897
8938 502 2225 7162 3783 3917 3928
8939 3957 6714 1446 1791 5052 73 1770 2241 5344 5621 7534 8216
8940 819 901 4646 3818 3144
8941 3646 245 2725 7709 3964 2868 2185
8942 708 717 5238 6181 5224 66 3227 2635 73
8943 5786 7146 7551 7893 8111 8295 7286 8287 8410 8411 8494 8486
8944 2794 2475 4615 3336 5714 6197
8945 1755 2741 5944 4206 4857 5953
8946 610 2279 616 670 1372 1545 1927 6689
8947 5420 5026 7736 6967 2934 2958 3321 4599
8948 463 2123 2185 2561 3536 3845 5258 5414
8949 3073 5704 1633 3097 3547
8950 1695 4235 3822 4134 4680
8951 3181 3245 3247 7803 2484
8952 36 4828 5968 7113 3060 516
8953 3976 3640 4893 1991 5882 6581
8954 519 593 5761 66 4472 5999
8955 433 833 1378 5063 3073 1949 2384 6314 2903
8956 1388 601 990 4357 5245 31 3662
8957 1883 2036 3939 4172 4574 5659
8958 4082 4401 7170 8278 8448
8959 2284 3629 3719 5580 6360 5218
8960 5609 1595 1682 3280 3748 5276 7031
8961 494 2029 3820 7105 2870
8962 6709 5622 2586 3353 4002 6857 2153 6186 81
8963 136 998 6494 1223 366 36 430 3916 7730 8124
8964 3827 1160 3381 6923 5767 5821
8965 3090 3567 4473 5009 6124 1949 3715 6846 7473
8966 2668 3717 5525 4033 5755 6534 5917 1966 3011
8967 113 185 2115 5324 663 4863 7437
8968 1743 5342 5468 6468 6739 7832
8969 303 1817 3381 2953 2112 3321 3327
8970 911 1589 1927 1942 4417 2145 2619
8971 3486 285 623 800 665 7971
8972 1250 5039 6571 6854 7235
8973 3468 4924 7475 4917 1234
8974 1367 3483 3731 4709 6285 6651
8975 1190 3731 4044 622 1723 6572 4384
8976 898 4379 5155 1316 1985 4710 5674 6603
8977 1265 2984 3917 1354 7049
8978 99 2002 3130 5971 1111 1228 2484 8320 2666 444 114 4179 8189 679
8979 3403 4957 6309 7714 6224 5621 8132
8980 2175 3718 3373 8094 6415 6417 7416 7881 8290
8981 4804 3071 1506 2849 4611 6097
8982 1976 896 3635 6194 3633
8983 4979 3587 500 829 2225 2289
8984 3946 6853 8303 7975 8360 8274 2909 8383 8473 8474
8985 5877 5137 7195 4544 4725 5788 6353 3352 7756 4119 3041 6676 16 2059 5238 6544 514 523 6725 6673 3455 7563 1767 911 6187 984 5984 8079 3845 5428 6224 7906 1594 1088 4351 8002 602 4693 3582 5026 7339 5948 3406 2645 2309 5982 7134 6321 8169
8986 500 828 1353 3730 4588 5124 7146 118 2280
8987 56 2606 13 1552 1907 1879 1170 2286 3073 3497 3081 3578 2714 74 4146 3407 932 2708 4079 4450 1234
8988 3468 5916 2803 2977 7433
8989 3725 6193 6309 6310 6312 6528 6671 6920 2977 7128
8990 609 3327 3383 119 995 1520 3637 3638 5242 928 1599 2580 2670 3799
8991 4488 4754 651 1193 4372 744 1895 3274 321 1092
8992 532 534 1262 4105 5395 5691
8993 70 661 681 803 1108 1116 1128 5511 1963 1983 7244 265 2142
8994 1716 5061 2803 3091 998 4999 3274 3587 7871
8995 773 1353 1693 2238 6434 8404
8996 113 2892 6915 2200 2184 7186
8997 1485 1979 2153 3021 3341 4657 3004 7041
8998 3990 2608 1501 3863 3440 5565 3924
8999 3751 1516 2174 5201 4206 6495 6955
9000 1422 1836 1353 5515 1644 1633 2463
9001 1189 1604 2229 2277 1491 682 493 5008 705 3377 3730 4445 6534 2482 789 4136 2039 3560 168 1260 6785 1557 6431 2817 6385 787 7477 7478 4472 5495 4781 2253 492 5041 1547 5762
9002 8278 8442 2831 8449 8443 8471
9003 26 434 819 1545 1547 1599 1817
9004 2229 1825 1845 20 21 945 2956 2578 5287 6506 1485 5346 6975
9005 18 911 924 1617 2118
9006 4169 1056 1663 2184 2309 3928
9007 20 119 1580 3370 2163 5928 10
9008 2138 2403 39 933 4119 6671 8378
9009 1008 432 7326 5272 6342 6449 6450 4706 4082 7145 6231 795 653 3541 6523 1954
9010 1547 3191 3295 3357 5218 8130
9011 903 1427 1882 6949 7162
9012 2233 228 1227 1723 3990 537
9013 2066 4132 8027 2204 2976
9014 5582 7380 470 1428 7738
9015 3541 4923 1194 5026 5374 5674 6698
9016 416 1353 2901 6202 3468
9017 1287 1304 3618 5811 232 4346 5378 6749
9018 5230 537 1911 2101 2155 3764
9019 3435 3588 656 2904 3676 1817
9020 82 828 5232 6442 6726 975
9021 833 1489 5346 6975 6314 6518 8386
9022 4905 1821 4569 2409 2803 308 4579
9023 6601 911 6604 2514 1376 2205 5218 5864
9024 2185 2295 5183 3935 4646 1368 1836 4483 7004 111
9025 18 1286 3587 3730 4122 924 1285 2152 4710
9026 305 943 1935 7654 350 4996 6601 6705 18
9027 345 701 3202 7183 7305
9028 672 1267 6447 7031 858 7059
9029 6215 1976 2688 471 7390
9030 148 338 340 371 2963 5381 8153
9031 615 5546 5321 4889 5170 5308
9032 133 179 1034 4704 6021 7751
9033 7978 7981 3468 5953 7045 4772 7530
9034 2663 909 3186 3198 3865
9035 647 6672 8490 597 7159 1869 2748 2750 3638 4631 5176 7050 8333 7098
9036 4024 4867 6588 1362 1553 2286 7302 6009
9037 1589 5032 5452 7602 7621 8023
9038 4216 4243 6303 6314 2523 2976 2977 3707 5059 2863 935 4628 3864 4666
9039 1529 7187 5344 7488 571 1752 1791 2868 7269
9040 3971 4280 248 6422 6460
9041 1524 2111 6418 6554 7762
9042 1160 135 683 6081 4585
9043 1854 678 2995 5514 7996
9044 917 3719 2750 3613 5421 4957 6351 1529 6493 618
9045 2574 2277 3518 4230 3990
9046 3004 3073 5238 6095 6187
9047 1586 4035 1934 1833 4140 674 1422 683 3720 5061 7937 8287
9048 350 5442 2185 2137 2541 5525 326 8023
9049 1964 3043 6975 842 1390 3950 2812 3137 6256 1067 1750
9050 3007 947 21 5546 7783
9051 195 464 595 2261 2962 6317 7980
9052 5510 3761 8197 4707 7788
9053 5153 1489 6521 1182 5015
9054 4014 3092 6544 4550 244
9055 563 1524 4245 6915 5764 2451 4537
9056 1206 1625 1710 4408 5061
9057 1378 1694 2463 2462 350 6186 4866 4206 6410 1138 1604 7394
9058 7365 5945 1442 1524 2892
9059 3166 3091 3773 8274 3814 896 8421 8442 8275 8162 8482
9060 171 3442 3478 6736 5363 6712
9061 5339 1027 5125 66 6979 2576
9062 2629 3781 1372 4265 995
9063 960 1629 2690 3004 8464
9064 4675 7128 1492 4579 3807 3016 3447
9065 1589 66 3049 3398 4280 4830 2639 7982 6197
9066 7195 848 2582 4536 6755 6758 6187
9067 1313 1600 1018 7667 3435 5388 5489
9068 6922 1563 977 1291 1993 1659 3149 5630 2575 4649 7031
9069 598 5839 5840 3128 4621 6496 929 3766 5026
9070 3042 3680 4450 3807 6075 5634 1110 1367 4996 4468
9071 2338 831 1873 4658 5055 6218 116
9072 7070 2490 1728 6268 8063
9073 3510 6189 5786 4179 1092 5621 7837 3962 896 2803 8414 1200
9074 2184 2229 7712 7741 4711 2010 8086 7550 8095 1489 430 3740 6383
9075 2171 8312 7163 6140 8351
9076 8282 1092 2170 7007 7012
9077 2225 812 874 4049 5131 5377 7500
9078 5526 3375 4986 7980 5524 1767 4649 2364 1363 16 6810 3677 8405 3448 1931 5899 3943 7863
9079 118 2155 3468 6887 2216
9080 514 1529 1963 2496 4116 4877
9081 612 3147 5611 6197 3244 3245 1552 2209 5556
9082 1200 1625 1723 5754 4784 4711 6291
9083 3212 8012 4466 8209 1871 6465 6756
9084 36 610 1861 5691 8023
9085 1928 1984 2572 3069 3445
9086 4014 4165 4618 7443 8231
9087 5378 6557 7325 415 1301 1302 6767 7570 182 7574 7572 8000
9088 3633 6336 7901 2136 5200 5595
9089 4486 7147 4082 6754 4401 8049 8287 8443 8442
9090 1838 2918 4122 3925 5781
9091 1633 5634 8337 1489 833 4496 6975
9092 938 5026 6268 7326 2610 3943 3766 66 5414
9093 6556 5088 3039 1505 1049 5481
9094 223 338 732 2892 2965 3640 4864 191 554 4429
9095 5554 2782 5614 6095 6415
9096 7392 1249 5030 5735 7809 1910
9097 3087 1821 2272 2260 3780
9098 1249 6130 7807 2497 8157 8159
9099 1175 6197 2580 4646 4280 5031 2152 5030 5332 8240 924 73
9100 5042 1974 4215 5037 5258 4898 7306 6384 5943 1258 7409 8340 8478
9101 6092 6454 3997 2396 7162 3969
9102 350 1821 4958 6854 5846 5848 6680
9103 1220 4358 1613 4359 842 4629 4654 3353
9104 2066 20 4352 1917 3150 3451 1004 407 3176 5776
9105 1804 3176 1519 1529 2986 6857 575 4265 5803 3522 1778
9106 773 4628 6611 7046 3731 8401
9107 833 889 2200 2484 4260
9108 2218 5021 933 4143 6250 3304
9109 6431 3468 3009 8050 767 6829 7639 8059 6732 1468 2220 5015 6703
9110 5330 1175 3357 7981 1763 4119 4514 7977
9111 1160 2755 5056 269 1723
9112 66 328 463 486 746 2679 4560 5810 4100 806 2289 6233 6943
9113 2001 7029 6269 7441 4972
9114 897 3961 4531 6670 4164 463 5991 2336 7578
9115 130 148 883 4760 4901
9116 1194 1908 4531 2002 7489
9117 3656 7630 3051 6712 7376 8252
9118 6975 2229 469 6769 2755 2910 3073 4132 4407 7428 2946 3539
9119 431 2185 2803 2853 3587 3353 351 3090 5630
9120 1365 1826 68 1364 2084 3498
9121 4035 1606 4194 59 3560 1356 245
9122 6755 5674 6276 1115 4164 7510 7990
9123 111 1011 3963 1593 2230 2750 1714 2748 5552
9124 1867 1206 5061 66 7428
9125 5622 2043 5791 3829 4907
9126 2523 6446 8094 1847 5385 5596
9127 1753 5700 8247 6833 5595
9128 6003 5839 2520 6171 6773 5265 7981 7962 3087 4785 6458 833
9129 2821 4484 1309 1849 4860
9130 4535 3829 1381 2286 2534 2687 4738
9131 1991 3077 3075 3264 1850
9132 4324 4394 1190 3018 5944 1981 1467 8465
9133 2066 4206 2605 2803 3707 4383 3678 6810 2058 945 7521
9134 2880 6123 1645 693 4105 7393
9135 3060 3587 1249 1250 2068 7857
9136 7974 8025 4089 4255 4393 6054 6056 6058 6657 7546 8423
9137 2908 3372 5258 5542 4150
9138 104 4203 5960 6915 7532 7436
9139 5953 4231 3150 673 8075
9140 2470 3038 3248 3251 8184
9141 305 1602 2439 4248 5218 6447 4461
9142 7233 1600 1861 7320 26 4249 5388 5621 3814 6804 7621
9143 4519 3043 4667 711 2891 3525
9144 34 2830 3381 4785 7737
9145 3740 3639 5662 7646 5899
9146 2034 2225 3587 5131 819 2110 7238 7419 2904 978 3911 4063 4379 6980 7443 8168
9147 6310 6311 6920 4401 4082 6195 6196 7434 8292 8318 8316 8274 8185 8449
9148 6553 1516 6843 1589 4276 5367 4355 7522 7911 6604
9149 1179 1757 1747 2746 1842 95 2169 1056
9150 2002 2139 4499 6096 6272
9151 4570 1249 2627 5058 7098
9152 6604 8023 4280 815 995
9153 2023 3866 7971 5728 3867 4894
9154 5557 7390 570 1030 7177 3060
9155 311 1304 6216 7585 7746 226
9156 3475 331 1428 1529 2315 3351
9157 3662 1547 4476 1118 1225
9158 6280 5929 1966 3450 6277
9159 2713 1588 6926 5355 5881
9160 2419 2084 3335 885 1662
9161 705 1954 4684 1519 4206 5283 3382 4014
9162 5177 4403 5563 7502 2644 6004
9163 1022 1682 3280 1685 1973 4476
9164 7031 4718 4719 7704 7791
9165 3889 1561 812 1540 6235 6237 1419
9166 6876 6026 1070 4456 7875 2887 353 1028 3399 8462 4249 3626 7409
9167 140 2365 5789 64 3668
9168 7522 2572 5021 1847 2066 2828 5111 1940 3149
9169 1976 4574 6231 66 1574 1971
9170 556 2717 7094 5819 5617
9171 5967 587 6445 430 767 3427 7744
9172 1108 3852 2763 3896 4249
9173 6095 6154 16 2479 3488 2309 7172
9174 308 7395 2846 7358 8111
9175 4758 8358 534 1847 5112
9176 4214 4137 6979 537 945
9177 66 5557 5258 2583 3073 833 8351
9178 7555 1234 3560 5546 6186 7404 7731 20
9179 434 4998 5198 5376 6524 6634 7915 8334
9180 3539 1675 6118 8381 3215 3290 4966 5218
9181 1389 1861 2769 2783 3227 3322 2440 3968 2032 2060 416 2452 5877 6687 788 869 3964 7089 2430 2778 6021 6418 6435 6969 190 357 5743
9182 4535 2238 5061 7475 7551
9183 7089 578 938 1178 2759 2845 5939 6818 697 25 1497 6282 1971
9184 1821 1961 5755 2010 592
9185 3499 6310 6671 4082 4401 7243 2619 6224 7128 5210 3440 3444 7157 7556 8094 8133 8075 8049 6053 7025 5866 6721 8287 1022 8499 8478
9186 2127 4980 5657 5916 5730
9187 2662 907 1404 3634 4441 2213
9188 2713 1528 4213 5725 964 1378 1519 1616 1911 3930 4851 3203 5392 7526 5997
9189 1407 2239 6523 1757 5583 6267 6354 6539 38
9190 306 332 7127 938 5026
9191 1228 7431 306 3244 4549 5275
9192 5410 1234 3560 4657 4982 4369
9193 3845 5130 1673 2016 5133 6079 7002
9194 951 5130 2229 4472 306 3417 5047 4110 1285 1557 4549 4608 7070
9195 3639 1374 5026 1593 1673 3759 4219 5129 6604 7318
9196 2793 2978 1711 2 5027
9197 910 2966 4161 4504 6262
9198 1118 1723 2492 2155 318 6264 7432 8343 924
9199 2610 3723 5676 7969 6926 8283
9200 2256 2933 3374 4002 4089
9201 1201 1566 3095 1340 3814 3181
9202 73 4560 6115 3379 4197 7891 1353 7784 1981
9203 2847 1489 2773 3341 3829 4350 6975
9204 762 2209 1036 966 4366
9205 2398 1156 2725 2384 3004 7089
9206 1228 464 5019 5621 7165
9207 5008 1768 1543 5218 3973 5019
9208 3721 5314 924 2587 3067 4440 4442
9209 7696 7672 8272 2238 3516
9210 263 289 1437 3046 6544
9211 1957 2136 2185 3215 3233 5174 2750 925 1991
9212 1782 2153 3150 5955 1423 2124 3831 36 1911 3381 5730 5953 6945 537
9213 2002 1250 1910 2633 3182 3921
9214 2705 2711 5755 8237 4362 2501 3604
9215 241 673 1684 3889 4980 3829 6518
9216 5155 1599 4596 2861 896 3636 4440 5414 6494 5023 918 1770 7958 5839 6197 3572
9217 3510 5775 523 16 3444 7032 894 6826 1928
9218 3027 3730 244 932 5056
9219 908 3149 4022 2886 7289 7343 1047 3267 2300 5033 1045 7292 7144 1817 8186
9220 5554 5589 5953 6960 7405 7420 1434 4347 3266
9221 1707 602 5026 7438 8189
9222 281 416 777 5432 6554
9223 290 148 343 5026 6937
9224 3060 1201 1991 1657 5077 5496 6978 3195 5056 2731 7232 7648 2484 3535 1812 5331 2324 7695
9225 502 928 3131 924 944 4981 140 5026 302 3838 4276
9226 194 596 1139 7349 2152 5218 6810
9227 468 3916 4179 7162 955 2185
9228 1353 2725 3845 6810 7336
9229 533 1500 4053 6284 693 175
9230 160 283 721 711 6211 4567 5505
9231 928 1369 1368 66 2185
9232 3091 1437 3090 8208 3425
9233 1841 3436 532 1428 6534 6975 7203 744
9234 529 238 2140 4409 5172 294 1320 673 2664 2902 6562 7672
9235 7204 1589 1249 7647 6718
9236 4474 5686 2160 5859 3378
9237 513 687 521 1759 3476 7009 434 4249 896 5414 2569 2570 6334 7056
9238 5564 5176 1022 3325 6484
9239 3915 5033 3914 5638 2708 387
9240 1791 3766 5632 6284 6967 7523
9241 2384 3849 5916 6511 705
9242 1847 3184 3707 3994 1734 3419 5622 2803
9243 1234 2636 3286 1122 1524 2451 6767
9244 2841 3463 4942 2711 4107 5999 5135 7397 7398 66 938
9245 2879 4442 2561 4856 6011 997 5082 6896 6902 6893
9246 971 4116 2748 3288 5096 6608 3605
9247 3419 4326 5083 1604 7005 8151
9248 2609 7681 5315 2484 3734 6544
9249 341 151 225 3203 3623 8376
9250 1976 1373 1374 1238 1262 533
9251 3043 1200 1719 3560 8289 7955
9252 3998 4220 5621 7722 7727 8264
9253 3934 5377 306 1659 1850 1636 3111 5867
9254 130 1455 464 4603 8308 189
9255 1249 350 2641 3267 3975
9256 705 1589 4442 5678 8164
9257 7969 7837 3643 7157 2899 1835 8134 8075 8065 526 1901 8425 8295 8448 8093 8449 8162
9258 3521 222 5932 3301 484 4865 1943 2982
9259 819 696 5344 6197 3327 4116 1537
9260 5031 5034 5682 3881 6873 2706 3107 7549 7627 7978 7985 6874
9261 2289 6271 6843 8056 8401 7501
9262 1489 5325 6415 7231 8348 6782
9263 253 1869 5130 5421 2390 5374 1676 1194 6592 2286
9264 1316 609 8248 8438 8448
9265 748 7092 7115 5429 1193 5058
9266 891 944 1316 1545 63 3995 5691
9267 5758 4553 4608 5513 2540 2868 3281
9268 4514 2225 3069 3132 6867
9269 1228 2052 2518 5740 6197
9270 3090 4610 6506 7246 7648 8198 8248
9271 3300 5358 6025 6877 3546 4055 6498 5075 2810 6908 6907 3643
9272 2830 6201 1589 4660 7812 7794
9273 6590 5764 172 297 336
9274 394 3074 1250 1617 7022
9275 3858 6494 3189 1224 1994 5950 6493
9276 753 1683 2120 5560 8401
9277 610 5645 2225 2171 2841 3766 4034 6600 7138 245 468 1529
9278 3829 4503 2847 113 82 5953
9279 5739 537 4866 3401 8345
9280 469 575 841 1437 3139 3379 6810 7556 6252 846 5622
9281 1271 1953 4962 2185 2275 4058 8299 5995 6196 7889 8479
9282 306 1763 3541 8056 4549 1541 5462 5824 4056 4235 7292 7834 7911
9283 1811 927 5676 2011 4533
9284 6915 6749 7831 133 216
9285 2883 2310 6001 2995 4991 5991
9286 3404 3957 5277 5544 6282 6867 7197 7292 3663 6885 1505 2033 3031 3758
9287 2557 2904 2412 3160 614
9288 2229 2803 4802 4445 394
9289 1267 5112 7404 4917 6924
9290 195 464 1589 2264 2013
9291 6447 1734 1408 2714 1024 2709 2694 6322 2708 5636 3101 5802 3018
9292 874 5492 6601 6608 857 4474
9293 469 4038 705 3468 2903
9294 8017 2169 939 1756 5038
9295 491 493 787 4238 6292 7477
9296 2485 8446 3644 8437 8488 8405 8224 8504
9297 6179 2606 5754 2814 3182 5627 5857 3223 2873 4147 1056 5346 2893 1847
9298 594 705 1310 1686 2837 2895 3765 3941
9299 1694 56 6189 7146 2524 8094 4401 7356 8287 8360 6137
9300 1821 993 919 2803 1608
9301 160 6212 5153 2555 5819 2024 2454
9302 3057 3191 4015 5344 7065
9303 5063 3691 4140 4532 1367 320
9304 3155 4049 1225 2389 5390
9305 566 1723 1200 4231 2307 3730 4130 4666 7933 5316 7128 2238 3539 7433
9306 3073 1160 998 332 8224 1489 1660 2608
9307 1644 3391 4999 6239 4802 2229 3674 2933 5622
9308 2229 8143 6297 2289 2619 2668 3541 5273 6553 470 4646 3663
9309 3849 2450 2956 1160 4802
9310 66 4119 4219 1116 1458 7005 1489 3107
9311 712 727 2000 4336 8321 534 1817 5738 7088
9312 3814 1775 332 937 2505
9313 8001 495 7748 2124 4369
9314 3191 3284 3465 4163 5581
9315 4466 5196 482 833 6655
9316 1599 4904 684 6606 6608 5183 5223 4612 6532 8066 4122
9317 1604 2776 2828 5801 5841
9318 16 924 938 1032 5344 6603
9319 1547 3060 3347 7956 3344 3109
9320 5621 4282 5739 5740 6783 7010
9321 1139 1505 4379 5886 7162 7534 1817 697 1763 2141 2685 4680 6560 7172 7642
9322 127 164 2963 5502 6102
9323 380 5212 2637 6598 3788 4943
9324 4983 6431 1489 2933 3380 5728 3375 1754 6054 8422
9325 5945 1524 4430 222 288 4955 2593 3874
9326 3105 2286 3640 5075 6028
9327 2624 6479 2694 1644 3508
9328 2862 3947 4140 4904 6310 6311 4401 6290 2977 7969 6225 7128 8049 8075 8287
9329 1228 5612 5613 6381 7317 3587 5377 6867
9330 3147 6227 6264 6672 2272
9331 73 1428 1540 4280 4680 5026 6951 36 857 2011 5374 7547 8178
9332 5064 5621 2305 4107 5061 5546 6943
9333 36 595 874 5218 6592 7562 7590
9334 4719 1399 3814 1956 7031
9335 7223 7297 4472 6764 330 3925 5055 5581 6802 1362 5132 6605 3090 5026
9336 2619 1446 6399 6892 1874 5844 7681
9337 6975 1254 4844 5840 5844 3829 4812 8052
9338 5282 189 6107 197 428 4202
9339 2163 4862 861 2063 5526
9340 2803 3273 3870 4980 5730 241 6230 6378 7395
9341 36 45 2962 5839 5840 6284
9342 42 915 6068 5950 3107
9343 7469 3582 7356 8317 8278 8450 8442 8444
9344 3946 5879 4423 7049 8400
9345 3514 6404 7448 1249 7447
9346 425 934 936 1066 1067 1201 1470 2382 2912 3925 4574 4771 4823 4884 5284 7060 939
9347 1797 1910 5082 5281 7943
9348 2328 7722 2350 3918 5614 3729 8003
9349 610 5026 1462 2264 3587 5276 7119 7374
9350 470 1365 5342 1541 3191
9351 416 1241 1536 2892 5075
9352 8334 1169 2793 3227 5581 6640 2368 3191 8270
9353 5889 3566 4164 4733 7303 5939 2385 4183 3587 7077 7189 6460 1617 3461
9354 2750 7982 4966 6599 6600
9355 673 3167 6670 6669 1817
9356 5414 3105 5347 3468 4535 8233
9357 4242 6833 7463 2137 3019 7288
9358 2185 1362 2755 4119 5637
9359 2815 3142 4176 6975 1489 1955 2707 4369 6108 2708 4093 2184 2710 3390 2204 6186 6202 7280 1200 2596
9360 3105 5916 833 7313 2161 4666 3138
9361 228 1406 1489 3924 7475
9362 431 2761 4888 5815 7536 2693 1210 1621 4059
9363 1461 1833 228 1353 1056
9364 1644 1723 2977 3595 3664 3730 3953 5916
9365 2023 561 4888 3867 2693 5142 5143
9366 2699 1588 1817 4212 3439 7226
9367 512 6667 838 2425 2479 6065
9368 5049 5249 825 1224 1368 1869 1949 2279 2484 2881 4379 7737 8044 1381 3514 5770 4340 2124 6813 5662 639 2230 3766 3481 4605 8071
9369 4474 3060 262 4748 3090 4887
9370 1250 2279 2484 1967 1448
9371 6978 6095 7032 3091 2664 1593
9372 3451 1723 1411 4206 1361 4616 2868 6658 6133 1468 2786 7641 2253 3977
9373 928 2299 2505 2740 5621 3736 5433 1910
9374 1896 7751 938 1194 2484 8023 924 1589
9375 471 3191 3436 7562 7801 7834 8447 2152
9376 923 924 1539 2670 3799 5105 5691 7998
9377 1552 1206 1557 2279 3976
9378 250 713 2555 4888 7389
9379 5717 42 610 1896 2265 4056 5267 5376 6264 2766 8447
9380 3856 166 3742 3852 4742 2883 3539 5039 5042 5513
9381 26 924 1312 3213 5218 6592 2855 4116
9382 3840 5355 6704 1067 2286 5178 7317
9383 1279 1880 3060 4710 7508 7697 1247
9384 3136 3085 2751 896 1580 837 2392 2945 2536 3539 1325 4800 6993 2535 1667 3818 7199 7901
9385 5893 5894 1849 3005 4616 5733
9386 4108 101 453 1654 2241 2470 7162
9387 2271 1157 7406 2140 1589 3265 3655 4179 5108 6545 6544
9388 5495 1428 3305 2212 1285
9389 896 5790 5295 6943 8017
9390 3335 4670 3293 1164 646 1598 753
9391 2328 3587 1129 1682 873 1130 2019
9392 464 601 2052 4015 939 5792 8189
9393 2176 3943 5994 6124 1238 6467
9394 5121 5611 5674 6385 4442
9395 1428 4715 5004 7659 3336 4025 1200 3043
9396 2609 3320 4798 5798 502 2750 7983
9397 1428 3708 8349 7714 4820 7235
9398 4050 6485 1756 1576 7407
9399 56 3725 3947 795 8400
9400 3013 3073 7428 3014 3499 455 833 2056 2015 25 7147 6258 8132 8411 8436 8483 8485
9401 3829 5528 3043 4628 5552 3930 573 1771 4079 6840 705 1361
9402 2225 4544 7897 1682 1809 2794 3639 6197 7506
9403 183 196 189 4427 4345 5026 5720 2750 2225
9404 1529 4122 5200 5314 7254
9405 831 1912 654 978 2982
9406 3312 1042 2785 1200 4092
9407 3268 245 5558 8172 350
9408 1428 2858 3226 3637 3638 7300
9409 4978 1617 7370 3481 7371
9410 939 1295 3132 1993 4660 2570
9411 2056 3761 1073 4231 5728 2847 4214 7702 8194
9412 2229 2755 2534 3301 6314
9413 619 398 806 2134 3533 4985 805 5476
9414 2595 3990 3467 6239 5210 4588 5820 4231 1847 1400 3730 1328 2624 2409 6095 3849 2101 6098 2933 3374 7780 5217 7475 1723 6975 2976 7792 1199
9415 5056 3090 5515 7759 672 1200 3273 4015 8007 140
9416 5061 833 5284 4802 839
9417 1428 1617 2382 4549 2609
9418 1489 2949 2950 3004 3560
9419 3974 464 5557 3183 5258 7425 6814
9420 3197 5884 5787 6000 2682 4122 5421
9421 6198 3060 1637 326 2416 3443 2739
9422 4690 2877 5046 5374 6601 7866 3783 4782
9423 2884 1489 1719 2933 2238 3807
9424 4800 109 1762 971 1208 1520 1549 2576 3923 4151 4695 4973 5475 5542 7855 5773 4476
9425 1160 1616 2187 3731 6991 7551 831
9426 3830 6406 4369 7450 3659
9427 103 1927 5034 194 1228 4812 5033
9428 4916 5847 6684 464 6284
9429 1228 896 1971 4276 5224
9430 6093 7582 4219 4956 7483 8045
9431 17 2066 4549 5582 7677 3585
9432 56 833 3274 3698 7926
9433 788 5506 1508 130 3150 6957
9434 262 847 2481 3263 4466 4756 5077 2107 3893 6343
9435 4981 2439 3275 2766 5788 5842
9436 1950 2235 7113 7366 296 526 1259 3105 3960 4555 6854 7628 7862 7863
9437 6887 705 1060 1682 2139
9438 4654 91 3317 6773 4585
9439 2155 3890 7521 4140 5906 5016 3277 3829 7954 833 4709
9440 1065 2853 6704 7162 8138 8139
9441 4082 7969 7434 8443 8444
9442 6840 3099 3101 3043 6086 4398 6056
9443 1262 463 6424 6644 857
9444 574 3168 3978 2903 500 7301
9445 2897 3073 4310 5319 8327 1244 4331 7134 7475
9446 2002 50 3633 5019 2968
9447 5864 5034 6228 1428 2170 1593
9448 755 7322 8193 4623 7931 2207
9449 5953 1182 3129 4623 6084
9450 183 196 1511 2892 4785 4907 6284
9451 2961 2998 3560 2930 5039
9452 1878 2359 2699 29 2664 1616
9453 3499 7466 6870 4401 7691 7692 7693 8096 8316 8318 8360 8442 8443 8088 8444
9454 2002 4276 4996 5026 6426 1363 2279 6132 6496
9455 216 1283 1523 2391 6289 2815 4630 4955
9456 2543 254 164 221 3402 4430 7364 508 663 1098
9457 166 7373 4724 265 5380 6664 153 5505
9458 5926 2962 4119 330 1589 4215 5028 1951
9459 2505 3849 944 6496 6675 2155 8471
9460 1928 5963 6550 6879 8196
9461 5383 1600 5425 815 1685 1752
9462 2596 4537 5570 4866 4666
9463 6492 7339 6225 7969 7652 5841 5840 8444 8282
9464 2409 3003 3004 2066 5112 3022
9465 6921 2182 3060 7113 7846
9466 367 2300 330 1910 3149 6548 2052 6588 8299
9467 7762 2111 777 223 8251 248 6419
9468 1375 8413 3274 5971 2583
9469 4369 3150 2176 3814 5346 4079 4035
9470 4346 4953 5941 6723 6936 8152
9471 537 830 1903 3329 4711 5915 6179
9472 217 2214 2635 2894 4409 5204 4609 3442 219 416 1321 2046 2071 2154 3652 4892 5203 5819
9473 2953 7481 3730 6975 7742
9474 704 1723 2192 5372 5055 5056
9475 6250 1921 2384 2117 5138 2461 2973 5055 5956 5998 7313 610 1086 3150 7684 7909 2740 4571 6887 2229
9476 879 1725 2134 2480 3852
9477 332 434 995 2740 5414 1119
9478 2395 2117 66 4771 4893 1065 2748 1885
9479 1964 4063 4854 5075 5581 8224
9480 1669 1708 2304 5789 6864
9481 3133 326 2124 2639 2962 1910 434 3814
9482 2892 5958 113 553 7773 7949
9483 56 705 1501 2204 2384 2773
9484 3073 601 3363 74 1578 2710 3498 1902 2482 4179 4486 3496 5747 3354 6248 6192 5786 2800 6589 7147 7453 7551 7339 2977 2156 6224 3444 5210 8094 7766 8287 8383 8453 8479
9485 5112 5630 3440 6225 5767 8080
9486 896 1335 6533 487 5721 7115 5367
9487 3002 3048 1430 6865 3011 4394 1160 4666 7460 2615 7713 3331
9488 2977 3440 6967 5812 2526 6136 6743
9489 5936 5915 5690 6975 6179 1489 2155 537 1353 3838 7659 7341 6225
9490 1694 3284 1815 2668 5280
9491 1786 1428 1456 8312 8401
9492 4788 648 2793 6426 6649 6909 4543 5483
9493 6415 6413 6409 1148 6167 4533 3002
9494 5232 3746 6975 7257 8037
9495 815 874 1497 2733 3936 5492 6494 6758 7055 7195 7664
9496 3043 4445 4935 6314 2238 5061 7609
9497 5557 894 1648 2972 7922
9498 1682 2512 4649 1400 4024 533 4119 2432
9499 5956 3886 5316 8177 4740 135
9500 4330 5833 1489 1723 1719 5210
9501 1475 3921 3922 3925 3915
9502 5950 7756 8284 7300 1600
9503 2978 3060 6481 504 3799 5582 5969 6886 7489
9504 434 464 3785 6867 358 7497
9505 1723 1964 2523 3278 4140 6314 4857 1823 2161 4853 5465 6134 7904 3391 7313 7475 3835 1489 1597 5851 6162
9506 111 332 1249 2002 2484 3056 4260
9507 3197 879 4453 801 799 802
9508 36 3507 5840 7195 8023
9509 4581 66 4711 5714 7347 945 5730 1354
9510 876 2213 3157 7983 8236
9511 723 2503 1455 5906 294
9512 1783 1545 1505 4073 6066 939 1589 1489 2750 4224 3239
9513 1971 5068 1375 6194 5725 5971 7579 7292 7156 6534 1060 5511 3857 24 2706
9514 1373 928 532 1731 4893 533 345 3379 502
9515 12 17 1316 911 5342 1243 5268 4560 2074
9516 3699 8110 7805 7360 1682
9517 833 5765 2724 4469 1149
9518 4432 66 2673 2926 7390 1604
9519 3643 6196 1467 3644 6258
9520 2497 3102 4990 1414 2984 4980 4656 5570 5730 3560 7018 5188 7351 4152
9521 6312 6192 7145 7551 3445 4401 8220 8383 8451 8438
9522 1238 6494 7612 1369 2225
9523 4179 6202 6024 795 2339
9524 833 1644 6314 6975 8313
9525 4853 6298 1353 7745 8288 7742 7744
9526 6251 4980 6516 6975 919 2155
9527 1461 1625 1409 2155 1393 1367
9528 166 879 4187 6245 6429 2677 2681 6567 4342
9529 6162 1833 1917 8173 2207 6975 7475
9530 2256 6314 767 1917 3189 6984 6975 7023
9531 3060 3091 5037 1222 4681
9532 1588 1336 438 2442 53 1428 6052 4140
9533 7433 951 3150 4401 5175 1409 1921 6264 6271 7301
9534 4551 4554 3814 1966 2484
9535 1428 1437 2185 6188 7113
9536 6920 3780 8278 7688 8442 8276
9537 5747 6310 6311 4082 4401 8277 8428 8431
9538 2484 2137 2241 5332 856 3576 5085 602 1791 8004 4378 7612 8005 5489 6049
9539 1662 928 2120 3582 4116 4405 6577 6931 7236 7294 7651 8383
9540 6186 2540 2541 4536 6197
9541 855 3075 4828 5354 880 2991 2993 5026 7938
9542 2185 4224 5583 470 742 4192
9543 148 338 1965 663 3359
9544 688 2726 3181 6165 711 718 1280
9545 3658 7430 1200 1489 7308
9546 4970 2263 1488 4861 1208 4115 1621 2487 5616 7546 851 2024 4039 6630 190 2100 5819 6611
9547 3212 5192 1234 6694 4550
9548 130 134 1304 7183 7214 1298
9549 5376 5971 6473 7611 1682 648 874 2013 6592 7562
9550 526 1353 1489 2785 5155 6314
9551 8220 5906 7690 8474 8438
9552 1118 4781 4303 4304 3867 2489 785 3273
9553 3577 2185 3260 3413 2364 3264 3543
9554 1200 1632 2066 3680 7921 2903
9555 7162 7737 6154 8102 6308 6474 7292
9556 29 5917 5312 8290 7733
9557 1522 6490 196 259 3849 4245 4566 7551 7749
9558 1540 1428 4179 471 1254 524 5026 7534 7188 1505
9559 2136 3053 6989 2185 6990
9560 6931 6493 1836 4764 896 3587 3902 3759 5982 7292
9561 3232 2090 2152 2566 1364 4631 5700
9562 6969 5505 164 4563 4567 3402 130 418 161 3640 3919 6915 5402 113 338 2115 457 4854
9563 4541 1625 4575 5346 2578 2837 8290 5307
9564 7610 295 1040 5829 6702
9565 3640 2933 4567 7110 8297
9566 3169 4369 2056 3031 6945 4277
9567 3118 5653 6604 4529 6473 887 2222 5231
9568 7158 7294 7113 1280 3319 7277
9569 1850 4970 5075 5344 1367 2900 2746 99 418 3463 6197 945
9570 126 3818 7257 5273 3212 6197 274 4091 7102 7175
9571 1589 3105 3200 5864 2830 1022
9572 1194 6997 4460 5675 7807
9573 8224 8208 8265 8266 8196 8408 8407 8501 6846 8504 8500
9574 175 5582 990 3528 6552 3579 4442
9575 73 26 434 464 1578 1589 1817 2264 2271 5073 5218 6665 6943 7055 7443
9576 4904 1112 3698 5056 2953 4931 630 4930
9577 1035 3147 5552 7126 1191
9578 328 1775 3212 5438 5019 1210
9579 5285 7325 4863 6387 5764 2635 125 2894 777 7918 500
9580 1144 439 2385 4545 6849 67 530 6761 777 3236 4265 5031 7901 7356
9581 130 222 868 4435 6211
9582 2749 1589 7177 7156 3730 8373
9583 1783 1837 3888 3849 4218 351 3669
9584 4369 830 5061 1301 6345
9585 658 4729 1167 6005 7549
9586 924 2368 500 898 2706 914 3316 4005 1153 2731 3322 6305 4357 2473
9587 3043 3923 3925 4996 3924
9588 5844 978 1067 1234 1835 352 3799 7669
9589 5041 5439 7550 8086 8245 6732 7715 92 2010 7133
9590 3381 3830 1911 5312 1660 2608 8196
9591 1550 4402 325 3543 4007 7031 6881 8228 1265 1410 1786 591 3773 3091 310 744 1805 8163 2383
9592 1137 2002 5570 6944 7188
9593 1066 2185 6256 6327 7443 8281
9594 3477 277 1288 4425 6451 247 4411 3814 5861 693 1547
9595 3 1200 2465 5871 2786
9596 595 1524 4478 53 6380 6680 6865 7663
9597 1649 2821 2189 1573 4640
9598 705 1437 2244 3829 4629 5167
9599 5414 1207 2589 1051 3834 2949 3004 3818 469 835 2855 4670 7978 3447 6475
9600 687 2137 7897 3845 7492
9601 3326 5712 3730 4983 5062 7409
9602 466 7488 63 99 387 4116 5339 6250 6583 7487 4122 4474 4667 7723 4177 7797
9603 306 1494 6323 4036 5841
9604 3756 3940 903 3572 7103 7078 1166 1767 3993
9605 5187 5056 98 4920 2526 5055
9606 1150 1967 837 1511 5218 1497 5840 6780
9607 955 1128 2225 3677 5026 5840 7698
9608 4082 4401 7434 8293 6812
9609 2956 2606 4640 3830 7184 3724 2334 7881 1911
9610 2395 6045 2200 5113 228 2962 5218 731
9611 1752 6154 2484 3584 3254
9612 2419 6462 2185 2828 8038 945 7162
9613 1465 5624 1228 1431 4144
9614 1971 2289 3105 7049 3706
9615 1422 634 3280 7402 5929 3744 7324
9616 3213 7424 470 3475 3667 4103 5061 7954 3142 5011 5717
9617 738 2527 6002 7956 8058
9618 4162 806 6028 777 4850
9619 3291 4154 5765 6780 989 7879
9620 2857 924 2668 7156 463 8373 1428 1589
9621 67 5322 3510 1748 2711 468 6149
9622 464 1316 2226 3637 4542 5377 6603
9623 1261 2225 2964 3916 902 923 3189 6978
9624 4082 4401 8425 8442 8475 8089 8444
9625 5477 86 1285 2152 2222 3077 8405
9626 1066 453 3223 4023 6588 6850 7252 5238 924
9627 705 1719 1712 3663 5963
9628 17 3936 5057 5864 5884 8060
9629 3005 3009 3073 7428 7742
9630 3060 3799 7086 7706 4105 5892
9631 3004 4002 3005 7639 7819 7415 322 3021 7892 7893
9632 5026 2484 2225 3677 7483 915 8349
9633 4001 5728 6857 3675 3878 7195 5525
9634 3668 928 66 6881 915 1427
9635 634 1459 2658 1346 1540 2567 4379 6382 7302
9636 364 2090 1898 2474 7397
9637 5294 4733 5081 5385 924
9638 5621 6194 7002 6717 524
9639 1112 2185 3814 4033 7162
9640 1644 1260 6434 332 3829 7881
9641 7560 38 4809 244 1551
9642 2713 5091 6196 7357 6769 7791 7895
9643 3560 3773 4230 5230 6230 2086 3227
9644 2045 2256 6445 705 4738
9645 7503 2185 7742 2063 5124 7162 7672 8288
9646 924 925 5344 5692 5019
9647 2218 3302 7351 3091 4148 6447 8459 5349
9648 245 1230 5410 327 2157 7712
9649 4267 1425 2264 6694 7106 7549 7928
9650 468 1139 1529 4379 5032
9651 443 2524 1244 3613 6279 2004 6759 3253
9652 4061 1260 2016 2066 3883 5038 1734
9653 896 932 1489 2750 3087 3361 4536 5325
9654 705 2816 3142 7313 7474
9655 2411 2480 6437 7637 785
9656 4351 6195 1594 2178 2299 2423 4085 4227 4574
9657 3614 6514 140 306 1269 4918 7676
9658 592 2444 3189 3191 3327 4173 8363
9659 896 303 1817 3781 4855 3476
9660 526 2857 1584 2430 2787 2798 6600
9661 209 6915 113 420 2963 6488 6490 8029 171 5066
9662 6192 7924 2950 8094 7005 8436
9663 2206 3391 7313 7475 2620 3390 3595 5928 6162
9664 2176 1260 5216 3004 2189 8071
9665 1723 130 152 3377 3540 4576
9666 580 2468 3288 4735 3146 3994 2918
9667 4971 3766 349 6509 938
9668 3863 4666 4623 4994 1 4657 6979 5546 7404 8111 7933 5062 6314 7334 7713 8086 7345
9669 5099 5294 4560 3123 3541 823 1928
9670 766 777 3148 761 4261 3237
9671 2664 4574 4655 4913 6741 4765
9672 18 1547 1969 2018 2185 2187 2433 3264
9673 6273 3698 2892 2391 148 1555 342 1373 1374 4440 5246 2708 3060 1529 3321 85 924 2435 3155 7342 2639 899 2084 4209 4300
9674 5294 2212 1011 3797 1993 2497 3062 4033 4554 5268 4838 2348 4581 924 3321 812 1191 3404 1654 2002 4195 392 1027 1211 7295
9675 2868 4828 2137 2853 3477 6810 2608 5000 8194
9676 5187 1250 3095 2385 6965 7805
9677 1996 1158 3138 4644 1765 924
9678 5210 6225 7128 8019 8132 8133 8453
9679 3318 5971 3915 3916 1821 3922 6118 2996 2544 4845 6509
9680 1260 3990 469 1353 2161 4711 3924 1437
9681 217 5204 317 271 2154
9682 7385 2894 565 431 945 844
9683 3004 3560 4312 1182 1573 6431 6975
9684 1588 4463 2614 39 896
9685 4540 5083 4543 3399 3541 7403 7887
9686 125 2484 7051 1843 7862 7762 7863 6684 2894 6033
9687 1206 4403 1541 2682 5839
9688 2157 2406 2449 3253 3077 2544
9689 1353 4866 6431 1723 1719 5016
9690 228 5728 4331 7745 3054 3560 6518
9691 1250 1910 3212 5132 5032 1428 5774
9692 958 6095 5836 3138 4354 5553 5346 3834 839 606 1021
9693 3979 2286 4658 8047 8048 4811 5496 6975 1912 924 2371 2264 1104 3118 6572 7086 7551 91 8371
9694 1682 3587 303 2289 4249 4958 1595 2266 2271
9695 4132 4623 2565 5055 4655 448
9696 119 3144 924 1295 3424
9697 3765 2694 1199 1833 8308
9698 1462 7283 326 5479 6563
9699 896 1427 1512 2027 3189 3198 4039 5815 1370
9700 1322 3866 6864 3892 1278 5461 239 2053 69 4186 64 499 2770 561
9701 4171 2229 4802 1625 1949 2736 2972 2206 6627 8143 5619 8382
9702 159 2668 2484 439 2666
9703 3774 262 1249 5130 7036 7714
9704 287 3051 3556 7436 7831 3203
9705 1966 755 3582 4281 4833 6345 7544
9706 1136 3304 4102 5210 7443 6077
9707 635 857 5376 2261 2002 7276 1950 6592 5083 5632 3060 1589
9708 20 2041 6766 4850 5358
9709 1815 4666 2265 7570 7475
9710 2061 2396 3372 3740 5694
9711 3091 3292 4615 1255 3814 4990 610 4365 8069 885
9712 1842 5253 2484 2580 3227 3752 6231 6764 5113 350 2137 2668 5308 4884 3580 6874 8169 8182 8205
9713 500 747 978 1428 3091 3587 5171 391 697
9714 896 3845 4227 2121 3444
9715 3925 975 1682 6893 6904 8023
9716 1250 5029 5037 626 5627 2739 2750
9717 470 4168 5940 6898 6901 7088
9718 1976 5692 2226 3638 8047 7144 8048
9719 1833 1865 5000 2534 3379
9720 5429 1928 2580 5857 244 6849 3147
9721 2061 3372 1847 5112 8094
9722 1316 4681 6385 924 2621 726 1861 489 3195 7556 4119 6422 3179 3814 7226 6717 3211 3875 2947 4906 3943 5790 7732 1430 5489 2483 3019 3191 3213 6604 26 6354 5471 2455 7351 8039 6207 4207 3662 7907 2368 7032 108 7709 8412 2406 4022 4131 1212 6980
9723 634 1962 3341 673 3930 6707
9724 1782 2415 5382 3958 4181 6875
9725 7584 1354 2002 5740 7583 7690 1540 7255
9726 3497 3947 4654 7819 6003 4802 8133 2755 7531 4084 3468 2229 8453 2155
9727 821 822 2787 6979 7959
9728 2526 3039 4631 5773 2523 3138 5210
9729 99 3156 3327 4116 7559
9730 2185 3326 5755 2747 5730
9731 2264 36 4476 8208 1923 8405 8488
9732 1723 1911 1858 5946 5732 1644 4032 7286
9733 6750 1504 1804 4519 6569 5602 3678 5124
9734 73 17 1286 6509 3331
9735 3896 4856 6439 7177 7326
9736 3188 1378 2442 2615 3353 2633 2302 3100 5514
9737 2513 691 2514 2515 3662 1546 3860
9738 4679 50 2284 3223 5374 5840
9739 36 464 2674 4248 939 1383 938 3284 1437 3037 5711 1316 2271 4281 2818 5201
9740 1261 4272 1619 6417 8030 7196
9741 1014 4657 7005 1161 2418 2755 4535
9742 493 1217 787 790 1720 1788 3865
9743 6310 4082 4401 7453 7339 8478 8442 8443 8444
9744 1879 4590 4415 4539 6329
9745 2185 3080 3798 3917 5068 8124
9746 66 1923 2185 618 814
9747 1682 3091 4148 4280 7735
9748 970 2002 2484 5057 5768 1988 5298
9749 3618 122 191 1282 1291 148 6942 416 120 6264 7162 5711 4139 146 2591
9750 909 3702 5387 5617 5718 556 1106
9751 2065 6639 3952 4786 4726
9752 1290 113 3575 5506 418
9753 1627 4445 4935 3138 3090 7243 6263 5991 2817 5553 6314 6152 5334 5337 5808 1578 1873 3331 2238 4535 5828 5866 5112 7588 2694 1734 2803 6597 5820 8477 1728 7568 8502 7296
9754 5916 2512 5218 6336 6495 7380
9755 1789 1781 3630 7313 7543
9756 111 952 2258 3060 5282
9757 4655 5747 6312 6191 6309 6528 8049 8220 8385 8426 8450 8474 4074
9758 3510 66 2639 6264 1884
9759 526 1427 1991 7646 7645
9760 4537 1809 5201 5425 5381
9761 705 3043 2538 6985 4980 1200 7005 6314 673 1734 2004 2624 4445 5634 6226 2910 7330 7580 7973 2952 5397 5647 6625 4851 5207 5754 6683 5895
9762 27 3321 5229 2703 4549 4970
9763 1168 5868 4940 1617 2368
9764 3461 928 5026 2291 5322 7503 7669 291 6299 4785 3865 2002 3673
9765 6393 1659 6977 5946 7785
9766 6869 1076 907 40 3639 5026 7950
9767 2155 2289 2300 6750 99
9768 841 2080 2740 3870 4924 6573
9769 5218 5787 6604 7800 6165 1846
9770 7002 1200 5776 2972 5055
9771 5244 1524 5609 6215 6767 7587 202 5153 8202
9772 1675 2561 7032 7457 924
9773 1401 219 1579 2047 5260 5482 5972 5973 7812 160 5815
9774 1884 1885 5262 233 6613 7296
9775 3705 2184 2056 2895 5093 7085
9776 2301 5296 5318 5806 7737
9777 6671 6920 4082 7136 7551 7339 7893 5210 7837
9778 288 6664 6759 4854 4203 4014
9779 843 3137 6999 7702 5119
9780 5312 7153 8234 1501 6396 1719 6098 6611 3762
9781 3138 461 460 4350 6732 1234 6710 5167
9782 3138 1353 1833 4038 1865 1227 6314
9783 4002 712 6621 6267 8237
9784 7796 4208 2185 2729 3514 4209
9785 5429 7609 3680 2207 5857
9786 3067 1595 7150 1249 6511 3019 140 245 439 754 3515 5537 6264 1201 5151 4805 2731 3475 5385 438 5188 6854 5319 3066 6049 3676 2816 7356 1900 3780 4164 7457 5674 6583 8385 2818 2819 4551 7289 8405 6197 3464 1374 8125 1428 8339 886 8473 7113 8470
9787 5128 575 2516 574 8291
9788 7366 1247 7888 634 1117 2137
9789 830 2516 4654 4655 1873 5063
9790 66 5839 5872 1655 7628
9791 7510 2565 3541 6813 1505 1506 439 8209
9792 5019 4631 1376 1740 6741 503 1682 1995 3476 3936 7793 809 7756 2377
9793 3575 5533 7160 4866 4234 7792 2817 3893 1489 143 398 399 2526 5204 5552 5581 767 1260 2676 3381 4697 317 5630 1623 6431 8391 3004 2916 1442 2523 5577
9794 2 2371 1434 1846 2437 2670 4764
9795 380 3884 6458 5026 5019
9796 5061 2868 3105 3173 3191 6017 111 7433 6282 609 5083 2264 6307 244 1197 2066 2484 1847 5691
9797 1976 1262 5026 7225 7558 6797 7047
9798 3224 3379 833 6255 2418 4093
9799 1500 5633 8320 326 8069
9800 4598 5583 3930 5864 6815 8350
9801 64 6310 6311 7147 7952 7959 3642 2191 4414 5971 5495 1250 4472 6373 726 8378
9802 111 5104 7029 7298 1591 1682 3090 3173 3957 7563 7565 3814 8463 6854 7841
9803 2510 7590 7600 7803 1384 4470 4791 8025 6314 2846 6239 7742 1183
9804 1558 1008 7316 8238 505
9805 953 5220 90 195 3782 6813
9806 1631 1633 1981 2238 6810
9807 1784 1192 1589 1952 5428 3757 7367 862 2532 7433
9808 4179 367 3337 3700 877
9809 113 218 2892 3201 2965 8390 340 4157 2635 356 7437
9810 1187 6150 924 1265 630 5776 1394 352 911 6269 2590 3373 4636 8365
9811 416 6686 4204 160 340 1298
9812 468 3710 3325 3288 7050
9813 2229 2664 4802 1161 2286
9814 3930 2204 3296 5062 5936
9815 610 1206 1817 303 2918 3235 3435 5388
9816 1978 3946 74 4655 4654 4486 892 5552 7128 5581 8354 2010 33 6358 8452 8453 8477 8432 6535
9817 610 1975 2279 2430 4015 4378 1547
9818 1436 3412 1594 3413 6004 8149 8151 1130 1131 5004 5071 6074 8460
9819 616 5011 610 1210 2871 896 8023 2583
9820 3710 6741 6496 6985 1457 4644 6154
9821 537 705 1260 1847 2066 2155 3707 3451 5690
9822 7158 3531 6155 6672 7289
9823 2637 946 66 2309 7873 2326
9824 5459 6630 6811 6303 6152 6845
9825 1173 187 6197 200 1503 500 945 1183 5527 5711 7008 8189 779 125 777 1172 2750 4854 5670 6781 8097 202 278
9826 7429 1682 618 5275 5568 1685 5511 4116 3640 5960 2766 5414 8160
9827 2953 99 5614 5915 7555 1200 6544 1886 4511 6541 4442 6202 4597 3536
9828 200 663 1500 1526 7194 7672
9829 8456 1425 7611 2962 5377 7612 2185 6269
9830 3345 1794 812 3642 3736 1655 6138 5424 6259 876 7978 2301 5367 3330 5746
9831 106 2891 777 5932 2892 6590 4647 1277
9832 6060 6294 6214 895 512 516 2174 3195
9833 4378 3284 667 900 924 5414 6224 6967 36 90 1024 3444 6592 323 593 3231 7492 50 463 6860 3641 4181 7751
9834 815 995 2270 3260 4474 4785 5478
9835 1789 1627 469 1353 1260 1310 4711
9836 1455 189 5764 165 1524 135 6418
9837 2636 6186 6979 1524 3419 5432 7128 2565 5657 7347 8232
9838 2155 4116 3320 2608 6314
9839 5844 6732 5460 5274 2253 6064 6164 6298 6432 6905 8342
9840 634 2211 5772 3798 4650 4051 4643 5442 6824 3103
9841 4963 7204 7677 480 882 7134
9842 1201 2377 2969 4229 5720 6078 6912
9843 5075 113 6358 2238 6845
9844 7029 407 322 5580 8025
9845 2229 5061 2263 705 3829
9846 4654 6248 4957 3912 4401 4082 7147 2156 7438 6224 6225 3440 7128 5210 7837 8293 4414 7692 7691 8096 8317 8287 8433 8409 8452 8449 8448 8450 8451 8162 2008 8088
9847 2962 902 2646 1376 5748 3739 3946 6725
9848 6191 7959 8287 8278 8428
9849 1416 1624 1927 2226 3045
9850 168 2207 2229 2238 3560 5346 8246 8313
9851 7802 7320 2271 4116 1275 2239 7682 1817 3510 4974 3572 6154 4249 468
9852 3003 3004 3022 3576 4325
9853 4198 4464 1362 1400 2295 7815 3450
9854 2874 5784 2675 2532 7088
9855 10 8 3612 674 1200 1489 1833 2155 2224 2933
9856 5089 113 1599 3740 2315 8023 2494
9857 2378 7162 470 1428 2185 3635 5019 6679 1497 3476 5621
9858 2261 1596 3510 7162 907 6838
9859 295 732 2891 104 3640
9860 3638 4803 195 4180 7252 6085 5028 2326 3646 2317 2260 5344 3921
9861 3916 6833 5745 4636 8029
9862 7277 1437 5083 5651 6837
9863 1712 3545 2707 4646 4831 5299 4268 2185 2219 3031 2373 7331 2731 4698 3762 5386
9864 3040 6943 3915 1026 1428 3060 4996 1861 4600 2627 4733
9865 1427 1428 2152 2668 5164
9866 833 42 194 5376 519
9867 3535 7173 1812 1833 3090 7580 2933 3379 6687
9868 2687 1239 1575 4207 5697 6693 1868
9869 2484 1949 2711 6186 320
9870 6991 639 7986 7987 8411
9871 21 5385 2063 28 4441 3404 5644
9872 1362 4878 2185 3563 7162
9873 1432 1529 6825 1821 3090
9874 5026 1817 2299 5901 6235 6967 3414 3476 1194
9875 56 829 4276 4635 5581 4808
9876 938 1613 2561 2766 2873 4056 5840 7252 7292 6466
9877 99 1949 4898 5726 1682
9878 1095 26 1589 1238 7219
9879 7697 12 7714 7952 646 7540 244
9880 1503 1271 2371 3325 7342 1929 66 1217
9881 2608 2723 1489 2155 831 2741 3073 2229
9882 6239 8234 1633 8058 8156 8396
9883 6187 5241 7825 2828 3293
9884 1427 1593 2185 2724 6201
9885 5525 5790 3524 1966 4899 5101
9886 4485 5859 2136 7083 2271 4482 5113 5413 6593 7419 7422
9887 3990 3764 4140 1865 5458
9888 898 2152 5385 6956 8408
9889 930 5839 8267 434 7861
9890 3391 4650 4999 7588 833 1717
9891 4857 4980 3381 5546 7824 7921 8179 1062 1409 6263 8151
9892 5871 6729 3653 3508 5312 5734 6170 1353 6314 3552 6960 4347 7024 7420 1056 401 6264 1337 476 1469
9893 2981 2328 2826 44 2828 3235 5442 1467 5295 2637
9894 4618 506 5229 491 7510 2484 4277
9895 92 6285 2384 8149 8066
9896 1815 1011 2295 3090 308 5435 1896 5412 3747
9897 4140 1367 3886 1437 6975
9898 705 1712 7770 4903 1979 1458 3381
9899 2065 5026 1599 7593 3810 350
9900 3311 3299 3362 5439 796 8439 3328 8471
9901 36 434 1685 4476 4785 6333 6645
9902 127 189 232 6419 6420 7436
9903 2706 3643 1234 1198 3481 693
9904 500 3318 3480 7232 7799 5884 6466 2589 3475 5691 6519 6556
9905 36 496 3803 4178 4154 4380 5789
9906 1504 3091 3773 3814 6646 8069
9907 1208 1896 3921 3923 3924 979 1367 3695
9908 3596 5892 6650 6684 6691 7010
9909 1833 1866 2010 3690 1734 2803 2817 4038
9910 4406 7875 3090 3567 1065 8371
9911 1353 1712 3909 704 228 2244 6975
9912 4800 5761 5947 2002 2386 3935 4379
9913 3719 3736 3715 88 1459
9914 8461 3377 3381 1204 5914
9915 6204 572 606 2884 3829 2253
9916 662 5673 7635 1555 4748
9917 4369 961 3541 4182 6901 7525
9918 1378 6446 3150 3954 7211 705
9919 2694 4223 308 2189 7038
9920 1263 1743 4154 6004 8288
9921 1149 4305 4499 1943 3197
9922 2139 4206 1644 1633 2460 6250 5081
9923 626 1018 1312 2484 2743 7534 1258 4444 618 1817 6542 657 2170 4357 6545 6674
9924 6344 3235 6726 1950 6317 6336
9925 1200 1911 6560 1489 2274
9926 5083 1270 4024 6783 3444
9927 3043 4082 7146 1200 6564 8094 64 8428 8453 8093 8477
9928 3194 457 222 5875 6914 7099 1103
9929 468 1194 1947 3734 4418 6079 6287 7114
9930 8338 1575 2596 6945 6114 6132
9931 5474 1925 4616 7181 3420
9932 2565 7551 7892 1207 7819 6535 6258 7286 8354 7744 8411 8410 8452 8436 8486 8484
9933 1505 1702 354 5621 5306
9934 4823 705 3773 4353 4684 425 71 3667
9935 64 2279 5581 6149 7260 1206 903 3149 6145 350 955 1139 2254 3412 3413 5563
9936 833 269 4035 4191 1353 4980 5730 6777
9937 638 970 1260 3374 4122 7230
9938 2637 2152 2638 924 6787 8042 8353
9939 1524 6046 216 6530 4434 196
9940 470 1600 2002 2299 5674
9941 792 785 1539 4343 4452 4068 5082 5193 6036
9942 916 3321 6055 6132 6703 1020 6772 2418 5236 6187 4838
9943 6793 1617 6235 7517 7621 7796 3476 3460
9944 5991 109 1133 8270 500 5342
9945 767 1260 1353 2694 3217 3374 6314 7256 705 4829 5061 1823
9946 4433 144 165 184 6435
9947 3370 7160 7465 4140 5325 8411 8420
9948 625 1927 5058 6452 6888 6956
9949 3444 5026 7907 618 1238 1418 624 1682 4586
9950 1682 2888 4015 5019 2646 6074
9951 2484 2882 3327 5040 2444
9952 2240 100 5776 6940 453 6145 1703 6266 7425
9953 1564 1589 2264 5224 5281 8126 3435 3592 5388 5843 6282 7960
9954 1601 6750 1445 3770 6969 7839
9955 1065 1398 2601 4063 6979
9956 672 1608 2847 5856 3752 6077 543 4919 3341 1260 4670 1459
9957 149 222 297 419 420 2115 2125 4204 4162 125 421 7137 8435 167 5743 6082 6444 2528 4686 1299 150 192 2892 3202 8118
9958 7042 7376 1911 5435 7162 4259 5125 3930 5016
9959 1524 408 6973 248 7365 7608 732 3534
9960 6975 6218 3730 3451 7403 1625 1723
9961 5344 924 470 2766 5777 7866
9962 6943 1541 726 1497 6592
9963 7033 2787 6166 7888 8247
9964 6225 2903 8092 3595 8263 2248 2529 4393 2183 5577 6829 4581 1489 5485 6059 4383
9965 4004 7162 73 2185 5332
9966 113 161 418 4850 5509
9967 1910 2619 5969 941 3736 3915 6455 1462 7511
9968 380 693 195 4798 471 924 1971 5322 2147 2148 466
9969 7 1422 1847 3857 6132 4866 7347
9970 4317 1489 618 5915 4086 6658 4318 2256 4969 6648 2668 6659 1944 449 4775 2286 3587 1833
9971 3849 911 891 2444 2117 6494 4193 7757 5508 2750 726 470 7479 7862
9972 3497 6189 4401 4082 6225 7128 7969 7378 8065 8427 8450 8453
9973 3381 1910 7154 4002 4684 7740
9974 2484 1238 603 1416 4971 4530
9975 4609 2635 6212 2140 2154
9976 3864 1197 830 6619 7903 2155 3560
9977 4464 4339 6764 6222 1285 7569
9978 1681 3424 6950 598 1589 6360
9979 4116 6592 6950 7058 5376
9980 7836 502 3477 6458 7912
9981 6312 4957 6671 4401 4082
9982 1206 1685 2675 1636 1755
9983 2359 3329 3284 3857 4216 3954 7433
9984 1823 3835 1644 2034 2153 2266 2821 3391 4116
9985 1133 2216 118 526 1489
9986 377 408 2452 5975 6082 6490 6915 1535
9987 3048 4082 4401 7467 8409 7688 8125
9988 2225 2609 5629 5713 4846 7181 3510 5661 2479
9989 2484 3928 3039 3927 4379 8456
9990 1599 3639 4651 5026 7803
9991 2403 5171 7492 3838 6943 8116 500 6269 7348
9992 639 1854 4844 2664 8465
9993 4631 6511 7230 7702 7704
9994 332 941 1125 1540 2561 194 596 4280
9995 4082 7243 6196 7407 1115 7157 7380 4401 8107 8093 8409 8442 8475 8440
9996 3030 2369 5045 3330 6138 1869 8402 1910 3223 6956 8224 8391
9997 3974 2646 7292 7677 2597 7642 5900
9998 3857 1576 1608 460 2346
9999 995 1372 1374 2818 2819
10000 2423 2301 4505 1172 5073 5807 1503 3211 3233 3395 7371 5898 4265 4643 5899 8128
10001 2670 4401 7339 7893 7969 3643 6196 7434 8292
10002 822 616 655 1589 1952 6739 8349 5344
10003 4985 8438 8475 6812 7068 8476
10004 596 990 4235 2289 7612 7865
10005 5186 7875 1861 4593 6096
10006 5569 4581 5421 911 3464 3465 4474 5218 6473 7562 7797 4049 5377 5966 8240 2682 5375 8331 7529 3060
10007 2729 924 1702 2264 4797 2200 7579
10008 2437 3213 3247 6165 3957 7496
10009 500 610 1162 2769 5621 8023 1529 4173 4782 5019 5732
10010 2279 2867 3343 5056 5914 6013 572 616 1234 1578
10011 2773 3073 5061 1200 3909 2153 2740 2384 2161 6852 6095 4711 526 841 1489 705 2725 3960 4924 594 1821 6611 1723
10012 1723 2418 3778 3955 4171 6811 8370
10013 912 613 1050 546 4249 6850
10014 1402 2185 5931 7162 66 5776 8304
10015 7087 2472 2851 3509 1246 7489 244
10016 355 5509 4335 6479 8223
10017 66 3914 4678 6688 5399
10018 907 2902 4294 1653 3640
10019 3284 619 2289 2484 6854 7048
10020 7696 1633 1812 2151 3094 3341
10021 3648 7927 1593 2488 6158
10022 2184 1723 2780 2919 3176 57 1821 7570
10023 2422 4468 4584 5010 2178 5749
10024 18 898 1887 4144 7508 7106 453 3445 6338 8361
10025 1156 3468 4038 4924 571
10026 8189 6690 7845 7847 8166
10027 3191 2871 3961 5287 8056
10028 5066 4377 6592 7612 8028
10029 2492 5246 66 4630 5153 7184 7712 5056
10030 924 5169 4958 99 3273 4372 5621 6730
10031 233 2724 5427 1750 4119 7755
10032 6717 7655 4646 6391 7175
10033 4622 5128 1784 3888 4857 6314 2329 6413 7590 7600 3178 4717 2319 6409 6417 8167 7571
10034 3499 3948 108 1684 4082 4401 7758 7819 2950
10035 1823 5840 42 1374 1695 1752 2011 3991 5377 6592
10036 3337 7643 5131 7654 1668 5908 8039 8224
10037 2803 2135 56 6456 2956 8361 4617
10038 3007 82 1467 3013 7640 7641 6857 454 2015
10039 610 706 2883 595 2557 5675 8296 2626 2853 4713 6612
10040 1970 4116 3676 4442 1589
10041 66 468 632 898 1194 1547 1595 1617 4476 5552 6408
10042 64 705 7921 939 5572
10043 3673 1722 3857 5248 6218 6975
10044 194 2499 4220 4474 7856
10045 66 1869 2496 2598 5792 5810
10046 542 7576 2844 5347 575 1200 1833 3829 4231 4450 5056
10047 650 1194 2962 195 2753
10048 500 1368 3727 4655 7292 7318 4958
10049 3860 1473 1233 4935 5948 6816 8051 3544 5317 575
10050 136 281 290 2279 6735 886 1768 4501
10051 47 4026 7359 5906 2766
10052 1679 1092 2544 6269 1363
10053 1008 1993 6310 4082 4401 7136 4463
10054 1993 911 1760 5026 6961 7503 663 2352
10055 1234 2668 2731 2919 4690 583 974
10056 6255 6258 4807 1684 3142 4243 6186 5216
10057 189 1290 5743 6419 1455 148 202 413 987 1526 2484 4430 4760
10058 1260 4197 6431 3374 4650 924
10059 2973 5955 3138 5567 2953
10060 526 1784 3888 4622 7146 4146 7000 1423
10061 1369 1599 21 66 619 1316 2152 2509 2626 500 4655 6370
10062 3084 3086 680 1710 3073
10063 5723 6911 4946 7187 7188 7567
10064 3451 1204 5747 4383 4082 4401 6330 7356 8449 8093 8185 1213 8438
10065 438 915 938 3993 4824
10066 3073 4284 1870 8087 8094
10067 896 350 1617 2244 5915 2642
10068 1200 812 1589 6931 1376 2002 7210 1194 2152 1489 3495 1568 2484 5637 5730
10069 5352 5808 4028 4276 7267 7520 7357 7549 7649
10070 661 1107 6514 807 806 5784 2966 3853 4158 4161 3852
10071 2368 5621 464 3587 6284
10072 4148 4634 2185 4633 6634
10073 4082 4401 7339 7438 6330 8287 8303 8428 8383 8451 8442 8440
10074 696 4082 4302 4401 4941
10075 924 971 1437 2279 5497 5857 7318 3510 7927
10076 4006 2639 3075 8003 1414 5344 5442 6726
10077 1589 2225 2484 3049 5026 5083 5621
10078 4073 8106 8109 890 1604
10079 4082 6310 3643 4401 6721 8444
10080 751 317 3945 355 2040 264
10081 130 5780 2841 7603 416
10082 463 1802 2266 66 1506 2185 3925
10083 1976 1880 1381 4658 1861
10084 1140 1817 2597 6235 6778 7621
10085 1385 1548 2072 2336 4995
10086 5944 2701 8269 239 1164 2337 2952 2956 3379 3829 4140 5953 5956 6857 7894 1105
10087 1529 3189 3344 7882 4960
10088 6290 4140 3381 8473 8476
10089 165 189 1524 6767 1509
10090 228 1723 2155 3731 1911 4904 1858 705 6314 1200 932 828 3680 3560
10091 8034 1489 1825 2780 2785 3924 2788 3507 7742 7744 7745 8288
10092 3138 2229 4140 4206 3829 7881 8014
10093 6189 7160 7551 7128 8019 8075 5866 8410 8411 8450
10094 6310 6311 4082 4401 8410 5237 8453
10095 7106 2387 439 2654 4155
10096 5075 722 1730 2639 6145 7633
10097 663 3874 1249 1949 2124 2484 6130 8195
10098 519 5017 6972 1375 2203 2378
10099 667 924 2274 5344 5735 6377 7129 7503 4012 7189 3799 7204
10100 1389 1695 6282 6967 5407 6495
10101 7347 4978 8408 8224 8391
10102 1694 2004 1573 1491 3924 5776
10103 3925 5332 1468 3959 2137 2911 1120 5113
10104 2805 4648 2229 1524 1682 3372 7131 724 4801 5875 7018 1990 2613 2892 3286
10105 3256 4245 509 924 869 6557 510 7922
10106 50 7088 8506 434 1985 2962 3957 4781 5033 5113 5218 5344 5374 5377 6592 6951 7032 7489 8007 2893 2682
10107 485 5531 3730 1911 3820 7378
10108 1593 1937 1734 1966 3860
10109 7193 2010 5253 5485 6186 118 831
10110 4980 1262 5730 3343 8234
10111 944 3571 5418 7104 5200
10112 1489 833 1923 6592 7253
10113 3060 2848 2852 4231 5063 3153 7403
10114 7523 3060 6349 1150 5322
10115 587 1249 1428 3544 1617 4800 1250
10116 6179 1353 3483 4917 833
10117 2147 1344 3723 4004 6310 3541 5137 5583 3683 5270 2185 2321 3519 4113 6534 924 4116 7292 3925 1552 7280 7356 8277 8278 8385 8274 3344 5713
10118 2933 3458 3560 2207 674 1353 1866 3468
10119 924 3845 306 526 2264 2342
10120 2133 6494 1849 4276 8218
10121 1427 3522 3987 3235 5890 3965 4705 8030
10122 5344 2427 5674 6714 8023
10123 3990 5230 3634 4831 8023
10124 753 7017 1928 6096 8367
10125 1176 907 2395 2826 4733 464 814 1593 1714 7980
10126 401 1122 3520 5204 135 143 2046 5166 142 711
10127 7243 4401 8385 8443 8442 8171
10128 5218 326 6854 3466 6583
10129 7403 2379 8224 8308 2309
10130 64 3890 3849 6291 6314 1774 5055
10131 705 3849 6314 2973 6624
10132 6610 504 5399 2637 3264
10133 118 2397 3102 1400 8457
10134 2869 3211 3814 1817 3191 6544
10135 703 3979 91 500 1056 2565 3379 4825 6186 4715 430
10136 5412 7540 8023 7714 7715
10137 4243 7472 3829 6239 6517 1506
10138 5538 5403 6759 2279 1273 1195 5414 2575 4550 8204 1071 1975 3053 3476 4249 4553 5840 7534 5047 8464 8330
10139 64 905 1636 2615 3043
10140 1838 1682 3339 4795 6593 610
10141 7213 1428 1589 4704 4796 3293
10142 1424 2729 4527 1851 4158
10143 4401 8425 8443 4826 8450 8444 8475 8089
10144 2935 532 4249 896 4549 5047 1850 466 1393 3459 6257 3691
10145 705 3829 2238 4075 5953
10146 610 609 5535 5166 5110
10147 1463 1052 6140 1751 2147 6195
10148 771 1671 1547 6311 6671 4082 7136 4401 7453 1479 7691 8096 4087 7692 7693 8317 8318 7688 8378 8442 8444
10149 4329 2637 3598 4794 6231 2918
10150 5013 7579 2294 7197 7156
10151 3073 1201 3587 1821 5609 3512 2259
10152 3645 2066 4569 1015 3950
10153 6545 7231 7283 6122 4682 7812 5489 1933 1937 7834 5253 5864 5982 4771 8160 7280 1344 6259
10154 731 945 1734 2184 2803 5396 5546 7555
10155 4004 3472 1516 923 4748 5367 1137 5839
10156 7063 7065 335 5056 1164 7572
10157 130 1295 4448 5432 7325 422 6213
10158 8115 1949 2124 4369 2741 3957
10159 594 1734 1847 8034 1176 2803 2186 5577 2253 8411
10160 2155 1660 130 457 1295 3208 7043 7830
10161 1924 5622 1367 5312 1492 2596
10162 6886 140 1428 4280 4733 502 1427 2402 3799 5268
10163 3041 3834 7175 907 8460
10164 1511 1647 1655 2420 2733 3584 3992
10165 713 1914 3654 2054 2379 2105
10166 772 2432 3667 5018 2972 6732 4623 705 3931 7286 1353 1833 6239 3720 6659 2229 2815 2780 3137 4949 6256 831 4471 5622 1489 3560 5346 6202 773
10167 4286 1096 3076 4085 1674 7579
10168 4499 5579 6529 4485 5548
10169 4900 2577 3857 3954 6360
10170 73 1063 1991 2381 1857 524 901 3709 5552 468 1479 3756 6642
10171 1632 2803 7310 3973 7986 826
10172 933 1056 1200 2226 5902 2664 5485 7121
10173 11 1809 4154 5273 5789
10174 194 2002 3321 3829 5118 8328
10175 6258 2229 2694 5056 2238
10176 2185 6888 5367 5414 2121 3799 5238 6748
10177 6956 76 3576 6052 6863 1751 3564 6854
10178 4048 26 2279 7162 2484 7490
10179 4116 3639 5344 6663 1685 1752
10180 50 36 262 898 6601 7032
10181 1033 3728 4852 6076 1949 2484 1763 5979 4442 6395 6588
10182 4116 4441 5735 1115 3360 6355 7725 1178 4561
10183 3267 3335 4877 3631 1489 2989 6442
10184 7870 66 602 5621 6495
10185 5725 1599 4103 7803 5905
10186 1682 2288 3090 3332 4626 5609 6269 2757 886 1394 2166 2884 2870 6912 7238 7579 5414
10187 2229 2561 2608 2612 5210
10188 464 971 997 3584 4280
10189 5536 91 1239 5265 5124 1015 3097
10190 1428 3189 6600 66 4705 6939 546
10191 589 664 1721 4453 3353 767 4084 7551
10192 5779 2891 173 6242 2023
10193 639 3039 1685 955 2909 980 1395
10194 705 1660 2608 3391 3667 3731
10195 2176 7475 504 6178 7313 335 6926 7280
10196 1553 5040 5041 3847 3030 3929 4108 1654
10197 464 537 848 1367 2155
10198 1497 3584 6758 7534 6235
10199 1428 4495 7247 1589 4185 697 924 3804 6275
10200 5439 1880 6473 1362 3951
10201 610 618 3560 5083 6826 7432
10202 3916 36 2828 2962 3915
10203 66 1249 2080 4379 5193 6799 4733 1836 2794 2871 5042 5168 8023
10204 567 2292 3867 5973 2024
10205 5672 6833 7288 94 5468 248 2087 4849 7559 7560 8393
10206 3004 6431 1878 4002 2950 1353 6857
10207 537 6485 7040 1200 606
10208 2396 2771 3344 5344 3678 3804 3916 8240
10209 571 2819 3254 6459 6601 6603 6431
10210 2711 7651 4281 5171 6556 6560 6577 7540 2668 4177 5985 4242 7680 2185 3510 5037 927 2627 1346 2002 2437 2484 4460 7235 1676 2182 6583
10211 2859 945 978 1234 2057 6289
10212 822 5647 803 806 337 4187
10213 2449 3431 40 1488 3311 5603 6538
10214 900 85 1136 6975 8049 709 1339 4588
10215 2066 2511 5312 320 1086 2153 3005 6631 4234 1849 2204 4325 4395 6731 2977 4025 6084 3440 3447 3731 3807 4675 5591 7541 7639
10216 705 6975 2010 6133 7573
10217 5366 6441 8126 6408 6634
10218 220 3557 6723 7482 4951
10219 1455 4245 2894 165 279 1524 6565 2635 1720 568 569
10220 2409 2605 2066 2976 1847 5112 5210 8094
10221 892 3916 5715 6966 50 646 1224 1377 1985 2284 5020 5198 7054 2050 2566 1032 5662 350 500 995 1622 2484 2819 2868 4733 4925 5218 5344 5859 8279
10222 2232 2837 2618 2623 5048 6938 5622 5915 2155 4369
10223 1459 4442 4499 6338 6010
10224 5721 1228 2528 2561 3028 6723 1303 2902
10225 697 815 2097 2264 2289 4606 5511 5555
10226 646 890 1928 5148 7253 7292
10227 5277 5640 2328 7598 1733 5602 2324 7590 8377 7600
10228 3430 2458 1462 7960 4980 7076 3766 7921 2484
10229 4431 148 229 2932 4760 1300 221
10230 2305 7266 8308 308 4569 4625 8505 6503 8411
10231 4900 5738 7265 6186 8398
10232 690 1515 1752 1817 6068 5950 6701 6493
10233 792 1278 463 2155 4905
10234 1829 4997 2154 2555 401 2214 2947 4239
10235 189 721 795 1504 160
10236 688 532 632 6854 1647 3476
10237 2184 6510 606 3675 3880 4063 7555
10238 6310 6312 6191 4082 7339 6196 8443 8162 8440
10239 2338 7709 4822 1200 7308 2972 3030 4715
10240 5888 1733 2064 5739 2185 809
10241 1343 898 5464 7449 1194 1540
10242 833 6359 2894 5554 7573
10243 2147 3798 2395 4161 5005
10244 1353 2716 3377 5062 4231 2256
10245 886 2555 1605 140 2279 7797
10246 5828 1249 1250 1611 4733
10247 1928 8159 8077 4412 8379 1460 2580 5113 6005 3510 5760 8090 66 2117
10248 6873 852 2007 3405 4498 2775 4186 5817 8009
10249 26 2845 4330 5864 5715 3697
10250 3292 4838 7521 7522 1833
10251 6133 6975 705 5063 1378 1833 6131 2238 4666 6945 4140
10252 1853 5201 6988 4710 5840
10253 2764 1428 1544 915 349 2239 2725
10254 463 2279 2484 5083 6600
10255 3073 4969 3007 1886 4082 4401 3444 7926 1956 4395 3604 7886 8287 8426 8494
10256 4445 6314 4193 507 5210 2956 7881
10257 2226 3723 3082 3075 3080 2688 3946 74 4499 6310 6311 6193 6449 6492 5581 6309 6671 1217 4082 4401 4414 8276
10258 2086 2137 3188 6728 7114 7639 8023
10259 6810 1489 1833 2207 4623
10260 3060 1119 5048 7521 7175 6781
10261 1753 5569 5933 970 2271
10262 646 3818 6468 5273 2090 2484
10263 652 2580 1977 6885 6890
10264 222 4434 4760 128 295 340 427 3622 5379 5381 5411 7019 7917 8376 227 1300 145 2891
10265 6972 7625 3415 5399 7825 8189
10266 3212 4082 4401 7551 7543 4383 3445 8400 8307 8434 8428 8449 8452 8451 3690 8491 8450 8442 5630 8443 4074 8432 5124 6325 8088 8089 8171
10267 1682 7696 1353 1723 7968
10268 160 711 2894 6501 1295
10269 2585 3529 3531 5389 7311 6689
10270 53 3964 2430 2484 4243 2750
10271 5063 6013 456 2155 2807 2229 712 736 939 1244 4654 7772 705 2209 6316 7323
10272 1598 3136 4038 5754 2835 4341 2185 5495 1529 2155 5916 6945 6781 7468 6654 2135 6290 2608
10273 2002 7271 6371 6854 36
10274 662 8210 2136 3798 6399
10275 3267 4729 1347 4634 5045 3149
10276 50 1263 3191 8041 8285
10277 1589 2443 3846 66 2138 2197 3993 1389 4549 5929
10278 1802 5032 546 6494 1588 3596 7113 42 814 2610 464 6284 1685 2427 6943 2766 6282 6867 8224
10279 1955 3829 4924 7128 8092 2249
10280 2173 5026 5839 1685 1838
10281 5200 5549 42 6758 4219 4712 7124
10282 1944 5674 1847 2057 5634 5690 4758
10283 1976 2135 4783 5489 6161 8005 8405
10284 1203 2090 2589 3223 3305 463 939 1428 4421 4733 4828 5188 7027 7192 4554 1247 1249 1250 1506
10285 1489 5248 4819 6810 2224
10286 924 2225 3758 5492 8240
10287 1171 2688 3814 66 7518
10288 3379 3381 4783 5061 2090 2484 2976
10289 6495 7900 454 835 471 693 795 3774 5013 5414 6494 8023 5019 526 2903 3835 4496 6447 332 1817 2870 2956 6765 5338
10290 1783 2525 5952 2676 3654 200
10291 245 709 2452 1737 260
10292 468 691 1459 3916 5200
10293 3820 2628 2881 4828 3189 4116 2276 5581 1366 2368 367 4940 3472
10294 2637 1897 1565 7079 5927
10295 2257 6665 1617 103 464 3173 6506 4199 2873
10296 2056 2815 5866 273 3445 6187
10297 596 1819 1836 5026 6231 7848 7849
10298 924 5231 3676 5438 5533
10299 992 3122 5637 6851 489
10300 905 2155 3441 1133 5622
10301 3830 7258 3295 6443 430 3427 5689 6098
10302 105 2312 5355 4637 3404 1444 3290
10303 1910 1896 1967 4119 5040
10304 616 900 1194 1206 1853 2104 2279 3289 3980 4134 4167 4379 5344 6144 6197 6639
10305 26 1685 3091 5234 3957
10306 463 470 6424 6604 6644 1763
10307 64 1966 6310 6311 4185 5167 6449 3925 7243 1249 6224 7469 3444 3445 6225 630 4401 3558 980 7025 5866 7517 6721 6331 1012 8287 7691 4008 7692 8096 8344 8318 8317 5164 5069 4181 8449 5237 923 8185 8451 8362 8443 8503 8472 8444 8510
10308 5485 1774 743 4156 5021 6431 6517 7674 8143 8290
10309 1682 2184 4494 5066 6854 7510 814 1622 4004 5759 6640 7501
10310 470 1942 6407 1910 6588 6847
10311 7763 5906 775 8224 7878
10312 1011 4695 5635 1728 2926
10313 7490 4476 6860 7138 7487
10314 7918 777 1294 713 3551
10315 5100 7113 7690 7710 7840 7957 6016 2654 6094
10316 1383 323 1481 7292 7579
10317 2759 4442 360 4441 5696
10318 610 1949 4583 5567 7958
10319 2188 4251 5804 6960 3503 6108
10320 4577 7075 7289 5211 8257
10321 1591 250 2156 5026 43 928 3226 6319 7912 3247
10322 161 405 2892 113 164 248 184 3640 6019
10323 200 701 1964 2963 4980 7437 113 201 8184 7831 4457
10324 2484 5339 1011 7190 5753
10325 1586 2825 4075 4716 4717 7659
10326 6046 113 1305 155 200
10327 1691 2800 2969 3476 533
10328 6310 6311 6312 6191 7145 7243 4401 8089
10329 2184 4994 1723 4643 5063 6938
10330 1201 7508 5421 3045 952 3251 3118 2139 2673
10331 3510 2185 2289 3946 6310 6311 505 5129 4082 4401 7147 7959 6870 8442 8444
10332 2182 2535 2668 3141 4639 5581 3701 4878
10333 2444 1608 6227 4644 1025
10334 2565 3142 5622 4903 1214
10335 3160 1287 2860 2931 3401 3490
10336 4532 5621 4600 6937 2240 2286
10337 1200 850 614 2785 2799
10338 1964 1437 7772 2288 1056 7146 7241 1143 634
10339 2936 3612 5984 4482 4485 8259 8397
10340 991 99 2139 6866 6659 6300 5614 4980
10341 3056 5275 646 2152 3223 3820
10342 6336 1816 1817 2266 3437 3476 4958 6982 533 857
10343 1500 7465 101 3419 4102 1391 2612 1489 6611 1423 1964 4642 685 6040
10344 1773 4038 7477 7478 3142 497 3823 2027
10345 2496 523 900 924 955 2376 6583
10346 4369 3188 2333 1489 7938
10347 2002 3095 1249 1250 1437 2563 4535 610
10348 3624 6314 991 5315 6132 7538
10349 833 6314 1846 2903 831 1489
10350 1706 1682 5645 3107 4229 5982
10351 2919 4690 320 6346 6587 6960
10352 5633 6004 5754 6519 4603 5621 6167 7971 3421 7303 7972
10353 467 650 3223 3494 4379
10354 2229 2755 4638 5553 92 6397
10355 26 5388 2402 7712 6228
10356 1295 4245 113 194 596 2041 2892 3190 3945 5066 5393 2100 2371 663 1108 4801 6917 3468
10357 4347 5124 6080 326 3091 5100 6927
10358 2578 1201 3863 5572 7713
10359 753 504 829 5382 5265
10360 2848 3591 1635 7083 5408
10361 1512 785 6742 7637 1513
10362 1141 2484 4280 540 1163 4305 1249 4440 2561 3060 5437 85 5835
10363 5273 894 1668 1963 1983 3736
10364 5026 1836 2470 4379 5674 5735
10365 1488 2580 3078 3323 3876 2179 5142 5999 864 3790 8078
10366 1414 4051 8299 8506 8041
10367 896 1820 2458 5456 1318 1506 468 924 1505 1975 4440
10368 1442 3073 3396 4405 4407 5978 7604
10369 8468 5078 7040 5325 2101 6328 6327 705 6255 4858 2814 6252
10370 610 2505 244 1654 1908 2138 7390 1850 1993 1232
10371 2224 2755 2773 3004 3353 3013 5060 4622 4888 637 2840 575
10372 1200 1351 4369 6975 4038 4930
10373 3946 4486 6671 6528 4401 4082 7653 8434 8451 8421
10374 36 1589 2962 3587 3943 5414
10375 5621 8047 3213 3814 4199 4819
10376 574 2663 2831 7042 6187 1325 2661
10377 3405 2304 1723 4499 8394
10378 305 1151 1817 1975 5019 7443
10379 732 1724 222 1040 1454 6046
10380 4990 624 2777 3379 6692 7451
10381 3758 7813 3105 7521 6303
10382 4121 7768 3060 1589 5950 2978
10383 765 733 734 2487 6292
10384 4535 7324 5307 7085 8245 8086 3251 1200 2229 3707 4143
10385 905 6051 1644 4857 705
10386 2927 4428 1524 4091 3787
10387 5512 7155 470 1903 3091 3814 6399 2540 4357 5121 5847 6750
10388 851 2303 785 3540 3903
10389 1492 831 2914 6186 5435
10390 21 3123 1234 4507 5056 4852 2400
10391 6372 1427 3592 2745 2885 73 1428 2171 3814 4646 5681 6544 3943 1091 1094 1389 1682 1813 1940 2766 2870 2876 2908 3058 3372 3624 4464 4548 4750 5199 6764 6867 7292 8016 8041 3421 3577 5684 4103 3845 7649 8066 2368 7444 939 6060 1885 2404 2501 6296
10392 7698 924 5125 7699 8189 6479
10393 4369 4822 1472 4919 2786
10394 969 1874 7292 8068 8069
10395 1050 1682 3563 618 8342
10396 64 3121 5621 2225 1977
10397 5019 99 4357 1545 140 995 1354 1372 1374 2789 5023 1705 1860 3017 3586 3719 4441 5982 1547 1588 8330 1336 5549
10398 56 620 5026 1224 7439
10399 4369 4543 1437 461 4522 3804 6134 7948
10400 4904 2155 7551 4903 705 2238 3508
10401 1976 5583 5026 7584 3288 6110 8003 2813 3543 1346 3758 1593 4442
10402 4206 2286 3779 8271 2694 8193 2620 5346 5802 8348
10403 2733 3814 6854 2180 4490 2077 2724 3071 5813
10404 6170 3671 6611 7272 5493 2248 8258
10405 1406 3955 723 4897 4622 4821
10406 322 7068 2652 7098 7105 4862 3271 2497 7657
10407 156 4430 4760 5358 8320
10408 463 697 742 2145 2385 4646 918 1843
10409 4369 5188 2908 4460 7174
10410 1381 2513 5776 2229 7712 2544 7742
10411 3274 3440 6095 7788 2286 2521 3829 5355 6133 4513 6098
10412 4017 911 5571 6486 6266 3107 980 6264 6146
10413 1763 794 2070 3804 3957
10414 36 63 194 848 1053 4116 5377 6592
10415 1229 4600 4980 5730 7973
10416 1808 9 2506 2702 4022 4273
10417 1516 2120 6724 464 814 5414
10418 4139 727 5971 2446 5950
10419 914 6677 6362 6264 2974 7165 39 3373
10420 4731 6178 5553 907 1444 1763 5113
10421 2253 2681 3856 4054 4084 6732
10422 3005 1684 3129 3604 5893 6578
10423 4980 6446 7296 3150 3193 5665
10424 6522 5867 8467 7162 2941
10425 138 708 2894 4062 6418 7532 7644 3505 4760 5976
10426 2913 447 2499 4494 5008 4628 507
10427 1382 705 2155 1798 6559 7579 8149
10428 5997 2215 1536 788 1457 416
10429 3093 5016 7493 3384 7672
10430 1957 2123 2575 3041 4116 3195
10431 814 1540 1675 2962 3069 3128 3173 3212 5032 5041 6888 8176 5049 2942 5319
10432 117 831 5915 4106 5188 6526 6815 7694 697 6915
10433 2664 2803 6227 106 3830
10434 3472 7053 7050 4900 5083 2565 7628 1762 8240
10435 1578 3694 8092 7128 6180
10436 3261 303 1817 3434 6236 6962 6876 3240 875
10437 47 1504 3372 2222 1775
10438 5525 1966 2185 3716 4235
10439 4780 3 2239 7284 985 2063 4301 3113 7162 4355 4733 6694
10440 3596 717 2834 4276 639 7300 85 1762 1887 1589
10441 3476 1191 7224 7165 7288 8060 2475 1540
10442 21 3144 5747 3444 2778 1401
10443 1784 97 6312 2897 8477
10444 1869 3709 6180 6500 5550 2225
10445 939 3025 4733 8114 5043
10446 1926 5188 3717 1047 5439 936
10447 6310 6312 6311 6449 6920 4082 4401 7837 3642 7157 8107 8110 8133 8134 4414 7434 8274 8425 8448 7688 8162 8438 8475
10448 1636 1614 1847 3814 1755 1993 5546
10449 5358 6082 6936 4755 4951 4239
10450 3316 1199 4623 3669 5543
10451 6786 5218 6559 4632 7013
10452 1575 5062 5063 5064 5026 8465
10453 6573 6887 7313 7570 1924
10454 4826 5237 8448 2008 8171
10455 5723 1650 3444 3799 714 7504
10456 7491 4900 2185 4442 7070 2830 3222 3587 4441 1506 6977
10457 3970 2541 903 5877 7165 8467 1929 2271 2371 4583 6538
10458 459 2628 3799 6112 3751
10459 6310 6312 5574 4082 4401 7339 3642 3643 6195 6196 8393 7688 8478 8443 8442 8444 8329
10460 113 4017 3325 4845 7907 7243
10461 3517 4934 7636 308 4569 1748
10462 7005 5485 773 2184 3468 5953 6979 833 3483 4369
10463 2224 3004 6252 6829 7742
10464 6337 7912 36 1589 6425
10465 3814 3091 6591 7705 4879 7732
10466 7129 1201 5130 5131 5278 7298 7408 4011 5123
10467 4515 6186 2526 6275 8364
10468 2185 2854 3409 1568 3670 5036 7502 1547 4015 4476 3078 7879 5276 3774 3444 7162 3925 2444 2808
10469 5346 3730 4090 6261 6521 1367 7770 2847 8253 61 5325 3326
10470 259 176 4430 6448 3532
10471 66 501 8084 5099 5213 5857 8464
10472 6282 6605 812 829 924 8060
10473 2637 3736 5398 7371 8205
10474 3612 7326 253 4519 5793 7224
10475 2978 3059 5188 3068 1249 4573 6068 7001 3060 5546
10476 5363 4082 4401 3643 8292 5237
10477 244 332 618 815 2147 3246 6143 6717
10478 652 2727 3147 5739 2822 6701
10479 3676 1284 4632 3055 3268 334 4631
10480 3677 3083 4540 6428 2505
10481 453 468 646 1269 2436 2505 3259 4379 4679 6956 6995 7129 332 2380 2393 2945 3488 6070 8447 328 814 2389 6235 7056 194 532 534 970 812 5218 6284 4181 4224
10482 945 5828 7546 8033 3135 7133
10483 254 4427 4564 189 6634 890 3653 4765 5301 5656
10484 26 303 693 3476 4083
10485 7157 4401 7766 8428 8378
10486 3039 5776 7031 4190 8460 4420 7747 2722 2725 6266 6538
10487 320 703 702 2323 6186
10488 2664 1650 3857 3154 7274 1588
10489 5041 2759 3222 7106 7443 5026 1369
10490 704 2204 2519 2953 3835 4980 5730 5906
10491 1555 1617 3936 5598 5615
10492 26 3727 7000 7008 7246 7103 2916 4583 4814 6494 3171 6670 7793 1244 2321 4631 5675 7653 7757 2318 1599 2689 6600 8210
10493 1991 1869 1238 6273 7342 7992 2255 3357
10494 3003 3176 4670 7395 3105 7742
10495 4421 3719 5032 3587 5303
10496 3756 4693 6264 2309 2371 6563
10497 2484 50 194 296 650 846 1285 1519 1617 1966 2152 2368 3223 3719 3766 3842 5083
10498 5747 6311 6193 6671 7969 7837 7157
10499 6968 3783 5777 3502 4351
10500 468 1346 1617 2052 2152 3195 3921 4173 4379 6599 7113
10501 1228 1817 1957 990 4525
10502 4008 233 1444 2620 4247 6739
10503 1455 287 1509 6915 2635 4423 6082 406 4907 5605 1457 113 5358 457 167
10504 4203 708 2452 5830 3190
10505 4868 1489 4928 8165 1138 2520 2734 4081 7521 8362
10506 6310 6312 8400 8415 8276
10507 1254 7510 6544 7943 857 3336 3435 4420
10508 5313 2551 1353 3270 5226 1801 1821
10509 3277 912 7969 2347 4666 4802 7742
10510 4372 621 953 987 1092 1589 1682 1817 2279 2670 2766 4379 6154
10511 9 2901 6937 6825 5566
10512 3587 7612 6284 1861 4011
10513 2484 3987 4939 610 6542 4464 7503
10514 8070 465 672 2683 2837 677 675 205 587 3730 4857 4866 2694 4450 6630
10515 6328 1160 2862 3924 269 1478 4628 3768 5916 8269
10516 4815 2384 713 6938 1190
10517 3927 1329 5033 4412 7041 888
10518 746 337 666 4106 3026
10519 2209 2467 5152 7481 5728
10520 945 1327 7551 6754 6535 8354 8491
10521 2371 66 8279 655 2507 4336
10522 1583 2418 4331 6095 2238
10523 1535 113 136 1251 3945 7470 3449 5075 2176 7942 145 173 222 408 414 416 2115 4127 4431 4506
10524 614 705 1644 1353 4640
10525 189 708 1788 2022 3656
10526 2151 1719 4851 63 4235 4610 6600 1540 1723 2739 5218 5991 6284 5000 5852 7916 3377 1685 6663 3391
10527 870 534 1791 4246 6716 7009 8390 113 418 6033 698 7436 5358 6961 5379 8184 7711 3945 3617 4128 197 345 173 7942 4431 172 4124 235 5360 5362 255 152 5505
10528 4666 4994 200 3379 7550
10529 1976 5632 5737 939 3666 652 938
10530 924 6537 5395 902 7638 3829
10531 4901 250 3619 1304 458 275 551
10532 3276 3216 206 240 5271 5570
10533 66 194 924 5621 5622 5916 6915
10534 1991 1702 4944 3757 4401 7077 1465 6201 7263 5911 4885 5429 3031 1651 2403
10535 1530 3174 942 5140 8279 245 463 500 5776 7149
10536 4386 622 4994 5061 5916 3773 5728 2184 4084 7555 6051 4623 6164 5955
10537 1327 3725 3705 1160 5622
10538 5063 4837 5316 1353 3427 469 2238 2229 6020
10539 6492 5799 4082 7925 4401
10540 3265 1611 473 641 4619 7084 2717 7755 3850 7094 4832 1671
10541 2265 140 4543 4651 3572
10542 228 705 2933 3829 5155 6572
10543 1234 6600 470 2558 6195
10544 6192 7924 2977 8132 8133 8019 8453
10545 6492 7467 1238 4401 7147 4082 6754 7157 1148 3060 3642 3643 6195 6196 6910 4464 4414 7434 820 4889 1784 634 8065 7025 7691 7693 8096 7692 8316 7975 8317 8318 5732 2561 1837 8391 8478 6370 8448 3943 5167 7688 8442 5783 8330 8491 7730 8289 8443 8444
10546 5200 7483 8383 45 5201 5847
10547 4709 6811 2683 2264 8130 5184 1200 6579
10548 3705 4802 99 3174 5917 3584 4522
10549 1907 7312 1902 8459 6231 6440 7273
10550 1389 1976 1036 19 4209 4531 6187 21 3860 3902 8249 3165 7351 5559 8194 8098
10551 3829 5906 6696 5546 7376 7732
10552 892 2241 6197 1745 1744
10553 879 3533 143 238 1507 1325 4145 4667 5322 2928 4122 5020 2984 3654 7682 3852 4643 3166 1438 6436 2580 6293
10554 244 332 535 2200 3587 6465 6640 4379 4680 4710 600 2169 3126 3191 5035 5510
10555 1659 3825 4886 4881 18
10556 2139 4173 2185 6989 1130
10557 3005 4325 4355 4676 5706 7666
10558 776 851 2770 3903 5060 5816 7743 4452
10559 3929 6210 7125 7975 1880
10560 1663 4445 5061 2056 1584 6385 7475 7551
10561 3743 1200 2155 3381 2462 6648 2465 705 2238 4938 8193 2956 1489 6258 5064
10562 1185 6686 1182 3188 7742 2777
10563 809 898 3173 2034 2152 3195 4348 6380
10564 1479 3476 3541 4530 4689 6313 7522
10565 2238 5310 6359 6202 2124
10566 3907 5366 5367 5965 7060
10567 4011 5863 4668 4677 3592 4725 3289
10568 4980 469 1627 5928 3381
10569 5310 3569 3113 3833 1153 2879 6349 2181 3597 4972
10570 6231 5695 602 3215 3678
10571 7711 135 7587 8202 7437 229
10572 4654 4655 5016 6433 8001
10573 1833 2579 7531 7551 6975 2279
10574 6427 2241 190 6232 1216 8421
10575 3361 1775 4440 5840 1685
10576 1787 6179 1158 4224 5915
10577 2437 6615 2121 6559 1079 6494
10578 1911 1575 3674 1529 1834 1969 1644 2206 320 2956 6162
10579 470 618 1238 259 3750 5180 5393 3300 1524 5338 5505 5925 6264 7362 2225 3766 6387
10580 3388 837 1588 502 3584
10581 1428 7422 4265 66 7247 1462 4940 1323 756 3444
10582 1428 5971 6493 4441 4442 5621 5737 5265 2185
10583 2306 1462 610 5019 3284 543 3818
10584 1890 470 3605 4357 4508 626 903 1548 1985 3569 5227 467 4442 6532 5229 2518 5339 4855 3666 3476 5468 6381 31 5174 1817
10585 6310 5025 946 3060 500 2977 6266 6224 6225 7128 7969 1425 2933 938 3925 6264 4646
10586 918 924 900 3155 4276
10587 5675 5839 6250 7128 1497
10588 3939 4892 1338 1611 555 556 3197
10589 2892 3922 4655 5132 2265 6692 610
10590 5892 7465 3445 4958 3711 6035
10591 851 3867 3820 2530 908
10592 6132 469 6656 6720 4872 4858 4859 7005 6303 886 2755 3391 4802 6871
10593 1224 1428 2962 4280 4460 6473 6592 6690 6956 7070 140 3340 4733 6468 2329 4418 5739 6168
10594 130 2185 3417 3555 4245 6915
10595 5956 5998 6098 6299 3468 228 3469 7493 841 5274 5346
10596 2933 6056 2703 3005 3011
10597 938 3943 4836 6919 3537 3293 6195
10598 2868 5161 2850 3078 3961
10599 5971 1836 2270 3587 4958
10600 647 7087 7642 3752 5268 1861
10601 320 347 574 2229 2755 5485 3560 5346 3150
10602 987 2181 1659 5911 782 3299 6569 8294
10603 1153 5694 5188 2254 4329
10604 6311 6671 1205 4024 5218 4401 8096 8316 8442 8444
10605 3696 457 3557 7162 416 5165 3618
10606 469 3779 1353 1723 3829 673 705 776 2694 5400 6461
10607 455 118 4073 50 652 4679 378 4183 5582
10608 1817 3663 4083 4601 5026
10609 1323 6613 4161 6467 477 1848
10610 3583 7144 7148 2713 6881
10611 1462 1887 2834 4242 5471 7461
10612 3103 5110 73 2185 1928 7162 7549
10613 809 4179 7490 8270 1389
10614 928 929 2408 3092 3639
10615 1247 2396 3676 3777 4662 7794
10616 492 3908 2051 564 2180
10617 6611 4206 3381 1712 3560
10618 928 1817 2666 3372 3929 2090 633 3805
10619 1157 3412 4090 5073 6256 6865
10620 2185 873 4492 5161 2434 3470
10621 1378 1568 1723 2518 2644 2785 5916 5063 4140 5730 8324 4596 3813 4851 4983
10622 7781 7778 7779 2529 1986
10623 919 3452 4035 4347 1353 1719 1723 2155 2200 5693 7571 4622 4980 3097
10624 2119 2185 4476 6007 6464 7390 7162
10625 1249 2725 5668 6544 8337
10626 1847 3723 5747 6310 6311 6312 6920 6671 6528 4082 7714 7715
10627 1427 2299 4280 5865 7549 885 997 1130 1428
10628 5063 622 6945 416 3829 6572 1509 8253 3988
10629 961 4519 6258 5368 26 1489
10630 7420 7421 7713 8036 7550
10631 4302 6929 3375 3379 6431 1260 1329 7475 2525 2579 6477 575 3227
10632 5061 3671 4980 6660 2153
10633 2155 3065 3829 4711 5773
10634 2202 811 5492 2444 3488
10635 6034 601 626 3482 4218
10636 4140 5955 33 1164 3353
10637 3829 2565 6572 4903 5167
10638 4117 5747 1723 3591 2371 4577 6284
10639 3510 928 5155 6388 4683 5026
10640 965 2876 2903 6275 6327 7432
10641 2148 4660 7855 8469 8240
10642 4957 6528 4082 8112 4401 4074 8492
10643 470 2279 4173 1529 596
10644 1685 2848 1427 1648 7204 7282 8310
10645 6810 1771 3720 3730 6437
10646 2169 2484 464 6476 7209
10647 833 464 938 3129 4866 6113 3445 631 1489 451 7313 5346 2977 3936 7780
10648 3377 4857 3073 3084 3085
10649 3073 2466 1802 4535 4269
10650 4119 6038 6838 7730 8351 1578 2408
10651 1993 2241 2382 1400 907 1265
10652 114 459 1243 3916 6926 350 955 1993
10653 5546 6979 7376 7555 7784 6186
10654 833 3830 4654 5232 8290 8389 3838 6775
10655 3849 1677 1200 1361 4102
10656 8239 4903 4169 8377 7939 2364 7185
10657 6480 315 1539 3405 5819 8335 36
10658 308 1873 2624 6314 7609
10659 2311 3289 5035 5344 7246
10660 3801 1428 3210 3814 7111
10661 4179 4632 1547 1912 5859 7642 3158
10662 5157 2817 4231 2108 4904 8468
10663 6659 45 1689 1976 2678 6604 7237
10664 241 673 676 1912 3381
10665 8249 4404 5580 6210 1428 7695
10666 238 2552 418 761 3945 4126 4128 4239 4779 398 2214 2907 457 473
10667 6732 4300 7350 6733 4398 6703
10668 3639 7388 96 2938 7387 7461
10669 1066 2831 3973 5982 6421 7276 7669
10670 2185 898 1900 1753 3189
10671 4399 3689 4515 2229 4025 4797 406 6108 3051 3810 7242 938
10672 1056 4025 6643 4936 4644 3031 5230 6316
10673 5485 2155 3967 939 3829
10674 1393 5622 1391 2697 1392
10675 7295 64 4657 5588 7184 7211 5063 6234
10676 1354 4319 5828 6753 4325 4318
10677 5879 788 4953 5403 104 130 222 225 1524 3556
10678 66 1424 1436 3587 4577 140
10679 2494 74 5747 6492 7453 4082 7147 4486 7022 6224 7969 3444 6225 4401 7021 7692 7691 7693 8096 8316 8317 8318 8442 8444 8484
10680 5069 3233 4351 4615 1908 5043 1427 3335 5569 3211 3305 5594 5597 7162 6304 3108 3232 3336
10681 5062 417 2154 5392 5659 182
10682 4163 3060 26 27 3327 4164 5218
10683 3185 2902 777 5924 6749
10684 1222 6368 4522 6756 5377
10685 1763 6566 7170 4401 8318 8474
10686 183 196 3653 300 7552
10687 954 997 84 2219 2169 5019
10688 5611 7642 4372 896 303 1143 500 6966 4053 616
10689 3223 7107 1957 5171 5368 8148
10690 66 2748 4492 6989 1887 2750 4177
10691 238 74 910 1107 1445
10692 144 338 2894 1455 1281 130 222 355 1241 1535 1724 2635 5379 6082
10693 6456 3830 3867 5312 6562 6611 2238 4140
10694 3293 3233 1705 54 5600
10695 3374 6494 5053 5019 5030 5484 6458 5388 7534 7503
10696 195 812 3991 595 601 1139 1634 2271
10697 1539 3198 4929 5519 5972
10698 1312 2561 2853 4097 4103 4876 5414 5872 6079 6545 7495
10699 140 502 812 2938 4668 5019 5026
10700 3367 3369 3494 3814 5661
10701 3301 4895 270 246 4448
10702 6085 5125 5592 1782 5313 1847 2526
10703 953 457 6489 6490 8390
10704 2136 2185 4793 5069 6264
10705 5883 6839 653 2348 502 1428 2225 5019 5026 6197 924 4379 470 5583
10706 1784 398 401 2930 143 4937 3151 3401 696 7368 4903 7750 490
10707 931 2912 1815 6330 7125
10708 3916 5030 489 2185 2750 424 5798 5308 6231
10709 2395 1648 3677 6028 470 902 1645 4116 6534 5971
10710 4604 1497 533 1262 2420 5395 36 4379 5017 3504 857 4105
10711 610 814 597 1601 2171 4379 5029 2015 3364
10712 3957 6282 6730 6815 601 2962
10713 972 1541 1743 5747 6310
10714 3707 3740 8034 3730 6431 5485 5953 3379 3764
10715 6492 4401 7401 3642 7356
10716 2976 7641 8246 3266 4331 1387 3483
10717 4732 5291 3707 6446 4649 2782 4721 6840
10718 6598 1617 1846 3191 5314 1506
10719 2794 175 4533 4482 5622 5261 1095 2813 1091
10720 295 7389 6203 7157 7203
10721 6600 6607 5691 6978 7800
10722 2561 3766 4262 1487 3637
10723 1455 227 288 865 1241 2892
10724 6149 2286 1810 6145 3774 3788 3876 2200 3838 7935 8024
10725 470 2002 2627 6473 1428 6307 7549 610 3243
10726 2956 639 1847 8467 7147 2156 7959
10727 924 2868 3327 3352 3360 3466 3477 6663
10728 1238 519 896 911 7115
10729 526 4496 827 94 5741 469
10730 1140 4183 8206 1604 2845 3191 3539 4476 7807
10731 2304 7084 3198 325 641 5819
10732 1075 5558 1400 3325 3091 5899 8308
10733 183 196 4868 5358 6751 7131 7918 7920
10734 2755 4200 7709 5171 5569
10735 6975 3176 3707 4206 2785
10736 811 819 895 924 1599 2271 2874 3476 4476 4478 4680 5218 5672 5887 6494 7490 7898 7912 7913 5211 5215 6486 7757
10737 944 1376 5026 924 391
10738 5061 4234 5292 3270 2153
10739 464 6494 463 8023 6949
10740 2179 1836 2386 2214 2071 5090 5263
10741 1910 5029 5612 526 1593 3966 7082 8005
10742 459 1428 4549 7579 6956 7008 7292 7634 7723
10743 2622 4046 1066 3751 225 39
10744 36 6882 4880 6689 5255
10745 726 5839 8060 36 7724
10746 6396 3587 3943 3924 1194 7560
10747 3814 3091 3597 1219 352 3055 1090 5654 6376 6231 6506
10748 2828 7677 906 4995 4996 5049 2185 3587 7464 7885 7560
10749 36 939 3091 4644 5757 6333 6601
10750 539 6274 1513 4490 1636
10751 980 3611 5832 7245 1709 6581 8064
10752 3008 3755 5708 2136 3511
10753 1847 2803 4369 6825 6975
10754 2644 3180 924 6493 7326 7321
10755 2094 5747 6310 6311 6449 6528 7339 8110 4401 7356 7025 6721 7693 8316 8318 7691 7692 8096 8317 971 8451 8510
10756 99 3334 6689 1031 5866
10757 222 3203 5165 6451 7608
10758 2124 66 4796 3362 5981 7302
10759 3096 3097 2646 4183 7100 7503
10760 3985 1357 3 1167 1168 1966 6721
10761 5776 5874 5184 4276 3008 901 924 1428 1584 3943 4144 6737 1588 6532
10762 6095 1161 3150 4024 1821 4996 5691 1086 2976 1917 3886 4119 6134
10763 500 1489 5690 6938 7005 7313
10764 1489 7160 6108 5536 845 3503 6255 7405 1870 4266 4698 6084
10765 500 2962 602 2271 5218 1816 6592 6545 7230
10766 1723 3377 4394 4784 5000 1783
10767 189 5601 6107 7592 6213
10768 5622 466 468 794 2484 5621 1428 5240 6643 7645 7649 139 3476 7995
10769 4522 990 1516 7912 7915
10770 1201 3752 5969 3774 4175 6577 5609
10771 2829 3060 5296 6854 5295 995 2185 4286
10772 2223 2484 5130 5026 3757 500 4961 8122 4480
10773 18 898 3702 5621 5622 6799
10774 135 5721 7362 5672 4793
10775 4162 5505 7644 372 777 7062 7585
10776 1231 2033 3833 6602 3436 3860 5964 6194 7122 8140 809 2065
10777 3918 3917 3916 3926 3928
10778 468 733 1381 896 26
10779 4778 4951 4953 5358 5405 6082
10780 940 1363 3279 4336 6972
10781 4707 464 4441 2962 3766 4655 6886 7499 8008 8383
10782 622 1367 1489 1833 4035
10783 829 3670 4163 4247 5407
10784 220 3640 3888 4622 610
10785 7198 2484 2002 4800 7098 1270
10786 1489 4072 3138 4825 753 383 2999 7024 81 2774 3004 3690
10787 2384 1428 2183 4280 7549
10788 5963 1160 1204 4866 7390
10789 2236 4711 4911 5048 1489 1631 4079 4369 4450 6549 4140
10790 325 8456 1637 2264 3146
10791 4206 1723 2565 4655 451 1719 832 841 1239 2973 4825 5372 6624 7089 1164 1077 7118 2155 2803 1911 5230
10792 2933 3468 3829 7674 7996 6133
10793 945 1160 1161 2155 6629
10794 1931 3263 1145 2365 4613
10795 4004 598 36 6432 7954
10796 4216 527 6152 4032 2206 2767 3312 3356 2461 7531
10797 1260 3829 7933 8404 8262
10798 3390 6731 6975 2207 4223 6777
10799 96 891 6384 3916 3929
10800 563 567 5363 6103 7637
10801 2189 8289 3560 4640 6202 6611
10802 4024 940 1588 1645 1648 2171 2279 5742 7353 7970
10803 3191 4249 7489 463 1194 3818 4116 5414 6670 8007 8121
10804 5309 6926 8041 8073 8334
10805 1817 4440 4612 5148 6473
10806 1589 1428 2766 4280 4468 4646 5518 1584 3188 6599
10807 697 3090 6944 7249 7346 6592
10808 13 6247 1353 2121 3706 4119 4654 4980
10809 1861 4755 5776 5055 7922 5368 7162
10810 118 964 2207 4999 5728
10811 3073 537 3578 6154 6474
10812 6410 6414 6417 6412 6413 6415
10813 2148 2708 3004 3582 7159 2254 2275 3414 3455 7000 7302 2510 3311 1427 3323 3406 5330 5473 6100 3963
10814 5862 416 1301 2939 3201 500 832 3472
10815 2444 3766 5026 7188 7189 7191 7567
10816 104 1241 4346 189 222 3618 6046
10817 777 788 286 5811 189 340 4609 4727 243 280 2593 2184 2803 7521 2121
10818 2823 3924 1208 1755 5159 7521 2596 8325 3004
10819 1685 4154 5789 7993 646
10820 2508 66 984 3752 1381 7179 3537 1709 5515 3921
10821 1162 2137 245 706 3087 5929 1506 3531 7753
10822 1797 4067 5180 1737 6057
10823 4120 1497 3766 5546 5939
10824 7226 3649 6091 6586 6273
10825 4935 4519 3241 3242 5091 3054 924 4008 5850 1361 6140 6509
10826 3830 2668 7922 936 6028
10827 4764 1035 1752 812 601 728 1042 1791
10828 315 5815 5816 5972 6742
10829 1847 2120 2688 1056 3105 2155 6975 537 2933 4802 6497 6871 6938 7236 2782
10830 467 971 1976 1428 2934 4179 7500
10831 85 1846 6926 2142 3436 8034
10832 2828 6344 6215 667 6854
10833 705 1135 1310 3526 3829 6456 7824
10834 3128 5104 5843 7559 2512 6205 1389 6284 7353 5468
10835 2533 4549 1195 788 5649
10836 3921 140 7326 463 687 3596
10837 7107 1656 6345 885 3448 3071 6563
10838 5226 8210 468 1346 3909
10839 2601 2803 3733 3363 8465
10840 1231 1034 1370 4599 5995 99 1910 6634
10841 136 171 1949 2930 4239 4609
10842 575 4921 3282 3376 3381
10843 889 1056 4980 4757 1865 4369 3073
10844 2699 4770 4933 350 7978 3602 1041 3289 5901 890 5113 5881 6608 812 5887
10845 99 350 610 1770 1791 3539 7683
10846 610 4762 4519 5045 5117 4122 470 4915 5747 6138 500 1836 7049 7468 25 8221 8275 8443 8442 8472 8378
10847 3863 660 1441 314 2444 2746 4980 6990 4537 2608
10848 1764 2962 7750 7865 1817
10849 7906 2680 3641 5218 7698
10850 2034 2097 2270 6680 5840
10851 2078 2658 1249 1762 7006
10852 896 3290 6937 7077 5019
10853 537 2256 3047 3427 945 6979
10854 66 3130 5621 3936 5675
10855 616 6509 6818 4404 1641 8299 1419 2794 4099 4224 4746 6069 6579
10856 702 1887 5319 7475 7551 1979
10857 994 1363 5582 5755 6788
10858 3510 4194 5010 2148 3149 3267
10859 3791 7385 3656 6751 148 5282 3640 8376 4955 4810
10860 1356 1414 3078 4525 5673 4574
10861 3754 5268 4373 3356 4265
10862 130 1295 6998 340 4567
10863 189 4602 4657 1455 56 6277
10864 7369 1721 806 1108 1851 5631
10865 1378 2155 4140 705 1723 1267 5061
10866 3587 74 3514 3756 8044 6854 8303 939
10867 1533 5230 6885 6730 929 434
10868 705 3468 3765 3829 2287 8361 6627
10869 4534 1847 6085 1164 7308
10870 3666 1497 3936 6284 4522 6758
10871 5459 705 1858 6431 3827 5458 1941 2542
10872 71 2332 4650 1356 7551 2334 7999
10873 2080 6422 7104 7602 368 1165 2832 3111 5433 3446 3676
10874 812 2580 4655 646 1961 2219 16 3822 5904 5344 6715 940
10875 5570 4593 1774 5134 5045 6511
10876 2706 6532 4977 1980 7357
10877 1069 2873 1068 6328 1833 2803 7353
10878 1431 7599 3366 4770 4719 4718 3322 2331
10879 1588 316 3727 6544 7515 2969 8300
10880 4206 1367 2919 4673 3188 7472
10881 3373 8385 8278 8421 8378
10882 2208 5589 7165 5721 6976
10883 2705 5320 978 1446 1489 3404 6195
10884 323 3723 1746 3082 6310 7136
10885 7551 4401 3582 8096 7286 8430 8427 8453 8378 8485
10886 4940 6604 2279 468 4618
10887 135 183 4091 6213 6745 196 833 7551
10888 6815 3869 1554 262 8098 7066 387
10889 8314 1314 2152 3223 4595 7188 7698 7726 8061 8123
10890 238 1187 1861 2002 4122 4343 5029 6029 7081 7830
10891 5883 6282 7560 8086 667
10892 1524 5066 113 2115 2452
10893 1630 1009 4215 2613 5448
10894 1256 1389 610 2557 6275
10895 1589 5920 65 2006 2780
10896 1547 1688 2969 1376 3677
10897 1427 1428 3041 3587 1588 890 3181 1070
10898 3829 5056 5065 5953 6810
10899 675 677 1190 3137 3468 841 843 7475
10900 1056 1787 8 2133 9 2302 4349 4904 1200 5098 1768 5188 2736
10901 4980 1200 1784 2751 7454 8143 1478 3138 4711 5586 6071 1783 7967 4877 3650 3178
10902 1490 4980 673 5629 5622 2873
10903 1957 2144 2218 6340 8149
10904 352 1910 1675 1604 4765 1312
10905 328 5043 4839 66 1060 2476 2477 1900 2794 3002 3510 1184 3883
10906 2956 4670 2581 5564 833 1200
10907 4271 3662 1407 726 3106 459 1271 1835
10908 2668 3039 782 3925 3510 5110 5442
10909 705 4829 2431 2803 2066 3374 3560 4670 2384 107 2694 7779 6252 2777 82 1833 8420
10910 1200 1234 7792 200 6415 7731
10911 1734 6095 2207 3707 7770 8193 3377 1260 3273 7395 685 2634 3381 6314 16 7121 2624 7890 1554 2687 7742
10912 2437 3626 2639 4966 4040
10913 3761 979 1644 8050 1015 2933 5491 6059 6560
10914 6310 6193 6671 4957 4401 4082 7892 3444 3445 7128 5210 6224 6225 8220 1001 6721 5235 1147 8400 8275 8421 8443 8442 4074 8444
10915 6975 7040 5078 1924 4231 5064 6923 2780
10916 2266 3288 1428 2270 7647
10917 1356 3466 1779 2165 7522 1285
10918 4035 469 1048 2973 7221
10919 56 1631 5754 6975 4243 394 3377
10920 2829 32 328 2388 3039 5308 7935 2906
10921 7830 2372 7010 7024 1833 3182 3343 5058 1950 2207 6131 2519 2664 3864 5048 7334 7573 8491 4657
10922 171 398 474 475 5094
10923 6943 7113 18 1119 3060
10924 190 851 3900 6244 6744
10925 596 1196 2264 4179 4222 6154 7500 3725 4637 6461 6215 7499 4887 6282 2960
10926 1353 1723 2708 2964 3765 596 7292 7579 4644
10927 833 1353 2526 4994 5667 1924 5767 6250 7609
10928 3060 2969 1595 1991 4713
10929 890 1740 4179 4696 5525
10930 2853 3226 2422 2419 2185
10931 1710 3751 3094 5332 5636 6154 5200
10932 938 2152 3331 4056 4339 7809 7995 8361
10933 328 3639 924 1428 2668 1802 1503 2289 1506 3841 6313 6545 464 939 8259
10934 1639 3952 6000 6982 2689 7189 6592 1752 2851
10935 6493 5621 1817 7654 1602
10936 618 2072 2615 5416 8101 2561 4802
10937 305 1497 2264 2427 3321 5019 5825 6038 7613
10938 1206 3745 4478 5841 6758
10939 924 1617 3374 3483 6813
10940 278 225 340 4433 5067 3153
10941 461 1267 4191 830 2128 2244 4859 833 2824 1924
10942 971 1346 6937 2962 4181 5377 1256
10943 618 3087 7280 8481 504 7535
10944 338 1715 2041 3240 884 1253 1763
10945 6840 1504 141 4208 4070 33
10946 1593 2181 5284 6145 6559 8364
10947 1634 955 3307 5713 2189 6730
10948 911 2484 3676 5552 5621
10949 5103 113 295 4430 2484 7245 174 176 180 464 3556
10950 3191 3751 6600 7165 7174
10951 45 464 5019 693 5201 7056
10952 5614 5847 924 1993 3246 7333 8351 8240
10953 308 831 1367 1644 1823 2821 5474 7465
10954 6312 4082 5732 4401 8443 8442 8089 8444
10955 4237 312 2928 258 924 2763 2779
10956 1529 1593 3928 4049 6302
10957 1156 4371 2419 2580 4495
10958 121 708 6046 242 254 4091
10959 2232 2578 2933 6198 1506 4813 2730 1505
10960 1455 6420 867 220 332 917 1304 2892 5391 6197
10961 1976 6372 470 1682 5911 5982 6967 7787
10962 990 1859 5242 7654 6818 7141 5579
10963 4684 2066 6841 58 7005 1485
10964 3842 6601 5479 7860 5141 3530 4440 571 3635 3928 5806 598 650 5741 6381 6889
10965 4154 7860 5965 928 4940 7664
10966 10 1238 1825 4175 5776
10967 1104 1194 1346 1540 1676 4277 5464 7333 7807 5125
10968 291 2755 2929 5734 473 476
10969 3630 4230 2837 3680 4079 1566 1353 3724 3625 1200 4629 6806 383 5063 8100 1489 7369 3468
10970 5818 2039 6744 1353 2777 3377 3868 8094
10971 8437 8224 8446 8504 8405
10972 8038 26 697 1178 1861 2170 4804 5447 6464 7443
10973 3562 3867 1957 2073 3563 6282 1274 3957 5621 4998
10974 3681 1376 2969 3072 3539
10975 831 1489 2045 2155 7228 6938
10976 5485 1608 4508 5544 6231 8149
10977 2605 3188 3375 3930 4114 5019 5346 1443 2188 2439 2608 5554 3181 622 4093 8176 2803 1353 7326 434 1723 3560 1442 5800 5582 5187 320 2038 2933 2976 2691 350 3241 5055 2951 4363 4607 1815 1428 1242 106 4682 2736 2279 889 4904 3542 1384 5724 4276
10978 1647 3710 1032 5479 7195 8164 2837
10979 5883 7626 1428 5030 2424 3609
10980 3587 1547 4163 4781 5053
10981 1160 6656 3661 7106 1492 2469 2973 5112 8086
10982 725 230 119 3931 5906
10983 8060 1453 5716 3215 8061 923 6494
10984 514 1202 4915 6016 7036 1617 6520
10985 3773 4084 6996 2229 4291 7545 3003 4353
10986 886 4594 2279 4492 306 3567 3626 6943 4134
10987 4260 4761 3236 3289 3677
10988 577 676 2755 6864 7712
10989 1784 1783 1832 3888 4935
10990 468 4401 1147 890 3008 2271 3511 3005 4474
10991 7017 2264 3744 5145 5847 755
10992 1734 5667 6854 8034 3707 537 8237 6202 7836 8272
10993 924 944 1205 5445 1249
10994 1861 833 2662 3094 3830 3857
10995 6028 6869 6750 6943 742 2369 3465 7292 5757
10996 1751 1011 1766 2253 3755 7542 7859 1712 2702
10997 1060 1228 2289 2769 3420 6672 6854
10998 924 1274 6813 7487 874
10999 1821 3757 5019 955 2257
11000 2976 3444 1833 2207 2892 3787
11001 3814 2620 4347 5589 6202
11002 2853 1817 2289 1092 2557
11003 8080 2063 594 2976 4675 6975 3447 4196
11004 1512 7195 610 5841 533 5425 2539 305
11005 839 1254 2903 3369 6271 3916 504 2904 8247
11006 875 2185 4146 7162 1277
11007 1817 26 2979 3073 2063
11008 3382 21 924 1200 5485 7319 7332 3071
11009 4641 4666 136 4951 4755 255 155 3640 5358 4850 339
11010 4141 3731 7742 702 2098 2780 1961 2185 2973 3608 7277 3349 3381 7052 7931 893 924 2224 7167
11011 8435 6501 2965 469 705
11012 5621 464 1151 1956 2484 3587 4441 4733 5230 3643 470
11013 83 468 5019 4712 5218
11014 1428 2185 2725 2750 3960
11015 1821 2977 7703 1267 3296 3979 5055
11016 4450 6405 3581 618 5061
11017 18 2368 7456 895 2152 3189 4049 3417 970
11018 355 4245 135 419 3553 3555 6033 6994
11019 5840 6592 7054 8003 1288 3192
11020 903 3337 971 997 4646
11021 7519 4365 77 3298 1394 1697
11022 4051 6794 877 2895 4366 5797 7357
11023 4215 2156 7642 746 3446 5421 5511 639
11024 2730 2865 3605 4762 7995 8161
11025 3779 763 2077 3595 4223 2220
11026 3150 4980 4347 5210 3730 3829 5622 8288
11027 6333 1752 1446 3766 464 4024 5019 6339
11028 113 709 1455 2355 5066 5075 5764 6766 7108
11029 924 925 3379 4474 6431 5058
11030 4652 4004 5840 6197 896 1589 3957 7144 4440
11031 2489 2484 3442 6940 7032 2134
11032 302 598 955 2289 3436 6600 7503
11033 4401 8433 8452 8451 8442 8443 7068 8475
11034 3804 7283 4163 1552 4260 7928
11035 1763 3476 4714 4867 5559
11036 3710 45 6645 2185 5420
11037 113 1298 1524 5075 3153 8184
11038 2066 1734 3707 8094 2903
11039 6311 3608 2706 3798 7243 4401 6290 7923 3445 7590 3643 7356 7025 7766 6721 2609 8439 8451 2286 66
11040 1908 5911 1249 4510 2545
11041 673 3184 3560 6186 1712 5771
11042 2871 3420 4862 5929 4150
11043 50 434 1752 6284 2962
11044 244 632 4357 4440 7292 7336
11045 113 222 1295 2185 3234 4973 3925 6264 470 4549 618 7192 691 812
11046 138 189 2860 6702 7774 871 872 4955 6964 8184
11047 616 1428 5218 1194 7052 8251
11048 2200 5312 6765 7881 8269
11049 632 1389 7003 3269 350
11050 7325 130 164 417 3201
11051 622 2937 1715 413 5391 4917 5875 1490 1160
11052 4442 4235 195 5327 2225 5026 829 4904 7135 1588 1049 4980 8194
11053 3372 940 1462 4369 7002 537
11054 2232 6310 7692 8444 8442
11055 7852 8045 1006 3587 7086
11056 928 2484 5971 1701 534 6885
11057 465 5689 6570 2155 4450 5809 672 674
11058 4095 1955 2728 8070 5185
11059 366 3037 4163 2675 5056
11060 6310 6312 6492 4206 4082 4401 3444 3440 3445 5210
11061 1617 1680 3925 924 3191
11062 73 1428 5662 924 4116 4049
11063 4300 82 743 3211 5034 4305 6197 6258 4303 7350 4874
11064 2222 111 4401 7157 6907
11065 895 4898 1387 4035 5848
11066 1374 1372 3463 1373 1155 3928 6689 5423
11067 8461 3757 4733 1412 7268 3759 5948
11068 2596 6897 7194 5836 618 7906 3073
11069 6728 7888 5706 6181 3798
11070 2559 2171 5637 4546 8103
11071 646 1249 3105 7529 7710
11072 244 1059 3744 6635 6637
11073 5622 2465 6357 6314 7609 2572 4623 5730
11074 2309 3587 2422 7280 5243 2419 3579 3836
11075 911 2643 3934 923 1366 2880 3605
11076 464 2271 2678 7612 4618 7898 5019
11077 2359 74 7684 2184 3271 4278
11078 1234 2155 1367 537 3468 7585 8202
11079 939 2644 66 742 7510
11080 6310 1716 4401 6195 6330 5235 7692 8318 8430 8428 8434 8449 8450 8452
11081 2035 244 7523 7280 4923
11082 7769 5049 2444 5026 1250
11083 2256 2797 1917 2801 945 3379 4073 4216 5913 2973 4684
11084 3710 469 2421 794 3072 5414
11085 3188 2847 4888 7049 8083 8411
11086 3098 1306 3100 3379 7169
11087 1938 3715 6835 7294 7419 610 4509 4359
11088 2484 6321 1596 2813 4481 4615 5004 5594 5597 5598
11089 531 1437 3845 5058 7113 7205 1594 8490
11090 3377 3687 3731 4859 1351 1361 1823 3041 3381 5078 7308 935
11091 7157 8093 8185 8453 4074 8448 8171
11092 896 5753 2121 533 691 1238 2229
11093 1751 3191 5841 6049 6606 560
11094 194 924 2002 350 3758 5717 6258
11095 7371 3493 6388 6390 7370 1993 4505 4592
11096 3178 5055 5569 7162 7121 3001
11097 5244 36 646 650 1849 1877 4881 7948
11098 1249 2385 2868 6452 7425
11099 6095 6595 6611 6975 5155 1631
11100 3451 3765 705 2124 1644
11101 1768 1993 3521 3787 5956
11102 271 2384 4822 5473 7357
11103 305 3195 3352 3942 4049 4249 5026
11104 1619 3760 940 1846 2639 2755 4802 4668
11105 561 233 2484 5930 616 8186
11106 559 1726 2555 3220 1323 4452 1493
11107 1669 1517 564 6242 1518 2693 547 6744
11108 2355 3153 417 1536 5103 122 416 4564
11109 3065 2962 4179 6560 7113 50
11110 4341 941 4594 5130 7785 5064 6977 7089 618 7115
11111 924 928 1368 7292 2052
11112 5484 1201 538 5971 745 1066 3752
11113 674 3288 7201 1462 2750 2122 4670 3560
11114 7695 7858 7859 7162 526
11115 3974 1763 3676 5389 6833 3777 6956 6972 646 6634 8023 8135
11116 470 2552 5738 6197 1428 3758 7055
11117 5187 5188 7487 7489 7652
11118 2425 2505 5581 5588 74
11119 5134 2272 3087 4468 5955 7873
11120 1976 1617 4841 6867 99 5717 2512 5904
11121 194 781 596 5581 42 907 3798 8004 1203 5148 2124 5428
11122 3947 6310 6492 6671 4957
11123 99 2089 1435 4051 5276 7088 1056 5124
11124 2715 4893 1812 66 470 6197
11125 161 3185 6082 135 113 701 5432 130 422 4448 246 340 6448 167 201 4520 242 243 183 196 644 6128 268 273 2927
11126 1385 4265 8222 4703 5449
11127 29 1389 7054 1431 1668 4599 6464
11128 4344 5434 7855 6966 1224
11129 3671 5572 140 3091 1573 2713 1969 4657 2225 73 4279 336 144 153 1886 5621 222 334 6082 113 3873 345 3653 7364 5379 6129 663 6451
11130 537 4049 6131 5057 7495
11131 22 5747 6311 6310 5546 6492 4082 4401 2484 6224 7288 3539 4305 8049 7766 7025 6721 7692 7693 8316 8287 8360 7691 8318 8096 5268 4826 1270 8442 6750 8489 8444 8470
11132 4098 5276 5747 5061 6193 4401 7147 4082
11133 5403 6046 6917 556 750 6129
11134 3266 6841 2972 5193 679 2484 6095 6098
11135 6186 6865 795 1207 1437 1489 2238 2766 5581 5728 6476 2683 454
11136 1598 3452 4307 4389 3381
11137 462 5187 6095 1578 4694
11138 2185 4401 6852 3001 3004 5319 2828
11139 160 1271 6818 1885 2053 8023
11140 1401 2706 6363 1139 7611
11141 46 2716 4025 4369 3924 7301 711 4471 4503 709 1089 5446 2853 5963 1433 6095 1423
11142 4020 5786 7926 2950 2977 8113 8244 8427 8432
11143 4179 3339 3766 3444 21 635 1935 5929 6187
11144 3873 7112 153 1281 5430 6120
11145 1557 1220 1660 1837 4140
11146 4183 5877 7165 2726 5622
11147 1327 2027 789 790 787 991 3908 6508 945 1827 4337 447 5622
11148 2770 166 4477 6613 5467 851 854 1539 233 4658
11149 3829 3830 4140 4369 374 3957
11150 130 2543 5879 5988 3909 4768 1715 4430 5961 5962
11151 1836 2646 4900 5215 4053 434 5840
11152 610 2279 6465 5414 6849 2229 3758 8023 352 5621 5735 939 7326 2288 2589 3993 6493 8238 5843
11153 3503 678 2139 691 434 463
11154 3132 4294 194 362 1703 2018 6403
11155 5743 4802 834 5063 2519
11156 5971 3692 4655 1957 628 2561 4476 4703 2849 6282 5180
11157 563 2555 3220 3903 5816 6744 8361
11158 6310 4082 3582 6195 3642 8444 8378
11159 1506 4287 5174 7888 7081 2230 5473 2222 3814 4719 5414 7376 2326 4425
11160 1200 5333 6706 7836 7933 8258 118 5871 6968
11161 464 5019 6284 6494 6495
11162 4361 8464 7861 5600 3406
11163 1832 2195 2197 1784 4002 5128 4622
11164 1685 2032 2773 919 4980 3176 8370
11165 1710 103 1243 3112 2726
11166 560 641 1883 4892 6281 6864 903 718 4239 4802 7550 7713 221 1230 3551 2439 4997 2304
11167 831 2710 4179 3751 5955
11168 3095 923 1969 3677 3033 4280
11169 2705 4399 4227 2369 1249 8059
11170 3091 3814 4219 712 3385 5381 4838
11171 3082 5518 7311 309 4007 4177 8183 5682 5423 7192 3529 7289
11172 879 236 278 1524 2291
11173 5083 468 687 7654 7226 3215
11174 2384 2797 1489 2581 2155 2465 3258 469 3924 5776 5061
11175 1973 3735 7803 7600 95 3836 2507 2309 5865 633 1682 3178 3233 6186
11176 55 1489 5346 6133 6269
11177 4308 7172 3005 3730 3764 7639
11178 7863 1211 6028 607 322 2484
11179 829 1466 5019 1802 2403 2408 5622 5950 7475 6132 3099 1489
11180 1205 91 3829 5554 4857 7096
11181 829 2225 1927 4797 5414 6130 2515 329 2557
11182 180 739 1524 130 2125 8153 1578 1831 2605 5581 1123
11183 6600 6604 6663 36 924 4116 4167
11184 4366 3206 3515 4365 7262 526 3923 444 6269
11185 7208 767 1723 3381 7273
11186 5971 3417 7162 2262 2185 6912 7230 1765
11187 1200 3698 4980 5730 64 5836 3794 3795 1554 8457
11188 26 1010 2345 3476 5527
11189 3560 1200 1633 2155 3009
11190 3324 6006 537 754 454 2903 975
11191 1723 5205 204 3392 5324 8308
11192 2667 680 1682 5747 4185 1969 2289 464 6492 4957 6919 36 93 2964 4710 12 2496 810 7147 500 3510 7951 7434 4186 792 1621 2580 7356 7691 7692 7693 8096 8316 8318 8275 8277 8415 8009 8442 8443 8444
11193 3639 140 924 2388 3167 4660 5582
11194 6310 4287 7448 4401 7449 3643 6195 6330 8107 5235 8275 8278 8428 4074 4826 8471 8438
11195 2238 3468 4231 5553 6938
11196 829 2172 5301 7188 2668
11197 5322 2580 3510 1604 6506
11198 1575 3849 1946 5270 5915
11199 3468 6202 7313 7118 1723 2187 6810 4231
11200 1833 490 519 1865 3105
11201 42 194 2849 2885 6284 7195 532
11202 2732 3262 464 1249 6768 1544 3263 5701
11203 1437 682 1899 2051 495 564 3908 4136 539 2039 5418 1720
11204 1061 3049 3180 10 2139 2632
11205 1825 1845 1847 2229 4206 4802 4140
11206 4363 16 464 819 900 1617 1836 4696 5200 6394
11207 2381 5084 2383 4420 4574
11208 5581 1428 5026 7282 924 4031 5273 6612
11209 705 3438 7146 5469 4983 7536 8361
11210 7984 4600 3344 5046 4361 5942 5122
11211 4917 4857 6431 8246 3560 5465
11212 2204 4535 3013 6627 6628
11213 2610 1175 3921 5776 7765
11214 1924 4519 6628 7609 4740 6131
11215 4649 592 1462 500 2458 306 3321 1365 3284 6671 6780 8236 7980 938 2084 1933 8285
11216 5593 3482 4440 5355 5711 6160 6674 5950
11217 6275 4329 5642 3714 3927 2561 4051
11218 6886 5019 2818 5826 1139 7613
11219 2073 1346 3670 1009 4881 5189
11220 1285 435 1250 1346 2182 2185 5901 3098 7398 6907
11221 5912 6854 922 1200 1973
11222 673 5061 3483 6095 5346
11223 4639 708 256 281 2453
11224 99 8114 8351 896 3539 7549 1428 4280 6592 4049
11225 7319 6053 81 2716 6732
11226 5553 5570 685 1205 1409 3138 3740
11227 3181 7292 4120 5621 7443
11228 612 714 735 767 2683 965 1644 2256 4825 5230 5551 7333 8025
11229 3814 2664 5890 8041 5358 7470
11230 833 842 3137 622 2222 5621
11231 5414 1118 1345 4462 5602 3320 6166 6167 7496
11232 3007 2703 5774 6127 7069
11233 1035 1949 2561 3476 26
11234 511 3560 705 2238 2444
11235 4446 305 5026 7277 3936 7489
11236 245 1896 1966 3174 36 650 924 5026 5092 8240 2841 7113
11237 4519 592 72 6347 6461
11238 753 5112 1486 168 7146 833 3829 5485 6938 1491 1495 3560 4140 1784
11239 4627 2272 5857 3060 125 6669 7680
11240 2185 2639 1502 5414 7162
11241 999 5019 5200 829 6649 7491
11242 6915 4082 6224 3444 3445 8105 8479 8409
11243 1428 2611 3352 7318 4666 1492 3284
11244 283 5082 105 6229 6347
11245 1500 3370 4401 8360 8409
11246 36 4581 2262 1219 2263 7157
11247 4188 2009 52 3227 3381
11248 1316 6035 5354 1497 2261 5839 6867
11249 924 1115 1179 2415 1752 2271 6810 7054 8158
11250 2891 164 225 4850 6046 6102 6914 203
11251 7690 610 3114 5275 7261 360 2213
11252 380 5073 4138 691 6937
11253 5307 3382 5197 1160 5455 4140 4959
11254 705 2238 8290 1723 6239
11255 5637 1939 2638 1206 3561
11256 6443 2330 2561 2032 2739 391 2499 3056 602 1505
11257 4223 519 1607 6975 2817 7308
11258 194 5689 2747 3689 6604
11259 2238 6186 8066 4035 3440
11260 2484 1961 4165 714 6466 6634
11261 3003 6409 6411 6415 6162 6417 7674 1644
11262 915 3080 3510 8414 8444 8442
11263 7666 1861 4499 6198 3336 4731 7463
11264 190 1677 2022 2303 3903
11265 4532 4290 2056 3560 5335 7005
11266 7 119 1812 4055 5095
11267 2694 4369 1847 1578 6611 2803 3043 3707
11268 1175 4280 4531 6158 6197 6873
11269 464 1139 4024 1588 1682 4050 7419
11270 4331 1467 4325 833 3009 4288 4324
11271 1106 3651 3550 4101 3371
11272 16 2740 1380 2200 7560 4681 6207 7487
11273 6534 4935 5403 6917 7878 1942
11274 7439 924 1151 2813 7531 2705 4996 5123 3412
11275 45 289 546 6194 4719 1263 3213
11276 2578 1327 4140 835 3835 4181 3270
11277 1969 4877 5465 7761 5000 4276
11278 6600 464 3766 6650 6231 7113
11279 1492 7 840 1472 1812 2298
11280 1667 3476 4249 1332 5008 2288 99
11281 302 938 7600 1234 874 1647 2329 6701 140 6358
11282 228 4347 1723 1227 3381 1200 6250 6549 2151 5822 1607
11283 886 2240 5773 3661 4033
11284 2155 4858 5936 6475 2534 7480 7938 2773 4369 5041 3730 6632 1490 1260 3468 4020 4623 7128 6938 3176 4860 2933 5728 3560 5064 3857 6186 1489 1381
11285 1481 244 1428 4280 7648 5167 1685 5125 7054 7487 8487
11286 7146 7551 4082 4401 2977 8442
11287 725 6892 2229 4655 5583 6885 4165 618 3443 1563 2420 4936 6155
11288 2189 4369 5316 6975 7189
11289 4311 3004 80 1805 8304
11290 1740 2419 303 1254 7182
11291 4423 164 7636 8417 8444
11292 4686 1975 2002 2273 2291 5026 2076
11293 2110 3586 7507 5344 4886 6663
11294 3225 122 1122 3752 4792 2155 3979 4857 5064 6218 2579 6975
11295 4179 194 7254 464 690 4440 500 6264 5242 393
11296 5440 1489 3764 4369 6975 7313 8032
11297 189 279 458 1304 3402 4874
11298 3723 1547 1624 3946 4082 4401 7147 7951 7952 7157 1128 6112 4181 796
11299 1011 1578 5055 6104 932
11300 189 202 1241 3348 5067 5066 6419
11301 2390 4831 4891 34 2286 7736 5606 1910 6588 8038 1376 5314 7995 3212 463 6473 929 3114 8186
11302 7555 26 7113 4293 8026 7556 2828
11303 4379 4704 5027 5083 6814 7113 7901 2264 2181 5526 625 5171 305 6282 7098 1247 2557 3766 3358 4134 5124 6859 3357 7371
11304 275 1524 6019 4955 6762
11305 6898 7113 6854 3971 165 1524 3286
11306 4183 2437 463 532 7381 4105 7195 7698
11307 1228 1378 2935 2938 5083 5917
11308 970 6592 2561 4621 7886 464 468 1128 1372 2819 5019 2597 3683 7671 7353 8060 6316 4015 5342 4280 5395 7246 1634 3191 3347 4681 26 4249 4004 8240 697 5086
11309 29 5622 500 1361 3730 1098 6202 1122 2891 3201 6211
11310 673 1884 1885 5435 7404
11311 2101 2864 2949 1260 6427 6449 526 4549 5240 2668 2769 6450 6919 2441 6309 7136 4401 7147 7401 7466 3440 3444 3445 6224 5210 7969 6195 8019 8274 8385
11312 5589 4035 4654 4191 3468 5316
11313 3004 3013 7390 7544 1489
11314 1636 4171 7551 1353 1367 4140 7474
11315 2829 1293 4716 1200 3374 450 2773 4231 29 1489 7570
11316 1416 3414 1589 6793 7230
11317 4627 304 2730 6956 2881
11318 4926 6418 7454 4136 5506
11319 911 3174 6310 6311 6671
11320 1353 6126 6261 5456 3381
11321 2260 3946 2399 6264 7147 8406
11322 453 3212 3327 3799 4013 5547 5350 5665 1566 3496 3304 6253 5763 6776 6991 796 2485 35 2708 3003 6202 6840 2319 3794 1994 4921 2101 4231 4733 1026 5689 7127 5337 2491 1489 3857 5747 4361 7396 659 7790 6770 6771 5336 6415 6807 7715 8337 2386 6756
11323 4015 6197 705 1833 3829
11324 3676 1882 1970 1847 928 1928 1353 3765
11325 1267 326 1113 1231 5650
11326 2238 4140 809 1417 6284
11327 73 86 316 328 1428 1593 2868 3189 3233 3563 4646 5129 602 1429 4179 7548
11328 620 5064 5553 840 4641 2189 7046
11329 1349 5351 1234 674 919 2799 3507 673 8459 1118 1714 2840 4732 6196 7669
11330 2791 7213 2753 7369 3222 5234 2033 2750 2998 3160 3533
11331 66 3829 5955 8187 6825
11332 3074 1805 4646 4027 4026 5473 6167 2147 3002 2343 3643 1166 6196
11333 1366 90 111 3476 4800 6235 6237
11334 56 594 1110 3863 5061 1739
11335 6495 2173 2962 66 194 7500
11336 358 1682 2885 8296 1976 8460
11337 3497 6192 74 5786 4491 7136 7551 2153 7745 8288 2599 4132 7744 6857 7286 3013 8453 7685 2976
11338 1749 1832 2608 2755 3857 4622 3374 3380
11339 89 1698 2595 1552 3978 580 5554 5175 1944 6310 4401 4082 4383 4084 8065 7356 7319 8244 8295 8442 8472 8443 6812
11340 1836 2060 7858 2002 1949 2289 2484 3702 6028 500
11341 470 1027 2225 4792 3766 391 1191 1201
11342 2717 1669 4556 769 793 6513 3850
11343 6235 4440 6259 3072 4360 8051 8209 3838 5511
11344 1160 2516 5786 2161 7136 5210 8094 8295 4077 7481 8427 82 8450 8453 4857
11345 113 160 2907 138 340 5403 6019 751 2956 4689 5790 6200 5976 6435 2138
11346 3449 3925 4276 4460 6953 7845 5857 6130
11347 95 464 1389 6122 3352 5824
11348 3406 3078 2271 3288 846 3959 3643
11349 6240 3929 924 4108 1756 4493
11350 3109 3837 4915 3346 8402
11351 464 2962 6284 5678 4116 726 5839 1529 5840
11352 1428 2778 5026 6158 7277 2904 5839
11353 3524 833 1176 1284 2212 5188 5525
11354 860 1901 1549 736 7489 8203 3587 3446 4481 6340 1700 2828 8028 8169 463 8311
11355 130 164 277 413 1295 4848
11356 1412 1617 2225 7234 886 2958 3818 4122
11357 5621 795 4482 5529 5530 6934 3091 4249 5739 7885 50
11358 3888 5230 6266 6432 7173 7708 2596
11359 83 3757 6197 3050 5142 425 1162 2219 3345 4733 5657 5734
11360 5025 5552 1016 1842 2185 4722 4368 1521 390 1428 4891 6684 5530 3917 4027 4029
11361 1765 3545 1664 3781 5282 3529 7371 4426 1186 5961 8074 7610
11362 1157 6029 1594 1778 2705 2728 5330 6166 5563
11363 1376 2969 2850 3473 1675 815 4707
11364 3435 5266 7353 876 4729 6891 6892 7705 697 2169 2853 6604
11365 244 2633 3685 5276 7292 74
11366 113 4431 4850 5743 6212
11367 5622 6133 3560 7146 7745
11368 6310 6312 6311 4259 4082 7339 7438 4401 8433 8448 8431 8171
11369 2837 794 3138 6506 2595
11370 3179 854 7971 7715 383
11371 3499 6732 7378 5061 3007 4317 4397 4384
11372 6089 7920 1666 6749 7019 4091 1304
11373 727 4112 4519 5611 7409 8090 8218
11374 5720 7191 5218 6886 7175 3860 6307 5320
11375 1362 1056 2073 2289 2561 3043
11376 6354 4231 1160 3720 6027 2624 2694 8234 3829
11377 3766 4116 5691 4273 5111
11378 550 3766 6497 1527 7226
11379 782 2270 2570 3170 3710
11380 1249 1553 4829 4231 4317 3576 2238 4659
11381 180 3781 4185 6767 244 262 500 610 1250 1540 1617 1861 2229 4280 4379 4599 5645 6468 6473 6634 578 705 4170 5057 5063 42 66 283 1817 7562 8264
11382 5408 4879 1504 4607 4597 6275 2213
11383 500 1589 2170 4361 6493
11384 537 2785 6417 7475 7551
11385 6823 1354 470 5366 1887 4404
11386 380 4753 907 5971 5697 1903 3846
11387 896 2322 2323 1503 1496
11388 924 854 1512 4059 4437 5363 6744 7259 7971
11389 831 833 56 519 2469 3867
11390 303 534 2590 1576 537
11391 5546 5657 5916 6232 7963 2648
11392 1698 4580 6411 3552 7891 1433 4959 8408
11393 1200 1723 2305 5098 8 9 1367 2664 5016 4711 8034
11394 66 1096 208 2092 4527 1651 7451 5525 3716
11395 4916 4752 6282 6270 3092
11396 2207 2624 2972 3374 4898 6810 1865
11397 610 5130 5101 5032 4800 5099 1841 1857 633 2974 3397 2258 6860
11398 1620 1809 5621 5841 6559
11399 5269 127 7999 125 4992 417 3186
11400 610 1194 1682 1949 7138 7866 8070 1950 3757 1428 1437 2561 7036 6206 6730 500
11401 4996 5720 1761 64 452 4155 6930
11402 354 575 1385 1573 1973 3117 4137 6975
11403 415 276 1822 4427 1524 6002 275 508 248 278 713 7137 3216 705 2901 3142 4430
11404 66 1871 262 5857 6368
11405 1756 504 3624 5367 1500 2484 685
11406 693 1206 1428 829 1685 2176 2271 2957 2740 2205 4442 5955
11407 5336 6777 3003 3971 6770
11408 306 468 526 819 941 971 1137 1500 1541 2120 2321 5019 5111 5140 5637 5691 6334 6496 7175 7292 2121 6028 6235
11409 3777 3603 1753 2254 2142
11410 3589 1813 3814 464 916 1284 1989 2557 2725 2947 3773 3880 4211 5790 5839 6275 7150 8240 3071
11411 945 1204 4870 1238 536 2200 2434 5230 1209 3018 4369
11412 1254 2745 4373 1933 8071
11413 7195 812 3936 4587 6758
11414 2348 3060 705 2324 3829 5458
11415 2505 5141 5057 1221 5414
11416 3722 5241 5992 3090 1623 1736 4574 4970 8331
11417 1884 8499 1885 3445 6231
11418 3930 4101 4108 6550 5188 6544
11419 2732 2833 1705 1887 2637 2638 2729 3262
11420 2646 3378 3881 6890 3514 140 2271 3918
11421 113 355 777 1241 3791 4261 4953 7062
11422 54 3581 4615 1594 1157 1172 6195
11423 2147 2148 3073 4394 7428
11424 7797 1540 1564 2169 4970 2868 7800
11425 4116 4442 5323 5621 86 1316 1617 4179 2639 4612 1148 5705
11426 4594 6888 6896 4441 5793 8367
11427 1858 2913 5621 1644 924 3327 3379
11428 5485 7946 220 537 1911 4685 6239 7623
11429 7392 1429 2580 3107 3109
11430 7867 1593 1817 5273 2166 2167 7162
11431 3463 1589 5950 923 1437 5083
11432 1247 262 2603 2181 3118
11433 1260 1723 82 945 3671
11434 831 1552 136 7435 4898 306 886 1613 2646 3091 3476 3541 3766 4248 4442 6194 7391
11435 829 3766 4530 4782 6566
11436 1833 4817 1257 5732 2973
11437 4724 7774 5829 5961 6061 6387 7767
11438 734 7513 7836 5886 2484
11439 500 1260 2565 4903 1219 3829 4535 6659 2175 3447
11440 7824 7732 1234 5546 6186 7376 7555 7556
11441 3181 5428 3141 2733 5385
11442 4486 6310 6671 6528 4082 2156 4401 6721 7691 7692 7693 8096 8317 8318 8316 4826 8441 8449 8442 8443 8444 8470
11443 6310 6919 8490 6388 3233 8167 8473
11444 833 5056 1784 6189 6975 8277 8055
11445 2668 3060 4644 308 4839 2766 6178
11446 1254 2185 5057 6421 5907 7052 930 7412
11447 20 945 5349 3778 6975 6440 8191
11448 5621 6681 1497 1545 5839 2934 4522 5607
11449 5747 6310 6311 6671 6919 6920 4401 3642 3643 8093 8185 8449 8443 8444 8472 8162 8475
11450 2033 2561 3936 5083 8023
11451 3091 3814 7103 6866 939
11452 6314 6975 2956 2941 2755
11453 6609 6568 6437 6610 5088 7737
11454 2561 7434 8146 3780 8221 8428 8482 8472 8474
11455 6197 452 923 924 944 1050 1497 1966 3174 3766 4940 5044 5339 1589 1232 8319 7473
11456 2484 5291 176 379 1037 1293 1536 4850
11457 1704 3587 6826 6888 6895 998 4441 5133 3212
11458 1917 4347 2155 3277 4336 33 537 945 2463 4081 4231 4337 5167 7570 3447 5416
11459 1054 3677 4940 4474 4652
11460 206 276 6648 247 2238 3374
11461 815 3321 4956 5787 6354 6641 6680 7620
11462 469 992 1234 4266 430 2933
11463 5622 2238 3188 5351 6100 2090 2217 4860 7710 7875
11464 5169 908 3377 2185 8298 3929
11465 2346 2572 3073 3277 5546 6431
11466 1980 5061 6475 6517 2229
11467 5063 4318 3379 4089 1086 1783 4002
11468 6553 7565 2444 2496 4812
11469 4655 4910 4721 2515 3189
11470 2333 7933 269 4628 5953
11471 443 3967 4140 3829 1353 3730 6572
11472 21 7129 8229 3925 8361
11473 1829 1812 1964 2232 4181
11474 939 350 2260 333 2422
11475 3587 3090 3404 5132 5134 1589 5547 5641 3602 4004
11476 3778 4777 5730 673 4853 5622
11477 2225 814 970 1791 6592 6333
11478 1847 3864 4666 2279 2484 4994 8094 4917 5280 8289 705 6517 7023 7931 8348 8288
11479 1991 3016 3211 3807 4387 4646 5546 6186
11480 1250 6979 5546 556 5242
11481 3997 1489 82 1260 469 3595 3073 3440 878 1467 2708 7988 1870 2950 3007 4394 7415 7574 1986 6857 6703 7572 4291 4484 575 7186
11482 4862 5133 5183 5848 7216 2097 6680
11483 6261 2976 4738 7947 4698
11484 1031 90 4281 6468 1231 1966 2260 7473
11485 222 340 663 1524 4993 5358 5764 6387 6964 7616
11486 6619 2023 2179 4059 7573 2096 431 5800
11487 5055 5721 5754 2824 5501
11488 5143 5326 6990 7880 1504 5142 4980 5566
11489 5275 3284 5425 896 1613 2512 6424 6645 6644 2590 7900 6911 8123 45 464 3321 5019 5892 8122 2310 8027
11490 6217 305 459 1316 2893 3966 6634
11491 5828 8289 3691 3707 7955 4321 4445 8436 6840
11492 991 1506 1540 2424 4379 6904
11493 853 7455 3228 6274 4043
11494 3508 3537 4935 5440 2492 5625
11495 3730 6152 3294 2741 1833 6975 469 3366
11496 2384 5346 500 4143 4276 975
11497 7559 1588 5621 6854 7114
11498 2664 140 2617 118 5737
11499 1428 658 2982 3766 7050 7490
11500 3930 5528 3680 7037 5932 6574 6575 1812 6053
11501 6494 99 5367 36 463 1752 8490
11502 6130 332 895 898 1249 2299 3039
11503 1910 5187 3415 1191 1437
11504 26 924 1428 1497 2557 4056 3936
11505 7717 683 7742 7745 7659
11506 64 3453 6358 2463 2953
11507 1847 3773 4038 4190 4640 6202 4032
11508 4331 1160 3009 189 6020 7822 8034
11509 4209 5562 672 1864 3031
11510 432 833 3007 4292 1865 8361 8498
11511 1545 5026 1662 1760 8217 2766
11512 8320 1910 1984 2286 3181 6868
11513 4736 3094 1873 3516 8173 2163 2694 4709 4787
11514 829 1437 3167 3212 4733 8372 911 955
11515 1792 5366 4493 73 1804
11516 1993 5230 7008 7011 7012
11517 250 5163 6019 1122 157 6810
11518 6302 6847 5439 8157 3951 3825 5220
11519 693 1736 4336 4697 3936
11520 6715 2515 3189 3541 3918 66
11521 6392 1887 7796 4361 3297 7349
11522 1086 1260 3932 6247 7835
11523 1018 1162 2730 1206 5082 632 6160
11524 20 6192 7551 2977 7128 3440 6225 5210 3411 5866
11525 3014 879 4161 5005 6058 3100 4393
11526 3137 4776 5733 5131 8035
11527 2859 2125 6202 3348 167
11528 926 1250 2060 3818 7533
11529 90 2185 4022 618 6854 1588
11530 3829 3831 5953 6314 6840
11531 833 3197 2664 1949 6061
11532 2100 463 3766 1529 2289 3971 3192
11533 66 7222 438 2279 6980 7556 679 8315
11534 1588 2750 4781 4785 5019 5651
11535 3045 4470 1160 7243 7453 7925 7438 7021 8354 8317 8385 8421 8477 8482 8378
11536 1850 6310 6311 6312 6492 1589 6309 5786 7145 7401 4082 4401 3582 6224 3642 7157 4971 1843 7975 5783 7180 8277 8421 8093 8448 8471 8162 8470 8276
11537 5178 6854 5906 4450 4531 6264
11538 1415 1416 1928 2579 691 3137 3583
11539 2154 7128 7742 2184 3374
11540 4841 99 59 4134 1751 3447
11541 31 1428 1714 2617 4646 3076 2849
11542 2800 3212 1050 7863 5429 7579 2371 7239
11543 2463 2256 3523 6662 6825 7609 8234 6098 8156
11544 1160 1176 2821 6071 2972 4032 5564 469 1723
11545 3683 99 4105 6578 7313 7573 5583
11546 924 5275 7004 7352 2229
11547 3284 3696 4049 6373 6612 2909 3477 7503 7782 6300
11548 143 238 1507 3152 3490
11549 189 202 222 338 340 355 415 457 948 1526 2040 2081 2215 2900 2963 3039 3556 3627 4245 4430 4434 4644 5066 5238 5791 5875 6490 6767 3190 3348 7183
11550 3105 7145 2155 7714 2608
11551 1740 3181 1376 1530 8023
11552 2065 4646 6158 3347 5682 4940 8137 7443
11553 1836 2668 4857 3090 959 1428 500 6266
11554 289 439 886 2674 6197 1910 5042 5569
11555 1267 932 6104 3453 6252
11556 3267 945 1910 1763 5892
11557 1646 2074 6311 6449 4401 3642 7837 8110 6330
11558 2919 767 965 3150 1682 5543 74 3381 7692 4231 7672 7358
11559 7077 2750 7140 1617 5513
11560 2066 957 4622 4888 694
11561 2563 1464 3144 2422 7177 2261 4973 5672 2272
11562 241 673 1825 1845 3760 4802 6706
11563 1682 6592 2260 2964 602 3284 6440 36 6583 1164
11564 3149 963 4581 605 91 5630 5028 66 7066
11565 928 1372 3008 3916 3264 1547 471 4129 3928 938 5474 1833 5031 702 3922
11566 3857 6975 3954 2647 6132 7313 8338
11567 5957 6325 2565 3176 5577
11568 5622 6475 447 3483 3974 5956 6511 8252 2250 6517 8288 1633 7177 6267 7740 1098 3731 6098 7783
11569 1768 7780 4384 5581 5526
11570 4430 1221 4245 2894 6088 371 711 713 709 3004
11571 380 1206 1821 2739 3107 3829 4470 4866 5019 5026 5155 5587 5802 5641 6202 8290 468 1850 4441 6130
11572 578 1604 1932 4444 7007 7534
11573 979 1699 2976 4369 4917 8025 3829 5955 5956
11574 680 245 651 4083 5376 5841
11575 3195 895 7757 3031 911 811
11576 3057 3083 4365 4597 5546 6375 7376 7731 7732
11577 6310 7145 6311 6312 8442
11578 1850 4366 1453 6509 5776 5978 5979
11579 18 898 1316 2152 4710 6600
11580 1950 3123 4853 5580 1391
11581 464 5338 5653 4378 8117
11582 1224 6695 3039 2484 4415
11583 7534 3165 4248 4689 925 8212 970 1032 4116
11584 846 891 3750 5571 6486
11585 2124 2279 2807 2867 3343
11586 708 7608 7616 222 4567 3640 713 967 130 4431 7112 872 5379 256
11587 140 1077 1634 7498 7810 7847
11588 283 66 2279 3976 4440 1464 2750 1949 2260 6717 6197
11589 1966 4733 5040 1428 8336
11590 4091 113 294 554 5837 340
11591 575 4666 4994 1723 269 696 1916
11592 108 6029 3925 5106 8038
11593 2944 3750 5218 5787 6582 6601 6604 6698 7797
11594 4507 4347 3829 1771 7024 6250 1917
11595 4117 3584 1714 5140 3060 4133 4244 5682 5923 8199
11596 4082 4401 7128 8107 8109 8094 6330 8133 8108 7356 8221 2229 8430 8448 8453 8436 8471 8431
11597 3092 4706 3019 2269 2724 2725 3589 3719 6049
11598 2238 2350 6154 6314 4898 6356 5511 5056 533 5921 4222 3710 6202 3259 4517
11599 39 896 2296 3936 5058 6705 6943
11600 4733 4276 659 3587 1286
11601 26 2794 3943 4227 4549 7511 1079 2365 3587 5414 6266
11602 3367 4253 4079 6179 3899
11603 833 4944 1905 4290 4945
11604 2578 2775 2238 6250 526 1409 2976 6611 1272 2249 2740
11605 7765 1437 6603 817 2286 3539 4455 8090 8371 736 7028 815 2217 4164 3610
11606 4796 2874 7715 1428 8351 4733
11607 1437 1427 1428 5213 7180 2410 5188
11608 3893 1734 2361 2608 5458
11609 4827 464 1812 66 3325 5009 2491 2855
11610 3076 6320 3800 7548 7873 7391 8405
11611 454 2122 3730 5114 2155
11612 1784 1837 1367 2506 6256 5728
11613 1719 66 1489 5688 5056 4093 678 5817
11614 945 5055 5552 7197 7198 5310 7005 2511
11615 1576 2823 3629 7208 6979
11616 1311 2978 3719 4056 6222 8180
11617 1999 1160 1723 2179 3184 5386
11618 618 3758 3639 5824 7558 7993 4163
11619 561 1726 2021 2487 5369
11620 831 3923 1821 6447 4511 978 5552 475 2928 696
11621 5456 945 4206 5936 5062 6186
11622 1847 5768 7521 102 1734 4206 2473 7792 7474
11623 1443 5075 1400 3363 3427 1077 189 6418
11624 3723 6310 4401 3373 7975 8472 8474 8473
11625 5652 955 3936 5019 7254
11626 1489 6975 6420 7770 1209 865 4863 5791 5970 8001 6187
11627 2562 3189 5044 6068 5053 4940 6639
11628 4694 2206 5102 1644 2151 2238 3094 3390 8302
11629 244 2185 2962 598 3090 5224 5453
11630 5776 4530 662 4881 1850 6235 6237
11631 1641 3365 5546 6197 6760 7555
11632 1353 1638 1823 1576 1677 1924
11633 2433 85 1547 1802 3677 5214
11634 5064 5634 7313 8025 2534
11635 395 696 3090 3654 3580
11636 120 3593 7110 1294 7762 7839 6914 7437 3237
11637 1056 7921 1311 3766 7005 7540 7715 646 3274 3925 6930 7127 7151 8249 8395
11638 1122 1428 7878 340 7397 7547 7549 373 5206
11639 1427 5624 6228 8239 387
11640 53 3639 5601 5602 7505 7810 1653 3604 3817
11641 1390 6871 5064 3381 7415
11642 2965 4955 5830 3201 200 3640 6998
11643 186 240 4427 257 4907
11644 1637 3799 2299 7206 1362 4700
11645 1194 2271 468 6863 5234 6074 2834 5390 7425
11646 3678 36 194 464 602 6284 6473 3053
11647 29 650 837 1910 1969 3095 4655 5581
11648 190 495 787 790 1773 1827 2025 3188
11649 464 618 1018 1139 1505 1600 3476 3624 3803 3911 3957 4965 6284 6384 2671 3887
11650 5062 1559 7579 6314 2750 3829
11651 3676 2561 5026 6132 7573 3073 3381 6252 7428 2229
11652 742 1437 4549 7189 4646
11653 526 3654 3863 3864 4535
11654 5026 468 691 1428 1985
11655 1600 1929 2368 5126 5720
11656 4995 5934 1872 5044 4024 464 2225 3766 7387
11657 1850 103 928 929 17 2019 1897 1906 2435 18 534 795 1428 2428 2170 998 3723 1367 1927 610 1206 829 1678 997 4573 470 2193 2730 2364 2016 2416 4948 3877 50 1995 3820 1599 4004 4219 5721 4401 7401 5414 6506 253 3325 7975
11658 6057 2272 1184 2261 4910 5180
11659 7205 3927 1181 2382 4412
11660 2644 3663 5557 3043 8251
11661 3670 6465 3162 6130 1601 4182 2668
11662 257 541 804 3172 4218 4342 7427
11663 351 361 598 1734 1853 2176 2289 4122 4842 5452 5621 5622 6931 57 5544 5971
11664 2355 2124 2867 2857 5295
11665 3071 3736 2921 3319 1506
11666 47 6747 1536 4221 1455 6762 4091
11667 4007 6820 1316 8358 7560 1051 7124
11668 3173 4218 93 194 5668 5674
11669 5188 2178 3293 439 2490 1818 5320
11670 3798 5442 1231 1555 5556 6197
11671 3916 4004 4701 5376 2962 3694 924 1593 2724 5069 7113 6717 8405 8488
11672 2624 2687 4851 5061 5550
11673 2567 833 1492 5915 4980
11674 113 203 340 1523 3237 3402 5505 6495
11675 1446 7231 667 7113 5621 896
11676 6298 332 896 1742 2286 2484 2866 3418 3912 4776 5606 6389 6466 7560 8023 245 463 470 935 2583 3587 4083 5171
11677 1613 1645 944 7086 7499
11678 4401 7692 8434 8443 8093
11679 3076 2703 7035 5319 7639 3009 3263 4399 1705 3005 4756 5591 3541 4969 7641
11680 1155 4733 5125 5235 4581 8337 5250 3060 7113
11681 2739 3091 1178 53 7579
11682 1200 1489 1723 2192 6945
11683 7913 1595 2377 4105 2177 4184 2201
11684 148 237 4427 6021 6061 242 3640 2125
11685 66 470 1588 5621 2680 1560
11686 7272 1964 4025 5075 833 3301 883 7701 2451
11687 3762 4829 941 2766 4984 3362 7745
11688 846 874 1505 1547 3170
11689 2127 3060 6670 6543 7165
11690 5709 5038 6788 7200 6795 1551
11691 130 164 1122 4686 6801 6957 7325
11692 6159 924 2131 2368 6026 468
11693 18 2819 5580 6603 6605
11694 109 928 3587 1589 1995 3080 3943 4824
11695 4781 5052 4540 4610 3937 813 3002 4313 2266 811 534 646 650 4179 6070 332 896 1261 4377 5735 6473 8101 8098
11696 4270 96 794 795 812 4357 4440 4487 4648 5117 6941 7599 576 1130 1926 6214 8481
11697 7192 8248 7010 2147 8277
11698 3072 1363 2170 6228 7430
11699 924 3327 4733 4601 6977 1768 2368
11700 26 238 303 419 751 4409
11701 36 1817 2155 1437 2017 3064 1847 1563
11702 7980 8447 2181 2371 3103
11703 3730 2238 3105 3760 5061 500
11704 1260 2588 1029 6182 3097 6183
11705 4097 332 1797 1953 4480
11706 5747 8385 8444 8443 8471 8472 464 1511 8162 8378
11707 6474 6889 6196 3644 6154 4646 80 7162 3881
11708 447 5062 1200 5493 1367 3381 5955 6227
11709 463 2000 2808 3719 4809
11710 3923 6734 2185 4313 5703 4108 5188 3929 7106 253 8413 2061 7503 688 1162 2371 5532 8354
11711 4797 5201 434 500 6915 5067 6284 415 2115 4430 6386 8261 2892
11712 1450 3230 4720 1833 2956 5307 5316 3391 1693 4837 1823 4230 6024 6162 6477 5953 7617 8290 3711
11713 848 619 1274 8413 4401 2137 2798 4306
11714 1721 6975 2840 3455 5268 2164
11715 6465 7390 3274 1683 5448
11716 1529 2368 925 1135 7456
11717 16 1817 4845 4539 7869
11718 363 4882 5551 6226 88
11719 4343 1250 1910 6588 1850 7154
11720 5622 367 2605 2803 1734
11721 20 5308 6186 1234 3550
11722 609 325 2545 3091 7747
11723 7055 7410 1682 3192 434 3936 7803
11724 1056 6668 189 5402 4506
11725 1608 4644 3181 8181 4501 8360
11726 1644 1823 5396 6764 7223 7965 425 936 6943 1200
11727 2155 2634 1260 2657 3000 3039
11728 3227 920 4996 5019 5549 3754
11729 1547 2271 2680 5017 5556
11730 4082 4401 7691 8096 6227 8162 8444 8470
11731 5582 3820 5033 1701 4646 5449 6798 6360 3541 4710 7922
11732 2375 3916 5423 7441 7834
11733 2750 7147 6195 4401 3642 3643 8360 4074 8451 8449 8448 8470
11734 350 1022 2713 3888 5776 936 7978
11735 2328 3338 893 898 6833 7288 6118 3360 5221 7488 6649 2064 2097 6350 2309 2371 7885
11736 1589 5414 7061 7495 938 5275 7198 7579 7756 6855 7513
11737 2185 7162 7419 7422 1942 112 114 1012
11738 1670 5047 7453 7793 6171 3638 8169 5385
11739 1784 5747 4414 5128 5909 2580 8278 8448 8449 7820 7821
11740 135 474 475 2928 3556
11741 4785 4886 82 3541 5569 6363 6155
11742 2427 2851 4280 7288 2962 6815 7579 435 7649 470 1428 73 7648 6294
11743 5527 5059 1505 1702 1714
11744 812 1690 468 1817 2011 7612
11745 5707 5985 5429 796 7113 8344
11746 2018 4467 1947 2877 6403
11747 2152 970 1427 3223 7210 7647
11748 2672 3195 16 3600 6337 6967
11749 673 3948 3001 7893 8134
11750 42 2962 4377 5375 3916 5200 4235 4804 90
11751 2243 833 1755 2608 7061
11752 612 1429 6600 6700 8160 2148 5030 5031 5033 7628 2138 6384 6473 1427 1428 1593 5212 8103 8158 7625 4412
11753 6082 188 4431 7429 6723 7470 276
11754 2605 3707 2803 2066 5112
11755 5188 7276 1224 3797 5087 3330 5046
11756 281 294 3151 3867 5066
11757 6134 5448 4796 431 5363 6106 6744
11758 899 925 4248 4620 5218 6473
11759 514 1225 5581 6716 5618
11760 4151 5414 5421 2154 5393 2297 3090 3567 7017 3060
11761 464 3787 6186 6197 6090
11762 6202 7543 3224 228 2578
11763 8042 7485 4412 2152 6582 3284 5300
11764 4657 7701 4533 1164 2586 606
11765 4245 2543 4850 3724 5622 3791
11766 705 1924 6596 4232 1799 4728 7250
11767 1174 3138 6840 3560 5372 7581
11768 938 1425 4557 2286 5751 7995
11769 2938 7387 2225 6458 7964
11770 4961 6928 5609 1950 4442
11771 4231 6975 1097 3829 6186
11772 1604 4280 5293 4404 7583
11773 610 970 5057 1193 7162
11774 6310 4401 3582 4763 8278 8449 8472
11775 4053 1175 1231 2401 5470 6034 326
11776 2668 3087 3510 705 1833
11777 5915 4079 4857 2710 6058
11778 99 4711 2379 1843 3227 977
11779 6975 4622 2207 2238 4019
11780 2380 3244 3541 7953 8300
11781 4038 2238 4585 5581 1164 1485 1723 2184 6810 7040 1200 1633 3560 4383 4791
11782 2185 1249 1250 1428 2510 3638
11783 2229 2755 945 4533 4802 6975 7686 244 5164 6186
11784 3278 6431 3379 5724 1019 945 4534 4206 3764 5514 1712 5062 4657 7745 5465
11785 296 1221 1786 6980 7050 7052 7053 7351
11786 6310 6191 463 464 500 3284 3321 7466 4082 4401 1874 6473 8096 8442 8421 8416 8418 8443 8444
11787 2409 1734 244 1200 3468
11788 36 1588 2668 8218 7299
11789 6492 2489 7438 6330 8292
11790 6611 1206 5611 8191 6937
11791 946 1170 4830 5582 3572
11792 1193 6130 924 6671 1346 1540 3318 5209
11793 656 3541 5621 6634 7066
11794 8408 8504 8424 8507 8480
11795 2988 6149 1428 40 1359 4220
11796 4347 6456 2066 5112 2465 705 1160 5312 2462
11797 2940 3861 2265 2484 8138 8139 8463 1887 2002 5799
11798 1910 1969 1817 4249 2673 4537
11799 532 1675 4105 4725 5395
11800 1428 2766 436 6674 758 3418 4056 4489 7391 244 1022 1584
11801 2670 3917 3922 2958 6455
11802 5737 5739 5621 693 1817 2962 7270
11803 9 705 1858 1598 1693
11804 935 1751 3122 5884 5296 6062 8467
11805 2484 5773 6882 8045 924 3065 6943 7191 1211
11806 140 7162 7236 3936 5621 7012
11807 2574 3731 2418 1329 4140 469 1567 1686 5062 2777 4650 3468 3829 5953
11808 1845 2755 3924 3923 3954 1723 4326
11809 306 988 4120 5621 5774 5049 6231
11810 2732 3946 6312 4259 4401 4082 3060 7271 5110 1910 7098 6360 1506 1751 6049 8312 7220 8310 8205 5213 1869 3576 7737 3191 6181 1018 1163 7224 6404 70 7665 2019 8472 8471 5188 6275
11811 5747 4401 4379 8470 8505
11812 5587 2923 3921 6314 6729
11813 2200 6703 2155 6511 8348
11814 180 415 5635 5690 2578 5346 500 1159 1200
11815 2708 2709 1886 7194 6035 7167 3501 8243 7168 7166 6786 4588
11816 2509 1589 3676 1545 2225 1861 3446 3149 6726 6911
11817 5347 1220 4675 5196 6225 6431 3778 8113
11818 1463 4278 3730 2229 1056
11819 2818 651 194 691 5377 8240 7318
11820 3014 4000 3004 3015 3013 6857 1154 3003 3829 4312 4331 5485 6657 7545 5048 7781
11821 6276 7191 924 7187 8166
11822 5266 6750 5068 533 1178 8105 7452
11823 3326 5800 3004 2135 5337
11824 1428 4710 3341 1709 2063 2703 3669
11825 751 4957 3642 8421 8451 7820
11826 815 4970 1505 1506 4745 2501 4943 5621 1389 1032 3262 1545
11827 6334 7800 1497 7111 7146
11828 1949 6068 6758 4119 4668 2261 4112 7251
11829 1437 5193 7857 8023 2484
11830 3814 4276 2699 3853 5113
11831 1404 7200 6472 2368 1593 350 1479
11832 490 4638 2903 5061 6314 1489 5119 6301 5110 4073 7390 753
11833 812 815 1050 1559 6284 7612
11834 2537 2684 3487 1064 4135 4643 8155
11835 1838 6186 5603 6166 3734
11836 4800 7297 3118 5580 1346
11837 5621 7292 6534 2740 4181 928 5026 4140 66 8023 244
11838 6978 3298 3925 18 7443 1374
11839 273 1038 274 5786 3084 3085 8088 8470
11840 4800 5621 5732 18 1194 1519 1530 2871 3189 3195 4710 4781 4900 5071 7489 3336
11841 691 970 4377 6592 6604 7802
11842 1455 104 113 128 130 183 418 1289 2087 3575 5066 7749
11843 1160 4538 1009 3173 6315
11844 464 1098 2608 4350 8023
11845 2185 1184 3444 7162 7016
11846 2155 937 3269 7021 1592 8432 2976
11847 2918 2919 140 2018 3678 873 2271 6403 1497
11848 1547 63 1354 5019 4805
11849 2184 5112 3707 5572 1199 1633
11850 3690 3829 6572 1182 6433
11851 6193 6528 4082 7243 7886
11852 1428 1991 4357 1682 4442
11853 25 4401 7693 8096 8442 8444
11854 4424 4468 1489 1924 3857 606 1833 3954
11855 1966 323 3492 1188 1593 6158 5030 817 5118 938 194 3406 2706 6956 1880 7840 5664 7017 4262 8275
11856 1952 1863 980 2227 7269 1885 913 7503
11857 5019 5026 7716 7072 829 888 2420 3922 5413 5395
11858 820 1226 4711 5205 3556
11859 56 533 1462 1423 4657
11860 156 2932 3190 3766 4442 4448 5743 6470 5919
11861 7129 3068 5041 6761 8135 987 1880 3164 3576 3719 5321 7028 7463 8180 8371 7807
11862 539 345 462 357 122 4670 2493
11863 3654 138 245 2930 1053 6197 2002
11864 814 6741 8270 3541 6739 890
11865 444 2725 6437 337 3056
11866 140 3905 1049 3610 5939
11867 1362 3109 3346 6993 3344 5045
11868 196 130 183 201 278 2902
11869 201 663 2125 2932 5304
11870 2002 3463 4594 5366 7047 1202
11871 5101 1949 2561 3777 5083
11872 1644 1696 3471 4230 4921 5173 394 1823 2821 3023 3036 3377 3720 4032 4496 6622 1227 3560 3664 5443 6314 7383
11873 1833 3820 3925 6131 6534
11874 3073 5581 7433 2184 8350
11875 897 3857 4008 1548 2367 2119 5027 1262 2266 2270 2614 4117 6645 7138
11876 3019 434 601 1529 3352 8061
11877 6310 6528 4082 4401 7243 7819 7952 4298 7157 5235
11878 244 2504 2198 7905 1954
11879 3353 5698 6829 7040 7307
11880 74 6312 6528 6191 4082 4401 8491
11881 1285 3540 4599 328 464 814 3921 5377 1910 2565
11882 4252 5932 4325 5546 7095 711 6186 7731
11883 3864 3471 1821 4980 5566 5730 7550 7713 2066
11884 823 911 3660 3818 4526 4815 6858 3752 2418 3829 6810 269 835 1353 1446 2056 4383 6520 6432 1200 3381 5936 6431 1719 8177
11885 1260 2155 323 1583 1200 723 1858 1627 3857 1784 1924 2862 3506 5062 1367 1378 2624 1723 1353 4494 6314 6209 8328 5056
11886 5201 2775 610 8240 1428 4679 7390 2264 4106 4646 5621 6943 7844 8469
11887 2238 2803 3105 3376 3381 3829 2236
11888 1720 1670 2058 238 1883 1943 3160 5363 5659 207 208 2279 6810 5166
11889 3814 1936 2418 4143 6303 7351
11890 7551 7475 4802 8034 6616
11891 924 1416 5188 5873 6051
11892 1036 3473 1199 1821 2133 7420 7475
11893 519 914 938 6101 1462 1505 1842 3091 3325 3340 5570 6282 244 5864
11894 2903 1924 6999 7717 1264
11895 1022 2750 6988 2470 3928 5621 4265 7597 1630 7593 7390
11896 6212 713 5188 6320 3921 202 3587 4011
11897 6732 1223 8252 1873 6258
11898 60 364 962 1189 2949 3003 3004 3013 4252 4383
11899 4944 4945 5398 6609 903 1175 3514
11900 672 2384 594 6975 3507 7742 6202 5232 2843
11901 610 5621 896 305 3124 7534 7939
11902 767 1174 6652 2523 7151 6264 1200 3221 1 3460 5572 7988
11903 5409 35 5780 6082 6238 6822
11904 4019 1437 6327 6396 7236
11905 1428 3090 3587 6282 1249 2191 2706 1047
11906 2962 500 2268 1178 8467
11907 836 2750 4355 2222 2748 5674 6231
11908 673 4002 1353 577 977
11909 5026 1462 4980 5548 2261 6932
11910 2317 3996 3025 5582 5560 2324 3229 890 5674 3090 6789 2495 6028 6264 7029 7841 8357 8211 8041
11911 1249 8349 1428 2002 3719 8038
11912 266 1523 6723 764 867 4951 4432
11913 811 819 1545 3984 4281 6638
11914 1734 3123 6805 5240 6784 5680 5685 1689 1940 2237 3594 928 1529 4996 5019 5026 2121 2162 1166 2300 7281 8123 5111 4219 4712 7483 8099 8120 8122
11915 4782 5922 1278 2717 4875
11916 6171 3308 6168 6653 5322
11917 3301 5778 6501 5282 130 5406 5987
11918 8461 5739 5740 5570 5621
11919 5611 7162 5301 6717 6062 4027 7280
11920 6311 6310 6920 7145 3373 3780 4074 8449 8442
11921 5202 1191 328 3295 3587 6937
11922 3003 3792 3794 2949 3004 5702 1467 3559
11923 1441 1438 797 3088 1440 561 565
11924 1547 2152 4474 4144 5019 1617
11925 5956 4026 2708 1980 6784 4041
11926 1200 1437 1723 2973 6975 7475 655 2123
11927 3543 6342 4401 7453 8094 8421 8491 8378
11928 1489 7313 7728 1712 469
11929 4032 2812 4616 1185 6732 3176 7371 1557 6879 6839 7045
11930 3241 5339 5985 7147 8160
11931 1524 2894 5655 1289 225 2635 5832 5791
11932 3791 5945 3640 6918 732 342 113
11933 470 618 2484 2566 2962
11934 1138 2264 2933 5485 3814
11935 2194 4286 3736 5027 2771 8070 1751 1887 4242 7425
11936 2066 2187 2188 931 6631
11937 3719 3838 6599 7857 7858 7993 6600 7859
11938 3835 7936 3073 6511 6975 6010
11939 605 4359 5368 6604 3325 7050
11940 2179 7084 1950 6864 5817 2770
11941 537 1200 2534 4336 6611
11942 2229 3829 3988 3150 8328 7672
11943 938 5019 652 1376 4105 4379 3321 3936
11944 5673 1271 1064 7744 7741
11945 2152 971 2185 3916 5032 938 3541
11946 2847 4670 2049 6196 1183
11947 2155 2972 4140 7743 8249 7256
11948 4535 5155 5917 2968 7476
11949 2505 1973 1976 3572 610
11950 1488 2892 333 2723 7089
11951 6358 6485 2229 5310 8225
11952 6047 7805 1719 2124 4628 6227
11953 2894 3620 7762 6490 7823
11954 13 7 3888 5128 4140
11955 2740 7500 4179 4835 2070 3320 352 6534 7869
11956 194 1588 5019 598 1817 4522
11957 3602 5314 2505 5747 3916 3917 3922 8393 8479 7559 8329 8510
11958 3298 7695 2926 2343 938 6544
11959 3814 7528 1317 6011 1774
11960 6111 3189 6534 7292 1589 5684
11961 6865 4116 17 5424 7256
11962 3723 3497 5747 6920 8162 8444 8089
11963 36 332 2474 4049 2561 7500
11964 2079 1703 3183 907 6145 814 911 1341 2869 5026 618 8467 4615 4644 7759
11965 2264 6284 6592 6943 8270
11966 4670 6717 4909 5098 8128
11967 726 1413 534 857 2433 808
11968 4980 4637 7347 5056 7121
11969 7145 7147 4401 7969 6330 8185 8438
11970 464 1547 5218 3378 463 2225
11971 3101 7394 7444 3100 4361 7476
11972 350 67 5392 6972 7172 244 1022 4991 6270 1640 3357 5083
11973 4176 5303 1428 7247 6828
11974 610 3666 928 6540 6541
11975 7145 4401 7952 3643 327 3373 3780 8378
11976 755 2826 2828 4553 5113
11977 165 1428 1818 5663 8003
11978 4016 8116 4862 5885 7411 7929
11979 66 1692 3130 323 63 1617 4750 2279 4710 1568
11980 4848 2939 5402 197 416 6046 3620 5067
11981 4116 4163 5118 898 970 2868 4164 6604 521
11982 5754 1260 1723 2155 5230 4866
11983 1710 1589 4164 5312 4407 424 524 4445
11984 244 1428 4179 5026 8023
11985 4563 2136 2185 245 3116 5929 130 198 225 1155 464 6788 1022 7162 6892
11986 1338 2093 1966 3327 4116
11987 2561 4687 5751 6465 5912
11988 1428 2155 2225 4534 4689
11989 56 4903 1306 3390 3990 4035 4191 3468 1489 5730 7531
11990 1686 6925 3004 4032 1723 4496 8366 2821 4353 1353 3379 2950 6703 6732 7672 1907 1986 2976 6733 8170 7781
11991 4347 6250 1723 3000 7128
11992 7331 7077 5061 3857 833 6975 7790
11993 2853 6017 1817 3060 6854 3750
11994 5299 5621 3284 4360 4524 5200 3148 5201 6915
11995 604 2312 4812 4599 5019 63 4160 6110 219 2384 3589 3735 3842 3845 4257 5473 5893 8215 8239 4350 5030 5864 7928 2209 4383 4585 5031 5260 6244 2230 3582 4394 851 4059 7377 1118 8286
11996 1512 5622 3090 1833 244 6231 945
11997 2944 1160 2615 5164 8249 8034
11998 1459 4316 4328 6524 2382 2423
11999 617 3395 6197 526 7106
12000 1056 3367 2225 1599 3937 3279
12001 2399 7326 2286 2449 2515 5776 3921
12002 945 947 8194 33 8364
12003 3922 2557 3410 4280 4886 5999 6788 7280
12004 829 1261 1599 762 639 1682 4486 6310 6492 6282 7969 316 8383
12005 3697 469 2155 2565 3829 4684 1207 6027 6434 6516 1200 1409
12006 5747 6191 4423 6605 6473 6592 8317 8385 596 4940
12007 663 1122 5066 711 6488
12008 1685 4129 6600 4280 6544
12009 1833 1189 1489 2418 3085
12010 3570 82 932 933 1182 2048 2817 3379 3560 3829 8193 1485 1833 3468 4337 6314 775 1166 3217 5286
12011 1617 1682 6377 6854 1678 5735 7080 7702
12012 1692 2964 4476 6844 6715 8184
12013 2523 3825 4807 7475 6975
12014 330 4313 4416 7113 1428 6198 444
12015 4902 4337 2976 577 1135
12016 4089 5325 3013 7544 3315 4002 4383 6058
12017 4903 4621 526 3060 5242
12018 5208 2347 7508 7905 1578
12019 1094 4329 5108 6975 2052 3191 5026
12020 469 3467 5164 773 6258
12021 635 1836 1834 2285 6377 4134 889 2226 380 1887 2781 4420 5621 350 3399 3758 3943 4553 5790
12022 673 3707 6186 1846 4119 5309
12023 2662 468 639 3460 6855
12024 2999 3324 1833 7555 7376 244 2547 3560 5546
12025 2803 3674 8173 4090 6202
12026 5282 209 4430 3814 222 2963 6088 6824 4378 4855
12027 4667 953 5721 2668 7292
12028 3075 1730 3960 350 3284 5898 4793
12029 848 1564 6903 5468 3444 3666 1541 5920 6593 5492 7463 6118
12030 3587 1437 5077 359 360
12031 6314 2973 6202 1260 269
12032 3974 378 500 886 1437 3191
12033 1880 2419 2279 4460 8022
12034 1952 1655 3943 4809 5218
12035 3372 5261 2061 4226 2757 4463
12036 2271 902 4122 4379 3444
12037 3643 4401 8283 8443 8478
12038 1588 2962 5621 6295 3766
12039 60 80 2828 6040 6049 6703
12040 7700 4377 4809 1682 8126 3444 6422
12041 4857 2189 2526 2605 3200 5062 5093 5800 7038 7570 7568
12042 7837 7157 8274 8444 8442
12043 1941 6659 1112 5055 7571
12044 294 947 4091 5075 6085 189 2150 5358 5428
12045 1050 3146 4113 5019 5723 1010 5916 901 3037 3814 939 4011 4360 1428 3076 7937 5489
12046 1124 3162 3416 5451 3060 4540 4586 359 6335 6645 6650 4978
12047 434 2125 2585 3284 3325 3352 5191 2055
12048 8326 3223 3811 6640 5057
12049 1543 2261 26 8267 7107
12050 5747 6311 6310 7923 7339 7469 4401 6196 7837 1139 6330 7766 7025 8292 3780 8303 8277 8433 8434 8451 8093 8448 2798 8444 8471 8442 8276
12051 1308 1367 1723 4709 3138
12052 468 5429 7156 7181 8038 6264 6943
12053 1497 7195 464 5839 5840 6758
12054 66 3928 244 3916 7579 7280
12055 7598 8443 1428 8442 8444 4082
12056 5916 3417 6854 6277 7511
12057 4206 1719 5041 6192 7824
12058 829 2225 4183 5019 2819 7463
12059 2229 1629 1204 2620 705 2821 2153 3676 3835 2206 4032 1343 1161 2664 2066 1519 3184 1194 6310 6312 5916 4980 6731 4223 7923 1460 7128 5805 6535 1434 3506 6438 7420 7286 3566 6250 2976
12060 3814 1966 7031 7803 8460 304 1066 1896 3694 7280
12061 2831 6375 6376 6591 7731 66
12062 3501 3211 3087 4067 2261 8230
12063 2484 391 2957 6266 468 812
12064 244 697 753 2311 3418
12065 202 250 2892 41 6750
12066 50 464 1695 4235 7857 2962 5297 6284
12067 5308 7783 7784 8252 975 7731
12068 1070 53 2241 5621 1178 1216 1741
12069 350 2827 2185 3662 6632 4654 6560 7938
12070 1980 1489 705 3513 7938
12071 1367 5155 6285 3691 8072 892
12072 2170 15 1881 3147 5214 1593 6347 6650 7515 8044
12073 1564 1285 1427 7730 7738
12074 3147 2688 4532 3681 5460
12075 3269 5416 831 833 3539 8038 2554
12076 408 2125 419 3551 3640
12077 4929 1512 1513 1539 1910 2292 5728 383 3054 981
12078 1307 1519 1723 3374 3375 3380 5688
12079 2853 2137 2269 3019 4004
12080 2207 2687 6322 2647 2044
12081 12 1374 1520 56 3105 2295 3676 2286 4655 4653 6312 4082 7466 4401 2156 7339 500 8510 8505
12082 350 1840 4554 3181 3717
12083 1594 2396 5755 3510 7590 5113
12084 1428 328 1250 3060 1910 364
12085 2468 6578 2464 4853 10 3526 4223
12086 6310 2016 533 2196 6765 5332 6195 4401 8220 1874 6721 7980
12087 3124 1435 903 1729 1751 2218 2398 3159 3641 7066 2397 2810 3440 6097
12088 4331 815 1823 4311 5953 7551
12089 6611 6479 1354 6550 7941 2694 2207
12090 1428 3344 2148 7289 8405
12091 5181 2908 5109 6384 6816
12092 1821 212 237 6043 2961 719 2128 5346
12093 1682 3147 3993 3181 1744
12094 6965 2545 976 1901 5238
12095 4522 610 2312 1050 7076
12096 2125 227 340 1455 150 224 222
12097 5116 1363 4316 5029 500 6321
12098 2908 7675 7765 7785 7219
12099 4916 7506 1685 1817 7201 7202 1428 2404 464 3378 4249 3734 6804 7353 7638 8053 6407
12100 3679 1313 2587 5365 5982
12101 269 705 1353 1723 5622
12102 16 2170 2264 5621 1280 3587
12103 3984 5026 5200 1599 36 1681 2733 8189 2225 829
12104 2694 3468 6431 7475 7551
12105 244 1007 404 7468 7453
12106 6244 3035 454 851 4160 5815 6243 8009
12107 935 6717 7175 7935 8464
12108 4276 590 2967 4918 7489
12109 2229 4492 610 898 5691 893
12110 487 1078 3191 4082 4179
12111 1228 1996 3138 5273 5583 7423 2011 2315
12112 637 1245 2481 664 3197 7539 589 4934
12113 2750 3325 3191 3476 4015 4925
12114 6231 7042 6187 7777 3814 7556
12115 4319 782 1864 6987 705 945 946 1829 4588 5732 7005 7639
12116 3968 875 4973 7722 1143 8343 970 7220
12117 1428 3333 5377 2439 1764 6768 4504 6777 8164
12118 189 253 1455 1617 1653 4239 4997 7484 7857
12119 7954 1200 2925 3090 4879 6186 7162
12120 1508 125 164 3207 2635
12121 6312 4082 7453 7551 8220
12122 66 3403 2419 5256 6220 610 1201 7088 7619
12123 3173 1317 5582 6307 2955
12124 1861 5027 1437 4151 7710
12125 464 970 4603 5468 8064 8341
12126 6933 6958 1096 1442 2139 2339 4200 6361
12127 464 922 923 924 928 1285
12128 2677 3855 4457 4853 5657 2681 3856 5566
12129 708 2650 489 2545 3038 7510
12130 7064 7082 705 1200 3004 8413
12131 2618 6721 5581 7236 2238 3107 4276 1847 2605 2953 2973 4862 3149 3267 8057
12132 6611 4617 4451 6435 92
12133 2326 2327 2329 3060 4517 6223 6943 7602 8167
12134 1588 1617 935 1269 4164 2266 6334 7490 4163 5201 4813 6066 2938 6215 6493 7503 8023
12135 500 504 2870 2884 5189
12136 2841 3752 6534 600 5030 7854 7292
12137 1011 4643 5188 1974 3134 4878 6204 7840 5008
12138 651 1676 1817 2270 2706 5606 1703 4327 1756 5026 2300 1488 3090 350 1850
12139 4001 4291 5800 705 383 981 7095 7458
12140 3698 5062 3765 5494 1723
12141 4655 6310 7551 7691 7692 8318 7693 8096 8316 8502 8484
12142 2069 4202 216 227 232 5324 225
12143 1630 4944 4945 2363 2364 2309 705
12144 939 3189 6854 4900 6898
12145 6312 6238 7877 3798 5740 7693 8316 8318 3336 3399 6264
12146 5019 7798 8060 8120 8123 7187 3480 7809
12147 1135 2333 3468 3664 4140
12148 5546 7208 7555 7556 7782 8252 7376 7817
12149 1063 2399 3506 7551 5622
12150 3391 5554 5874 2973 7421
12151 4973 2162 4179 5276 5776
12152 187 200 663 2561 6956
12153 2589 888 3145 2269 5483 5581 8070 6199
12154 3001 3004 3499 64 2229
12155 5275 2686 4772 1435 6560 1682 6646
12156 2664 3888 4622 1784 3005 8091
12157 3261 7374 1426 4524 2610 4996 5735 7326 7337 7987
12158 83 195 595 601 2136 4015 4379 5615 6441 6730 7124 7901
12159 82 4851 3764 4291 5893
12160 1018 5691 5692 5720 7188 7191
12161 5904 1075 2121 3444 1065 7318
12162 404 2528 2938 3090 5026 6854 533 4587 370 2639 222 1524 290 2314 5111
12163 6161 4015 4163 4781 7457
12164 5621 5414 3043 8234 8237
12165 1094 2138 824 6924 6923
12166 3291 130 3213 7310 143
12167 1966 6153 4366 1160 1249
12168 6189 6830 7153 7551 8220 8505
12169 3860 64 2320 2726 5414 6441
12170 2853 74 857 8023 2682 2885 7056 8199 956 4179 7948 8383
12171 705 2256 2987 6516 7118 5016
12172 3866 2029 2963 3868 7637
12173 2053 7277 3784 303 468 3825 6370 8391 463 1817 4008 6237 6421 7280 690 6962 3587 6493
12174 2089 56 705 2933 3830 5953 6572 7963 2244 773 8269
12175 220 2860 3557 8153 1455 3618 3791
12176 596 5096 924 4280 5950 6158 6493
12177 6197 5144 7621 8217 533
12178 2892 4955 104 148 1103 4261 4760 258 8153 340 2288 2580 3505 7794 2002
12179 306 1044 1756 1940 1966
12180 997 1929 5651 6833 2254 5221 5722 2255 3273
12181 3637 3638 6533 2226 53
12182 4244 4440 5737 5810 7236 5738 5298 316 2434 4275 3917 5884 5880 2185 5161 8174 621 2200 4441 5377 6663 7055 467 2755 1540
12183 691 2185 1428 2580 3475 4320 7162
12184 1160 2232 8237 74 1489
12185 1334 833 4330 5327 2636 2784 3689
12186 2219 2132 464 726 5621
12187 6493 4144 1540 7051 7129 1060 4763 7252 942 839 4710 7070 16 7757 7375 5644
12188 5321 3103 1359 2831 7732
12189 1489 4924 6053 7639 1006
12190 4091 8118 164 713 6762
12191 691 2625 4179 5019 5026
12192 5621 3436 4248 5019 26 3476 6876
12193 2338 2248 6810 773 2418 3377 3381 2155 7113 1423 2933 5016 833 4077 3669
12194 2661 2939 2002 5791 1253 1760
12195 3227 2238 8124 2664 7313
12196 44 1499 3354 1488 2789 3323 3340 3798 7463
12197 7146 5210 7551 8094 37 4019 8491 8442 8443
12198 3814 4646 5653 7496 7308 7661 8087 2418
12199 6949 2370 5026 6294 5674
12200 284 5048 6002 255 254 370 5432 2314 1536 5506
12201 5077 5857 1032 1165 1153 4294
12202 3212 1354 2693 2748 3107 3121
12203 2384 2245 4350 5565 7236 6108 7572 2581 2708 1489 6975
12204 4336 3444 4276 1642 3181 3639 4441 4598 5019 5339 6458
12205 233 2093 2663 3198 4827
12206 66 1604 1813 4550 639 886 2185 2219 2427 4013 4461 4607 6494 328
12207 1910 3814 1273 2853 2307 2400 2422
12208 1132 1133 142 7216 2688
12209 575 2777 2843 4289 4383 4395 5856 6865
12210 1156 8143 5061 1329 1924
12211 2066 4189 3175 3004 6857
12212 3829 1495 4025 113 146 346 356 2526 6086
12213 3099 3903 2772 5665 1491
12214 1966 1711 1346 3670 4499
12215 1966 5027 2962 1777 8194
12216 4341 34 2884 4656 5077 7709 526
12217 3066 5151 1608 2185 5790 3372 5868 4404 2580 3697
12218 4655 818 1505 2064 3814 3773 4719 7254
12219 3197 3904 4482 713 4380 833 3467
12220 4216 5577 1367 7475 8410 8093 8276
12221 2226 464 1010 3596 3149
12222 1031 1098 1325 1326 1557 1608 1734 2151 2755 3341 4206 4369 5750 6179 6255 6577 6843 7509 7935 463 673 675 676 1024 1143 1238 1492 2229 2803 2847 3332 3630 4938 5107 5167 5253 5915 6256 1389 142 401 6764 8224 8308
12223 898 3091 3925 6049 7508
12224 7304 754 6583 3321 3404 1635 1760 5365 4974 4734
12225 2755 4980 3829 5622 937 4140 5953 6572 3438 3381
12226 837 1026 1425 2386 1949 2279
12227 5839 8384 5492 6758 36 856 2750
12228 4091 132 146 202 248 582 1526 3556 3620 6801
12229 6893 6902 5759 306 4037 6520 8256
12230 2513 3784 5776 5920 7076
12231 3102 537 1204 1821 1864 2155
12232 2137 5323 6868 7089 7139 8192
12233 5662 1181 4608 3587 3759 5580 1228 73 6264 2974 5038 1211
12234 3549 6044 5245 6154 6890 6899 7700 2962 3994 7665 7438
12235 5075 222 2902 3657 172 189
12236 5891 53 2430 3181 3476
12237 817 3710 5691 837 1817 2679 5019 5198 5621 1092 1601 3605 3936 7247
12238 1942 2403 3706 5711 697 7262 2395
12239 1763 332 1529 1462 2688
12240 6730 4940 7076 7802 2120 3677 4780 815 3321 5787 5840 6007 18 2152 3509 8235 8126
12241 6005 1538 1589 1976 5720 4276
12242 8023 7962 3915 538 4468 4710 7509
12243 6111 833 1489 6076 2419 7940
12244 4205 1774 5422 6392 7425 7498 7932 3477 5209 5585 5178 2580 5148 3514 1795 5927 8488 7950 3539 3757 4495 5236 8038 8301
12245 1625 4450 44 575 1353 3381 7828 2454 7169 2785 3650 7038
12246 6333 26 4280 7534 2457
12247 7 5075 183 3640 4131 1200 5249
12248 7033 2444 3626 5332 521 1140 1668
12249 898 2868 4164 7457 7032 7800 3327
12250 2707 3508 705 20 1200 5728 1409 540 2529 2740 7781 6811 5447
12251 1584 1670 2028 3701 3929
12252 1206 971 4646 95 1437 3889 245 714 4746 918 1280
12253 713 3787 5764 708 279 6019
12254 4981 470 1262 3587 4105 6592
12255 1547 1316 1925 2152 911 1286 1970 1599 829 687 991 2417 99 3273
12256 1367 5691 7189 7191 829
12257 1547 3710 5170 2475 4574 6354 2264
12258 1462 4706 4559 3799 5344 618 1654 1741
12259 3275 2067 7089 3542 7497
12260 3526 3816 3704 1633 1200 2207 2687 8404
12261 7500 1565 1053 6312 7136 6330
12262 1423 2238 2529 5112 1812
12263 2138 1550 1680 2474 4304 2477 2829
12264 6310 4401 2686 1245 79 880 2107
12265 3866 3868 5379 130 4481
12266 924 85 7637 1852 2039
12267 2739 5929 5981 4796 1232 6937 7412 1280 8347 6758
12268 2346 2634 5061 6314 7243
12269 3860 2514 2845 3296 5939
12270 5747 6310 6919 6920 4082 7926 3642 4401 7157 8274
12271 1940 2121 2162 4119 4845
12272 4049 4122 8094 1847 3829 5953
12273 713 1836 5845 2306 8383
12274 2140 419 2928 3553 3520
12275 7404 2124 7038 2956 7184 6667
12276 895 464 1316 5852 6599 639 924
12277 1833 2060 2244 2933 3967 6938 6314
12278 3747 5968 3925 5268 6275 7017
12279 3960 4623 6172 6556 3073 2726
12280 36 50 1247 2582 4379 4574
12281 7207 2312 36 809 5839 5840 6681 464
12282 1044 1046 4973 5091 6057 6269 7906 6263 6266 7583
12283 1519 4535 7744 1833 6063 8262 8193
12284 712 3314 4795 6518 2101 2171 6854 8094 2300 6888 67 5465 6088 1589
12285 3898 8196 1873 3381 1260 8288
12286 16 890 1428 3418 4116 4154
12287 1794 2276 2286 5747 5776 3577 6312 6492 6671 6196 8303 8378
12288 3872 279 2635 4857 1092
12289 464 2680 942 1547 1752 5019 5275 2781 6592
12290 712 1567 1952 4536 5579 5892
12291 5373 1053 8360 4826 8448 3091 4419 7351 8485
12292 8184 125 202 2358 5282
12293 129 6749 415 6767 3619 7362 408 3873
12294 2125 5975 1713 5429 5075 3824 113 234 2591
12295 3109 3445 7342 7076 6534
12296 4460 5032 5518 7808 4280
12297 918 1488 2148 4399 833 5286 4450 5038 4733 7521
12298 380 6804 77 3123 3274 6931
12299 2739 4273 6354 7549 7650 8198
12300 5800 4025 5270 4231 3176 4980 6172 4699 7743 1309 1489 2919
12301 6612 306 18 898 2120 1428
12302 3968 2471 4280 4634 66
12303 4307 6975 4325 6134 8271 8262 2200
12304 705 3829 8338 1260 2572 5016 6516 1160 5000 3084 8269
12305 708 224 3627 4204 5094 1524 3618 5066 6723 104 256 4506 5837 170 234 281 4854 113 169 177 290 2040 2111 2453 3575 5358 5359 6762 131 7132 5362 192 161 3557 867 1666 7623
12306 3497 48 3343 6239 7146 6550 7551 7924 7475 6683 8094 4503 1847 1489 2843 3544 3707 6597 8436 8483 8486
12307 2463 2066 2605 159 704 1353 945 1378 2310 2220 3814 2825 1073 3688 3695 1489 1485 575 6327 7229 4424 705 1821 6406 537 7212 2156 2977 6631 1902 449 7780 6628 5346 7781 6622 3773 2484 5581 2740 8410 4924 5164 8427 3535 351 6186 8497
12308 3560 6620 7020 7931 7938 705 1056 1593 1714 2185 2526 4044 4243 4441 5346 7570
12309 1389 4576 5971 6231 7551 3302 3444
12310 332 468 650 1624 2225 2460 2226
12311 6739 8309 1910 5621 7129
12312 2670 5228 3596 64 6269 2261
12313 166 4504 2024 6244 6743 8009 1237
12314 4325 4331 4395 5015 7313 7475
12315 398 2664 5476 1035 1253 6436 6439
12316 1011 2561 6787 2060 7161 6893 6900 5729 6764
12317 4207 2148 5762 309 7177 7560 4838
12318 630 3881 352 3476 7619
12319 2138 6522 4617 326 3267
12320 1206 1228 4440 4438 26 4442 2505 603 6377
12321 1000 8391 2484 4067 8336 7510
12322 831 1353 1723 7308 4228 705
12323 5382 6130 697 3969 8284 7523 4646 8060
12324 846 2816 3925 7356 1012 7028 7036
12325 5621 616 4898 7195 135 6915 419 2115 3140 5066 7403 1122 137
12326 5325 5326 1200 2155 5062 3003 6192 8065 8410 8453 8494
12327 2495 3916 705 2238 6975 7573
12328 6915 7136 8113 8075 8132 8133 1264
12329 463 928 2225 3134 1802 3891 4416
12330 1976 6644 6716 7065 6715 6663
12331 125 416 1524 3521 2963 6767
12332 6854 7514 1770 7202 6434
12333 5583 17 6608 7371 7737
12334 952 3766 459 924 944 6820 6818 7303 1359 4723
12335 2903 5321 6186 6979 978
12336 4320 4838 6264 3925 2185
12337 2555 6742 785 3900 5461
12338 2674 1617 4751 3840 4383 6570 3071 1159
12339 2748 2750 5064 1221 2418 705 2538
12340 4194 468 817 819 7489
12341 673 2567 1367 705 1958 6250 7128 2565 1768 7546
12342 1489 2189 2782 4369 6108 6975
12343 7313 7475 98 1160 461
12344 1428 2628 925 1262 3189 3368
12345 2553 4669 882 2484 2843 6028
12346 3476 3957 4083 4249 5621 7534 646 1238 3444 4379 4733 6670 1752
12347 3301 168 842 3137 7642
12348 8324 4025 5337 6409 6472 7420 4769 5334
12349 3244 1682 2185 6699 7489
12350 691 1547 2378 18 463 1394 2449 3404
12351 1088 3383 3421 3758 5201 3766 3839
12352 3529 8086 705 4369 8258 7493 8269
12353 3312 99 4216 1585 3523
12354 1595 160 1524 1574 5026 5083 5772 73 1710 4442
12355 617 4523 4689 7621 8383
12356 464 533 602 1541 3666 6381 4906
12357 2717 3487 3850 5369 1604 705 5622 5550 8021
12358 4140 4202 4567 4801 6557 313 430 6973
12359 770 4401 4082 3444 8109 3642 6330 8075
12360 2305 2567 3632 430 705 3950 5465 5687 1712 2248 6075 2010 3444 3653 1980 2156 3468 6180 7394 7789 1917 5485 2217 3227 367 470 1896 1993 2565 3215 5047 5140 6605 8047 6284 8240 4885 2605 4592 387 2705 3272 5905 7340 5271 8454 7360 3320
12361 819 6639 6680 195 2185 4958 2748 1732 3325 6544 2065 4478 194 758 6333
12362 3572 2853 3372 3860 4967 1846
12363 37 831 3379 2903 3381
12364 2895 3829 5953 7933 3379 5286
12365 42 468 500 610 1949 7050
12366 6098 5693 4116 5730 1206 8423
12367 2063 4059 6854 6894 6899 7113 7205 4441 1621 6244
12368 4808 2137 2530 3191 5218
12369 2271 5949 5218 3444 4932 7475 7551 7401 5622 7969 4925 6493 8066 1065 2601 575 472 5439 4750 5977 2840 2184 796 8127 8436
12370 4867 3541 3830 3831 5019 6740 2888 5344 4023 1423
12371 3626 502 462 1702 5470 5526 36 5524 1506 6146
12372 924 4492 1500 4401 2625
12373 468 332 463 6937 7349
12374 1228 380 459 524 667 3191
12375 2033 1205 2853 2169 5299 5470 4493 7061 3280 7287 1596 1682 4726 7240
12376 4559 6633 5290 7525 1774 5145 2873 6000
12377 4716 1489 3177 3341 4715 945 4581
12378 1589 2757 4933 7590 2758 7698 3090 463 928 1368 2300 3189 1529 2185 2408 3915 4646 4800 5026
12379 453 454 974 1234 6550
12380 2279 3155 5754 1817 2789 3287 36 6494 38 1588 2264 5344 6842 1497 1620 3584 6371
12381 404 141 142 143 2273 6736
12382 584 5321 6738 6327 2248
12383 4588 5915 1485 3311 6252
12384 2025 2027 7259 1512 1539
12385 8 114 2207 3003 622 7780 3857 6135 7531
12386 6152 1756 4980 7955 5731
12387 1842 2668 463 943 1584 1046 5747 5301 2725 2631 5298 2750 6693 6692 8341
12388 1917 3150 753 5553 7096 3924
12389 1547 4179 5026 140 1838 3766
12390 1861 1869 1891 7508 4664 2754 5424 7533 2718 3444
12391 1536 5066 7945 130 3240 7762
12392 4990 6358 7015 3950 7781
12393 295 135 370 1524 6081 1304
12394 66 3946 5747 4082 2156 7339 7837 7434 4401 8385 5237 8451
12395 102 1489 5055 7871 1918 2473
12396 503 435 2643 7565 1012
12397 5772 6452 753 991 1516 3799 4440 4441 4886 5026 7175 7533
12398 3829 6371 5647 2856 3690 5291 1589 73 2264 3138 4614 5030 5031 5033
12399 7672 5286 537 2153 3178 6887 7744
12400 4672 5011 5129 598 4154 6592 5141 7497 66
12401 2092 7769 4212 6898 8148 669 3090 4040
12402 66 4796 8024 1018 4574 1001 4361 6718
12403 4281 947 4410 7717 1234 1056
12404 4043 4447 3545 5580 8224 1910 4120 4704
12405 633 4273 1646 2018 3710 2668
12406 3188 5665 7293 3124 92 2397 3810 2307 5568 7551
12407 4183 5425 5426 810 2064 4958
12408 5912 3138 1873 5185 7609
12409 656 6266 1892 4442 3049 4357
12410 463 2518 3943 140 2557 1262 2170 4121 6675 6741 956 1818 657 1584 6541
12411 924 1589 1838 2368 4805 5736 5845 6317 7100 7654 2185 2484 5739 5740
12412 245 502 2815 5687 4655 3476 5750 3710 3984 5473 3087 5729 3444 3832 5231
12413 796 2343 5031 2185 5033 7390
12414 4949 7701 1524 2230 2792 2915 3246 3249 6980 7400
12415 1416 2841 4497 2536 245 7174 7175
12416 3138 35 3176 3317 3765 4231 4738 5802 6456 6627 6985 7531 561 1644 5813 4186 7974
12417 4880 4800 1880 460 2297 3365
12418 5429 7092 5857 2137 3576
12419 3497 6192 5786 7049 7893 8049
12420 3117 4140 2229 8094 2768
12421 463 2878 3820 4341 2484
12422 597 1617 3273 3838 6604 7231
12423 5120 4733 796 1428 5885
12424 2229 1771 2803 3947 4657 4537 7136 4082 4401 7453 7758 6535 6141 8111 8295 8065 2139 8450 8477 8442 2976 8444 8088
12425 1861 1516 95 2785 3029 2578 3560 4140 5327 5498
12426 1589 21 7861 1763 6600
12427 322 2841 6284 7590 7597 7598
12428 741 6186 4771 7858 2586
12429 2231 5212 5390 262 1427 4831 7425 1593 3571 958 7287
12430 89 2956 3829 3459 2608
12431 56 1156 2709 3560 6992
12432 786 3281 985 5218 6592 2603 2898 3232 6612 7231 7669 7774 8030 5521 8078
12433 1770 601 1599 2748 7913 5843 6876
12434 3090 303 3839 5309 4441 354 5019
12435 1609 6231 6739 73 1140 2165 598 1128 7273 5085 36 7226 2146 3222 575 2484 5600
12436 971 6600 6604 7647 8189
12437 1804 7162 6692 924 2619
12438 1683 1887 5412 6799 7720
12439 543 2740 2933 4822 6100
12440 3327 6377 6687 4916 2484 3541 3858
12441 1353 4980 500 4715 573 615 2184 4825
12442 1540 2313 5439 2170 3173 3128 3038 7642
12443 468 2484 1516 2200 7612 1589 4442 5019 7390 392 8270 4300 7435 938
12444 303 690 813 848 8379 66
12445 5546 6186 3277 4369 5062
12446 3021 3004 4322 5187 5188
12447 946 2514 6090 440 6186 8195
12448 5700 2058 4823 6979 7518
12449 1160 5476 2135 2803 3368 2066 6186 2755
12450 6938 7049 7892 8452 8426
12451 4183 378 4151 4440 6854 2484
12452 1367 2664 3730 4655 3334 6611 7324 5856
12453 1995 2980 5597 459 7548
12454 1802 3013 3565 2740 1288 4855 5289 128 5779 7475
12455 1996 1846 2755 5788 3918
12456 1991 2299 1349 6943 7647 3925
12457 600 1193 1974 1976 3195 1904 8046
12458 5980 4549 6186 1874 8023 8452 8450
12459 258 8153 193 5264 7043
12460 4888 846 2572 2707 4866 5409 898
12461 1455 3919 4380 257 5075 1293 5416
12462 6310 6311 6312 6671 6528 4082 7136 4401 7434 8221 7693 8096 8316 7691 7692 8317 8318 8433 8449 8451 8185 8448 4074 8431 8088 8089
12463 5453 6157 2060 4980 5730
12464 1751 2137 6186 2289 8354
12465 616 1975 3227 7912 4785 6334
12466 2002 2561 2958 434 4862
12467 5747 6946 7453 6853 3060 3969 5083 6600 6873 6874 7232 8038 2561 1194 1316 1428 2893 5939 6599 7801 8421
12468 3197 3368 142 207 879 1474 5476 6039 1424 1440 3798
12469 5306 7254 5886 4765 6537
12470 113 130 5379 6419 6590
12471 3927 468 1617 3925 7736
12472 1207 1353 705 1825 2534
12473 1056 1489 2586 3085 4407 4670 4715 5063 8252
12474 433 7130 113 5919 163
12475 7631 2578 2701 3377 2292 5000 8252 3035 5972 1367 5155 7609 2207 454 574 2976 5253
12476 4759 2519 890 584 2056 605 583 5634 4337 5008 454 4711 2903 1070 2557 2908 3341 4440 5836 3560 1489 2901
12477 3944 396 7811 20 7594 7600
12478 1794 1796 3297 4406 3864 5927 6454 6610
12479 7280 7959 8316 8274 8471
12480 691 36 819 2964 6949 5414 4378 1511
12481 6899 832 6867 7107 6935 7937 6365 1234 3587 68 1206 2996 3498 2705
12482 5811 777 6420 156 2902 4951 6936
12483 708 552 174 1536 4448 6488 7362
12484 3921 3917 3922 3944 6267 3191 3768
12485 2384 4325 5056 5276 5691
12486 2135 2523 2708 2714 3381 1492 1489 2803
12487 697 1194 4379 4460 4680
12488 194 3710 4015 326 4179 7559 3587 602 632 5342 6197 7760 2580
12489 3033 359 1506 2136 3922
12490 2783 2769 2726 4249 7201
12491 20 3946 66 463 693 921 1228 1428 1928 2147 2668 3145 21 626 5747 6310 1057 4082 4401 5218 7136 7453 7691 7692 8317 8406 8442 8443
12492 6473 5377 2444 36 2962
12493 3758 618 6967 1600 2119 3049 7757
12494 1910 3865 5622 7900 8223 4535
12495 5082 795 1479 2484 3727
12496 3839 4358 4967 2765 3029
12497 686 704 2240 2940 4608 5414 1741 1200 8023
12498 5055 705 7685 7745 5562 7672 1489
12499 6915 4448 1455 1526 6451 7108
12500 2853 532 756 3476 4105 2415
12501 1517 834 5062 4988 5288 7475
12502 4171 1575 537 1387 6457 6810 526 3779
12503 76 610 3212 5429 5480 5254 1587
12504 1765 2868 7143 4710 4510 6724
12505 1551 4531 5923 6544 7844
12506 2185 3587 2284 166 4065
12507 3916 3925 6319 3060 1488 2430
12508 4714 3766 4119 4514 4796
12509 622 1135 1712 5312 2956
12510 5621 6975 2295 4537 1847 4206 3829 5955 1138 2492 5164 6572 2523 4622
12511 1595 3052 4112 5841 6584
12512 6663 5624 1573 1593 367 2903
12513 2484 8116 1531 2729 2919 3820 6956
12514 1895 5052 2663 207 1685 6187 695 1245 263 493 2791 5813
12515 1784 4622 4035 4675 6970 7672 1367 7160 7572
12516 470 610 1589 4056 4274 4836 5621 2756
12517 2264 3659 3829 924 3379 5339
12518 422 6021 197 5730 1489
12519 5621 5739 5258 6592 6604 6085
12520 4203 6663 474 475 718 1793 2902 4239 5061 6623
12521 7129 4441 3626 6175 463 1449 4606 6174
12522 794 180 185 415 5976
12523 3444 5963 38 7078 7863 350 4114
12524 1823 3117 2122 3001 3006 3227 2950 8354 6857
12525 5320 5546 7555 8142 7806 1234 6090 7208 7784
12526 2505 1011 4730 5563 6353
12527 5486 5107 2170 988 2561 3587 6079
12528 4156 1833 2207 2544 6860 1160 3641 7906 1267 1592 537 1911 6186 8290
12529 5665 3506 3098 4350 3377 2187 2722 5182 2802 7761 5216 3468 1353 7931 269 7792 6857 4230
12530 5690 5774 6699 835 2229 4122 6314
12531 928 1194 2226 1505 1966 2229 5188
12532 5743 188 2189 8269 6975 168 1378 1616 332
12533 4379 4483 6181 289 546
12534 6671 4124 4401 4082 3826 2894 7662 7766 8292 8406 8093 8443 8442
12535 7555 7376 7556 5546 4666
12536 1444 1755 3043 4217 4817
12537 622 4140 5316 5771 5955 2956
12538 1391 4658 833 113 1103 7365 705 5970 7465 7920 8386
12539 39 970 4116 5376 6599 6950
12540 6356 1262 2264 3385 4940 7349
12541 1966 2892 1045 1047 1846 135 710 6867
12542 3560 1489 6560 7570 8066
12543 5139 2989 3779 3988 3883
12544 5056 5155 5457 5465 5622 6887
12545 4886 2139 2442 4369 97
12546 414 1524 6387 1301 2083
12547 1847 230 833 1197 56 1734 5916
12548 33 3191 3215 3739 5965 6600 233
12549 1167 3167 903 1166 6692 8506
12550 104 220 1122 3618 5066 6089
12551 360 1383 3635 6301 1446
12552 1327 2407 3097 2640 7552
12553 5637 938 5254 1500 607 1211
12554 130 5621 1373 1372 1374 7269
12555 66 633 2715 36 236
12556 5344 6982 1225 7155 7510 8023
12557 2073 3587 3614 4248 5965 6333 7534
12558 434 464 1589 5017 6284
12559 2264 1143 2153 3602 1619 7531 6975
12560 1220 2108 2190 5159 1367 2608
12561 7534 6638 6640 7056 5840
12562 220 750 6046 5072 3085
12563 68 612 1129 1839 1901 2178 2831 3091 3186 3814 3943 4372 4667 5285 6533 6949 4909
12564 1734 4812 6494 1952 6197
12565 610 1740 1489 476 2553 4928
12566 3671 1754 6738 3559 6433 2586
12567 2960 558 562 56 673 1306
12568 519 1975 112 1459 2264 2750 3260 3943
12569 350 7278 2266 1505 6333 3814 7937 8066 8230
12570 1606 2160 2381 3881 886 2918 5342
12571 3544 4281 7606 3267 6338
12572 244 697 5429 7161 3060 5167 5233 1125 4883 5739 7678
12573 1910 2258 7113 1540 3173 7292 7508 7579
12574 2037 2229 2213 2019 1200
12575 2284 3969 7205 6413 1428 1363 6854
12576 3119 463 1969 3710 4733 6377
12577 4596 3179 3345 6138 7271 3330 3344 4360 4361 6926 5045
12578 833 1482 1712 6141 6132 5060 3392 5802 1489 3004 1924
12579 1053 7294 712 3320 6509 2185 4276
12580 2286 3707 4445 4980 5210 6182 6385 1734
12581 5034 487 1234 6833 6793 8022
12582 5556 452 798 3684 5623
12583 6431 924 6810 2903 2973
12584 56 454 2620 5786 1833 2184 4347 3923 7136 4082 4401 6975 8019 8134 8411
12585 1256 1966 3524 1704 2544 3627 1271
12586 1917 2968 6250 7872 64 2973 6202 537 8094 4640
12587 1012 1104 2390 5429 1193 3444 5423 5991
12588 3176 4369 4857 6314 6186
12589 773 1828 2155 2248 3730 5063
12590 306 439 468 2766 3295 3602 3677 3799 3822 6018 6902 1861 4440 4733 5552
12591 20 1068 2338 6186 2815
12592 143 2930 938 4350 6285
12593 2446 829 1976 2264 6430
12594 3924 130 673 674 1682 7146 2976 8225 2900 99 222
12595 6860 5414 6358 8230 6980
12596 1195 1413 2795 3030 3515 3915 4522 5751 7162 7425 7588
12597 4387 966 3073 7428 444 2894
12598 2569 3245 4015 5218 6334 7700
12599 2184 2840 3829 5062 2742 3304 3349 8094 3988
12600 4082 7969 4401 6195 8107 8146 8449
12601 610 359 4286 4668 7448
12602 5698 932 2540 3060 5657
12603 1524 130 165 422 1303 870 122 249 415 1122 1454 2891 3620 6719 7585
12604 650 4785 5141 5218 6986 4379 5782 599 898 3284 5376 7318
12605 446 640 2639 4610 6592 3433
12606 1087 2181 2289 5538 3274 874 1881 712 4958 5544 4542 5628 1465 6201 5624 7403
12607 3379 5313 705 2155 4337 3105
12608 81 3009 3353 6186 6659 4866 6041 2786
12609 705 1353 1723 2155 2238 4340 5064 6518 697 1833 704 6975 7963 7173
12610 1924 4624 4899 8272 8369
12611 1768 6572 6659 1156 1317
12612 5953 2976 4206 1489 6887 5797 8393
12613 4655 7049 7819 8113 8244
12614 2557 3615 4002 5598 4605
12615 626 1258 2561 5739 6533 6818 7113 7204
12616 189 36 2552 397 8229
12617 742 1428 1659 1836 4280 7113
12618 4862 3752 2301 7695 2185 7162 7337
12619 4980 1183 3009 3273 6314 7416
12620 1489 2009 3007 6857 451
12621 340 5205 6719 7325 7437 8390
12622 4164 7651 3189 3195 728
12623 8038 924 1817 4183 4379 6956 244 4551 7292
12624 6310 6311 4957 4082 4401 7339
12625 2163 3835 5802 3813 6186 1200 1644 6622 6627
12626 2580 5544 2242 6634 1273 7106 1861 2831 3404 5929 6186 6980 4513 6197
12627 1122 1524 5103 6557 7325
12628 18 91 5171 6188 6239 7807
12629 2225 2226 2231 2349 2670 2848 2851 4979 2614
12630 3758 1707 5442 5558 5950
12631 3189 899 2260 463 2261 86 7612
12632 7094 786 2717 2156 3445 4414 5569 1264 7693
12633 6975 1644 6945 932 1717 6811 8018
12634 2761 95 190 431 851 5363
12635 325 610 3435 4577 5026 4057 2225 1682 4012 7290 4351 5752 7657 3108 5594 7760 3231 7292 4410 5004 7671 908 1594 1157
12636 4657 6611 2517 1727 36 899 1949 2311 4372 7425 7881 4119
12637 1723 3468 6186 6623 6629
12638 1995 2315 3381 33 7177 3925 5728
12639 416 553 2907 3190 7762 870 4955 5411 6702
12640 3946 1974 924 829 6310 4082 4401 7157 1510 1874 8442 8444 4150
12641 3363 5720 2670 4276 1506 1702 16 26 459 848 911 924 928 1540 1617 3223 4249 4781 4643 1505 7054 7619 6650 3121 2018 2019 4083 5568 6599 7841 3238 6000 4250 4031
12642 2891 4346 6719 1665 7214
12643 8200 8181 7156 8325 7113
12644 6317 3435 3992 1547 3215
12645 2184 4862 6197 7475 7551
12646 991 2200 5580 7113 6362 5969 5193 3227 66 7865 1552 1557 8043 1836 2668 5674 1247 8023 5668 925 3189 463 2368 7189 875 4758 2185
12647 532 1262 4105 2486 2361 1801 8235 466
12648 2256 469 833 4654 4655 5062
12649 371 739 1168 1281 3237 7429
12650 5485 707 2238 3315 6516
12651 6492 4957 5786 7146 4401 7551 8132 8244 8360 8295 8452 8444 8477
12652 2171 7230 1389 4154 5789 1853 504 1206 6275
12653 5363 967 4567 1454 7365
12654 2898 5407 5471 2603 4047 5453 4219 693 4712 5019 2580 8351
12655 2244 1763 99 2537 6189 6566 1912
12656 5747 6312 6671 4401 4082 7373 7157 7886 6154 8268 8406 2646
12657 716 3368 4631 6511 7326 4336
12658 189 879 1848 3647 4161 4342 4504 4527
12659 6200 5988 5430 7470 4686 7365 4934
12660 2539 6279 140 2484 4549
12661 1784 3201 5282 7325 130 582 3556
12662 2418 3105 3955 117 5346 2229 5906 3680 3743 7228 5060 5956 4629 3954 5916 6314 4911
12663 3391 1536 3787 5402 6212 5552
12664 1200 6314 4538 7765 4687 1772
12665 463 829 896 924 1685 2962 3670 4116 4249
12666 233 2100 5819 2028 8249 642 5519
12667 1656 2446 4286 2705 6788
12668 2155 3918 4156 1723 1428
12669 1108 1440 3485 5305 5371
12670 1201 4432 99 575 6855 6346
12671 1092 1764 1678 2730 2706 3944 3552 3580
12672 3325 4441 5582 7053 3123
12673 579 4655 4862 4867 4912
12674 1164 1573 1911 3427 4533 8468
12675 1010 1540 3389 3042 8038 3327 7005 36 3352 5218 815 7562 2962 6473 4049 7032 2564
12676 1249 3223 4460 4710 5042 6130 6813
12677 1784 3888 1160 4622 6249 1821 3838 4853 2673
12678 924 1869 3709 3814 3818 5032
12679 3927 6391 3928 4785 5342 8413 7489
12680 160 2081 5066 554 7536 3341 3736 5063
12681 2272 2416 5582 6692 140 3587 5652
12682 2176 2279 2484 4357 4442
12683 1833 3990 3743 3930 1911 2649 1865 2624 5665 5621 2465 2238 2797 4223
12684 1353 2155 2608 2933 3849 2815
12685 1206 621 1683 2713 4299 4309 4315 6831 4711
12686 434 706 464 622 4925 6604
12687 6310 6309 4082 4401 8421
12688 1367 2484 6017 463 1833 4442
12689 1242 4073 5226 5346 244 1847 3143 4347 5007 5112 5674 5730
12690 6166 2009 8342 7448 4856
12691 3710 2185 3560 6269 3325 4420 5057 6814
12692 4853 5730 3343 2124 2618 1578 6264
12693 652 63 195 598 3584 3936 5377 3434
12694 833 1489 5624 6975 7313
12695 3505 266 3769 1305 2130
12696 2015 4320 4853 6828 3102
12697 6095 7661 947 4275 8086
12698 4560 3510 820 328 3972 3025 3068 4710 2395 6311 4229 8011 7468 7926 7022 7356 8471
12699 2232 469 7745 2762 1644 1821 3440 3835 3923 6162 7742 1831 4353 1367 1917 3924 5828 1728 7217 2657 8234
12700 4140 4503 1353 5063 4980 5056 6187 705
12701 4291 1391 1393 2608 6085
12702 1821 2243 3947 3948 3007 3020 537 6853 4401 8409 8450 8495 8479 7415
12703 3045 5747 6671 7469 8292 8317
12704 5785 1121 3201 1324 2053 2735
12705 602 3148 2289 1510 5338
12706 3766 5026 6592 1817 3639
12707 1734 4140 2630 988 1116 8403
12708 2608 5577 6314 1660 7938 8094
12709 3778 4369 7273 1786 5546
12710 1552 1578 1557 2519 3676 3367 5261 5888 1568 6855 1982 2286
12711 916 812 2289 8343 8105
12712 65 4507 2723 2773 3507 1604
12713 6097 7210 8126 519 2185 4911 7292
12714 3857 3004 3762 5061 2714
12715 6529 5721 115 7206 2286
12716 4935 845 2060 2090 1597 945 2015 8290
12717 5162 533 5122 6360 7802
12718 955 2185 7076 6121 6394
12719 1459 3181 2002 4490 1584 4018 3090 3814 7838 8209
12720 26 303 3476 4083 6529 4689
12721 1162 1505 6718 1018 1783 3755 6321
12722 1815 3545 3567 8034 1056 2185 5056
12723 1200 1647 1836 656 5224 726 890 1755 705 1614
12724 5110 4962 6670 1363 610 7658
12725 2065 2225 3437 5621 350
12726 1215 3150 4347 4588 6726
12727 190 666 848 856 879 883 1316 2282 2292 2608 3255 3844 3977 4169 4280 4447 5819 6244 7367 7369 7634 2039 2660 3051 5759 7418 8041 219 3379 4059 4498 5143 7390 7637 3520 233 851 1950 6242 1971 2025 474 2116 2484 2595 4166 8009 2278 5972 7372
12728 68 1462 1826 1129 1428 1545 2309 5414 1130
12729 20 3510 21 6186 7742
12730 1115 1118 928 2225 5026 5674 6316
12731 1836 2728 7411 7413 56
12732 6872 66 907 2260 2261 1168 5630 6793 3921 3925 7562
12733 1316 1765 1196 4023 2818 7313
12734 890 1683 1846 2389 3325 5176 7050 7162
12735 3584 5384 3099 3857 3954
12736 1917 4347 6225 6260 7933 8386
12737 521 6978 1389 2152 7874 8365
12738 1719 3468 3990 6945 8100 8382
12739 152 227 5206 6211 7823
12740 7049 4401 7243 7453 8049 8075 7025 7766 1264 8287 8442 8443 8495
12741 2155 3947 2618 5786 6721
12742 727 913 2100 3228 2891
12743 2155 4015 3424 3466 3266
12744 1548 5906 7551 2803 7475 935 2817 6314
12745 238 711 2154 2892 6420
12746 995 6192 2973 1200 6095
12747 1687 1714 2798 2269 8023 1427
12748 306 1588 1861 3943 896 995 1372 26 4689
12749 5882 8023 8040 6264 7180 2382 3393 885 3860 3060 4862 7144 2740
12750 1427 1529 3189 5130 5218 5846 6329 6715
12751 66 931 3232 3602 3783 3877
12752 5747 6919 4401 6195 6330 8430 8449
12753 3709 5552 1896 6956 7366
12754 635 5097 5971 7512 5178 3097 1062 685
12755 7085 1756 66 1362 5309 7017
12756 6338 5141 829 7205 7381 7846 3587
12757 3587 5569 6854 1066 349 5250 8203
12758 1619 2288 4833 1234 4834
12759 990 3404 5013 5609 425
12760 3377 5056 3808 6975 4711
12761 1640 8 2218 1082 2307 4593 4369 7570
12762 1588 2724 3766 296 917
12763 143 3151 556 786 5922
12764 3707 1421 1586 1823 5216 1367 3886 5159 6255 6975 833 1489 2956 526 7340 4350 3560 2027
12765 5170 5314 6496 6600 7249 6468
12766 5259 5896 5026 5621 6241 7698 8322 8355
12767 1356 3807 2124 7521 8420
12768 2066 2534 4987 4025 5873 7963
12769 1435 2153 6383 8059 903 5600
12770 4862 533 1516 1860 7430 326 953
12771 802 1525 3894 7373 7894
12772 2619 6335 1589 1428 5768 5223 903
12773 7986 1921 7394 4315 6378 4274 3030
12774 161 3737 8456 36 63 445 464 596 5769 6151 1149 6592
12775 1589 4051 2288 3587 4946 5674 3017 924 8383 8451
12776 4167 1589 2438 3226 3637 3638 6188
12777 99 470 1428 2674 3918 2632 604 4599 7649 1976 5214 5839
12778 534 4463 5259 857 5549 7175 2270
12779 3497 3948 1821 5786 7136 8134 8132 5866 8295 4081 6314 8453
12780 3497 2664 2720 1578 1557
12781 112 4589 379 1524 3107 6387
12782 2552 2635 5358 2894 4506 4854
12783 130 7762 414 2902 6554
12784 5556 7443 796 4181 5220
12785 2189 4035 4445 4935 4980 5570 6975 5730 2184 1900 327 391 7955
12786 1203 2224 1164 5155 4980 5566
12787 1506 1818 2185 3264 3352 3465 3477 5765 5798 6582 6677 7093 7284
12788 2168 3920 2688 6009 1751 1882 2073 4537 5130
12789 3766 7698 3936 5738 6333
12790 1162 1139 2729 4845 7907 879 7579
12791 7052 6926 6545 6739 7165
12792 1887 2867 3510 8154 4195 18 1286 2137 3610 5583 6188
12793 7193 6446 1644 5657 7973 1823 1947 3377 3468 4217 5955 6938 2104 8086
12794 1968 5462 1087 613 3514
12795 3945 4245 4565 4724 222 356 5402 5432 234 2965 4126 4127 7919 7917 7385 5391 226 3873 4431 5205 5393
12796 2135 2546 3268 2133 6517 7157 4953
12797 130 7376 7556 7732 7782 1524
12798 7692 8316 8317 8318 7691 8096
12799 1940 3444 3461 4015 5083 6967 7757 533 812 3539 6867 8375
12800 332 1194 4116 5377 5839 6028 3034 4710 7292 3482 1035
12801 1516 3087 4249 5596 4092 6351
12802 1817 328 4083 4603 5026 726 2226 26 956 3404 464 814 857 1516 1647 2668 2962 3638 3943 4689 5198
12803 4140 1889 2022 3867 6979
12804 1341 6539 3478 2071 2962
12805 3976 6039 3197 5346 4379
12806 1116 6582 6391 7002 3477
12807 4460 540 646 2962 6473 1929 7314 7847
12808 1157 1173 4153 4560 6391 1836 5420 3157
12809 464 6310 6195 6196 7820
12810 99 4015 5394 1248 1600 6082
12811 3060 4027 5187 2327 504 632 812 938 2908 3943 4600 5171 5810
12812 3560 4369 965 5271 6871 8468 2492 2821 3376 1160 1941 705 1644
12813 3090 1617 4122 4940 8056 8076 36 2920 5621 4529 6493
12814 3497 6427 6187 4082 7551 4401 7923 7819 81 7356 8065 8244 8411 8452 4186 8495 8493 8494 8484 8485
12815 2289 2561 4683 470 7446
12816 4164 4710 924 6978 2444 3189
12817 1031 4379 5674 393 1428 6671 1427 3417 4507
12818 1196 8337 3925 519 3891
12819 471 1976 7800 8060 1546 3677
12820 99 2261 4710 4956 4958 6101 3814 5200 2170 6649 7490 6872 6868 3435 6748 8007
12821 3420 3943 5611 1250 1871 2536 4492 5434 4229 1153 2692 6053 7701
12822 8468 1123 8422 1160 7640
12823 2597 4462 6738 7518 1139 3222 3381 3829 4857 5330 5485 6980 7671 8003 65 1912 7667 7670 2300 6717 1157 2731 4144 2732 260 717 254
12824 831 2639 2899 6212 349 4863 6435
12825 3587 413 3541 4566 924
12826 2903 3629 1600 5060 6660 5050 8178 86 464 726 1389 1428 1613 1954 4105 5840 6875 7144 8054 8090
12827 923 2225 829 22 332 928 1428 1836 3430 4549 5240 7500 1437 5275
12828 4623 7531 5063 5622 6975
12829 5528 1489 2189 7040 5222 1249
12830 1859 1437 6034 2732 2585 3782 4649 6854
12831 2740 4372 5377 6191 4082 4401
12832 5622 833 29 6887 1723 2718
12833 1996 1733 463 2395 3766 1130 3233 3587
12834 2958 4441 6854 2891 5840 7490 8251
12835 3661 7175 4280 36 306 500 6399
12836 6421 7844 350 2185 2544 3916 3925 4551
12837 2892 1534 130 268 5379 113
12838 5155 5821 6810 1227 4987 6314 6611
12839 8107 5235 8185 8448 8482 8473 8378 8475
12840 6310 6311 6312 5672 7453 74 7837 1319 7164 8385 3019 3603 8473 8474
12841 1024 1504 1910 1685 4762 2872 3814 5776 5929 6750
12842 1504 2561 5367 8141 6599 2210 3368
12843 3444 4276 6289 6867 7443
12844 1774 7718 1506 3060 6183 7089
12845 1036 3719 5171 1617 4880 5101
12846 6373 2264 6943 8240 8469
12847 1043 3602 3560 4217 3587 2361 5310
12848 596 846 3060 7175 7191 8056 463 812
12849 3948 4082 7551 6290 6746 4401 8287 7691 8096 8316 7693 8318 8493 8442 8443
12850 3998 5012 7288 2524 7026
12851 3379 6456 6811 1682 3384 3830
12852 1194 2152 2191 4648 4710 8063 3925
12853 2619 5546 6187 5425 2703 2635
12854 4585 4468 352 2124 2867
12855 4445 72 2410 6385 8069
12856 3107 5071 5150 2093 1442 3197
12857 18 225 328 426 705 5988 6120 923 5026 2185
12858 128 1279 1298 3945 212
12859 879 1725 7682 588 2185 7794
12860 3292 3147 3715 8023 3293
12861 464 5615 6333 6644 6681 7912 2556 5759
12862 3499 3725 5063 8094 8019 1024
12863 1949 2484 5016 6197 1249 2244 2749 6114
12864 7313 1160 3036 3468 2623 7551
12865 5773 1214 1653 3604 7177 7231 425 7722 4420
12866 5061 130 4934 7615 375 6998 7878 340 151 1292 4953 146
12867 4292 2565 3640 2965 1012 7350
12868 2694 2176 3849 4549 7433 5612 924 36 4445 4970 819 1135 4782 6663 3352 6779 7915 2920 7322
12869 1261 1428 3571 3917 5218 7900 5011 7723 939 1599 2284 3060 3921
12870 3381 1439 36 499 1107 3379 3829 4116
12871 20 275 3207 3939 189 6186 6732
12872 1589 4824 93 5026 3916 3998
12873 705 1723 2683 3468 5441 8233 8410
12874 2575 6781 50 468 5314 6073
12875 6788 5455 1964 5485 1854 2139
12876 5982 2670 4946 8458 5611 6042
12877 4646 5686 271 7234 4733
12878 990 3090 7162 599 2962 2185
12879 2664 4642 5570 939 2673 3248 3251 5319 1635 8405
12880 18 1617 4710 140 3475 1817 3476
12881 3375 1836 3587 6312 6946 6314 7236 7467 4082 4401 7466
12882 4245 415 3348 5391 5165 5075
12883 469 2155 3923 4857 6264
12884 1309 1343 1823 3270 5730 5754 4924 3720 6627 6624 1723 6412 6417
12885 262 502 4529 1599 1543 1108 6437
12886 794 6543 463 1975 2264 3804 7505
12887 66 3126 3316 8038 1255 8154 4195 7284 4838
12888 4982 3643 53 76 464 687 3964 7463 7898 67 2812
12889 322 500 902 1258 2540 2561 2610 2853 2962 3042 3090 3539 3609 3752 4898 5083 6978 7003
12890 533 534 726 4105 464 602 6592 7056 45 453 2124 3093 3730 5226 1712 3539 5056 5853 7788
12891 307 774 2519 2740 4711
12892 661 4477 5466 5467 2109 4985
12893 1489 2006 3440 5802 7313 8049 526
12894 2546 5908 5029 7254 1643
12895 267 303 3090 4558 6997
12896 911 1416 2906 1314 1547 1687
12897 2622 7966 2185 2230 2299 2300 2668 3445 5234 6813
12898 4374 1873 6810 4920 7741 5967 3001 4751
12899 7 2305 3560 1056 449 463 687 1369 1728 1937 2491 2625 3719 7491 7492 7698 7846 924 2225 8383 2368 5720 922 923
12900 6273 3427 3729 4588 4910
12901 2038 1924 2238 4911 6871
12902 5426 5737 1389 1574 7292 3463 5224 1949
12903 5336 3003 4353 5334 5800 6414 6314
12904 1139 2580 5954 6392 7875
12905 4535 705 3830 6095 1353 228 775 6230
12906 4025 3765 1644 351 978
12907 924 3670 3935 2031 3639
12908 2762 5643 6608 2389 1846 1262 2377 2393 4611 6600 6601 2429 4612 2269
12909 6178 2264 1746 1747 2740
12910 2176 5876 189 3526 3816
12911 1942 3212 4894 3649 2983 1489 262 5069
12912 332 1141 2271 2680 2597 731
12913 1617 2266 3056 4116 5130
12914 1462 3246 39 5026 5211
12915 244 610 1194 3752 6854 7155
12916 7229 1353 2694 55 2132
12917 2622 2148 3529 2455 8037 7463
12918 2256 3138 6925 2895 1489 1573 7570 2520 6975 4866 2837 3005 1485 3343 6132 4825 1951 8386
12919 833 6192 5786 7145 7146 7551 8132 8019 8492 932
12920 4147 1603 1079 1593 2058 2857 3541 4596 5296 5301 6604 7443 4663 4014
12921 6157 6855 2286 4572 1975 5011 5239
12922 220 5205 5304 2115 237 343 2593 6507 2041 4850
12923 3513 5730 654 1849 2204 3005 3863 4980 3560 3870 5346 1847 2803 5112 7713 8094 1734
12924 2496 2945 6154 6474 838 3056 5691 876
12925 2229 4532 3391 6314 8295 8065 8354 705 8410
12926 874 4360 4363 953 2309 4364 3972 4285 4291
12927 1228 1949 2739 4775 6672 6972
12928 1682 6177 6553 7204 7459
12929 1589 26 27 453 6116 6532
12930 4850 167 1241 278 6420
12931 1367 1723 3829 6431 6572
12932 4557 945 2680 66 6493 2185 3060 3510 7162
12933 506 6495 7750 6494 5396 7157 8128
12934 579 3227 537 7153 7570 7640 5930 8224
12935 4214 2988 3303 5856 6186 1833 705 7742 1489 2777 5416 6383
12936 4408 1422 1720 4486 6874
12937 6028 3292 2876 5428 8408
12938 7560 4183 8206 646 849 2064 8372
12939 978 1719 3377 3468 6431 7963
12940 2561 500 2002 140 464 7391
12941 787 1720 1773 7477 564 3468
12942 189 500 5619 1489 6047 4319
12943 1783 3862 7819 3444 3445 8492 8368
12944 5788 6956 2630 5171 8040 8383
12945 1113 244 2225 2293 4198
12946 3196 3633 4551 3491 1852
12947 1249 3103 879 2526 7280 3602
12948 3061 3983 1563 4005 4006 6704
12949 1362 5132 1425 6057 6818
12950 5943 610 2826 2828 3510 5083 5755 7162 7676 1991 5341 7648 6525 6642 7306 1428 1949 7966 2185 3943 4705 3782
12951 7390 5157 5428 8149 8280
12952 270 2083 2933 3384 7095 7636 8000
12953 7093 7551 7128 8111 8494
12954 1208 228 269 3932 5866
12955 6310 5786 4401 7136 7157 4826 8482
12956 5488 2893 6956 639 3223
12957 785 2002 5363 5819 1817 5954 5483
12958 56 1830 6703 3018 2056
12959 91 1466 3374 7313 5671
12960 833 6975 4857 5274 5048
12961 646 1346 1896 1910 4379 4460 4680 4733 6588 6956 7720
12962 4645 6909 903 3678 7980
12963 1197 5063 3333 1406 4580 5928 2101 320 7904 8165 2953 5325 6731
12964 1126 5442 3028 1781 3336 1173 3211 5004 2626 2853
12965 398 2635 1303 6915 6557
12966 5236 1162 4467 5578 4368 8224
12967 1985 6178 6337 6600 332 1617 7836 4754 3344 3330 4362 4363 4613 6494 4364
12968 5326 469 705 1409 5540 8288
12969 886 1269 1604 1682 1903 2229 3766 4179 4277 5864 7051 8367
12970 4286 5032 8349 5769 439
12971 3060 2344 2068 5008 4445 5776 5621
12972 877 2299 2300 3407 3736 3960 4361 5473 7223 7337 7712 3715
12973 890 1544 4744 7668 8005 8301 8329 39 463 546 1018 2557 4144 5277 5471 5892 5905 7230 8296
12974 37 606 945 622 3497 1833 2923 3994 8354 2124 2694 7286 4197
12975 8456 2185 7456 942 5787 923 3191
12976 1336 3366 2264 2646 3818 4463 3662
12977 140 1066 2725 3804 7052 6197
12978 593 2719 3825 4022 4499 6734
12979 5061 3084 3085 5622 5906 3096
12980 610 1515 2668 2350 262 1589
12981 2962 328 500 3916 997 3639 626 5414 3423 3606 6986
12982 6848 1793 4831 1169 1428 2483 8506 3344 6768 5857
12983 1260 1160 622 3764 3807
12984 3587 6028 4122 5082 5200 5691 7189 7514 7294 1548 924 726 1613 8026
12985 4853 3888 7978 2089 6615 8019
12986 1200 2015 3060 4345 4824
12987 4423 4401 7145 7453 7022 7356 1151 8394 8383 8471 8378 8442 8444
12988 3681 4898 2941 63 602 2558 2737 4276 7485 1503
12989 2437 5117 5621 895 1201 5763 5782 6977
12990 1583 3459 3379 5307 3560 7144
12991 7113 500 6810 2225 5218
12992 5442 903 1168 4771 5869 5868 1166
12993 6427 7892 2803 3707 4414
12994 1682 2688 3131 4269 6286 6730
12995 833 4857 1066 1067 7660
12996 511 924 1763 2300 4116 5674 7036 8003
12997 6310 6920 3642 3780 8442 8471
12998 2371 608 2744 2309 7268
12999 4951 247 1251 5976 5743
13000 1499 1502 4300 2136 326 2008 3493
13001 3917 3925 3916 4416 5672 6266 6264
13002 4206 2976 7371 5226 6724 4383 4394
13003 4853 4911 2953 4132 4234 5730 537 1911 3384 3807 7742 8288
13004 946 99 1130 2299 3084 3431 4144 4314 5026 3293 3942 4288 3777 2136
13005 195 2264 2289 2938 4444 2725 6197
13006 3938 6019 7163 986 6782
13007 1964 1608 5934 5993 6672 890
13008 4593 6182 1224 5703 1904 5701 5202 4492 8472
13009 3676 2289 453 4282 4411 5024 4643
13010 2595 796 3533 5989 7367
13011 3077 2724 3076 7340 796 5033
13012 332 1928 4549 706 3212 5220
13013 2229 4140 4216 4587 7347 1910 5041 7464 7609
13014 166 6439 1108 3088 3647
13015 4235 4379 1864 709 2031
13016 2262 3323 3960 6171 7593 7599 2230
13017 1573 1200 461 8066 5112
13018 2682 6599 6605 5621 8060
13019 271 1537 2454 3654 5718
13020 2538 975 1056 1712 7742
13021 2019 3344 7267 7268 5743
13022 3676 3105 2264 504 3847 5188
13023 3130 1547 3602 2992 804 1721 879 1108 3171
13024 5083 6959 4441 758 1313 1428 4280 5492 7300 4655 3046 6854 1254 7906 5593 26 5414 3586 7282 6855 8028
13025 4956 4015 815 1547 4032 4823 5053
13026 1910 3531 4663 2019 2309 3051 3534 5049 2081 3657
13027 2207 3508 1680 833 2155 5485 5915 6179
13028 413 2860 130 416 4435 248
13029 2185 1249 4800 5041 6793 3683
13030 112 6469 4122 2678 6334 7296
13031 1442 1925 2308 115 2138 1568 5916 4148 2985 4770
13032 2409 2605 6577 8354 2803 4300 5112
13033 639 3225 303 500 66 3624 833 7376 6231 7556 1617 1751 4383
13034 3499 3947 7243 7893 4079 8132
13035 941 5621 5737 5739 5740 6818 2015
13036 742 6310 4333 350 7146 5188 2908 6863 2755 7147 7551 7022 7128 7998 6074 253 6266 3445 5644 2668 5088 2766 2136 6275
13037 2789 1491 5061 1203 4206 1486 2176
13038 6924 1442 2608 1183 1660 6095 4796 8381 924 7811 995 1368 5026 6473 7939
13039 407 3195 4294 4414 4460 4909
13040 1427 2425 1428 5989 8210 6259
13041 4964 2668 1966 5525 6482
13042 650 2267 1346 1540 1861 3966 4704
13043 1249 2386 3660 5273 5294 5641 7865
13044 3301 4848 6957 7878 4768
13045 86 521 525 846 924 1529 1560 4940 5668 5674 6235 7230 7246 7457 7490 7797 8172
13046 4119 5584 6980 320 6047 6660 8021 2204 6422 8404 3829 5414
13047 1691 1985 2162 3268 4163 8027
13048 1050 2267 5366 2458 1336 5367 4573
13049 3596 3009 2185 2238 6956 1194 4379 83 468 3719 2484 8242 7139 7840 2152 4733 1012 244 7579 646 924 2164
13050 2299 742 885 1435 2185 4973 914 4971 6181 3444 3736 6728 3510 6453 5706
13051 3579 21 5776 1836 2518 350 3834 5633 3968
13052 1098 4716 5325 3326 1823 1489 4337 5820 6975
13053 4105 734 7001 4273 1589 7590
13054 3638 7534 350 305 3637 5344 6602 7898
13055 3936 5839 5841 6876 8240
13056 819 2225 924 2628 848 1137 3267 4916
13057 7453 8385 8448 8474 8442 8444
13058 3526 6006 6975 7824 3725 5346
13059 1226 5049 4627 2746 2260 2752 5339
13060 1833 2189 2305 3324 8337
13061 2286 1170 4557 6187 2544 4857
13062 315 643 3541 6651 2077 4490 787 5581 7005
13063 4711 2132 2155 4000 537 2189 845
13064 172 312 4657 5304 5646
13065 1598 97 892 3971 4726
13066 4156 3916 3004 907 2606 74 4320 5672 3922 3915 4276
13067 3637 3638 3925 6459 4280 7081 7191
13068 1981 1327 3407 3733 3379 932 2186 4337 6209 6058 1771
13069 6310 4401 3643 8495 8162
13070 4733 4800 924 928 4441
13071 3418 91 500 1377 1481 2279 8263 4958
13072 610 7501 5240 6728 5141 4377 2646 103 697 1685 1385 463 4276 470 8375
13073 7313 6314 5063 5936 6509
13074 661 2134 7369 4338 4742
13075 130 416 1455 6046 189
13076 4492 4620 7150 4228 1194
13077 3091 4718 2117 5630 40 4366 7222 4105 1949 1682
13078 130 138 200 222 248 715 4850 6557
13079 1462 4954 1505 1506 2568
13080 1880 4560 1346 1540 2217
13081 2185 2561 73 1428 1071 2876
13082 4140 2189 4384 4968 4252 4392 4400 6865 2703 2619 7208
13083 16 6556 6711 350 516 1165 4862
13084 5419 940 2002 2265 7500
13085 4733 5582 2766 7234 244
13086 1524 2041 2892 5154 6915 124
13087 5083 6485 3201 6269 939 1685 6266 7326 2106 5511 6174 40 5776 2733
13088 2551 3384 1833 6131 7248 2565 4935
13089 1637 1056 3663 6485 6975
13090 1310 1460 3372 4143 4225 5062 5193
13091 1848 5631 3853 3856 2966 6514
13092 3723 3075 6310 4957 4401 6847 350 4978 5042 5439 6534 7157 8093
13093 164 2111 256 2894 5504 270 160
13094 2283 4483 1817 3476 2272
13095 1589 36 1584 3943 5840 5939 6240 6034 6788 7443 598 4022 4265 2431 7236
13096 833 2274 2662 8071 8072
13097 1497 4840 53 5468 3514
13098 896 6011 4182 4610 464 2885 3845 7957
13099 1316 812 1374 5621 7150 7489 2819
13100 219 1621 1175 4280 971
13101 4949 1489 1485 2520 4484 7573 5346 5577
13102 3679 7219 3150 932 2184 7194
13103 1937 3719 1249 3181 5251
13104 6486 7611 434 809 911 2962 3389 5040 5845 7490 8240
13105 1315 4423 7146 6063 2238
13106 7229 3031 3587 7818 5135 470 8003
13107 6310 1984 7551 2950 7438 7959 3373 8406 8383
13108 4622 3419 4349 6438 6968 8246
13109 6252 6053 1489 1911 3829
13110 5460 3818 2837 3176 2847 3341
13111 3263 4578 73 85 3071 4544 4726
13112 666 5467 1756 6197 5188 2726 7463 847 7736 7737 668 2967 3585 3582 2997 3444 7426 2110 6485 2134 3642 3643 3615 5178 8270 7829 5807 5033 6422 8108 7519 6325 7344 8430 8399 8421 8182 8185 8478 8448 8444 8451 8496 8473 8442 8378 4074 7648 8474 8470
13113 491 568 790 2180 2555 3865 5238 1756
13114 4383 6056 7156 4084 6053
13115 1773 787 2028 5816 1353
13116 3723 7453 4401 3105 4689 5158 468 7434 8249 8303 8221 7691 8096 8472 7687 3279 8444
13117 2560 2703 6829 705 4325 5230 2973 7709 1224 4460 4857
13118 1485 1723 2163 2571 4070 5385
13119 463 693 1617 4916 5006 5674 244 1588 2484 6810
13120 6572 5060 1215 3000 2999
13121 3504 7478 332 2074 3090 5342 5468
13122 6869 3929 4108 592 995 4110
13123 303 911 971 1416 2782 3379 4049
13124 6227 7136 7145 25 7551 3440 7819 8094 8429 8452 2976
13125 3455 5268 6485 2840 3716 1966
13126 66 233 6613 3050 6306 7084 4644
13127 2225 2726 3746 7471 26
13128 2725 7642 7503 1752 6284 2100 7501 5377 7612 2136 8332
13129 2233 4532 767 1164 3407 4516
13130 3090 833 4015 6336 5017 7962
13131 1817 533 4249 1550 1262 4763 3639 1764 3461 3011 3374 6801 416 130 369 185 5357 6915 6767 340 197 338 339 3553 6994 1990 2635 7386 134 420 7920 3554 6527 7442 550 551
13132 7171 7647 1428 6354 7648
13133 1578 6868 655 7939 8312 1521 2459 1529
13134 90 1752 2185 6333 6645 8332
13135 1723 2419 2668 3090 5068
13136 618 7522 1353 3829 7256
13137 5747 6310 6311 4082 2176 7653 7819 8110 8221 8318 8436 8368 8493
13138 66 5026 7489 1769 2484 3060 4379
13139 65 29 118 2620 8420
13140 5836 1576 705 1723 6485
13141 6939 1247 1861 4369 5448 2137
13142 6676 3154 3435 4034 1092 5146 6235
13143 1011 2643 3374 705 6696 5063
13144 3123 3881 4669 6843 8210
13145 2229 3497 2809 1696 6162 1723 622 1227 6135 7909 2976
13146 6131 2605 3419 3994 1867 5289 7609 2238 2624 2803
13147 7093 5232 7231 3468 7660 1489 3808
13148 2578 2245 4025 5061 1239 1717
13149 1201 1286 1769 3744 5416 7885
13150 301 545 569 864 1278 4591 1889
13151 1644 6625 2821 6622 6627
13152 1346 1758 392 6026 6199 7464
13153 4009 4010 7874 6952 7932
13154 2790 5503 7228 1734 1880 2230 2521 2799 3516 3919 3960 4058 4733 5518 7083 7445 7678 7696 296 2153 3324 3381 3829 4030 4917 5175 5956 6605 7337 7529 71 1329 2771 3863 4026 4027 4350 4379 4445 4628 7341 7955 8094
13155 1861 7857 7858 610 6854 7052
13156 3063 1910 3344 6139 7540 4801 7795 3039
13157 4026 4733 2002 4472 5039
13158 4848 182 1524 6957 2717 6745 66 2266 3540 5616 5815 793 3487 6943
13159 1593 5864 26 924 2368
13160 130 185 202 338 2471 222 4992
13161 2988 118 7075 7497 1129 1130 7162
13162 4245 7165 6544 8060 1599 5019 2670
13163 2561 7381 63 812 6681 2065 814 6284 6592 2565 7055 598
13164 1206 2484 4654 5939 6028
13165 2637 2371 2309 4693 1437 7730 6353 6354 5901 8353
13166 1304 6046 6723 3322 4951 7016 7852 4660
13167 3669 1489 1329 1644 1823 6202 945
13168 5958 165 166 2414 1100 7376 247 6436
13169 6310 6311 6671 6919 4401 4082 3582 7969 7356
13170 2713 1058 1744 1745 1943 2484 7441 6331 7200 7336 8454
13171 1250 1909 927 3028 6314 6720 3765 1437 2492 6611 2248 1500 4003
13172 4796 6937 7865 2289 7177 464
13173 1267 2184 1086 5728 2151 8361
13174 4710 5991 6866 1880 6094 7785
13175 1689 4995 4996 5026 532 1412 2403 2225 1545 3404 3956 5019 502 726 1374 1817 3936 5017 1261 1752 4273 995 3639 3957 2934
13176 1540 6752 109 1480 1529 6711 5827
13177 4035 4570 673 1836 2831 4134 6975
13178 30 4650 7146 6258 1133 8288
13179 99 2402 2232 2837 2288
13180 1820 3820 3060 7962 2958 3741
13181 713 1524 2055 2082 2115 3551 7132
13182 3195 3223 5009 5104 5339 5725 6522 36 5188
13183 1036 1836 3327 924 4116 5240 3980
13184 4980 7146 5036 5622 7642
13185 953 4785 5218 6336 6912 7027 4222 5872 6592 896 6681 8240 691 809 5342 5904
13186 5757 6029 7554 6222 7072
13187 2682 4958 533 1655 2225 470 3476 6737
13188 2329 2076 876 885 1191
13189 83 2100 2730 1748 5030
13190 469 634 896 924 944 1673
13191 1085 298 165 1524 5344 6663 248 488 3189 6033 7456 7922 5066 275 924 2115
13192 6723 104 732 3237 764
13193 2229 2755 1378 1825 1160 2842 3947 7243 5732 7438 8065
13194 691 2444 5028 1707 3739 2002 7626 1685 7189 8061 1195 3060 6307 6604 6844
13195 1204 3513 7465 7113 7475 5955 6154 2505 6611 1847 5956 4917 6477
13196 833 2985 3212 7682 5220 6431 306 3758 2315
13197 13 8 2306 1234 6006 396 7762
13198 3105 2972 4503 5112 5175 5465
13199 3779 812 819 5140 5395
13200 1353 2923 3930 5455 2028 3381 1135
13201 7767 948 6766 6957 457 949 4727 6120 7437 343 5430
13202 3829 4994 6247 4666 4140
13203 910 3896 1439 882 1719 2993
13204 618 4499 5448 7829 1098 7630
13205 7972 1991 1846 2260 4058
13206 30 1244 1911 2155 674 2695
13207 4101 4110 6744 4980 5062 851 3889 5730
13208 5622 3374 5485 4213 4369 4783
13209 2868 7292 16 1332 2766 3969
13210 747 1161 3921 1887 609 3638 5034 584 6009 4980
13211 1200 2445 932 6227 1500 1694
13212 1367 4135 4711 6051 6314 6857 2189 4535
13213 468 505 646 978 3318 5220 6187 1168
13214 1249 6863 4291 4331 5699 7378
13215 6047 62 6208 5056 3142 5581 6186 6187
13216 1204 4629 8461 4857 7034
13217 833 2777 3744 1524 6451 6252
13218 653 2098 5889 814 1011 1707 848 7885 6321 7490
13219 7162 978 6187 1975 2549 5178
13220 468 625 646 3541 7300 8022 5026 6582
13221 1678 3676 2420 5773 5872
13222 334 2121 3727 7724 2435
13223 896 829 1035 1503 2813 3916 4745 5026 7318 8071 7202
13224 1353 2189 2200 2229 3381 3560 3829 6810 1712 767 3468 4711 5056
13225 3625 4450 4903 6732 7328 7551 844
13226 1200 3545 4802 105 2153 2184 1489 7570 753
13227 1615 6575 8036 8273 7761 7814
13228 7591 2725 2810 3060 4015 4973 978
13229 890 1428 1516 1589 3456 8188
13230 463 691 2072 6645 103 434
13231 6941 1455 5432 6081 178 6089
13232 2539 5019 7269 8349 3951
13233 5394 2962 3957 4661 6493 2496
13234 2225 3639 1065 1593 3585 5763 245
13235 924 1654 1437 2555 3181 7671 6750
13236 3927 5026 2980 1728 6808 7627 1394 6694
13237 3064 2985 3060 6287 7663 6221
13238 1383 3944 4026 4029 7535 2853
13239 3820 4276 5574 1613 5900 7113 6581
13240 2174 1966 3444 7223 3150
13241 5301 4840 602 890 5238 6495
13242 1174 5642 2956 4628 5953 5207 5312 1638 7684 7742 704 2238 5767 8288
13243 938 416 6134 6186 7110 6133
13244 4308 646 908 2826 2962 6860 2476
13245 2243 5509 6749 4401 161 1534 2892 278 3190 2241 220 4430 7183 6451 342 7170 7998 6330 2885 340 8406 5066 4953 7443 7762 8444 4120 8378
13246 1850 1411 3707 2117 1821 953 4472 7245 8071 7215
13247 972 1862 1993 634 503
13248 613 4276 5019 7057 463 4706 6604 6634
13249 573 1847 4445 5112 4935 6975 8289
13250 616 511 521 6572 3149 940 2883
13251 1540 3223 6315 2828 3921 6453 6572
13252 56 118 1917 2463 6975 833
13253 1821 3377 5000 694 4535 2163 7921
13254 56 36 610 2225 3935 5026
13255 2956 2122 1633 3924 5008 4666 4912
13256 8277 8442 8451 8444 8378
13257 335 2121 5833 5653 4994 7394 1547 3466 1729
13258 4687 8012 1880 2217 8242
13259 5112 2229 3753 1176 1845 3374 3854
13260 4892 556 770 3939 4014
13261 1710 1993 438 896 3199
13262 5747 6310 6191 4957 7049 7136 4082 4401 4300 4399 8292 8278 8421 4826 8444 8442 8472 2008
13263 3968 306 468 691 1428 5047 7516 4437 6255 8215 5800
13264 2225 3083 1270 7144 2382 1547 425
13265 3122 1588 3829 4857 2209
13266 2635 340 5945 6200 1508 4427 6766
13267 1707 5218 6495 3928 4248 7236
13268 1735 6072 350 4537 5273 6943 3191
13269 978 5546 6891 6892 6897 123 7376
13270 2167 3294 5582 5621 244 470 1589 3149 7303
13271 1510 2283 3145 5472 2384 7340
13272 222 130 4091 113 2892 4868 2635
13273 3077 4787 4823 16 2668 3109 3445 5252 5253 6813 600 4134 6264 3860 4571 3668
13274 3885 3955 5048 7313 7475
13275 4276 452 4681 6112 6653 4743
13276 3447 3188 7227 3381 6040 6970 1353
13277 4807 5485 3381 3690 5936
13278 639 2688 3456 5026 434 829 2051 765 2427 1547 4159 5363
13279 5063 5915 1755 1409 4711
13280 117 5061 6260 6063 2229 2977
13281 1599 2225 1784 3417 667
13282 3081 1056 1057 3073 6310 4834 7551 5061 2977 7440 8133 5058
13283 4151 2002 2555 4238 7852 7853 7854 66
13284 3946 6671 7969 8287 3780 8283 8278 8442
13285 2770 1427 1512 526 5142
13286 829 2760 819 924 3430 5920 8249 8224
13287 3915 7498 862 1706 3383 3514 3925 5418
13288 463 817 1617 3511 3019
13289 4773 1665 253 381 1066
13290 2176 6186 6187 328 470 5414 6206 7018 7083
13291 1682 3136 2859 3909 3669 3829 4294 7786 277
13292 2826 526 6049 93 2828 3019 4855
13293 1833 2973 3730 3829 4640
13294 6204 2225 3090 3843 7261 4173
13295 7500 4644 3754 4910 723 4900 5188 6231
13296 1463 673 1684 981 2524 5591 2526 425 2565 2478 61 3353 4675 5797 1559 8038 7276
13297 924 4116 2120 814 6324 7156
13298 8072 1735 1786 6871 6975
13299 4711 705 2045 2155 2933 1873 4014
13300 5073 3127 3963 6005 77 2286 2317 2060 2321 526
13301 5915 6975 6095 6431 857 705 1927 4369 6179 1309 1723 1353 6720 7617 7881 6098
13302 3076 3925 4845 77 1619 3149 4022 4276 4316 5254 3806
13303 7165 6235 1817 3498 6075 2279
13304 705 1094 1093 5622 1723 3457 6012 6857 4140 7345 469
13305 316 4015 3799 6352 1428
13306 1831 1755 2608 3985 2138
13307 837 3039 5219 7695 7901
13308 2411 2561 5971 1966 6246 2300 879
13309 3499 3723 3947 5747 6310
13310 26 4530 2938 5019 5450 1481 7049 42 5982
13311 5621 4519 7028 3138 7029 5622 7824 443 3526 5753 8465 5534 705 1061
13312 4710 7074 1139 1280 3189 6592
13313 5149 6199 323 3267 4379 7379 8023 3138
13314 6197 5582 1637 4714 7593
13315 1563 267 639 650 4592 4908 5047 5773
13316 211 2635 2894 5066 6451
13317 1200 3829 4917 6572 1578 2664 2261 7474 3560 7551 2184 5728
13318 6319 610 1949 7260 1591
13319 2279 4179 2289 4377 978
13320 7076 540 1975 3274 5454 6399 6713 8023
13321 465 672 705 1148 2987 3381 4231 5936 6202 6517 7431
13322 1384 1734 1847 5164 6446 6594 1489 4654
13323 464 898 3195 5000 815 2868 4710 3222 3381 6333 7490
13324 3038 1333 3815 4028 4029 6282 2138 723 140 1976 3837 6691 2369 3346 4644 3345 7144 7577 5008
13325 130 2892 3640 5975 6420
13326 6130 917 5188 453 1031 1561 4733 1428 2997 2299 6740
13327 439 2957 5188 958 6197 1185 6442 2787 3662 653 2800 5047 6195 3273 4179 7597 1183
13328 4600 4002 1628 1467 1576 3184 537 4637 1492
13329 3697 245 4163 2289 7326
13330 470 1644 6601 1685 2289 4163
13331 2368 7033 924 923 2123
13332 1524 7526 7989 375 416 5206 3201
13333 924 1836 1910 2484 3541 3587 5674
13334 533 4235 245 500 610 2490 66 6634 2185 8280 3918 8097
13335 1228 3744 5200 5691 6634
13336 610 3167 4925 3541 875
13337 3105 5621 5668 7509 924 3118
13338 6675 1465 4106 140 5982 5624
13339 1810 1910 2336 4441 6588
13340 691 723 3723 3510 4153 1462 4957 3305 2646 6195 4414 2813 7356 2301 6717 8268 8399 8430 8185
13341 5609 924 925 944 1529 4940 7246
13342 3814 5028 4163 6672 500 7088
13343 4543 5878 470 639 3907 6928
13344 2963 222 355 339 130 2635
13345 3542 4450 4996 7883 4637 1250
13346 326 2121 7302 6723 2150
13347 3857 3954 1463 2801 2695 2780 1423
13348 7437 130 227 2111 2635 4566 6419 3623 113
13349 3107 4585 3468 7710 7770
13350 7316 4119 4272 2561 8071
13351 2751 2109 140 5899 6145 3804 7075 892 1555
13352 3680 1782 1812 1159 2608
13353 2133 1650 6447 1821 6250
13354 2385 5188 296 1428 2286 4733 5374
13355 7718 2001 3042 3189 3922 6635 7313 4733 7846 1162 4280 4355 7847 244 4644 5621 6304 8223 1506 6588 7235
13356 73 2484 3325 5174 2750 3917
13357 3829 5055 5731 3753 705 6131 6202 5155
13358 3679 464 4646 1714 3710 4656 5131 5214 2515 4165
13359 3466 1951 515 752 4706 66 1547 8189 2368 6854
13360 2010 2773 2802 1174 8075 3300
13361 3990 5184 3341 2229 3326 5286 1353 6267 3764 3004
13362 399 5438 1200 3545 3857 1489 4027 4029 4337 7262 4336 6134 3954 2057 3428 8322 1847
13363 3866 4245 1539 3035 3468 3867 7971
13364 6750 463 1460 1685 4053 5251 6284 6333 6544 7056 7165 7671 7750 7832 4412
13365 705 1568 2207 244 469 2766 3764 7319
13366 1462 1540 7706 306 5171 6217 6722
13367 601 4780 464 890 5621 2957 2739 3741
13368 4856 1547 650 812 2226 4348 6956 5213 3403
13369 1975 6842 1258 3091 6269
13370 534 2198 5414 5582 5583
13371 3051 130 225 249 345 414 5165 222 340 1289 4955 3640 145
13372 349 2803 2976 3444 6197 6579
13373 493 786 787 790 1773 1827 5625 7701
13374 3090 4886 6282 1031 2868 6634
13375 709 3301 5778 255 7163
13376 5026 929 1877 6867 1763
13377 705 1833 2207 2409 2605 2624 2694 3516 1734 3864 4657
13378 66 7541 33 575 705 833 1367 1917 2155 3829 4140 4711 6239 1911 3381 3583 3917
13379 705 2229 2755 4802 5056 5230 7573 2803
13380 3814 66 3500 1230 3091 4190 4719 1356
13381 69 543 1539 4018 4186 4498 5142 6036 7956
13382 3497 5786 7758 7892 8109 4401 8427
13383 1608 3167 1462 4083 303 2728 6926
13384 100 1216 1745 3107 4681 5931
13385 2229 1170 1176 279 275 3379 1644 3377 469 4368
13386 5841 885 4280 4646 5414 7339
13387 4617 1014 1847 3707 4603 5441 2200
13388 2500 8251 521 924 3758 5607 6399 6931 6997 5064 63 2271 3049 5511 5691 7202 5133 90 2877 6615 5178 8478
13389 207 208 217 483 879 5204
13390 634 470 1529 1381 610 3752 2513 5061 924 3060 7004
13391 1159 5000 5465 5193 5551
13392 6993 2580 5113 6756 4134 8214 1993
13393 1873 5063 6186 6187 8358
13394 5367 3284 5097 1682 90 825 828 1971 2052 2176 3105 6552
13395 544 2717 3487 3090 7004
13396 2480 4477 5371 6262 7367
13397 3444 7522 245 6534 1201
13398 1228 2002 6492 1206 7401 4082 7466 4401 7356 8433 8449 8451 8431
13399 350 938 1425 2766 6266
13400 3073 3280 3468 7428 7579
13401 2384 3094 4949 833 6975 7313
13402 1298 7147 7453 7243 7391
13403 6393 4005 4770 5177 18 3587
13404 1991 4280 6874 7589 8163
13405 4121 5621 1389 6479 6231 8194
13406 5622 704 1367 3483 6239 1154 5056
13407 1301 6801 7095 2066 7439
13408 7243 4401 8318 8096 8442
13409 1566 7208 4425 2345 7867
13410 2185 2484 2723 6186 99 390 924 1428 1817 6082 2773 500 1238 5980
13411 2484 519 618 1779 5082
13412 493 1833 3829 4119 7689
13413 4082 4401 8442 8443 4826 8444 6296 8473 8474 8378 2008
13414 4119 36 1547 3437 1909
13415 751 777 696 863 4727 4760
13416 1194 6787 4183 7439 7890
13417 1148 2846 2933 4788 4924 5056 6975 3859
13418 1308 3170 5053 6121 6394
13419 454 2977 8494 8442 8444
13420 3706 1372 2226 2403 3327 876 924
13421 4641 3814 705 2664 7719
13422 464 502 533 3766 5026
13423 1437 4577 6494 6854 8286
13424 634 1382 1763 2121 5453 419 1122 7603 8378 8474
13425 1547 4082 7356 8421 8449 6812 8475
13426 5186 1817 4351 6544 7534
13427 3844 4880 1910 6588 1921 4108
13428 1611 2659 4556 2693 4892 4934
13429 189 3716 5339 639 4828 232 1455
13430 4528 815 1682 2261 690 6663
13431 3484 2860 3152 5952 2454
13432 2918 4690 6913 1022 1629 5026 5691 534 911 924 2170 8402
13433 4129 7663 7664 1838 7057 7901
13434 320 705 5937 5062 5494
13435 6310 6311 7136 4082 4401 7959 7837 8283 8303 8278 8443
13436 1529 2868 3189 3991 4015 8240
13437 1206 2486 2938 1682 3574 4663 4706 8481
13438 500 705 1353 2565 3447 5622 5936
13439 1437 18 7489 8220 8022
13440 1400 5641 5581 1075 6484
13441 465 673 142 5659 6854 8169 1574
13442 5183 3690 1021 4384 7371
13443 463 829 923 973 66 1588
13444 2066 2229 4179 2755 3073 7428 7712
13445 30 4990 6090 7157 7555 8392
13446 3587 5412 470 2285 6948 4056 3344 6639
13447 8066 7280 7673 446 639 1313 2688
13448 830 3637 1029 5654 3697
13449 935 998 4978 831 5134
13450 783 907 3149 3235 4130 5626
13451 4116 667 1803 7276 7878
13452 1736 2364 4620 5053 5266 6398
13453 1573 3381 1077 2153 5558 8468
13454 5133 4073 26 4931 5536 3993 7308
13455 6645 3734 6860 7282 7300
13456 932 933 7475 1833 4769
13457 519 5621 7257 7852 1139 1760 2185 5085 1149 2225 5365 7853 7390 2164 5980 1941 1900
13458 5747 3582 4401 8449 8472
13459 1216 5741 4889 2875 4648 5516 5228 3444
13460 3730 7243 6290 7893 8134 8287 7286 8244 8485
13461 2015 2497 7051 7253 8150
13462 1723 4140 2238 6385 1844 6625 3326 4794 6526
13463 690 2219 4462 4812 5996 8031
13464 4853 6659 7324 7689 3930 4959
13465 1734 8176 5061 4862 1510
13466 5099 7259 3105 740 2025 1322 6103
13467 6264 40 1477 2299 6833 6793 66
13468 2434 2435 3289 3321 3327
13469 1238 4383 6732 7742 7780
13470 303 930 459 4154 5026 305 7654 504 6235
13471 7034 1583 3930 7903 2207 1865 1353 8388
13472 1139 7746 708 128 713 3909 5055 5056 2229 291 236 476 696 3550
13473 1463 6407 7727 3820 3108 7486 6560
13474 500 5737 5739 5740 8194
13475 4114 2849 3236 3971 3215 4461 4916 7953
13476 4223 4580 4035 3138 3451
13477 2229 2128 3517 3979 8290
13478 6975 1353 3829 4711 704
13479 2976 2977 4280 7742 1354
13480 189 170 1289 169 279 3640 5075 4432 7644
13481 2170 1595 2203 6980 5641
13482 2441 2526 36 2972 3468 7612
13483 2317 6494 3227 7463 4210 5127 7534 2628 5218 8010 1675
13484 558 563 1812 2029 5387 6682
13485 2775 5817 69 3050 3214
13486 673 116 2298 2755 1784 1177
13487 7329 244 3997 6012 6098
13488 66 2668 1600 5840 6177 3404 2471 4357 1389 7559
13489 991 7523 5007 3352 3477
13490 5583 7076 2828 5645 7078 7374
13491 1714 8341 1428 2306 4966 7527 1234 242 4823 5241
13492 2002 4114 7306 1505 6750
13493 7250 7501 7503 795 5083
13494 3977 1017 2976 6476 7315 8237
13495 468 4666 667 5513 5552 7113
13496 3587 906 1617 4009 5570
13497 3930 294 5075 113 1295 130 275 8001
13498 1485 1489 2637 4466 74 2708 4622 4866 2184 3954 3740 8436 6840
13499 4157 2777 4727 293 7603 5764
13500 2286 4733 6466 76 8439
13501 4440 817 819 6542 2266 73 194 470 733 1139 2962 3211 4442 5019 5583 6294 6608 6634 7371 7716 7738 7898 7995 903 1167 1373 2625 2729 2816 3149 3437 3683 4144 4179 4530 5782 6691 7318 7489
13502 7417 414 1301 4448 5392 711 1524
13503 118 2185 5201 6943 117 992 4800 4164 5344 1558 7270 7642
13504 6282 6534 7292 3124 3957
13505 5915 6720 5688 2987 7005
13506 5118 3113 3417 3801 4845 4276 140 2668 6615 3587
13507 3037 7056 7054 6974 6926 8123
13508 3587 66 1428 6863 7590 8031 5869 6422 7523
13509 409 422 4427 227 5393 6749 709 1301
13510 1759 3670 5858 468 2403 5026
13511 2848 306 3147 3461 4182 5342 5468 5763 7487 929 925 5839 6966 815 829
13512 1489 3177 3176 4503 5326 6256 4670 705 2066 2847 3341
13513 2286 5421 2484 3930 5821 6572 1260 4449 5016 5822 7494 8193
13514 8011 2063 1942 8073 2120 5063 5485 1485 2578
13515 1120 1312 4134 8025 140
13516 359 1119 2470 3969 5396 8023
13517 6738 168 1207 3730 4420 4783 4857 4394
13518 194 1313 1700 2918 4015 1547 3482 140
13519 1306 2163 3188 5333 4715 3101 3073 2153 2416 3663 3758 8006
13520 13 2684 1367 3765 6447
13521 45 434 6284 7900 5019
13522 578 890 1428 4276 6854 8023
13523 815 220 2111 5075 5505
13524 6168 5115 7642 3105 3303 6665 6785 464 4384 6424
13525 86 360 1194 1852 1950 3195 3635 6599 6605 7113 8334
13526 3849 4996 5312 7489 7499
13527 1823 2101 3379 3578 5021 6432 3073
13528 2636 3381 4857 2244 6621
13529 1702 3075 3103 3649 3917 3928 6273 8301
13530 1446 4734 3646 753 1476 2409 4171 8322
13531 7292 8270 898 3922 8048
13532 4245 4779 7482 7365 2892 4937 6089 4955
13533 1682 3875 4614 8044 8405 8488
13534 795 2662 1930 3448 8038
13535 1208 1260 1409 1557 1964 2229 2384 3379 7742 7743 1367 3176 7806 8034 7217 469 6012
13536 6958 5880 6495 4745 4808
13537 328 3191 64 4463 519 2119 7921 1597
13538 5353 1873 4141 7357 2204
13539 1393 30 1763 1644 1915 5210 6250 1022 1847 2004 2066 2153 2156 2624 2977 3379 3599 3814 3829 3881 4148 4366 4574 4634 4877 5776 6035 6131 6260 6431 6509 6659 1734 3501
13540 4765 892 8057 5717 2509
13541 537 2155 2803 6683 1607 1234 3036
13542 1917 5953 7617 2333 1098 2766 5307
13543 1160 4035 5953 5955 4191 4535 7294 485 1833 2221 705 1200 3560
13544 45 464 470 896 1589 1817 1975 4249 4700 5126 5426 1647 6737 4883 1546 3639 5019 923 3229 7318 8240 8469
13545 4585 1750 1381 2402 4880
13546 433 4954 2939 2529 3100
13547 5953 1260 3221 4851 5688 6433 8437 8446
13548 36 646 6605 332 468 1194 1617 1676 4379 6601 1531
13549 3353 2229 6776 2187 4140 5955
13550 2084 1007 2855 6941 4536
13551 6263 2815 102 3222 5714 6891 6897 606 2136 5630 4597 66 7527 1870 4059 21 2372 6187 6892 4636
13552 350 434 463 470 6545 7155 4358
13553 2077 4140 493 1482 1539 5063 5815 1855
13554 912 1204 2853 4718 6377 3279 1748
13555 56 2298 1758 2002 3930 5730 5916 5943 1669 2688 1567 3820 3829 4140 6734 6810 1833 2334 6195 1098 1846
13556 113 161 4245 160 2087 222 4863 6501
13557 160 721 5504 6490 6557 1990
13558 5288 7172 7398 1719 4537 6604 5130
13559 5062 1734 3545 4484 5346
13560 1194 1531 2385 3223 1910
13561 1675 3284 3321 3352 4116
13562 1267 6108 3303 4257 5854 4383 3011 4256 6503 6254 3507 3689 4534 5577 2815 6255 4783 3687 4650 6865 6945 4602 4252 6732 3713 7089 6252
13563 1966 7495 4179 5878 6816 6803
13564 1198 2531 2922 4582 609 323 4501 5870 533 3315 3974 4587 6860 2831 3325 679 7050
13565 6440 1428 7150 2766 4121 4328 7857 1206
13566 2360 2625 4116 86 316 815 995 1447 2938 5376
13567 5641 3751 4106 1093 1599 8299 5011
13568 619 5124 5061 2919 753 1632
13569 2286 2544 7211 6269 7162 1728 2396
13570 1393 610 1861 2170 6068
13571 4905 7609 1604 1644 2155 2418 2741 3084 3278 4407
13572 113 340 7117 7137 7108
13573 3725 831 833 2356 8308
13574 7076 463 811 814 815 1613 5342 7558 1547 5026 5218 7053 7534 7654 3444
13575 1635 2561 7148 7162 8460
13576 4622 1353 5581 6227 1784 2777 3888 1138 6090 2525
13577 1856 2224 4300 8106 8107
13578 1240 117 833 494 6284 464 5317
13579 609 3911 8168 349 2002 2185 714
13580 3408 3176 3312 3560 4718 6202 3509
13581 434 463 2225 6333 6423 7487 7489 7698 7800
13582 2047 4885 6074 1364 3871 7855
13583 7089 5009 2295 1683 7508
13584 252 419 1665 2115 6490 6974 7019
13585 787 792 1788 5150 1644 4806 4709
13586 3957 114 655 1836 1151 3958
13587 4824 1137 1428 4379 4460 6468 6690
13588 1749 2803 3707 5112 2409
13589 4066 7426 5630 1056 5124 6572 7963
13590 610 1104 1836 3223 1070
13591 1755 7925 8326 1874 503 1437
13592 1754 2572 3011 5591 7641
13593 463 1720 1899 1950 2039 5200 7127 1827 2027 5696 6284 466 1545 2819 2225 6604
13594 3499 3947 7136 92 8438 8088
13595 170 232 4854 1512 6864 6243
13596 2561 2484 6179 1138 3467
13597 6840 855 1855 414 6137 4369 200 5730
13598 586 1541 2682 5824 6956
13599 3285 797 1725 4065 7426
13600 7137 130 149 222 345 357 2892
13601 353 3928 3410 3635 2222 7327 3773 6271
13602 1990 2635 2894 3873 5575 5987 4666 6731
13603 4654 5018 2664 3829 5622 6095 1200
13604 3467 546 3037 6980 7230 1053 1234 7732 7878
13605 5383 2264 6888 6560 6997
13606 1234 1118 2950 3105 2692 1206 1003 2190 5778 632
13607 380 604 1547 4812 6231
13608 1861 2279 1250 1313 8090
13609 5612 5979 6835 7276 7292
13610 99 2537 1118 2830 5104 5339 1815 4276 1818 6090 7848 7849
13611 716 1475 1148 4600 6066 1027 7575 885 4867 1174
13612 1712 38 711 1723 5316 587 1343 3468
13613 1576 1021 705 4874 1870
13614 918 5492 8380 7621 5869
13615 5587 3370 7737 5916 902 7703 1201 958
13616 990 2688 6124 2705 3325 4943 5085 6365 618
13617 2010 110 6710 59 6383 2332
13618 831 1489 2788 4450 7146
13619 3381 3730 4140 1986 2189 4369 394
13620 251 561 1272 2659 852
13621 4179 6197 1238 3149 4909 4974
13622 1389 2420 1655 1770 1817 2266 4105
13623 111 814 924 944 1675 1682 2170 3934 5621 8464 8102
13624 939 995 1991 3915 5033
13625 2565 2534 6611 1633 1865 1944 6562 5061 469 705 2903 5540 5915 526 3137 6646 3829 4535 1658 3176 3650 8196 3468 1423 7005 7543
13626 2184 6134 519 5581 64
13627 3888 6190 5308 5546 8252
13628 3941 6915 340 3627 4435 6212
13629 1497 812 4512 6494 4522 691 1329
13630 1880 2535 2138 841 5346
13631 1887 4242 5592 5614 1644 2403 5339
13632 3188 3667 3899 6417 8273 3730 3560
13633 1617 1247 471 2225 896 2479 3971
13634 705 767 1164 1367 1728 1833
13635 924 978 2368 3818 4549 5233 6432 7836
13636 5179 6938 1501 5048 831 6785 753
13637 1813 2876 4271 5229 5290 5439 6927
13638 122 206 3190 4203 7365
13639 549 552 4565 4951 5779 6915
13640 190 2022 2180 3866 233 1512 3867 1322
13641 6461 5092 5714 1617 4971 258 3237 916 971
13642 323 1858 3118 4693 7162 5132 526 6869 2034
13643 443 463 464 833 1393 1625 2155 3145 1924 537 1370 1723 1801 2336 4098 1443 3269 3731
13644 6157 7940 7353 3443 1228 3539
13645 5751 3554 2757 6994 2532
13646 1367 7933 26 1178 1372 1545 2176 3943 5717 7939 8023 610 898 995 1529 3991
13647 1286 3845 4800 5002 5758 6672 7793
13648 468 898 1428 6904 39 1836 6493 7280
13649 4054 5836 1200 7308 6075 6975 1489 7313 4140 7345 1833 3707 3468 8065
13650 326 4757 7361 1256 3716
13651 1950 3060 2730 1617 116 2264 6943
13652 2270 5318 5806 5865 8398
13653 5061 6058 2305 1833 5062
13654 1574 5339 1049 4943 1060 2283
13655 1608 3427 826 1390 4980
13656 6310 6430 3087 3677 3509 7837 4703 5111 7975 8383
13657 4605 3475 6403 5526 7412 728
13658 7280 2222 2420 3481 4017 6493 7165 8129
13659 39 3587 5019 6231 6612 7503
13660 130 5975 945 6440 1886
13661 3654 1469 2553 317 397
13662 5952 202 713 2273 3256
13663 5829 4778 709 1305 2115 4951 4955
13664 1568 5532 3670 244 380 1259 3797 4167 5167 6079 8205
13665 1115 896 1775 1389 1504 7236 8194
13666 1547 1685 3917 4785 7559 7686
13667 587 2462 3830 3831 3829 4819 3923 1915
13668 4151 7550 1846 4666 7713 4657 1576
13669 4844 836 1258 1589 1995 3943
13670 597 1817 2226 2969 5464 5782
13671 2561 2279 2312 7818 8280
13672 537 1353 1833 2056 2207 5039 2523 5164 6226 7294
13673 1056 1995 1099 7908 6968 2185 8287 6807 8137 4276 3558
13674 50 4379 5972 6956 8007
13675 7523 466 5125 7207 8224
13676 1685 5583 3543 4267 3845
13677 3144 2918 2264 3096 6385 7326
13678 270 1293 8465 64 7986 7296 8040
13679 610 1910 4654 6310 3173
13680 1966 1730 2531 4693 1395 7301 5008 2985 7031 8073 1437 6764 8149
13681 244 332 1685 5810 464 2628 3804 66
13682 2238 1239 1924 2624 3730 5446
13683 2371 2309 3756 3962 6563 4823
13684 705 1200 4860 7089 5622
13685 1546 2226 2231 5295 3529 3531 6403
13686 296 687 917 1193 1843 3583 5497 6599 118 938 1249 1428 2557 3510 6181 7005 7796 464 723 1429 1589 1842 6307 6898 6901 7435 1027 939 5083 5171 3090 6207 639 1941 8405
13687 6975 6692 6810 1573 6867 1608 3377 2688 7313 2608 2777 3274 3336 5089 6694 7230 7639
13688 92 35 1849 3150 5265
13689 49 1359 4393 4394 6166 6732 2800 4084 4885 82 2047 2526 4243 4351
13690 3097 7379 453 5238 7106 4004 3588
13691 2706 6634 3306 2328 6351 3004 1975
13692 8264 8304 3284 1843 2855
13693 50 1346 3173 3223 3975
13694 4374 2841 1589 928 6534 6264
13695 206 222 379 416 3640 4435 5165 5379 5919 6914 6916 7762 458
13696 753 2238 3191 3936 5064
13697 1353 2534 2608 3374 5016
13698 1428 5047 7516 463 2396 4549
13699 3677 4940 5839 6286 2958 3060 2962 4441 1589 3643 5753 7802 3466 6195 7195
13700 3712 1304 2279 3814 1122 4156 4346
13701 3678 1597 64 4181 3251 4369
13702 825 3125 439 1211 3820 6187
13703 500 2185 2750 3510 5019
13704 434 809 5621 6592 7611
13705 3804 693 1318 4420 8323
13706 392 1896 4072 4485 6937
13707 7107 7443 8123 304 6867
13708 4347 3039 1917 1918 6250
13709 209 281 3194 3269 242 3619 344 2280 5856 192
13710 997 2854 4399 4793 971 1572
13711 2298 945 1524 135 2892 4533 404 4951 3202
13712 733 896 1455 1524 5066
13713 3723 3888 6310 6492 7136 5915
13714 1962 2109 4276 6698 3444 804 6717 3181 6143 1949
13715 3697 4862 7730 7736 3042
13716 3233 2501 2803 3379 5626
13717 319 817 1869 3113 3515 5368 6078 7547 1428 819 2491 929 1601 3056 3637 5012
13718 2385 2288 6977 4729 7179 5242 1932 3814 6187 6906 306 350
13719 1276 5026 2776 1044 1046
13720 6283 3447 4231 7005 2928 3864 7550
13721 332 3805 4341 4816 7136
13722 3105 3935 928 4996 6066 716 2225 2279 3061 4379 5026 4200
13723 8287 8278 8442 8414 8484 6812
13724 468 646 1194 1540 1985 5947
13725 6479 7009 1660 1784 6611 4140 8226
13726 2784 965 1200 2200 526
13727 3512 7642 1674 5927 2622
13728 4401 7766 6721 7025 8096 8316 7693
13729 2295 4034 7408 2013 5421
13730 328 602 1366 2918 3031 1836 5201 5031 4363 2371 1714 349 2324
13731 5381 7475 7551 2087 713 6186
13732 3327 924 7033 922 5113
13733 6611 705 1200 1719 2155 1342 1519
13734 1864 2976 5622 7672 7742
13735 7384 453 4079 5101 6119 6562 6652
13736 4411 4602 56 3066 781 5427
13737 1552 2903 3909 4347 5876
13738 1949 2561 7970 3587 7510 8397
13739 1831 4710 2868 1286 1582 7070 923 885 5026
13740 340 457 222 6089 3422
13741 7088 534 2500 1141 7195 7490
13742 5125 7475 5056 7313 8361
13743 56 7551 7286 8244 8450 8426 8432
13744 4082 6273 2143 6195 4401 99
13745 2145 1386 2279 2594 7135 3869 4480 2435
13746 21 2240 6815 7326 3814 7175 7179 941
13747 4524 3543 5641 7973 8024 4022 3764 4578 5884 7188 8042 8346
13748 1456 4749 4796 6198 6634
13749 1511 6645 3450 5448 26 3444 2897 3715 111 658 6153
13750 6330 4074 8471 7687 8475
13751 837 3752 924 928 3799 99 3275
13752 600 7318 4164 6601 7499
13753 2561 315 3035 4166 4929
13754 2014 2185 500 1751 2638 3514 7852 8003
13755 1846 2639 5916 5730 2264 5657 8056
13756 939 6174 6537 6177 5026 5511 6176
13757 6231 570 1076 2645 3107 5701 6180 6889
13758 5890 1428 1976 5845 7738 5342
13759 3719 4164 2015 1284 2212 4365
13760 3072 2292 4059 7464 2200 2002 4800 6264
13761 4082 4401 6196 7837 1228 8428 8444 8442
13762 380 4022 3780 1336 6854 7906
13763 6312 2831 4401 7157 7298 8443
13764 815 5051 5319 5769 6874
13765 506 1249 1428 5240 5407
13766 5842 7971 4549 469 546 2565
13767 1428 2855 810 1130 4280 7500
13768 5747 4957 7147 7453 8492
13769 8186 1437 3969 4340 5990 8403 1869 2327
13770 44 2767 3506 3853 5639 6203 6576
13771 4552 5672 2150 3107 4586 3650 283 1445 3176 3280 8029
13772 2284 2972 1524 3029 5430
13773 8073 6592 6750 500 7106
13774 2635 2894 165 413 2892 3300 6954
13775 5302 1378 4853 2847 5164 5564
13776 8380 6811 528 1658 3277 4326 4983 6012 7093 5458 26 307 7494
13777 5316 2151 4843 705 1260 3374
13778 1576 2010 2407 7780 7428
13779 465 2687 5016 1236 2799 61 71 2767 5327
13780 848 875 3814 4190 4178 4970 7089 4083 4530 586 3860 598 2002 2962 7055
13781 6310 6311 4082 4401 3643 3642 8107 3322 53 8293 2431 4074 8093 4826 8448 8449 8442 8443 8470 8088
13782 6189 4082 6290 1075 4909 7510
13783 320 3454 6630 676 828 6929
13784 2072 7995 2299 5983 6270 6592 7579
13785 4366 753 1215 3000 5337 5808
13786 4166 4496 2282 3829 332 2278 3331 3743 6244 6572 7093 6242 1343 228
13787 1437 4974 5414 7172 7797 5600 8296
13788 1846 68 1364 7598 2185
13789 1589 4440 4442 16 434 4183
13790 2750 1184 1949 4995 4996 3791 2137 7873 6028 7516 6612
13791 7169 7378 2577 8151 6457
13792 1669 786 2281 1367 2735 3274 5142 4159
13793 164 189 283 724 3826 160 294 4907 5502 3205 186 201 202 2902 188 6749
13794 1846 7326 5916 7313 3576 7475 5730
13795 6283 5465 6431 1309 1343 2163 4449 4673 6285
13796 1836 1910 18 7070 2495 1963
13797 3916 3917 3928 3922 1459
13798 4430 1805 73 276 1427 275 3051 610 3539 5439
13799 4629 5062 1654 2238 2526 3073 3886 5955
13800 1950 4790 2736 2897 8115
13801 7136 2156 8453 8450 8502 8484
13802 708 1536 6762 130 713 1122 4448 5378 6418
13803 4116 6663 1529 3290 4015
13804 4560 5294 5916 5644 4646 7292 8071 8110 5148 3921 5041 5167
13805 1989 5364 4484 5790 2631
13806 4239 3478 3791 6857 4666 4994
13807 8397 53 2970 4680 5374 6867
13808 315 1538 3405 219 431 6243 785 8027
13809 3949 5063 1875 2229 3003 537 705 2155 2950 7819 8094 6611 2983 6186 5866 8065 8410 8436 8477 8491 8502
13810 3105 2155 1858 4655 4822
13811 2634 3451 2151 6517 6518
13812 7095 7325 1295 6501 395 2273
13813 303 1050 1817 1949 7276 5621
13814 1437 911 3721 4058 5059
13815 6691 6694 7737 3353 6006
13816 5622 1200 7702 2718 3105 8386
13817 3353 6186 6095 1234 3361 6006
13818 2224 2856 1160 1176 2155
13819 2117 2958 5395 6684 7732 8296
13820 113 130 222 713 2894 355
13821 1817 4167 3191 2264 5131 6986
13822 1685 2289 2170 8212 1044 1613 1682 3974 5244
13823 1437 2713 2127 2034 3476
13824 7037 251 256 417 2083 7095 4990
13825 5209 3571 5414 5699 6617 646
13826 2372 3400 142 398 759
13827 5165 2748 2750 4601 7981 4881 4886
13828 1353 1723 2461 4038 6434
13829 3798 2309 4276 4007 295 1524
13830 5684 1460 6873 7444 7519 1795 2063 2091 3386 7706 1481 1896 3629 3638 4418 5267 4730 7549 7648 4852 1890 5058 7700 1428 3925 7928
13831 463 3073 5090 78 7451 6166 66 5210 8023 1504 6928
13832 2748 892 2590 8137 3501
13833 1847 2933 2956 5016 6535
13834 5618 1784 1832 3888 2229 2755 4802 2132 1644 5465 6162 6622 1367
13835 2530 4140 835 2831 4509
13836 2919 5803 3105 5048 7005 7040 827 3381 7521 546 2066 2478 3004 2128
13837 1817 1497 970 5776 2261 4525 2484 3458
13838 1734 2976 3274 3707 3731 5155 5210
13839 1428 3223 3293 2185 4006
13840 903 6261 3467 2847 3304
13841 4401 7691 7692 8316 8318 8096 8406 8444 8442 8443
13842 5140 464 533 896 3773
13843 418 923 1289 2368 3284 3477 4429
13844 1847 2185 2605 7742 7743
13845 500 610 1975 2264 3539 5542 6943
13846 5243 6368 7582 6892 4634 6353 7142
13847 1176 233 2615 844 3405 573
13848 4200 1712 1367 537 6945 5060
13849 1040 3153 5205 7112 7616
13850 4652 3767 4971 6509 4771 2380 4263 1139 7650 3598 3649 3798 4677 4833 4627 3658 2753 4265 2219 7278 6371 6168 2746 4804 7148
13851 5188 2185 5074 1767 4531 5772 2328 1900 5700 7462 3643 1945 6770 6771 5864 3090 7185 7276 2918 6180 7531 45 3752 7162 7299 8311 8312 4943 5609 3263 3308 7668 4154 903 7100 7658 440 3283 4113
13852 1367 1802 4140 5236 5955
13853 705 1197 3829 3830 3813 3854 5953 6517 6572 3508 2238 4921
13854 520 3877 5644 195 596 1752 4529 6473
13855 2002 2448 3072 1363 4916 3587
13856 3350 422 1455 2892 4429 135 2963
13857 1160 2620 4802 5441 8034
13858 2706 995 3499 3723 1520 84 31 74 1760 829 1036 2261 93 4412 1714 5747 6310 6449 6920 6309 3773
13859 705 3835 1712 3829 7340 8269
13860 2964 4377 3514 332 378 2419 3993 4695
13861 5026 31 610 468 1985 3562 689 3476 2959 4249 3727 140 907 2484 3916 434 2766 1564 5682 5790
13862 4716 1491 4375 2776 4307 3179 2106 3859 5292 8324 3292
13863 4357 4442 5741 6441 5740
13864 222 5509 113 2215 3640 4245
13865 2222 8315 1804 1805 3467 3468 5833 8029
13866 4950 4464 6362 7802 5688 2715
13867 2561 6310 6427 6492 6671 4423 4082 7136 4980 7453 6535 3780 3373 4464 8433 8411 8277 8453 8414 8450 8185 4198 8440
13868 1654 2061 3372 4097 592
13869 5818 3820 183 6448 6490
13870 5485 1160 7273 30 56
13871 130 5962 5986 7437 7826
13872 1160 2615 2646 3489 4864 4865 7999
13873 5560 7808 6223 3766 1593 4004 4280 6641
13874 3563 2903 118 23 2755 6979
13875 1011 2669 3130 1516 22 5747 6310 6919 4082 7136 4401 7339 7453 7022 8084 6330 8220 8383
13876 3906 5317 5737 2247 3052 3694
13877 753 1489 3013 4347 7357 2323 2520 3004 3175 3303 3334 4071 3003 3304 1485 3535 269 2248 3217 3374 3376 5335 2153 7358 4223
13878 1783 1712 6632 10 7824
13879 3709 7858 468 3685 4244 5332
13880 670 4800 5793 4973 6509
13881 4369 1437 3829 4877 8358
13882 2839 3719 4543 898 5026 6099 5031
13883 5064 4318 4766 4711 1422
13884 5485 6517 2132 3468 4789 5570 6025 165 3051 6061 130 2195
13885 2080 933 2526 4038 4337 4825 4924 7096
13886 1432 5652 73 5742 3100
13887 7422 1972 938 3107 2580
13888 2189 3864 7040 7713 2529
13889 1688 4024 928 2012 1617 5776
13890 7138 7558 1682 3445 1709 4937 7075 7369 7929
13891 616 5246 1950 4603 2739 3340 5177 7204 4747 5449
13892 5928 537 1644 1823 2620 2987 5622 6475 1824 5164
13893 1957 3480 3912 4537 2020 2718 4473 4788 5238 6722
13894 3574 6750 2939 3915 3918
13895 2238 8348 6857 8179 2624 5485
13896 1847 1234 2699 352 3000 3150 1799 3440
13897 3003 4684 3669 4386 4084 8436 7821
13898 99 4462 302 2510 1557 1861 5047 6544
13899 195 602 809 3936 5675 5839
13900 3229 1318 1428 1975 91 596 3935
13901 36 601 1809 1909 4529 5376 5377 5839 5840 7832 4031
13902 2384 2950 4002 4866 2933 6133
13903 5346 1353 2780 6301 2519
13904 1685 2561 5876 6218 7425 7993 1116 1336
13905 1160 987 3279 7500 7375
13906 1559 7562 4014 5942 939 7106 6275 1949
13907 3914 2272 2828 7292 3039
13908 7701 2238 3537 4641 5963 2608
13909 8008 711 761 2214 5691 1950
13910 2066 6572 2155 3468 3829 1160 3073
13911 4091 113 2543 6915 162 4566 5945 6766 6082 6435 3791 6448 6751 457 248 7616 278 3873 151 6767 7365 5961 6200 405 152 211 294 5075 5962 2354 7795 254 256 663 6964 259 8390 264 3201 7437 5919
13912 2561 5110 2060 5743 1523 4686 4951
13913 2577 4368 5414 470 5723 1168 6887
13914 2309 66 3799 2371 7106 7343
13915 2868 4116 5118 2904 4940 5489 7667
13916 308 4980 1575 3830 5063 2953 3849 4666
13917 2229 6535 7969 577 574 3730 6710 3005
13918 3349 5292 1594 2637 4383 3531 1485 2207
13919 5231 2299 4497 6943 7271 3510 7443 1184 2845 5043 4173 5651
13920 74 1216 4401 8094 8049 8075 8133 8019 4414 7025 6721 7766 7691 7692 8096 8316 8317 8318 8510
13921 990 6942 5904 7654 502
13922 3814 5419 4733 5501 2951 1489 4175
13923 673 2694 5346 6037 6133
13924 8323 5737 7280 1502 8200
13925 225 203 4157 2591 6915 1534
13926 151 751 5780 5962 6200 7437
13927 944 5026 6730 4121 2225 6886 1912
13928 2238 1489 2919 4369 8115
13929 3563 3445 2484 4473 1060 2264 2568
13930 6785 835 2972 3667 8498
13931 4802 4994 2736 2056 2897
13932 911 2444 3444 6855 1604 1763 5804 2643 3887
13933 94 831 1056 1934 4894 4494 855 5113
13934 2066 2692 2361 3468 4079 6239
13935 2341 92 1400 7179 1367 1723
13936 4583 2410 639 1993 7907
13937 1751 4313 4399 4209 4211 6052 6600 3008
13938 2066 7401 6979 945 5546 5210 7286 8287
13939 161 4955 5764 3640 113 732
13940 7390 697 924 2284 5032
13941 3476 4731 2185 5275 7553
13942 4450 4233 2553 238 4845 4857 1589 2778
13943 1662 3008 3338 4049 1428 4735
13944 1910 1993 8023 8249 2505
13945 87 6187 36 2853 4863 7914
13946 2976 4398 4399 6040 6053 3689 7133
13947 5182 1949 2605 2803 6972 1138 2976 767 6945 2155 537 6199 730 1361
13948 1789 2372 6189 4518 7401 4423 7959 4647 856 8187 3451 6090 672 4826 8495 8472
13949 833 3773 5747 6310 6312 2950 7819 4655 924 8428 8093 8277 8471 7698
13950 306 1428 4280 1861 4646 4944 5680 1991 610 2743 873 1635 2178 7209 7807 7119 8254 4022 6967
13951 3138 6499 3176 5056 5112 6511 2066 7264
13952 443 1200 2056 3829 3831 3326 5175 4156 5063
13953 1137 3857 3954 1200 2843 2847 464 1118 2427 2484
13954 519 596 3751 4377 938
13955 1784 3073 7474 7712 4666 4994 4802
13956 5836 833 1200 2450 705 5062
13957 556 3903 1338 6314 1886
13958 4036 4946 4631 3138 1608 42
13959 239 1224 3375 4122 4280 5314 6810
13960 2271 284 2137 4274 6900
13961 7503 2229 26 3191 4474 5026 6604 2444 3624 6336 6660 7553
13962 2433 5574 1588 3404 6926
13963 5989 2439 5839 6592 3587
13964 1002 1580 3280 3781 5019 1358 3930 3943 5471 7422 1050 1814 4357 1682 3231 6953 2731
13965 7570 1200 3453 3468 3560
13966 5060 4403 4073 1160 5414 3117
13967 542 2346 5913 3003 4325 4180 6840 7576 7006 4383 4394 3690 4397
13968 6314 879 1253 1785 4161 5476 3647 7367 3303 5156
13969 74 4401 3445 6195 7837 6330 6721 5235 3780 6196 7692 7693 6689 8275 8430 8434 8448 8451 8443 8471 8442 8162 8276 8444
13970 194 2562 2486 1115 2885
13971 5953 2161 2815 1353 1699 705 1390 1391 1392
13972 610 99 464 1505 2170 4900 434 1262 140 470 1206 2185 2330 2740 4336 4474 5026 6758 6967 1431 7078 4011 1139
13973 1688 5931 166 2967 6437 3181 7089
13974 8 416 1293 2083 4935 5778
13975 8 5512 2608 4643 2529
13976 2232 2226 929 3499 3637 3946 6330
13977 306 1428 5171 5394 7809 7443
13978 709 2215 4221 435 2471 5630 5414 436 4095 5079 442 1089 3245 6684 504 1022 3419 322 1090 3247
13979 3213 5057 5238 5344 5549
13980 310 639 3587 5756 6778
13981 586 3244 4785 5011 7490 7534 5877 7165
13982 3521 384 7131 3091 5970
13983 1823 741 6250 5169 7128 705 1423 5552 7745 3452
13984 3990 7313 7475 1604 1821 3765 5570
13985 7672 2280 6810 8253 8342 8194
13986 946 6847 1428 2090 2185 3719 4286 7366 6197 2751 4712 7299 5523 5623
13987 6372 195 36 194 602 7188
13988 4243 8034 833 1911 5953 6572 1964 537 1489 3379 5310 3468 5257
13989 997 6264 7555 1201 2754 2286 3925 7624 5133 6267
13990 535 1540 2699 1682 2706 3273 2705 1503
13991 1991 4440 5006 1050 2753 7590 8383
13992 4638 5622 4243 5116 7146 4231 5802 3138 2523 4035
13993 4383 3003 3004 3022 4071
13994 1180 4015 939 1613 3107 6506 6634
13995 709 2452 4459 5862 2635
13996 3073 3084 2566 3447 7921 1756 3506 1154 2843 7404 6825 6860 3150 5138 64 1024 2184 5139 7830 5776 3440 7264 7293 7895
13997 835 4140 4720 4857 5313
13998 924 5026 6944 6941 814 2755
13999 650 924 3149 687 691 2679 8147 7054
14000 5498 1433 1097 1801 4880 3030 5917 3517 7568 2780 6518 932 2505 2229 6152 1392 1864 4347 2999 1199
14001 6197 705 1719 1723 6516
14002 938 3371 3997 1254 5388
14003 5583 2019 6536 928 5549
14004 6266 7875 7508 6771 6990 2402 586 7162 3283 7709 3464 66 2002
14005 5612 5756 504 939 2002 5772 6854
14006 2608 3188 4629 5124 5159 5346 5441 1755 1566 1776
14007 1680 3577 6181 5301 5623
14008 1843 4599 6867 5548 1747
14009 932 1910 3073 5037 6802
14010 2389 2392 2393 2945 3488
14011 1389 2241 6903 7114 2137 8236 500 1910 3444 5971 6275 6479 7113 7175 63 1744 6301 939 1206 612
14012 348 386 389 3197 4985 6325 6654 6781 8097 3962
14013 596 1428 1505 2271 2832 3514 3928 4164 5884 6728
14014 1346 8358 5234 7980 5843
14015 3149 3814 5010 17 2868 1286 3195 4163 6603 6604 7726 8061 1818 464 622 1129 1512 854 3331 5817
14016 5474 4206 6533 6697 1086 7778 6172
14017 169 7918 8376 5304 1339
14018 7300 6593 7559 5676 7120
14019 7934 6130 6222 7298 8467
14020 2634 3380 3932 1821 1911 3039 5581 3375 5657 3762
14021 1463 2176 2407 5621 2368 2526
14022 1928 6151 5220 5884 3475
14023 957 2952 3381 4383 7571 3680 705 4252
14024 7338 244 500 6976 6235 6337 194 5377 5468 7490
14025 2155 2956 3042 228 767
14026 7092 3677 4940 2031 6093 6956 7523 7220 8144
14027 705 1260 1712 1978 3714
14028 4565 4768 7823 5137 5753 7501
14029 1462 2644 1587 2213 6764 1682 1850 3684 7002 3759 6498 1414 2218 7502 8073
14030 4163 5053 103 5019 6284
14031 6215 3739 4116 4167 8142
14032 598 2962 1682 6154 326 5905
14033 3138 4347 5073 3673 5121 7495 2720 3150 896 4950 2289 1030 1280 3527 4795 8321 898 2152 8026 3522
14034 61 1491 5327 1030 5750 3672 7570 1489 6202 8289 3829 4930 5802 2620 3680 6385
14035 1437 2090 2561 6030 7709
14036 332 4324 2184 1489 5786 118 7146 7475 4445 6385 7923 8133 8295 8354 8410 8411 8478
14037 36 5674 5840 8198 4235 2868 5377
14038 1367 933 6517 1489 4369 8224 7313
14039 1503 2960 6274 1325 6244
14040 130 1535 4239 6082 412 5875 8308 7429
14041 3195 3321 4164 6498 697
14042 2769 6937 722 2900 113
14043 3723 4249 5747 6312 4401
14044 5606 3038 6057 4876 8045
14045 3073 4733 4390 4392 6199
14046 1202 1811 5581 1462 5532 5940 5996 5995 5453
14047 2630 350 2484 6537 4181 3799
14048 66 1092 1847 3907 239 3721 5708 8137 6761 8289
14049 3476 6474 6154 911 6730
14050 7195 5721 2002 6604 6741
14051 3105 3528 3541 3802 464 618 697
14052 4627 2288 2260 5038 1732 7031
14053 1873 2056 2155 2463 2465 2620 5795
14054 3773 3814 2524 1792 2805
14055 2056 2824 5688 723 3730
14056 7510 1582 924 1371 3056
14057 4786 6881 159 4119 875 8367 8195 40
14058 2725 1427 4361 1702 8003
14059 467 3587 3385 7276 691
14060 3948 2726 2443 4401 7136 4082 7551 2156 8109
14061 4857 831 3466 4499 195
14062 1116 1497 2909 3092 3227 3961 4273 8300 6316
14063 842 1784 1837 6923 3829
14064 1906 306 924 1685 26
14065 6685 5148 5188 5861 7213
14066 1505 924 944 972 923 3924 1200
14067 2977 7128 537 2252 6945 7350
14068 7130 4448 5324 7587 4850 146 457
14069 4719 1354 1552 2557 4198 5383
14070 6311 6196 815 7693 8444 8162 8442
14071 5567 486 734 4357 7553
14072 22 1473 5546 7731 7784
14073 3278 1833 2468 469 2815
14074 2565 942 3829 4140 5622
14075 5674 914 1600 1861 3917 5026 5526 6140 7958
14076 2841 1459 3095 5412 1928 3097
14077 6846 2124 5730 3227 7673 59
14078 812 897 938 977 1045 2766 3845 4547 7425 7694
14079 2706 4259 4525 3087 3942
14080 3829 6202 5955 3377 4650 6697 7173 7555 1353 5016
14081 2545 7731 8480 8508 8509
14082 1114 1428 2789 3287 4179 5621 26 6008 7654
14083 27 303 829 5746 2706
14084 2360 4567 711 3525 6194
14085 4377 6473 5376 194 5218
14086 4387 2777 3353 6041 5502 6657 164 3997
14087 5498 8143 20 1207 6572 4243 6475 1199
14088 2185 2868 7800 2137 970 8064 5113
14089 4250 7852 8304 1452 7888
14090 2953 3539 3631 6993 8101 705
14091 1552 1489 2155 6314 6975 4231
14092 1428 3284 6583 1929 4701
14093 18 1316 1428 1861 5399 8263 3514
14094 7640 1531 2973 3073 7378
14095 3411 2496 6604 6938 1940
14096 618 4462 5258 4165 469 5840
14097 3090 4441 6854 895 1184 898 4758
14098 5641 673 1142 575 2353 2577 6066 4652 3857 3954 5730 1093 1249 602 1139 2389 4461 4599 4862 1200 4179 1118 1344 125 417 6969 6975 1121 419 420 2115 3551 3553 4563 7017 130 6154 2215 4206 582 3870
14099 1448 3491 8211 2225 6067 8119 8121 6977
14100 652 4276 5747 6310 6671 4184
14101 5564 1152 2255 4336 632 6167
14102 945 1734 2523 5061 5622 6186
14103 231 721 6557 256 125 268 2453
14104 2750 2812 5711 6979 818 53 6943
14105 3311 5019 4483 812 7197
14106 2404 3576 5319 6049 6814
14107 4442 5858 380 734 3090 7113 6787 6790 6791 812 3060 96 2270 4956 5414 7030 3843 1653 5312 200
14108 833 1306 2384 1024 2843
14109 8337 4116 4379 2137 2485 3191
14110 3119 1988 546 712 2382
14111 1619 2428 4898 8061 5339 7790 1489 2369 7116 7791 1285
14112 463 1333 2271 2569 2570 5965 7488 1261 5971 1976
14113 2956 1489 3101 3404 7609 1367 2817 3483 4642 5312 2232
14114 3073 8468 6975 7717 3864 7428 2648
14115 2212 3060 3372 3814 5013 5188
14116 6821 2831 7591 7596 3213
14117 66 2750 946 2748 5645 3325
14118 5064 4352 1160 6095 6825 3004 7521 7973 7702 2986 5061 6314 4231 6202 7836 8080 6084 2238 8253 1589 5628 3417 8194
14119 4921 770 1669 6179 2180 5974 2077 2939
14120 1559 2002 5546 7555 5019 468 7376 7556
14121 1200 2803 6727 6975 8420
14122 340 6082 165 1524 6914
14123 5217 2155 1189 2454 4082 4401 1833 2977 7715 3440 7128 7969 3642 8442 8443 8444
14124 4207 6310 1147 1989 2705 6312 6311 4211 5470 3274 1499 5526 4401 3083 7738 7089 8107 2185 2254 571 1153 8247 7531 2580 5523 7737 6180 8421 8471 8444 8431 8472 2008 7068 8088 8171
14125 1630 1617 938 1044 3191 1276 1547 4016 2671 3860
14126 3319 3351 5054 1887 2921
14127 2608 1442 1598 2713 2724 6453 3786 39 1930 5790 4655 652 2962 4578 6144 4454
14128 164 281 722 5502 2451
14129 4796 563 564 1773 2555
14130 5210 1847 5553 3304 7045
14131 118 991 2170 3663 911 6589 2225 939 3923 6101 2285 3956 7716 2612 3476 5026 1644 6197 96 1589 5200 7503
14132 2954 6641 1426 3123 3759 4119 2300 6008 1650 8003 1437 7891
14133 6650 1531 8023 2061 3372
14134 3070 8240 924 3191 4549 5439
14135 7874 7875 4537 1427 4210 4316 1151
14136 2691 4251 5800 4025 2229 7906 3790
14137 1505 66 504 1500 3987 3446
14138 2919 7005 1734 1847 3707 3864 7344 200 7046
14139 6 255 427 2593 2963 3555 4201 4202 5094 5356 5361 5406 4128 72 193 210 940 3627 4755 3203
14140 1158 2668 3917 6079 1991 2373
14141 1685 5019 5026 5027 5621 7230
14142 5258 4519 6853 4106 2795 6287 1228 2279 4103 6280 6421 610
14143 819 1685 500 1267 537
14144 3707 5217 7041 1979 3004 4002 8213
14145 924 944 2669 1471 1170 4280 6346 2371 4960 7339
14146 705 753 2155 3374 7390 6975
14147 975 1234 978 2153 4025 308 2245 3517 4569 4588
14148 1289 113 6957 130 5743
14149 244 3025 1437 2679 4122 5200 1286 1887 3195 3925 3059
14150 5514 2956 705 1260 3829 933 6841 8234 4143 8156
14151 3130 2225 3264 602 817 463 814 5026
14152 5273 5522 1194 1969 3223 639
14153 2418 2697 6142 5056 6583 4980 5730 8055
14154 4011 3131 5553 6282 7197
14155 5410 6152 2223 4739 7904 6611 6614
14156 2238 5956 6131 1260 3004 3830 3831 5953 5998 6572 6985
14157 4902 3090 4558 4800 1238 5130
14158 3291 4678 2962 5840 7612
14159 4577 3756 938 894 2918 3869
14160 1060 5069 66 3915 3925
14161 1302 7365 6527 129 3216
14162 4174 429 1539 2180 7637
14163 664 801 879 881 482
14164 2489 3867 1237 2471 2179 4357
14165 1650 1847 2066 4143 4206 1833 6975 7474
14166 440 2545 5546 7555 7556
14167 2565 3754 896 5794 8071
14168 3106 890 1407 2075 6197 6980
14169 5581 5777 5147 4908 5167
14170 1682 3858 4574 5026 6154 6474 2389 4666 6671
14171 1566 6975 5210 5000 6132 1604 6887 8234 8288
14172 6082 1216 222 2185 7434 8292 338 8443
14173 4857 4140 7450 3105 6810
14174 401 1106 2930 3654 5659
14175 3946 5747 6310 4082 7551 4782 3445 3643 4401 6330 6870 7050 7434 8096 8316 2748 463 8275 8383 8425 8451 1213 8473
14176 2002 1176 1825 2688 3073 3085
14177 6310 4957 4082 7438 7157
14178 5668 1987 1191 2589 3928 8472
14179 3682 459 5176 5473 7705
14180 1070 601 1751 7165 1003 5621
14181 663 1103 1524 5961 719
14182 2229 3094 6611 470 469 1056 5236 939 6314
14183 3468 705 6380 3191 7076 6184
14184 1260 2738 2856 3343 3374 4783 4791 6434 1306 1353 1367 2774 3375 4140 4640 4673 6202 6810 7954
14185 3863 3727 1885 5110 7336 2331
14186 18 3533 4015 6810 6857 7195 7471
14187 528 4800 5372 2286 2972 4164 4710 7726 2256
14188 4871 5064 3740 6095 7264 3266 7404
14189 4334 1719 1734 2519 2803 3097 3690 4507 5216 5728 5731
14190 3625 557 1336 4172 7084 1672 4643 4785 6308 2304 5519
14191 1489 1719 5416 7006 1485 5248
14192 1373 1599 3637 5824 7913 6645 7916 7698 2819 7797 5787 6333 7113 7800 434 1597 6688 7278 8323 4710 6496 4276 4419 6730 2121 1356 6370 5339
14193 1912 833 1485 5592 5620 5690 6479 6871 7475 767 2155 7551
14194 332 712 1247 1428 1613 6197
14195 1928 833 1578 110 1185
14196 430 1490 4002 4089 4711 5485 5936
14197 4383 2136 2700 4300 3755 7319 1986
14198 114 2537 3440 3445 3444 7837 4401 2147 7688 8414 8418
14199 2061 4045 907 1966 4963 5525 6494 1505 1026 3517 2185 947 6197 6264
14200 3925 5525 1427 1508 5986 3715 7054
14201 1905 1941 3379 4815 3049 2777 2185
14202 5119 1200 1833 6314 2244 2817 5270 1353 3377 6975 2441 1489 2256
14203 244 332 1115 1389 1836 3541 470 3845
14204 3476 8023 667 2750 2137
14205 1598 1510 66 2696 1249 7974
14206 6123 3587 7313 7475 5326 6252 7275 1012 2402 3223 1540 6130
14207 1160 831 833 4980 2620
14208 334 2042 2270 6680 4766
14209 3106 4104 454 504 8280
14210 3882 6611 1552 1557 1489 7931 4369 465
14211 3058 7737 21 4142 5367
14212 1958 1247 4341 1939 3264 3060
14213 159 559 2914 4517 3176 4503 5856
14214 4386 6312 6780 6919 6920 4401 4082 7136 8109 7157 8220 8383 8450 8442 8444 6812
14215 2144 1861 1924 4330 2238 3142 4243 8361 6975
14216 434 7496 687 691 470 4355 2430 4785 5614 45 596 1447 2261 3213 3658 5017 5218 6334
14217 2032 3968 907 989 8140 939 7579
14218 1910 2403 1632 2933 4588 3209 8001
14219 3723 5004 1697 3597 2514 6671 3231 6290 8220
14220 563 786 1883 2025 2663 4088 5819 569 4827
14221 885 7628 4693 6877 1792 5769
14222 2816 4549 7836 7443 464 463 1192
14223 5390 924 3404 1060 1385 1952 3246 1887 1891 3249 6154 6474 8066
14224 1428 1928 4076 5581 6358
14225 349 468 938 1428 3319
14226 5622 2741 2754 4980 6090 7974
14227 1810 1135 4843 5188 7106 8458
14228 4751 2963 2892 6020 7587 8396
14229 2965 225 227 3623 4566
14230 2080 3142 4243 5312 6303
14231 1059 1682 3090 4635 923 2139
14232 303 7656 4249 5144 7620 1389 1655 7490
14233 244 332 646 939 1148 1194 2583 2646 3774 3825 4008 4379 5106 5130 5167 7088 5132 3227 6844 8026 6634 2580
14234 4973 350 4351 7758 6390
14235 898 1880 17 924 1286 4305 4560 5026 5647 5691 5946
14236 705 1353 3381 469 4311 6517
14237 705 790 1858 5000 5689 692
14238 1367 3731 5155 6434 7093
14239 1578 4629 2132 3483 2155 7295
14240 1957 1838 1835 334 3434 3436
14241 4537 1881 3814 4442 3498
14242 3709 7816 815 6235 849 6381 812 3476 4248 1816 7058
14243 3830 5956 3829 4508 6559
14244 3179 2524 82 2976 877 773
14245 8127 2279 6549 1308 6921 3343 3587 7258 459 3936 8194
14246 2418 3829 6975 1199 2708
14247 1823 5257 6441 2244 1335 2002
14248 3727 5510 2184 6577 1056 1589 1977 2439
14249 1505 67 487 2185 6967 471 890 5220 7859 3034 6935 5472 8190 1178
14250 4895 5201 7070 7802 1540 2312 5782
14251 1892 2181 2437 4376 7225 6543 5478 6473 5677 6522 7009 8467 5678 8383 2750 7141 908 349 602 8392 8456
14252 4794 99 612 1836 75
14253 3152 3201 7095 5925 165 5392
14254 2483 2373 4144 262 4733
14255 3683 3998 4205 6201 8456 1593 2147 5470 5672
14256 5344 1366 2368 3189 6714
14257 2605 2153 4737 4767 5851 5397 4738 4739 2066
14258 2484 4975 443 4369 1910
14259 266 2150 4091 4951 4952 6723 6918 5941
14260 1599 829 1685 103 928 2544 3166
14261 463 1547 1861 3231 4785 5004
14262 1613 2033 2561 2601 5395 4378 4610 7390 464 3381 4235
14263 5358 5361 6974 185 5356 6723 287
14264 4922 6617 8256 7236 8023
14265 3381 3829 5153 6431 7313
14266 4259 3039 2561 1101 6928 7866 7280 7156
14267 5800 4383 3779 526 5346 4002 2155
14268 1719 3731 3829 3830 4709 5465
14269 462 971 1473 1932 2477 3773 1024 2580 7351 8163 6887 933 3447 4021 5820
14270 3073 6098 2706 6047 49 1156 5056 6732 7572 1419 2524 4383
14271 1552 1557 610 5026 6607
14272 4183 7506 5782 1588 7799
14273 33 92 1492 4305 6006 2526 3341 10 7284
14274 6494 4049 7318 4940 3683 3017 2419 6168 1428
14275 5376 2419 3335 4276 5131
14276 36 244 1802 3666 7254
14277 2199 2222 1847 6047 7121
14278 6532 3539 4183 7298 1031
14279 2751 4276 1547 5621 6608
14280 938 5691 36 1415 2841 4348 5416 5756
14281 1812 416 1367 6095 1517 371 5369 113 760 2939 3090 3632
14282 1682 5577 6619 5672 7672 7745
14283 500 7536 443 830 1199 1684 4924 697
14284 1031 1354 1428 2185 2872 3148 3916 4577 4748 6612
14285 4642 2755 4802 705 1977 4602 4657
14286 1423 7763 6433 1723 6611 3829
14287 547 557 771 786 1672 2023 2053 5819 6885
14288 490 5790 3325 3060 7123 76
14289 18 36 1427 4116 6582
14290 522 3001 7658 6840 7656
14291 4159 609 633 620 4230 6036 705
14292 7661 2468 3003 4002 5182
14293 3079 6833 2731 6793 8002 4461 8247 5221 3530 5122
14294 2785 1619 3960 6170 6990 3942 5327 3103 8338 1489 4140
14295 1160 1176 1845 3343 4820
14296 1316 1274 2602 2286 5113
14297 1682 2311 5738 6943 1548 7709 36 463 5131 5436 7642 1593 4442 8332
14298 6972 2626 4179 5416 7836
14299 4805 5691 5720 3325 8383
14300 796 3789 5889 7874 7932 364 1896 4658 5130
14301 283 709 113 788 6418
14302 2065 504 4500 6197 2106 3337
14303 1709 44 753 5056 5552 6938 2155 3381 3829 1723 1515 3468 1833 2238 1644 1921
14304 7230 1399 1434 6717 7606
14305 1528 2067 2089 5577 7146 7313 7475
14306 6915 4259 4423 2229 8019 8133 8441
14307 6473 36 4146 6592 7562 5632
14308 5569 3803 7530 2208 2810
14309 3150 4148 2212 4006 5799
14310 159 244 2229 6132 7573 4949 6133 1174 2755 3650 3689
14311 2651 3231 6592 7612 6389
14312 1174 2903 5956 6095 7313
14313 2395 5614 7292 7667 8341 8487
14314 6817 553 2838 7635 189
14315 56 74 5786 3381 6535 8134 8295 2224 3018 1097
14316 6793 171 5442 6833 2059 5844
14317 7551 4369 228 289 269 7292 8308
14318 4179 6197 6823 3804 7489 7381 3048 3587 8148
14319 2889 74 1630 2299 7162
14320 4396 7938 4684 7319 4389
14321 526 938 2571 3857 5078 7040 7570
14322 124 4868 5764 6767 6915
14323 8439 1896 1928 5317 3313 3569
14324 129 130 197 222 416 708 4431
14325 2279 1834 6355 3167 3404
14326 2404 4463 7213 4996 6886 1588 7836
14327 2153 5026 5076 7160 8142 6732 3381
14328 5019 3814 1752 3072 3922 1685 2541
14329 705 1122 3560 4567 5986 6033
14330 6258 4369 6252 541 3227
14331 4171 5016 4369 6810 7494
14332 1688 1194 2152 3173 4072 4710 6130 1175 3371 7807 3215 5860 4379 1843 36 2668 3191 4679 5057 6813 7162 7863
14333 2290 5511 1505 1702 2750 3998 5510 6074 6494 6534 3191 5721 997 2229 3306 95 1506 504 6995 6854 2831 8017
14334 3560 4711 673 4035 2248 5590 5591 2200 3829 6095 6202 3807 5334 2946 3407 1644
14335 6707 66 4365 4460 5074
14336 526 2229 2687 2933 2937 6776 7399 7551 7136
14337 2664 946 1682 66 5580
14338 2439 1817 4248 4249 7255
14339 945 2696 5546 2862 6006 3829 5955 2506 3772
14340 7292 7352 650 4679 7174 332 7155 8240 4940
14341 1044 1682 3174 7734 4548 6157 8141 8212 8264 3436 7707
14342 36 466 470 471 3091 3191 3491 4710 5200 5201 5377 6426 7505 7516 462 4441 8126
14343 2385 2386 1984 2299 3415 4508 4940
14344 190 219 1784 1894 2027 5814 5819 5972 7259
14345 908 1810 1910 1971 5038
14346 378 464 468 500 1589 3822 6592 7033 941 2974 4379 5621 6599 2271 939 3818 6603 6604 8383
14347 2081 816 2894 4306 3205
14348 4171 2248 2903 537 1911 3830 2163 3814 4038
14349 1032 1505 1374 2048 2816 995
14350 3034 2552 6796 7826 199
14351 833 6475 5803 7551 7285 7390 7701
14352 1910 2936 3404 923 7189
14353 4342 7367 7368 2760 3852
14354 6501 7163 7037 2111 2894 8297
14355 3495 2655 42 602 7007
14356 2834 3241 1379 5439 8082 3997 8190
14357 3110 4654 4486 4957 5358 7969 3444 5775 8385
14358 42 2271 460 4813 2105 6154 3488
14359 1428 1656 1906 1529 2271
14360 1145 3074 350 3524 480 2724 6146 885 1887 2729 3577 4242 5296 5299 3960 4138 2940 5633 3077
14361 8295 8065 8427 8452 8432
14362 233 2039 3050 5142 6106 6366 3083 1391 2418 4535 1895
14363 8 2429 1029 5323 6232 978 2266 2444 3510
14364 1984 7213 3174 7292 470 5218 1565 3083
14365 6419 340 4431 6046 6918
14366 848 1836 4844 4629 1050 4533 2853 1581 4682 2766 3295 4102 4671 5882 6906 5881 6722 7205 350 977 2261 2315 4726 5652 7105 7298
14367 727 3138 8022 8072 7510
14368 1444 2572 2608 469 932 982 4987 7428
14369 6 481 2260 4357 4440
14370 3982 7157 2938 5768 4879
14371 104 105 189 5066 160 6448 2452 7615 3051 4433
14372 5373 4084 3936 5316 5840
14373 5691 6855 5735 5026 5720 4549 4572
14374 83 597 1249 6956 4179
14375 2128 3438 4866 3508 7570
14376 2163 4234 4579 7617 7636 373 5575 550 4869 8342 137 1296 5506 375 3737 4854 551 222 553 5605 3301
14377 4805 4996 5026 2226 3638 7501 6282 7635
14378 4372 6195 7696 7871 3493 1746 5840 6496
14379 1524 128 4197 6125 6434 6573 3381
14380 160 2215 1295 283 2894 4686 1204 2579 2933 835
14381 1624 4620 4482 4718 350
14382 1685 3111 3114 5376 7499
14383 7811 36 997 4138 500 971 3878
14384 4442 3321 4681 3226 7060
14385 2791 208 2260 2509 8189
14386 3725 7147 7551 7758 7892 7893 7819 8113 4401 8354 1874 8452 8453 8436 8450 8477 8494 8495 8484 8486
14387 3586 1175 1861 4549 8199
14388 924 7459 2177 2868 5344 3165
14389 929 4219 5839 5841 7015
14390 2261 63 2396 3658 3801 7983
14391 6312 6492 3775 7147 7243 7715 8190 3373
14392 1991 2668 7579 7547 8374
14393 166 661 3853 879 5005 4161
14394 605 3060 4179 6741 1578 6494
14395 2184 526 1367 1763 5230
14396 2830 3863 3864 1887 3417 3920 3212 2185 3543
14397 3888 6227 1837 6620 4503
14398 596 3173 6197 6473 6611 1066
14399 4230 2774 3882 4987 4988 6098 1423 6611 6202
14400 5092 1031 1479 3147 5200 5793 1752 4549 4972 7162 7155 1707 6509 194 939 1128 6579 2117 6269
14401 4643 3587 3676 3073 3085 6533 6750 2819
14402 812 1792 4493 4543 5907
14403 4350 3304 3779 1821 3302 3334 6186 7186 3440
14404 1613 3766 5155 5971 2866
14405 990 6295 4546 4222 4765
14406 3270 3829 2206 2821 5000 1625 2624 2687
14407 3929 5187 5188 6210 2568 1255 1201 1711
14408 753 924 1427 1428 1887 3195 4015 4595 4705 7456 7648 8286 3818 8224 2766 2052 3662 3906 5077 6307 8397
14409 6383 1723 3354 4877 4959 4347 3994 5210
14410 5086 898 521 1206 2456 8357
14411 1682 245 2345 66 7266 2485
14412 3497 3883 113 4423 8354 8244 8429 8453 8432
14413 2819 1802 6473 5479 616 1966 6956
14414 4216 978 7445 1215 3432 3827 2977 7792 5820 3570
14415 8043 45 7129 7408 5108
14416 4902 5064 2664 8001 8149 5364
14417 1784 1832 2502 1492 2359 4233
14418 796 5985 2444 7028 7883 2141 4862 5621
14419 7856 5133 928 6867 8345
14420 3293 87 3060 3335 2529 2824
14421 1528 443 4644 3039 8142
14422 2002 2225 1579 1599 3976
14423 400 404 6741 171 5204 5238 2020 277 4926 222 2963 113
14424 4655 6671 380 3976 896 7468 7969 7505 7230 7434 2185 5934
14425 2720 4371 6095 112 4936 7937
14426 395 2552 2111 301 400
14427 521 1834 893 5884 5885 2375 8405
14428 469 2224 3073 7167 3381
14429 3672 4266 59 6256 4077
14430 1369 1428 1971 2264 4646 5621
14431 2736 6779 795 1201 8197
14432 3423 3716 4828 5741 6197 3814
14433 2623 3023 4140 1821 6825 4341 5207 1234 3440
14434 36 596 2305 5019 6975
14435 74 575 3939 4576 5056 1976 1200 5058
14436 7829 7407 1591 2251 7302
14437 7138 3800 6438 3945 4245 7470
14438 944 3325 2828 3916 7231
14439 2933 3381 4369 3086 6709
14440 80 3370 795 464 7127 8381
14441 713 708 1975 4331 833 3977
14442 350 1505 1506 3033 1235 1547 5747 328 6805 5896 6842
14443 3371 4994 5953 5955 725
14444 5198 7057 66 3716 7876 500 5525 7177
14445 3379 6432 6434 8224 1847 2155 2418 6810 4902 4709 1260
14446 167 724 2125 355 3341 3556 4666 5503 6448 6516 7425
14447 3279 1444 1443 3521 6114 4059 6019
14448 3928 3075 73 1474 5030 3921 6269 2274 742 1374 3337 4276 6920 3998 3927 4355 1462 5033 6700 4280 5600 103 4800
14449 1615 3018 5287 7423 2989 1233 8103
14450 500 1887 6071 5056 8038
14451 829 5201 5271 5839 1497 1695 4700 5218 602 691 7292 7579 5840 332 990
14452 1969 162 5747 6919 6915 4116 4958 7376 978 819 7732 8444
14453 2680 4710 6333 6608 7802 7916
14454 632 1568 2505 2518 4916 6178 8023
14455 2580 2828 5621 6264 5047 5338 2940 7292
14456 4857 5057 1423 3219 5589 6202 6475
14457 4348 646 2050 5552 7113
14458 743 2372 20 6186 7742 2703 7350 7416 6832
14459 5204 1537 6738 5066 33
14460 6169 3178 7679 71 65 2710
14461 220 5075 165 1524 6448 6767
14462 1228 2171 2279 350 908 923 6187 6197 3206
14463 435 924 5229 5621 6282 6854 1427
14464 3708 5441 4980 8360 8410 8452 8477 8432
14465 4880 1247 4733 4754 7519 1593
14466 2185 5755 3404 4770 6269
14467 347 2973 5928 7872 2229 3042
14468 4086 6975 5130 5900 7320 6001
14469 537 1911 2200 2409 1833 2155 4093 4866
14470 5621 1757 2169 4782 4592 4710 5464 6978 7142 1078 1540 4887 4805 6601 6608
14471 3001 6840 1343 2773 3278 4569
14472 620 3104 3247 3381 4795
14473 2289 4748 5275 5511 2727 6228 8383
14474 7128 4623 3353 2238 3379 6314 7146
14475 3011 3013 2949 3137 5722 6534 1836 977 1428 1887 971 734 4082 4401 1835 2156
14476 6180 4156 6975 5346 1755
14477 1467 3077 6048 5706 4676 4401
14478 130 231 1524 3521 4245 5167 3787 6954
14479 5378 328 2147 2148 164 247 2111 416 7362 1524 1912 4603 7110 254 242 127 715 2965
14480 7961 4281 2750 2817 2143 3435 5739 3341 3680
14481 341 1304 4955 6043 6723 7762
14482 4401 4082 7136 7339 3642 3643 6195 8075 8049 7025 7766 8096 8317 7692 8316 7691 8318 7693 8425 8449 8442 8443 8444
14483 1274 4159 5369 1367 4719 6036
14484 1589 5994 1056 487 1951 3158
14485 2155 1129 4904 1485 5800 6999
14486 2949 5409 3004 705 2714
14487 1196 17 18 970 1316 2853 5751
14488 505 1971 6665 7276 7928
14489 4710 5451 4399 3127 664 2116
14490 190 7005 7259 7529 69 233 4490 2770
14491 1071 685 5084 90 467 1548 3812 5218 5247 5500 1741 5414
14492 1469 2552 3256 3442 2372
14493 702 1489 5474 2132 2129 2216
14494 4214 942 3438 1847 6064 7780 1986 3164
14495 4710 833 4369 5035 8196
14496 693 1262 3710 464 1752
14497 3173 4420 4574 2279 2484
14498 1880 1966 4880 5101 7028 8180
14499 1634 3609 2828 3530 6695
14500 454 1966 3273 4718 5614 5823
14501 2007 6306 4795 5332 4018 2774 4309 5708
14502 36 1617 3060 4183 5621 6608
14503 815 1194 2152 2962 5840 6758
14504 3608 3916 4280 5526 6671
14505 620 56 272 6311 6193 4082 4401 2977 7819 3642 4298 3643 1874 6330 8436 8442 8444 8089
14506 73 1428 2748 6978 7339 3444 885 1593 2342 4212 8456 1437
14507 1250 1910 3223 5824 6956 7379
14508 40 464 3421 5178 2750 2766 4823 5190 111 1772 6441
14509 463 812 3048 4379 4483
14510 610 4140 924 1329 1353
14511 16 1437 2484 5026 67 687 1268 2266 7953 2203 6458 7487 7490 26 6884 7056 2597 924 8005
14512 2225 6214 5136 4974 8123
14513 2108 7536 4179 7097 7014 4035 2229 8001 4191
14514 2534 394 3374 3829 3730 3277 1135 1260 2187 7188 1723 528 6821 5691
14515 3867 2282 2770 3892 5817
14516 3748 3881 3560 7267 7570
14517 753 1260 2718 4788 6432
14518 721 2316 2894 4239 5986 7110 3787
14519 4800 3587 1205 5040 985
14520 6001 6034 5581 500 886 5621 3279 2748 3325 99 6116
14521 6049 359 1119 7113 2826 7284 2137 2241
14522 2520 5553 4143 4588 7394 932
14523 7987 5312 1950 4919 5955
14524 3005 965 6732 537 4383 6379
14525 833 7346 8099 8120 8122
14526 4203 242 148 275 5163 295
14527 2978 3025 3068 1238 4648 2875 4577
14528 2171 4442 3493 1184 1593 2309 3756 4693 4649 3615 5746
14529 1200 1614 1755 2465 3953 7308 4613 4614 228 1723
14530 255 1519 2101 2229 4854 7113 5074 3787 602 1634
14531 848 5026 2178 5243 31 3083 4138 4366 8319
14532 8 1553 130 5392 6082
14533 7933 469 4709 4980 5917
14534 4495 5003 8023 1589 6808 8481
14535 307 468 960 2200 4038 4866 5124
14536 3430 4646 5367 6309 2156 3395 7522
14537 1231 1833 1347 1433 6960
14538 7500 1727 1011 5019 5223 5224 326
14539 475 841 2942 730 3930 536 3730 978 1015 2248 5400
14540 1455 721 1121 5282 264
14541 1104 5933 1428 2514 3881 4800
14542 4223 4580 3595 3023 3815 3835 7160 4698 5286 6431 6626 6627 6630
14543 7146 7468 7926 8220 8283 8491
14544 5747 4719 6193 6449 6450 6919 6920 3090 1506 2568 5643 652 4377 2944 6870 426 2382 896 3393
14545 1833 6131 2897 3043 6846
14546 2895 4317 6631 5062 6657
14547 2479 3799 6138 7318 8264
14548 4862 6380 1453 4167 6681 4956 2610 194 2266 5720
14549 5693 1489 6379 6611 7780
14550 1644 3004 2919 5024 430 2101 4980 4858
14551 2755 4802 4903 5048 8034
14552 2805 7113 1599 144 2456 2732 6117 4918 7426
14553 6131 615 3560 4807 6975 6289 8410
14554 1887 5746 3347 1748 1742
14555 2420 1655 2266 5019 4885
14556 575 6929 1234 5312 7933
14557 6334 6758 7124 819 930 1599 4377 5376 3374
14558 1481 2050 5687 7419 7960 2573 4460 5096 6612 812 814 2962 3611 4163 5082 6786
14559 8037 7642 2484 1516 3126 6197
14560 1998 2264 1640 6375 2034
14561 1491 1100 2777 3341 1310 3004 3468 4243
14562 971 1354 3211 4420 4824
14563 1691 1541 1529 4117 6601 684 4478 2198
14564 6316 6963 6399 7699 5171 7698 7984 500 4600 3399 6264 8071
14565 907 1389 5633 426 5488 2544
14566 1361 7308 2224 6975 8087
14567 6186 1260 3379 5956 1329 1644 7557 3730 6432 6509 2820 8194
14568 823 2637 4276 2230 2725
14569 5788 2238 8467 6611 2256 7034
14570 7374 5764 1261 4800 5026
14571 1734 3374 4673 5155 6283 6938
14572 1479 5422 7443 7993 8215
14573 3707 4288 1467 3454 3004 2777 99 7819 1074 1907 7931 6975 6576 1902
14574 4643 8374 634 6734 5721 6009
14575 3829 3188 6810 3997 4369 6443
14576 4330 6879 2579 3004 3535 2253
14577 563 2058 2100 2033 3654 3814 5363
14578 6864 5479 1261 4800 2091 3191 3198 4286 6732 861 2268 6053
14579 349 1246 5581 3105 3582 4634
14580 5767 8158 6047 6282 3389 6252 6732 306 1540 3374 6938 8436
14581 4845 3217 5628 6520 3606 5039
14582 2369 2370 3837 7443 1613 5322 1604 16 793
14583 3361 5330 5948 2184 908
14584 4113 2619 3587 6492 4957 5091 4082 6290 7969 2156 6509 6224 7837 7555 6330 6721 7025 5866 7691 8318 8316 8317 7692 7693 8096 7975 8185 8444 8442
14585 1929 2266 2725 6462 8160
14586 829 4219 2766 534 4105
14587 387 1991 4439 5522 6893 7325
14588 3723 3946 6671 6309 4401 7356
14589 1512 6012 5953 1911 5564 6572 7256
14590 351 1267 4206 1328 1847 8033 2066 2608 2976 3269 3849
14591 505 753 945 2999 3560 5400 5577 4112
14592 2170 244 1173 3336 3757 3211
14593 1588 5641 5898 5899 6833 5212 66 2148 3961 5442 939 7134
14594 1200 1044 2957 3803 6758 464 817 900 4522 4956 5344 7438 7836 7260
14595 3012 2977 4089 7742 3004
14596 3880 101 1250 3344 5927
14597 1504 1910 2124 2807 2835 5040 7710 7957
14598 3932 705 3018 3005 4035 3765
14599 819 434 1497 1809 2427 3584
14600 1559 6927 1050 2490 6818
14601 5346 465 672 3778 4041 6041
14602 5836 1576 6485 2734 7146 7742 8252
14603 5420 5869 7435 3539 4058 1817 8383 7393
14604 2828 5385 3925 4943 2637 3514
14605 2289 303 434 1836 5019
14606 4970 8061 1623 6233 3417
14607 1428 1427 5691 5720 7648 8023
14608 4440 3814 5063 3468 3778 1200
14609 1097 2632 2629 1784 3888 1056
14610 1671 6244 5616 1751 3639 5026 4852 7343 323 8056 444 3751 6928 3292 5548 7907 1579 4119 8194
14611 66 5398 1520 5621 5861 6873
14612 924 944 4710 939 3678 6886 8236
14613 6979 244 3212 3227 6195
14614 222 326 4276 8372 8023 903
14615 3030 7298 5412 2385 5130 2088
14616 2337 705 3829 6090 6696 4369
14617 705 1260 2815 3377 5000 6093 6437
14618 5064 7005 5622 8453 1234
14619 1373 2819 5603 4330 1763
14620 4347 6185 702 1489 7609 3695 7128 6975
14621 4082 7157 4401 8185 8443 8444 8438 8474 8473
14622 6310 6671 4957 7243 4414 7975 8295 8453
14623 1353 5622 767 5731 2578 5400 3377 6431 2153 1200 6941 4866 5061 622 705 4980 2238
14624 3102 459 2264 4116 4154 6607
14625 705 3209 6314 8196 2229 4318
14626 2309 3756 5658 6062 1927
14627 4853 6303 5730 735 6628 4086
14628 7113 1238 1552 2117 2595 263
14629 493 2077 6742 6744 7369
14630 3233 3212 5398 3445 4528 1751 7647
14631 3060 6670 1617 2484 2625 3357 7527 3211 3342 3358 5164 7113 464 2639 3233 3288 5004 7105
14632 66 2439 3602 1427 1428 915 7374
14633 3363 3725 10 3816 2184 3676 924 1200 3138 624 2596 7049 4401 7923 3101 7397 6721 7523 94 7692 7693 5642 8449 8399 8478 8489
14634 1242 2797 3407 3326 5175 3004 308 1980 4025
14635 3225 463 2625 3327 3915 3775 4276 902 1454 3918 7063 1900 3605 3921 5240 6793 7162 2679 268 3369 3752
14636 4853 4872 5056 774 1784 4708
14637 3057 2513 2780 328 329 378 6311 1604 5711 595 5308 5439 4207 3814 7179
14638 6392 924 7928 4733 5869
14639 5971 770 5510 5511 5922 6531 4879 1372 3037 4549 2418
14640 8 2155 537 5159 448
14641 833 4034 1467 1131 4503 2703 1458 7350 3321 4330 1423 3690 3019 4623 6703
14642 3725 4486 6946 7438 4401 4414 8451 8448
14643 3829 5078 7475 7551 4064
14644 1082 3468 1823 3765 5485 1306 3380 4038 5063 1644 886 3379 3764 6434 8196
14645 2803 502 3992 3598 8082 6373 4119
14646 4948 5016 2368 2868 3131 3289
14647 6433 6434 5928 7551 7475 5167 5016
14648 3197 8468 3523 4904 7093 4857
14649 1522 1934 833 1949 3419 4383 4388 4398
14650 2284 3925 2364 1371 2366
14651 2861 6166 3324 4384 4396 5499 6231 2742 6167 7676 519 8339
14652 1907 5210 6147 6314 4254 4583
14653 4493 3668 5891 1271 5672
14654 1446 3020 3181 7073 6195
14655 1521 6068 7113 1971 6867 6978 435 2906
14656 1452 1243 1247 3946 2225 1617 2740 5747 2794 4015 6290 5484 1034 7803 4414
14657 8288 7672 1154 2703 2950 6810
14658 812 2231 3637 3638 3639 6600
14659 5246 2733 1446 1008 4105 4270 1426 1679 143 2583 6197
14660 112 610 646 1238 1316 1459 1836 1927 2925 3090 3321 3630 4122 5026 1647 5273 7175 3710 36 4235 4378
14661 2187 3043 3277 5553 6611
14662 1462 1409 2770 4717 5022 5516 6534
14663 3328 997 2317 4351 7730
14664 409 7709 7942 8000 2635
14665 8094 3373 8287 8443 8444 8089 8470
14666 1489 7279 7543 6095 1266
14667 1194 1682 7803 632 2229 4802 7712 7742
14668 546 632 2073 5614 6934 7716
14669 3747 6685 6481 1755 5751
14670 2698 4014 5172 2857 1569 2855 672 2200 3445 1346 7525 244
14671 1011 2295 6604 6953 4383
14672 3030 4286 4294 4295 4820 118 4800 7162
14673 5233 5933 2286 244 5167
14674 1536 3521 6490 7117 416 2087
14675 1752 2725 195 3587 705 2184 833 1489 2229
14676 5188 1284 2626 4749 6231 8141
14677 367 785 2279 4880 6186 6752 7259 8038
14678 3284 5026 4829 2977 924
14679 5954 6115 332 4537 4704 1887 4190 3091
14680 1238 2712 3492 4415 2211 3912 7200 6284
14681 160 283 414 417 711 1524
14682 1077 2790 3303 2624 5219
14683 1409 2521 2954 3343 5728 5871 6729 7221 7573 6314
14684 1222 4109 3182 946 1120
14685 6323 6672 5388 3587 3352 5422
14686 2939 340 2314 4863 5066 6019 4869 6197 6835 289 140 4507
14687 5621 1600 1261 7278 1682 8247 1318 7288
14688 1427 3060 3560 5552 6132 6740 7231
14689 56 3871 3872 968 3823
14690 2821 2572 3105 1917 2238 1207 3830 5622 8025
14691 6310 6492 6671 4979 7049 7466 4082 486 4401 4826 8448 8162 8444
14692 1353 1833 2102 1197 3381
14693 616 618 5745 5950 6333 6334
14694 1720 896 1791 4815 5414 470 4442
14695 929 1547 3639 6592 8194
14696 6310 6312 6427 4957 6919 6195 7170 7157 8134 6330 8283 8221 8278 8185 8451 8450 8444 8474 8378
14697 1846 2849 5541 2611 4121 5948 5982 7712 8462 1682 5526 8062
14698 3379 8255 2791 4857 5125 6940
14699 1484 2583 3424 2595 1026 2515
14700 3508 3897 705 1867 5666
14701 2187 2956 4140 537 2081 1135 2649 2153 5822 242 275 720 3820 4223 125 379 739 1524 5821 7494 2963 189 313 3534 6102 868 3005 6925 4240 222 130 427 551 4434 4491 1455 2204 3764 6660 7403 5155 4993
14702 1367 4673 4917 5955 5026 5155 6283 8246
14703 419 2115 3945 5720 1748
14704 4122 3677 4814 7492 2431 3907 6424 7912
14705 233 5679 5946 4160 5582 7850
14706 2482 2722 3883 606 1390 6799 6856 26
14707 923 5026 1446 924 812 4441 4445
14708 596 924 5546 817 1759 2368 7374
14709 4622 841 4988 5288 2229 2525 3013 7301 5665 1176 2332
14710 14 2994 3917 2509 6269 5279
14711 36 1044 5308 5320 5416 7612
14712 4850 6043 6046 160 246 710 6573 220 158
14713 1362 501 5339 8306 6532 5525
14714 556 770 555 1672 2659 2684
14715 4733 1589 3917 4217 7361
14716 5344 5892 7144 7156 4116
14717 5026 4867 2757 6672 6684
14718 2139 3663 5820 5944 1077 3570
14719 1910 4657 5042 6588 7154
14720 3186 283 125 7740 7672 7745 7743
14721 8084 1191 3039 3444 3925 5124 6080 6533
14722 56 1442 1160 6981 2279
14723 1805 3083 6173 6569 4479
14724 3514 1087 3803 6717 7489 3587 5739
14725 1144 6677 3222 5603 649 6678 1856
14726 487 849 6065 970 2726
14727 273 339 4162 4953 5432 6046
14728 3560 705 1644 3835 6133 6411 6611
14729 2378 3236 4956 6284 6592 3994
14730 868 1467 3006 7420 7545 3013 6058 2391 3004 4580
14731 3043 672 674 1684 4350 5800 7580 5265 7536
14732 2305 610 7298 7530 8191 6096 7875
14733 396 402 475 2998 398
14734 6046 7110 171 419 751 2214 400
14735 3155 3060 2416 1562 5399 2662 3736 3718 6271
14736 1105 4927 7633 661 4338 4342 1108 1949 2529 3142
14737 2803 2004 4650 4445 2248 8288 4666
14738 2951 2988 3577 3057 3052 4103 5677 6194
14739 8251 2002 4249 2213 8053
14740 5130 8007 6867 3629 5982 3757
14741 8125 1661 77 8057 2422 3267 3372
14742 1910 3510 4570 5040 6752
14743 2066 5828 2803 4206 1644 3707 4445 6314 4571 2409 7521 8094 1489
14744 588 884 1444 3269 2414
14745 36 468 1529 5384 5428 6592 4100 5691 6739
14746 1471 7127 1194 1316 6956 7382
14747 2272 2422 4181 3956 2868
14748 5151 2373 5481 4280 5190
14749 5747 6311 5786 7146 8134 8485
14750 1020 3094 4647 1476 6419
14751 5275 813 6636 7443 8279
14752 5621 5739 2962 2566 7642 36 1836 3091 4643 2382
14753 247 248 1209 3281 7429 1191 25 496 7294
14754 1239 3003 4430 1241 3508 7959 4044 2976 8486 1873
14755 2140 2930 6014 7313 7475
14756 792 1493 2555 3903 5660
14757 140 1682 1817 4163 7353
14758 4091 1524 1150 4280 4873
14759 164 197 218 2083 2111 6501 7112 189
14760 544 555 3939 785 5617
14761 5066 867 6918 764 120 235
14762 3073 3499 5747 6865 596 4399 4710 1748 73 4318 8354 2288 4618 7057
14763 112 1459 40 88 4082 6099
14764 5663 564 643 1910 3643
14765 3267 8069 3678 5784 7496 8057
14766 417 1121 2939 1296 4567 2894
14767 3494 464 6310 66 6193 846 25 4401 6290 3643 6195 3498 6721 1838 8442 8443 8444
14768 5765 7579 7231 5769 4355
14769 1858 749 6850 50 459
14770 439 504 518 592 1191 2908 6275 7106
14771 366 896 3241 3697 5275 7376
14772 66 3820 6604 7242 825 3190
14773 5312 7754 842 3137 3227 1272 2561 5171 1237 6743 6744 5365 715 709 5505 2111 1129 190 6955 896 6031 3867 1883 1889 3625 851 1611 4088
14774 6938 4983 269 1519 1712 3483 1350 2687 1849 3508 6098 7904 8313
14775 1976 4499 6140 7500 7643 4024
14776 4900 5026 3696 1617 5720 1689 3799 1809 3404 1547 2906 3818 6967 1971 4024 502 1993 2740 1462 5017 5898 500 1367 1714 5982 6458 6494 6816 7189 253 3639 6748 4917 4782
14777 1489 6192 697 8410 8411 8409
14778 1531 6214 697 1497 1588 6068 7292 4122 6602
14779 2286 5747 6310 66 7243 1763 4401 2688
14780 3814 1685 5344 6663 811
14781 3401 2961 3152 3400 2229 4980
14782 3007 3829 5061 6446 3005
14783 5183 7553 7857 7858 2682 307 7056 5055 5485 6403 6867
14784 2288 7879 7007 2410 5892 6154
14785 4895 3331 6074 7280 7292
14786 5747 6312 6311 6450 6671 6449 6920 3781 4401 4082 7136 7959 8111 8019 8443 8474 8476
14787 3633 1151 7319 7332 7557
14788 2065 42 194 2964 3437
14789 4140 284 1293 7363 1121 3186 3300 130 160 2215 7365 4380 1204 3587
14790 5414 1861 7138 8197 2845
14791 3904 2750 74 350 2831 7050 4082 4401 6988 1770 1839 3325 7052 1565 7877 3633 1853 4100 1822 5858 4549 6544 7736 7730 7738 7691 1264 7693 8096 8316 8317 8318 534 1541 4105 541 8478 1139 8442 8443
14792 639 469 504 1578 2604 5622 7255 7975 1191
14793 36 3090 4341 4379 6016
14794 6229 1719 2333 4919 4924
14795 829 1145 2670 5030 66
14796 1234 6186 4399 2006 2299 2529 3354 2950 4002 4383
14797 3948 1505 462 833 6311 6312 4082 4414
14798 189 3372 2904 3249 5621
14799 1469 7550 7742 2184 705 3138 4666 4980 5730 6921
14800 8094 5828 594 1847 2185 3188 2976
14801 2486 6328 3788 5212 8289
14802 2261 2713 5442 1252 3319 3087 7762 3539
14803 7132 125 189 220 2894
14804 1098 2637 3925 7760 6073 8250
14805 1327 1353 1723 1833 2229 2238 2526 3560 6098
14806 1489 704 1490 8345 84 8346 6279
14807 4501 6282 1316 82 62
14808 2229 2755 4657 2132 5060 5485 5501
14809 2722 4148 5630 6511 7351
14810 1929 2185 936 4455 939
14811 5201 605 3182 5029 6317 8169
14812 3587 526 2264 2671 2826 3321 3500 3686 4369 6943 66 1887 6732 2827 4357 6603 4468 6604
14813 4477 5466 5467 1851 2661 2677 881
14814 2271 8240 8469 8256 6741
14815 1194 2169 2730 1588 1685
14816 2279 3295 4357 7292 8028 8186 2176 7579 990 4584 6035
14817 5412 1249 1012 5429 3039 3925
14818 1004 4535 5916 5963 7475
14819 99 463 1836 2668 4179 4559
14820 3587 1810 6856 1682 3468 4369
14821 815 849 3936 7195 7489
14822 2561 4231 6750 1139 1701 5211 7724
14823 3136 4234 4980 5581 7005
14824 3716 7072 5409 7083 8437
14825 6417 168 703 6412 6415 8258
14826 1784 4407 116 3085 3888 7428
14827 603 1529 4583 5026 1378 3608 3165 4996 2332 3381 4866 6247 8068
14828 66 945 2229 2755 4802
14829 166 477 1721 2194 2414
14830 6592 4606 5218 8332 3965
14831 6312 7453 8220 1874 7692 8383
14832 6034 963 350 2002 7978 599 8068 463 874 7120
14833 3997 3149 1389 2288 3267 3039
14834 1249 1910 2606 3605 3798 3915 4215 4980 5742 5900 6130 6588 6691
14835 2578 1367 1812 2161 365 6327
14836 1410 66 3169 1489 38 6007 2836 3131 970
14837 2961 2992 166 3171 143 389 3098 3873 5264 5800 6686 7038 7539 1325 3499 7437 2134 3640 5204
14838 7819 3643 4401 4414 8448 8449 8368
14839 5061 4206 2384 2710 3303 3829 454 773
14840 547 768 1195 6244 6744
14841 101 1500 4499 890 2310 4372
14842 817 6956 3191 3960 7600
14843 826 1921 2155 6264 441 753 2207 2741 7814
14844 97 1784 4622 6249 5128 8308
14845 3148 4336 7551 6854 635 1056 3435 5388 6744 8188
14846 1971 7007 36 463 5019 5367
14847 5915 932 6720 1734 2782
14848 20 5804 6187 1596 8071 78 470 5644
14849 5691 36 7612 434 1791 7254
14850 130 155 356 6082 5075 4768 5430 6501
14851 4401 244 7294 8443 8472 3736 3925 5026
14852 464 4165 5621 6592 6701
14853 5770 3042 2831 3137 2325 3833
14854 4140 4903 5312 2066 1723 1734 2151 7573 8094
14855 213 215 419 865 3769 6369 4062
14856 923 1250 1723 2151 2248 6661
14857 1565 4867 8147 4 2853
14858 5063 5587 4830 911 2953 3095 2498 5994 2199 5582 5340 674 2128 3325
14859 3708 7977 7981 7983 7985
14860 2229 99 1194 1676 2037 3666 4173 2557
14861 1014 610 5582 3935 4440 1437 8472
14862 3988 6518 2956 4156 2248 3217 4140 8498
14863 3947 7551 6314 6616 8410 8427 8450 8452 8494
14864 164 246 248 4430 4566 6762 3187 5502
14865 726 1497 3961 5840 6758
14866 99 833 5915 5802 2244
14867 833 1200 2384 2229 7313
14868 5063 5316 1644 3835 7572 1489 2847 2933 6799 430 1821 5050
14869 831 5747 6310 6312 6919 7453 7662 2894 70 5237 4826 8452 8492 8162
14870 443 500 831 1964 3384 3468 5465
14871 16 512 524 1963 2643
14872 3707 6652 7193 938 945 4643 1234 6785
14873 2418 2755 7475 767 4857 1160
14874 5765 7287 7443 1178 1369 3406 5517 5981 4674 6559
14875 500 1574 1259 4383 5026
14876 4251 3169 2708 594 1519 1723 2908 3560 5491 5622 5728 7151 1980 3643 5603
14877 1966 6672 927 1475 4681 7983
14878 1428 1462 1599 1918 5247 6615 2121
14879 921 3587 7231 3060 6220 2381 3059 3068 5742
14880 1545 1428 3639 5582 3845 7510 1964
14881 4758 3345 4219 5344 7836
14882 4340 6984 7675 7569 2881
14883 2238 2188 2550 1350 3930 4737 4541 4708 6622
14884 6134 3468 3829 8361 1833
14885 1964 4802 3244 3468 6810
14886 1164 2916 2755 3150 8232
14887 3829 2812 4002 6415 6832 7672 7744
14888 3730 1310 5663 6690 6691
14889 1057 4617 5802 705 6810
14890 1348 3921 1359 3147 6541 5287
14891 194 693 935 1529 3804 6600 1118 1157 1910 2484 6828
14892 1604 6202 610 6690 2695 2162 3638 7283 7572 2561
14893 7466 7049 434 468 938 2271 7387 244 8415
14894 3739 5218 6336 7353 7797 7899
14895 470 1092 6269 6307 6730 7246
14896 8122 464 6235 7836 3766 4693 7388 7844 2938 3639 5026 6886 1044 929 1194 1817 303 924 1045 2368 5388 5674 7620 8119 8383 470 939 469 8197
14897 4365 6186 705 1227 3829 7028
14898 7727 4409 4997 6145 2459 2892 4239
14899 1776 468 5819 6036 6864 8335
14900 1355 1866 1367 2384 4369
14901 1462 2724 3235 4729 5442 6072
14902 2229 1260 2238 4843 1924 6431 3516 1200 3377 3394 5485 6945 4877 6314 5767 3379 8253
14903 1078 2225 3433 5026 7162 2185 2815 7743 350
14904 1316 7443 8349 1886 2143
14905 1316 3321 3677 667 6854
14906 709 130 155 3417 8390
14907 6310 6671 4082 4401 475 7766 7692 7691 8316 8318 8448 8449 8442 8443 8162 8444
14908 1861 2484 6188 6833 8126
14909 42 50 194 598 652 814 2962 4265 4376 4610 5375 5376 5632 6473 6592
14910 244 289 610 1957 4961
14911 6189 5786 7551 7758 7136 7892 1874 8411 8493
14912 2499 1896 3925 6264 6079
14913 5242 50 1623 1736 3223 7149
14914 2891 1437 1011 2592 3173 3660 5968 7729
14915 1462 7285 6836 6571 7742 7744 6633 2544 7177 7745 1927
14916 661 910 1861 3647 4161
14917 608 1194 4626 5188 6028 392 6096 7337 7887 8490
14918 5747 6311 6920 7243 6290 3798 7693 8283
14919 4522 5839 3060 6001 6116
14920 5064 2759 3560 5048 6314 7317
14921 2837 5688 6975 705 5062
14922 5840 3327 1497 3936 8394
14923 1387 2186 2229 6431 2256
14924 4486 5124 6290 130 7418 8441
14925 1495 3340 4132 7805 7806
14926 3923 4140 189 5622 7745
14927 1353 3857 6250 2238 2624
14928 5582 4181 723 1204 4185 1276 1751 4442
14929 829 463 464 5019 7759
14930 171 317 2154 2894 4409 5363 7218
14931 1150 1584 4072 7559 602 3936 4179 6494 7056 7638
14932 7491 2345 6286 7834 434 464 782 7492 4581 907 7901
14933 5581 4950 4464 7371 2484
14934 6258 702 7780 6411 6414 6415 6417
14935 2298 1199 6975 1056 6798 634
14936 1584 6310 6946 2962 4082 4401 6534
14937 125 189 2892 225 1305
14938 924 1170 4893 3730 3930 657 5921 7535 1478
14939 1588 5414 5265 5870 7534 1817 111
14940 1487 4403 1578 6592 6634
14941 7464 17 895 1519 8361 646 7996
14942 1340 2300 2301 2446 5396 6553 7518
14943 6398 7568 2077 5283 6264
14944 4369 6975 7313 7475 5725
14945 5658 244 2484 4280 7114 6716 7802 5251 6544
14946 1622 3602 3404 7408 4603
14947 1310 3483 3730 3830 6518 6119 3468
14948 8142 2378 4376 2377 2962 7612 6235 6592 1690 6318 7737
14949 4055 1589 3090 4670 6927
14950 6435 477 559 1611 3823
14951 15 4011 6675 1312 748 5492 8028
14952 519 3372 4097 938 500
14953 1372 1752 2819 4442 7292 7535
14954 1900 5776 7538 8194 2545 3206
14955 2962 1276 2136 3576 4442
14956 5046 5883 1428 3060 3587 1781 5621
14957 1059 3444 4054 4710 7366 3806
14958 639 8079 1846 2395 4499
14959 470 519 697 742 3091 938 3602
14960 5266 4603 2832 5433 1887
14961 1743 924 3275 4357 5342 17 2266 1497 1617 4958 3321 648 3952 4116 3444 5339 1655 3710 4379 6095 2828 1942 2836 6159 911 5539 5555 1011 3641 4468 5558 4529 6473 2090 3915 6752
14962 5906 4936 5040 5146 6186 6187 6674 7230 1847 8233 4715
14963 1547 4440 36 1802 5428
14964 1843 3463 4273 5171 7076 7280 1428 7928
14965 2176 998 3974 1576 4980 5802 6825
14966 1224 2279 3915 4549 5019 2119
14967 711 713 1455 5953 1911 4214
14968 12 929 1891 2001 3189 4710 5390 6601 6604 7425 7562 1906 3327 5344 8383
14969 879 3852 7298 846 1416 4710 7489
14970 6975 4369 1489 7551 4666 3266 7713
14971 113 135 1524 5066 3087 8067
14972 1978 2229 7712 1833 6880 2815 5224 26 27 471 857 1066 1367 2755 2794 2813 3246 3572 4072 4481 5019 5581 6282 6704 7292 7428
14973 5112 7036 6976 1904 3587 3749 4538 7875 8337
14974 468 928 6068 502 3766 5007 5344 1178 1255 4681 2429 7198
14975 2207 3508 8072 3376 3381
14976 1437 3189 2893 8310 5040 1843
14977 418 1290 2115 4760 5432
14978 2668 4216 7037 4450 5821
14979 1682 2498 3320 1247 5332
14980 4994 1015 2184 3349 5565 2151 2256 5854
14981 7326 3232 2261 1157 1173 1714
14982 5084 537 7543 6095 6517 3513
14983 2264 4442 5171 3211 95 923 1685 2646 4940 5421 8063
14984 1992 2982 2853 634 6633 7260
14985 92 4394 4025 2989 2184 3377 6763
14986 6264 2300 3004 3605 6747 6857
14987 6908 3098 7398 7887 4905 7370
14988 4508 7815 5188 453 4551 4553
14989 1419 1529 1675 2225 5377
14990 5948 1540 3223 4379 6361
14991 1503 6592 4970 629 650 690 819 4376 2034 2226 2429 3233 1928
14992 1682 547 3616 4583 5414
14993 6192 5786 7145 7926 945 7893 7819 8113 8094 8219 8288 20 2066 8244 8427 6760 8453 8450 6523 6090
14994 1281 7946 1283 5875 6089 4850 189 1523 154 7623
14995 8292 8442 8444 8471 8378 8473
14996 1887 5433 3335 5807 1593 5594
14997 5809 4996 7443 1613 2470 463 4995 7177 2544 7252 426
14998 2621 5176 5352 5665 7395
14999 3514 5477 6350 7873 7966 1702 2018
15000 5026 795 5747 829 712 2225 610 4205 1462 2672 7162 7837 2033 4401 3639 2185 8274 8421
15001 1588 8026 1389 3321 2904 6282 1317
15002 1249 1250 2002 6799 7804
15003 1200 1924 1833 7274 8258
15004 3019 3076 2798 4329 3754 5068
15005 4490 4437 289 925 1540 3060 5029 1045 1047 8447
15006 2244 4666 5063 5346 64 7308 7713
15007 5403 6957 7636 7795 3060 6235
15008 709 4997 7746 2337 5206
15009 2286 6085 1589 1993 3042 3587 4499 5125 6941 1682 5846 6923
15010 4110 5132 1026 3561 7699 7698
15011 5755 1000 1626 3037 5042 6382 6956 7199 7540
15012 5 504 634 651 819 6680
15013 2766 3142 5621 1066 99 6421 8194
15014 1160 56 3725 3497 3765 2155 2229 4082 4654 8094
15015 3005 469 2551 773 7933
15016 705 2238 2624 4206 5730 7974 2605 7521
15017 989 817 6037 7192 6874 8182 4028 4691
15018 848 2849 5223 6546 4276 6980 6952
15019 434 690 928 1547 1516 18 532 924
15020 4259 332 1137 1428 2185 2580 3319 4793 5755 3070 2921
15021 6544 1275 886 2957 1589 3572 7860
15022 3502 1059 4749 4407 100 5652 8460
15023 7857 3012 3004 1156 5836 1080 7551 5588 7572
15024 1428 502 1817 3719 4122 1685 4646 4697 1429 1991 7198 5032 3592
15025 1545 6337 5026 5642 6140 7523 5113
15026 7226 618 3848 113 149 224 5066 356 5509
15027 1657 691 2309 4276 5118
15028 7052 2136 6896 7792 2137 6196
15029 3927 8320 7313 7475 4247
15030 4116 6426 1056 5580 7555
15031 3776 4015 5344 5789 6714 1817 2203 2266 4703 4958 610
15032 5953 2923 3468 6314 6845
15033 189 165 1524 3656 6387 182 7325 2892 4810 5432 6435
15034 1111 2819 1374 6235 7056 3748 1675 8383
15035 2514 3637 4549 306 2827 66 6455 7695 1012 2773 2926 5649 6269
15036 840 1833 1865 2163 4711 3671
15037 4460 5429 7540 2540 6700
15038 1807 4107 472 2871 7681
15039 1455 3359 3913 1288 5505 711
15040 1821 3778 5622 3764 1847 2418
15041 680 3987 2015 5971 4119 3444
15042 6252 6255 1112 835 3830
15043 3073 3085 3270 2123 3674 5280
15044 3829 7673 8234 443 8156
15045 118 5062 537 1660 1768 2608
15046 939 5581 8026 8361 8372 2264
15047 500 1589 2484 2645 3227
15048 1285 4995 3090 4635 7318
15049 5321 2748 4179 1923 2264 4276
15050 380 2852 6566 4082 6746 7438
15051 1204 846 1249 8240 6739 8469
15052 500 573 1512 2770 4159 6599 6606 3675 7218 7372
15053 6978 7159 8035 42 4190 8061 6592
15054 1017 1557 1684 6562 4866
15055 5708 4463 6197 1850 6658
15056 18 1286 1676 3223 4122 6640 7489 7569 6468
15057 463 502 1427 4280 6496
15058 1836 5240 1957 1589 1249 2924 5624
15059 2894 4432 5987 2069 5875 4868
15060 4938 3005 1134 6732 4383 3650 3860 6267 3394 3341 6460
15061 2170 5840 953 2479 7172
15062 951 2123 2608 2694 4340 6134
15063 4206 7521 1632 8224 8408
15064 198 222 355 1302 3556
15065 4082 4401 6224 3444 7693
15066 703 7742 2664 1489 3740
15067 1939 56 2283 514 523 3077 3946
15068 1540 1613 5019 5428 5550 5611 7107 5047 7844 8023 2688 2484 8070
15069 99 733 1428 7052 7247
15070 1980 2725 6773 3560 1489 3896 2143
15071 6628 5485 2973 5572 6625 6162
15072 537 4896 1959 4711 2823
15073 3189 3580 4051 944 6228 892 2284
15074 7801 1206 1976 4105 2178
15075 1784 1949 3888 5649 2525 572 2803 3707 4280 5332 8233 5234 5331 7549
15076 3372 924 5275 2155 1407 378 2906 463 8323 1861 1682 470 4049 4752
15077 2951 5279 5275 5759 8041
15078 2260 5721 2261 1612 5070 5072 5287 6158 5442
15079 612 734 1682 2806 6494 7501 7503
15080 470 992 1987 3782 2699
15081 1755 1614 2892 2894 6983
15082 349 435 618 4242 7605
15083 66 1682 1817 1836 7269
15084 284 6600 537 3483 7501 6516
15085 344 418 6213 3521 5764
15086 109 4946 5130 6155 7836
15087 924 2368 3060 2165 4233
15088 1682 3948 6311 4082 7145 4401 7924 8111 7284 8324 4074 5237 8448 8443 8185 8438
15089 5395 1262 2028 2029 1954 2279 2518 4781 4785 6300
15090 2295 1031 5195 2167 3294
15091 7223 453 504 924 4879
15092 3174 5846 2500 5759 7282 8102
15093 7 1783 1784 1832 1618 5786 6248 2229 5207
15094 5904 6326 5696 903 1166
15095 2338 2341 7433 566 6611
15096 5047 4980 2066 1229 1378 4140 4859
15097 673 1139 1393 1489 4306 6053 7313
15098 3707 2139 4866 5042 6517
15099 222 225 833 1467 7385 3004 113 338 340
15100 6922 1300 243 123 5961
15101 114 2444 3536 1545 5621 6423 6604 1269 5218 829 2167 600 691 6591 5026 26 3429 3461
15102 754 537 6484 7405 2256
15103 4715 2919 6084 2973 289 2583 4324 5286
15104 2828 4959 927 2918 7547
15105 4286 4293 502 2231 6694 1261
15106 833 2384 2740 6972 6975
15107 2533 332 1428 2518 3019 533
15108 3728 2956 3560 6483 3630 7881 4143 7660 1136 4223 7350 1986
15109 1200 3890 3680 4230 2155 6202 1056 2139 961 1160 2010
15110 7243 6225 7128 5210 8109 8442 8443 8478 8510
15111 6799 2200 4923 927 4644 332 3638 5039 2387 7235
15112 80 3005 6187 1120 934 5620 3252 2911 8422
15113 3676 53 1529 7245 244
15114 1929 7089 4900 1141 2076 795 2269 2561 4372 8467 1750 6913 8376 2650 4706
15115 803 2352 5358 5360 5362 1515 4014 7878 1508 4879 202 2152 6636
15116 6975 1786 3176 6186 7313 7475 1489
15117 244 323 3676 846 4064 3147
15118 3717 1945 3077 3233 5069 6279
15119 4176 6098 5061 6975 4866
15120 1353 1588 1833 2238 5674 5802
15121 755 5694 308 4602 8036
15122 3587 463 1540 2668 3476 3936 1817 4067 4399 5198 1497 4710 1214 5268 7175
15123 4049 3545 2238 3374 4787 1734 8094
15124 4231 5421 6073 1247 3829 4276 5955
15125 416 2452 3307 4715 7241
15126 5407 1200 1828 2533 4931 5622
15127 1946 3631 5547 1815 5130
15128 634 1503 2561 5525 7681
15129 1528 2089 3675 6379 4888 981
15130 4025 1489 2399 3860 6619
15131 1329 5665 4369 827 4132 1378 7921 7672
15132 4082 4401 7998 7662 7025 7766 6721 7691 8481 8479
15133 39 4119 5848 6986 350
15134 2499 4574 7298 966 2359 5621 3425
15135 2051 7389 1301 692 709
15136 7701 2189 4140 4369 4243
15137 1346 1531 4710 6956 7382 7510
15138 18 7632 432 1800 3495 5086 5657 1529
15139 1896 2002 6275 8224 8270
15140 244 3597 5414 6750 5314 352 5840 5034
15141 434 464 829 6284 6493 1511
15142 4276 4464 1706 7475 7595 3090 3921
15143 6393 1807 2962 4177 555
15144 3440 2845 2694 244 1635 3925 5621 1353 2155 2976 4617 5577 6408
15145 547 768 785 4556 544 3442
15146 2266 2760 1516 3710 2270 6836 813
15147 736 1570 912 3514 4676 5398 5706
15148 2042 929 1715 4280 6941
15149 3885 3955 2184 4643 5188 6186
15150 6509 3799 8167 1052 2484 4916 5793 8199 2505 3661
15151 3090 4600 5581 7554 3038 5647 7932 7874
15152 1437 3095 6465 639 7236 8257
15153 139 663 2355 2640 3873 7917 7919
15154 1440 4517 5630 639 2422 6683
15155 127 222 252 6025 6031 7839
15156 114 5743 6284 6308 6441 7254
15157 6209 3560 5113 4135 7159 6239
15158 2605 6821 668 2373 4263 6544 1593 7275
15159 4312 3015 8036 3003 3004
15160 300 177 295 176 1524 5062 3622 1200
15161 1693 1306 2155 1865 5062
15162 7709 1547 6900 6308 6904
15163 4616 702 4300 5582 6975
15164 5061 5634 1423 4369 5056 6202 2578 7313
15165 4862 896 1354 1604 1817 1861 5271 5621 6282 7113 7175 7253 7292 7579 2420 2185 5982 7179 1041
15166 1908 3638 3879 3457 3468
15167 5155 6855 3756 3916 5763
15168 5922 2404 5238 2912 8254
15169 7407 2688 36 4665 5581 5891 4070
15170 7602 3090 3552 7874 8183
15171 45 464 1675 5218 5839 6284 6496
15172 3587 1584 4646 5246 8023
15173 339 699 4810 416 3256 3640
15174 1195 536 5929 6073 3450 5611 7180
15175 5128 6633 7148 3773 4190 2580 1870 4874 7176 7179
15176 7616 5206 6128 1295 7615 5358
15177 4140 4655 1489 705 1833 3150 35 4980 4350 7696
15178 2002 2453 3555 4850 6915 6994
15179 7313 705 2933 5370 1304
15180 705 1833 2161 5061 5583 2740 7717
15181 1269 1428 2853 4462 4898 7052 7537
15182 6310 6492 6671 4957 4401 7243 8385 8442
15183 4015 6636 990 3072 1462 3292
15184 2526 3814 4014 4889 4017
15185 3497 3723 3946 5747 6311 4116 4269 1529 7819 8134
15186 438 5188 7775 988 2385 4800 5099 6199 5761 1346 1540 4379
15187 609 2582 2853 1602 5017 4366 7487
15188 3990 2151 4140 8194 1140 2877
15189 64 380 5765 3673 2515 2625 5344 2868 3602
15190 2923 1739 2336 4442 7709 7717 5560 1682 2835 3073 5145
15191 1966 2212 3328 3195 5857 3090
15192 1200 1633 3857 5289 6314
15193 1745 4996 5691 5720 5272
15194 1489 2505 2520 2608 8355
15195 1969 2421 3785 1836 4542 1584
15196 1833 3516 2207 2534 1847 1865 2624
15197 671 4617 8322 6314 4647
15198 1835 3877 4215 6764 2213
15199 3147 1249 3639 4116 7165 4235
15200 7167 3467 4807 7146 7168 835 932 6275 3427
15201 302 2348 2978 3060 5610
15202 970 103 3845 6928 5607
15203 1129 3166 2084 5880 1157 3413 8023 3165 3915 6788
15204 4793 5991 6789 5969 7874 7934
15205 4420 6263 3060 8042 3105 3639 6266
15206 1678 2420 1647 2349 350 934 6930
15207 646 1116 2978 4460 5772 1480 5117 1540 7807
15208 4833 2983 2985 3925 3921
15209 2918 4690 3815 3063 3065 3066 3416 5933 753 7144
15210 48 960 982 983 2034 2187 2216 4257 6391 6616 7166 2178
15211 189 299 416 1536 2101 2155 720 4448 16 1428 1836 2484 2668 2962 3090 3216 4442 225 750 5070 5505
15212 790 4238 890 1056 5458 4035 7475
15213 4851 1307 3216 1589 3826 4934 6019 1917 189 5892 4854 251 4487 4656
15214 5286 5728 1755 4535 5062 6659
15215 2289 2668 4512 7579 7292
15216 993 6186 945 1870 6289 6187
15217 2096 239 1573 1712 2595 3537 3576 7566
15218 26 618 1377 3589 5348
15219 6312 6919 6309 8292 8417 8442 8444
15220 7489 63 5019 6473 955 8023 5624
15221 1817 1976 2286 6284 5221 6833
15222 4486 817 819 1588 5754 5943 6935
15223 70 1968 7796 4631 6633
15224 673 2605 4369 575 1249 2950 3004 8429
15225 1428 2225 2531 1148 4155 2654 2513 4531 7318
15226 5230 2821 3003 4857 6314 2608 2976 6202 3467 3468 65
15227 5690 1759 2421 426 3032 1604 794 3782 795 7833
15228 8023 3820 3943 7159 2158 7308
15229 178 3553 4245 4951 2552
15230 244 5992 4522 6534 1446 8129 4940 6353 6355
15231 7742 7743 7745 1227 6660 3341 4640
15232 5124 3137 1479 2050 6366
15233 3364 540 3744 5131 5261 5570 6986
15234 2326 5339 5367 7271 7595 7601
15235 6238 2837 703 8411 3307
15236 1738 4266 6980 7376 1979 1048 3672 4866 8223 848 6197 1497 6997 1349 4002 3021 3560 621 4640 1311
15237 78 4249 2463 3060 6133
15238 4014 3915 6187 5092 5344
15239 4028 5238 1775 1937 3264
15240 125 222 1090 1885 4527
15241 2766 5511 244 597 2484 2912 3227 3818 4680 7070 8349 1224 6219 6468
15242 66 4179 464 434 36
15243 2803 2006 189 721 5727 6814 2830 3511 865 3686
15244 464 2706 6672 7002 4888
15245 812 2386 697 1428 7154
15246 2229 4802 3863 5651 8253
15247 5747 6310 6810 4082 4401 7926 2229 2755 7819 7438 7959 8094 705 3468 5058 8117 2703 767 8494 2976
15248 4119 4812 6494 2315 7490 244 3582 7171
15249 6154 6474 3586 3587 7313
15250 1423 6975 3104 3427 2229
15251 7127 7710 7833 7464 7921
15252 66 245 1011 4466 2309 4276 2947 7796 7873
15253 4495 8205 4469 7246 4133
15254 705 1912 2664 6227 6314
15255 1087 2597 2805 5330 5721
15256 370 176 415 4427 7005 3560 4924
15257 2279 2329 3921 5675 6271
15258 248 610 5429 165 218 356 5520 5521 7112 1524 3618 4953 4955 6723 6915 867
15259 7516 294 4953 6490 1295 1303 6723 6961 6975 7711 3824 1282 6936 7437 1283 5380
15260 449 3560 6925 6975 5956
15261 742 886 1165 2912 3337 3587 5183 6143 5983
15262 2830 3915 2185 3922 5412
15263 3439 1910 4852 5472 500 5224 8256 2054
15264 2686 4893 6189 6190 6193
15265 8 461 1660 7521 3277
15266 1540 1249 296 332 917 944 4379 4679 4664 1613 2002 3881 8149 1506 4839 3820 4547 3968 3821
15267 7113 7510 7681 2662 3510
15268 6310 6312 4082 4401 6196 7434 8096 8316 8417 8378 8474 8444
15269 1812 3043 3730 6810 8117
15270 646 6975 50 4236 4443
15271 8408 829 1516 2225 4122 6422 8007 8224
15272 2184 6937 4537 7408 7016
15273 4708 5000 7382 64 1367 1866 2534 2796 3379 5386 6103 7315 4166
15274 1033 1148 687 1182 2703 3353 3587
15275 2189 1875 4535 2537 8165 8249
15276 1570 5352 1975 2750 3475 5017 5739
15277 4131 4800 2274 2561 7398 646 911 924 5760 6800 7627
15278 167 5358 6025 6031 6448 246 419 2082 2115 2125
15279 6399 7615 5206 130 7878 939
15280 5037 4109 6028 3782 8340
15281 1588 673 5485 4179 2619 5459
15282 4657 2232 4079 4980 6080 7313 7475 4140 8087
15283 1442 140 2137 3475 3925
15284 130 4448 4865 146 5621 197 711 3997 8238
15285 1617 4280 8259 4442 85 4557
15286 3917 463 1682 1817 2185 3476
15287 1077 1902 2384 2523 3883
15288 6529 7883 5104 5954 4173 4560 6790 7029
15289 2840 3043 4331 6063 7728
15290 1547 2050 5314 1838 2852
15291 1455 5106 1326 6736 395 1728 2928 3654 6861
15292 303 2185 3107 4589 7162
15293 1194 4129 5218 6532 7798 7912 6645
15294 3984 1682 5611 500 3964
15295 7125 3244 697 1217 1429 1991
15296 1234 1910 2389 4867 7857 1126
15297 3265 3737 6019 239 1910
15298 1815 328 4195 726 5036
15299 4538 4704 4789 6588 3444 4119
15300 4276 1584 2750 5751 7502
15301 2132 1684 2089 3870 4285 4722 5719 6703 1200 1489 5346 5622 7005 3004 3690 4002 4347 7323 7639 4331 4089
15302 7586 7644 165 1302 3505 4518 6420
15303 1833 2238 2245 4503 6975 2847 7733 7014
15304 1354 1712 2128 3273 4231
15305 620 2563 6984 2027 2444 1737
15306 4104 939 3549 3767 5414
15307 440 1234 6980 1735 8252 8315 7782
15308 7727 2363 74 2365 4839 2580 2668
15309 6975 4983 469 826 932 2534 2903 5346 7421
15310 3087 323 8241 1141 3181
15311 1467 4002 3004 3003 6840 6857 1489 3104
15312 3107 6840 4800 5761 2229 908 3514 6735 7359
15313 583 1964 2135 6595 6979
15314 882 1929 3019 5639 3736 1887 2750 3341
15315 2264 3742 3741 1216 2395 7012 7008 6567 5319 3053 4583
15316 2139 1552 1627 1734 2949 3707 4375 5474 4579 4980 1924 6975 2066 3863 4035
15317 2760 3863 3747 1563 2853
15318 668 463 689 805 2413 4704 7369 3095
15319 1529 6730 3060 5232 5312
15320 4599 3710 3587 4841 8164
15321 5421 4780 4862 1186 3366
15322 5623 6049 4320 6732 7546
15323 1784 7634 464 4347 6384 5082 649 3416
15324 6496 464 1940 7590 8167
15325 2229 2755 4802 244 3774 7712 8224
15326 725 118 1367 2560 4014 4140 4470
15327 3065 3067 2185 1751 3925
15328 2976 5552 1077 1437 2073 673 674 6183 2286 6769 7360 5351 5353 7789 6774
15329 130 663 4448 1990 3873 4426 5379
15330 135 398 400 3521 1455 189 3094 708
15331 5781 1781 6311 6191 6671 7147 4401 7952 8472
15332 6941 833 1872 5131 8207
15333 190 2292 4039 4447 219
15334 896 99 7423 4549 4771
15335 3829 1723 5061 3830 3831 2229 4994
15336 2517 1106 3152 835 1924 1423 404 3773 4670 7313 630 4140 7475 3408
15337 530 1012 4680 5218 6948 7602 1896 1903 2645 3149 5810 6018 646 6197 42 602 4378 5031 5312
15338 5344 36 463 970 4116 5218 6604 306
15339 3682 4357 5621 3021 66 945 6832
15340 3168 366 4638 6385 4035 6547 8252 2547 2620
15341 265 2261 3755 4282 6423 6496 6644
15342 576 1204 753 4159 7971
15343 2840 3018 5142 7113 3759 5365
15344 500 927 189 1121 2087 7110
15345 6943 1952 6529 5721 5900
15346 1501 1126 2163 3669 4767 6661 7792 7313 3483
15347 364 924 3639 4946 6068 7033 2715
15348 4954 416 125 4245 2891 7364 5282 4926 5875 1103 701 148 1508 277 2988 2215 179 6444 6664 1524 6527 4863 290 663 1990 1455 126 379 256
15349 927 5188 5770 364 4445 3298
15350 3105 5554 7404 1658 2229
15351 5557 3095 1746 5930 4179 6312 4277 2002 6511 6671 6920 7145 7468 6319 8275
15352 42 1497 3710 5840 727 814 2420 5375
15353 1734 3150 3997 3224 2897
15354 389 2109 3485 477 3171
15355 194 3639 4474 66 3524
15356 4903 3023 3835 1812 4350
15357 1539 4436 5819 1538 5519
15358 166 479 1445 1571 5160 6439 6514
15359 7530 7675 2320 2330 7590
15360 928 4995 1529 5674 5692 5668
15361 610 3060 5429 5439 7865 639 4808
15362 6920 4082 4401 7157 8274
15363 4679 4680 6606 2625 5632
15364 2623 1143 4522 26 29 833 1685 3587 8023 3181 5471 5841
15365 1808 4479 5485 7404 7824 8270
15366 945 4347 1660 2596 5435
15367 5963 2803 2976 3440 7871
15368 1782 460 461 6229 3886 5055
15369 454 469 705 1200 1812 3379 3468 4491
15370 1589 3970 2853 3773 938
15371 3043 1660 2101 5917 6706
15372 180 1524 278 282 1295 5932 722 1301 4685 708 6216 6420 242 160 164 2453
15373 468 723 924 3060 4442 4655 4710 459 3803 4440 5342 1389 3969
15374 833 1833 2238 4654 4655 2571 2972 7588
15375 6905 7113 5107 7280 6034 898 3290 4049 4116
15376 589 470 2908 4477 4733 2677
15377 650 846 2078 3 598 4336 5053
15378 4072 1071 1501 1741 5719 6975 4889
15379 3250 5857 8071 7262 4440
15380 1043 92 1423 3698 4481
15381 1555 3604 4007 5264 5982
15382 4173 3473 626 32 2212 2300 7337
15383 4646 2097 3027 5954 7175 6166 8456
15384 924 923 929 6354 2561 6750
15385 1821 3047 3136 1924 3501 6247 6447 4994 6086
15386 4199 1540 4379 4402 6468 5314
15387 4035 3317 6314 2973 4857 2238
15388 831 6098 725 1200 4711 5915 6095 6975 833 6179 30 945
15389 1568 1817 2000 7144 7318 7326
15390 66 6717 1697 3107 4750 1950 5600 6000 3881 4085
15391 1070 920 1474 1410 2365
15392 1645 1648 1707 3491 6640 6717 8061
15393 3917 6264 3916 3928 3922
15394 965 2704 6209 3381 7093
15395 36 2152 3191 6956 7798
15396 2610 5399 1467 1085 1982
15397 5242 3766 4996 7534 2171
15398 2155 2484 1023 1226 500 6266 6656 1927 3417 3587 6263 7574 1156 327 2828 7995 3060
15399 2204 5063 4747 7072 7129
15400 815 817 2034 2688 5314 7488
15401 2688 4464 971 6478 50 322 7562
15402 113 130 200 418 5505
15403 1565 3814 2326 5593 4442 66 2184 5182
15404 222 225 750 3640 5070 5072 6212
15405 5414 500 705 1200 1353 1391 4330
15406 5525 833 3438 1557 705 1353 2229 1858 727 1238
15407 284 122 160 1509 4082 4401 7453 7925 2977 2156 7969 3440 7128 6224 6225 3444
15408 5008 3799 7071 2627 4752 7189
15409 1485 833 1200 4243 6134
15410 827 3374 6938 3377 5000 663 2452 1251 151
15411 5000 7921 1285 4783 4919 6572 8179
15412 5955 4720 911 1135 2333 3105 3664 4343 4851 5821 6456 6628 1823 3720 3764 6431 2379 58 1260 5058 228 1644 2572 2056 7954 2200 6627 8135 5016 8149
15413 3146 452 4246 1435 1572 2562 2561 3077
15414 3375 3382 3765 3672 3829 7145 7136 5546 4350 3669 7758 6773 4851 7286 8287 7817 8244 8411 8453 8436 8452 8491
15415 1821 3695 3447 3595 3102 8151
15416 2225 3725 66 2274 6192 3578 8094 1874 5738 8360 8383 8277 8276
15417 2976 1432 7341 7979 3863
15418 1327 2189 1917 3073 4857 1734 2803 2384 5786 4622 4423 4259 7146 1156 3013 5634 500 7136 2950 7049 6291 4711 1644 7093 2708 7472
15419 8103 995 1545 1796 7730 7965 8421 6431 6810
15420 1200 1334 2953 3377 3468
15421 140 1451 1836 3709 5497 5537 7032 7231
15422 1945 741 1702 1372 757 4357 267 2346 2826 4256 8050 1754
15423 705 833 1200 1723 2200 2523 3105 4980
15424 189 412 1301 1455 4849
15425 113 2194 6557 5619 6090 7307 7313 3921 6267 3915 5652
15426 2229 2803 5210 350 3144 7438 3997 3097 2599 4711 7672 8075 8049 6502 6560
15427 4049 4219 103 1428 5017 2371 3962 3836
15428 5435 3559 5546 1209 1921 4917 5064 2565 2204
15429 1102 3715 4733 797 1100
15430 2279 3802 7127 2484 3090 8401 3783 7751
15431 6975 6263 6697 8085 8454
15432 20 113 3618 4245 211 384 225 278 312 398 1300 1914 3640 4951 7532 233 1611 1604
15433 5955 5153 2452 7325 7454
15434 1874 1817 4679 6235 7534
15435 4171 4903 6244 2561 5751 6323
15436 1576 5581 6076 6314 2238 3217
15437 284 411 4574 5206 5403 7363
15438 5154 5945 225 663 311 948 152 6046 4157
15439 3721 4438 26 4224 6592 1887 4168 6067 1891
15440 3947 7146 2843 2977 1324
15441 1735 1738 324 857 1178
15442 1296 7214 104 4951 5165 3791
15443 2742 3687 4383 3001 3004 4393
15444 2229 2755 3737 4980 5730 7746
15445 464 2426 6867 1547 2264 4700
15446 5904 5972 7218 579 854 3227 4159 4160 3070 1873
15447 3986 3725 6248 7835 1808 4637
15448 3369 1654 3372 11 3039 3569 4092
15449 3165 2883 2806 1052 1993 5721
15450 5747 7356 8283 8442 2286
15451 1174 2565 6252 7313 7309 1409 7696 4140 1489 7938
15452 2950 7819 2002 8293 8295 1264 2372 2708 8307 8275 8433
15453 5105 2155 3587 1367 5622
15454 1260 997 2962 5026 5238 6458 6592
15455 686 4102 6086 228 2233 4722 4929 6745 1495 6456 6417 1491 2525 4337 6416 2332 2708 2772 3680 8087 1784 8302 2910 4967
15456 274 278 6213 275 7102
15457 5748 6628 4675 1887 5840 7742 705 6218 168 602 2529
15458 4877 6431 6938 1644 2229 2755 4802
15459 626 5061 5747 4122 6920 6528 7147 753 3582 7893 7819 8411 8444 8378
15460 2812 3353 5021 6258 7530 3006 6857 7415
15461 245 1139 6267 7162 7642
15462 3277 4035 5061 2256 4191
15463 923 924 2185 5344 3510
15464 18 2152 755 924 3082 7371 7311 5074 8103
15465 4287 5861 6818 7448 7760
15466 5064 2155 2694 6239 3854 5457 7276 829 1420 2152 2238 4476 1032 1723 1812 3148 3477 3881 4681
15467 1731 501 2639 4116 326 2957
15468 833 1557 3379 3631 6485 7835
15469 1685 7318 995 5019 7558
15470 503 3476 7620 955 1428 5674
15471 1022 4718 6132 140 4701
15472 1367 1847 2409 3829 5856
15473 5839 6758 7195 1669 2659 1817 3936
15474 17 2185 5322 4164 2826 3510 2868 1286 3199
15475 2830 5874 1165 6350 2255
15476 712 1910 2893 4421 2570
15477 2153 3073 308 1176 1528
15478 1194 1676 2231 3785 3510 1637 3946 119 6853 8360
15479 1825 5171 7300 6400 8384
15480 2372 2139 6852 3814 5673 1267 6732
15481 2401 2725 5899 8455 3915 3916 4587
15482 1833 3138 4140 5063 3006 705 2229 7922 8055
15483 972 1464 673 1056 1859 3055 6310 2261 303 7534 4401 5501 5990 6275 8268 8317 7693 8096 7691 7692 8316 8318 5058 8277 8383 8426 8442 8443 8448 8473 8474
15484 3213 5017 5621 5787 6600 6608 6956 7800
15485 8 3277 2464 2657 4644 7128 2605
15486 6441 5626 6979 442 6337 8016 7354
15487 504 518 4828 1249 1250 5525
15488 36 1682 4212 3608 7627 7991 4818
15489 1548 3060 6730 3587 7443
15490 1613 2841 3060 2412 3550 4937
15491 464 3587 635 990 4492 7049
15492 2140 2154 5557 713 4409 5204 709
15493 818 8270 1697 3159 973 2286 3711
15494 3005 7243 8094 8283 1213 8443 8442 8484
15495 1444 1755 2523 2696 3588 4010
15496 5870 195 1027 2922 7175 194
15497 8413 3669 2288 1885 1754 610 646 5040 5041
15498 5414 1022 4627 6269 7292 7579 2871 3295 3846 6160 6673 1137 7195 6178 7794
15499 3043 473 475 761 3654 2273 2629 4845 238 4476 271 697 2111 4440 4492 4785 6712 8464 3191 6333 6939 1617 7911 5480 1313 73 4549 4643 5275 679 3182 3638 6956 1178 1428 4615 5267 6943
15500 3723 4082 5732 4401 4826 8443 8448 4074
15501 7713 1489 4666 4733 8086
15502 2962 4710 6592 2427 5839
15503 1428 2706 3167 4733 938
15504 2136 27 4249 303 6235 1655
15505 5622 2578 289 3930 703 1489
15506 160 277 4926 8116 8348 7038 6314 2723 2773 979 5459
15507 289 610 306 3936 601 5572
15508 2204 2238 5062 1849 7475 7551 8348
15509 332 829 2185 3582 4704 5032 5252 5760 5108 5650 66 526 924 2515 4379 463 1333 5026 514 3327 4173 6377 1656 3252 3756 3940 4935 903 971 3031 3581 4212 2019 3231 4445 3531 3757 3090 3173 4560 6791 2532 3351 267 6123 75 8401 2747 2748 5783
15510 1177 1310 1583 4575 5731 6264
15511 2158 841 1653 6447 1043 5056 7404
15512 4608 5414 10 1949 4102 5188 1209 3341 575 1489 4917 3468 7551 7274 7742 1847
15513 1584 2162 4271 4119 378 3563 5071 2804 2853
15514 457 7586 1975 5834 6931 8208
15515 165 892 1524 5103 6010
15516 3323 833 3043 1937 3351 3399
15517 680 2389 2392 4771 3179 4098 5187 4186 4967 1553 2027
15518 463 687 27 1661 1816 4178 6236 2561 814 6494 3943
15519 1353 3628 5050 6713 6474 8023 4758 6068 5284
15520 320 945 6186 6187 6543
15521 526 3001 3005 3007 4383 6255 2923
15522 2801 2981 5803 6186 2240 8072
15523 1782 5957 4650 5866 5894 3772
15524 6186 3090 3173 4675 8038 596 1249 1250 7177
15525 6073 3884 439 3929 7177
15526 12 645 1548 7148 1540 5026 6813 7060 5674
15527 6155 613 5631 4985 7894
15528 1986 6829 6655 6857 7781
15529 13 64 1346 2037 1378 452
15530 610 1070 3167 4403 2675 3957 5285 924
15531 5552 2803 3698 3707 5056 4347
15532 4550 4552 5776 4654 2674 3869
15533 73 468 1078 1540 5414
15534 1332 3719 6282 917 1589 6118
15535 2588 1734 4938 3779 5164 5210 6303 7294 7521 8094 2184 2976
15536 105 1464 7888 3766 7318
15537 2892 5392 6969 4567 5075
15538 3812 4279 4549 2264 2541 7503
15539 1501 6314 459 3132 7700 8164 8405
15540 4183 2952 1975 2561 2608 6314 6594 6611
15541 56 4654 4655 1576 6385 7955 1846 8289
15542 953 2725 4422 3606 6975 2384 3560
15543 2471 8082 3109 4888 5483 5960 3381
15544 519 924 1492 2368 4116 5026 3341 6978
15545 2843 2785 3175 5346 7986 3326 3814 6857 5061
15546 2578 2803 3707 4822 6975 7040 7481 2523 743 1012 1903 5465 5429 911 1501 1749 3091 3150 3814 5458 7313 7475 7955 5412 5460 2238 3508 4140 74 6119 6053 6133 3212 7046
15547 7130 6969 5358 6915 5404 5988 6470
15548 4980 6158 7864 5385 7863
15549 2155 705 1723 4866 4646 697
15550 392 502 2643 5080 6486 6955
15551 1529 7512 1497 5414 5431
15552 4341 1673 5179 1353 3277 4230
15553 7824 2522 7881 8269 5316
15554 470 3922 4119 4908 7643
15555 5843 1428 5026 4808 4011
15556 2624 2973 359 7319 1200 7151 2946 4659 5249
15557 452 2637 2483 971 4480 4035 1428 2068 6166 6813 5776 5236 5640 3146 6938 7330 5034 8051 7036 6206 6937 49 1022 2213 5026 5032 6732 713 1284 4188 3921 5030 2225 8287 4394 3928 1966
15558 924 928 7156 4973 4181 7171 7292
15559 1428 795 1589 4005 5799 6307 7600 7601 5864 6926 7351
15560 6193 6671 6290 7401 7449 7953 6853 2585 8283 8442 8444 8474
15561 124 151 458 3617 7183
15562 1576 5802 7827 827 1200 5409 2384 8014 1823
15563 1921 6264 6720 8354 1873 2226 4347 6825 7077 8019
15564 2464 3258 5286 3188 116
15565 1512 1539 2292 5519 6244
15566 3927 4235 753 1841 4759
15567 2862 3269 6006 244 2232 2692 6596
15568 130 418 419 713 2894 2892 185 7163 189 340 377 6019 2355
15569 771 1324 4068 3616 556
15570 1361 1512 1539 2292 7637
15571 5301 924 7883 7028 2230 2792 3736 8306
15572 4594 8073 8150 7887 5158
15573 826 6856 705 2238 8348
15574 3576 4309 5489 7452 1702 2043 5319
15575 1699 1353 2155 1712 4231 5061 3379 705 2253 5704 7641 4002 2238 6829 8354 1833 6218 8404 5485
15576 2753 3634 4357 5174 8224
15577 8464 6600 1547 2484 4710
15578 3213 3943 970 5218 3404 3832 3971 533
15579 5061 705 5531 1489 6126 6314
15580 1971 5284 3587 7800 4015 8172
15581 4023 814 662 1184 4845 658 4119 1886 4513
15582 4337 924 2819 4105 4946 5083 6592 7534 602 2484 4107 5019 5224 5621
15583 3230 6045 1450 1092 1427 3188 6978
15584 2418 3468 4038 4149 8252
15585 3151 661 1438 4458 6314
15586 73 1354 3195 2185 5344
15587 1966 4802 3658 5176 2229 3325 5281 3715
15588 8189 2688 4412 5686 31 7390
15589 890 1564 1300 4760 223 227 275 403 2930 5075 340 7616
15590 5971 5651 4644 1228 1731 3102 1697 5138 892 5581 326 1821 3149 3150 8030
15591 3723 2853 3642 4401 1578 8274 5237
15592 464 7292 4134 8023 500
15593 643 5369 5972 7259 2775 1518 6244
15594 1682 5218 2271 2322 3280 4474 6284
15595 2994 1389 2241 4862 1745
15596 2580 26 997 1817 2396 3476 980
15597 6314 3849 2862 6291 1849
15598 1485 2229 5485 2010 6053
15599 1156 3005 5800 1205 1902 3675 3013
15600 817 1966 4045 4479 6752
15601 4644 1682 1234 876 1588 5789 953 3078 6138 7113
15602 3266 4857 6202 3377 7313
15603 1847 2523 3950 5563 6391 6161 5171 7013 1578
15604 1612 4973 434 814 6269 2512
15605 4215 5301 1682 6154 4123
15606 385 807 854 3486 4238
15607 1719 1723 6775 5351 6136
15608 5258 6810 1723 5442 5557
15609 2207 3835 5767 8255 6314 8386
15610 1644 923 944 922 2167 2166 4544
15611 2368 3639 6458 7188 7906
15612 5577 5448 7776 7040 8354
15613 2244 1875 2189 3379 3829 3830 4369 6434 6572
15614 970 2031 823 168 4507 5568 6095 3664 7886 2247 2735 7060 515
15615 5085 329 3587 1312 2148 2176 3385 8005 2267 6810 2185 3510 8286
15616 2162 1594 2725 6004 7593 1557 1912 7680 5711
15617 147 2043 295 413 732 1040 5358 6420 5743
15618 635 2800 1856 7230 2812 7284
15619 1489 2253 4084 6252 7160 7742 7475
15620 762 1854 732 1287 6936 1523 4955 7019
15621 6312 8220 7025 8448 8426 8503
15622 506 2919 3445 5663 6587
15623 1937 3260 5755 3297 1815 6343 6402 3292 1871
15624 113 4380 5379 3553 5358 261
15625 5019 46 6256 4807 3899 1684
15626 463 1656 1931 2958 4441 4862 6097
15627 6312 6492 6671 7157 8409 8443 5237 8442 8208 8470 8473
15628 2229 4216 4802 7775 1161 2185 5396
15629 1974 3267 1097 2962 5339 1357 2347
15630 1971 3996 2395 6672 3060 4733 795 6603
15631 1135 2155 3560 3664 3829 6095 6098
15632 833 767 5474 3818 4857 5546 8348
15633 1121 1301 2154 4409 4774 2948 6406 6648 6651 519 622 708 1122 1353 2108 2229 3011 3382 3451 5499 5893 1524 2418 4654 6230
15634 3374 2153 3468 4175 4369 4842 7840 3274 6327
15635 3381 1723 1858 1310 2101 3379 4851
15636 571 8017 6818 938 1635 7975 8399 8448 8451 8378 8431 8442 8443
15637 4528 4908 602 2288 2185 4008 4336 7993
15638 6566 4082 4401 5210 5866 8065 8451 8448 8436
15639 655 7403 2299 4943 2300 3342
15640 896 5004 924 4276 633 902 2068
15641 4164 2580 2030 2715 3938 2992 1422 533 4084 4903
15642 2271 5193 6611 307 3381 1812 5636 6864
15643 6312 6310 4401 8220 8287
15644 2566 5276 29 2608 6285
15645 5417 6854 4656 16 8357 4116 1168 3327 66 3541 8247
15646 924 3027 938 1051 3594
15647 4575 6632 705 3092 7146 332 4369 6012
15648 705 1367 6456 8124 5112 7128
15649 6944 1428 5273 5640 6277 8377
15650 2001 3345 5171 4033 7874
15651 5212 1156 1390 773 2725 8240
15652 5621 6069 6275 1682 3728
15653 1044 7197 5200 5201 3071 7501 7503 7534 8383
15654 924 2444 2060 5056 1529 1644
15655 66 3073 833 1489 3583 5546 7475 7551 7555 634 1880 2286 5040 5933
15656 189 350 4055 4190 6389 2639 1340 8251
15657 1746 2002 815 1817 3766 5019 5233
15658 47 1910 2002 4537 6034 6001 596 1181 3342 3357 3358 1634 2750 6689 6694 4218 3279 829 2740 6284 7054 3167 5377 6473 244 649 1961 2271 5218
15659 1896 1966 2073 5857 7710 7840
15660 1702 2047 2365 2713 4744 1506 2731 1314 1593 2205 2324 3031 4144 6863 2477
15661 1261 953 3596 1446 3514
15662 5763 6401 6952 1578 3962 7302
15663 1286 1617 6859 6952 7932
15664 8205 7298 504 2385 924 7297 8310 2387 3929 4554 5171 6130 8282
15665 1135 1823 3680 5016 6475 8370
15666 445 2918 1201 1912 5171
15667 2022 8461 3060 8306 3210 7115 7985 5255 7979 7980 1186 6340
15668 2124 6310 6671 6919 4082 6528 4401 7926 7892 6195 8220 8107 8065 8307 8433 8421 8448 4826 8491 8477
15669 1833 4866 6202 705 2565 2153 6921 5581 7313 5056 3184 4623 7580
15670 3916 6741 7055 1949 7558
15671 4499 6302 1928 4758 3455 4279 5760 6092 3189 8159 1617 7527
15672 927 2868 7142 7318 923 1617 2152 4710 5645 5668 5674 6977
15673 2261 2422 7681 2580 2260 7794
15674 5751 3233 5529 2185 5969
15675 66 468 3925 4529 6544 7280
15676 3056 5275 7459 500 817 819 4956
15677 4792 1462 4464 1553 6282
15678 896 1594 3211 4615 4179 7188 7836
15679 2185 1427 2299 5034 2183
15680 6541 895 4785 602 358 898 17
15681 1655 930 1066 1067 2471
15682 4320 6692 2580 2336 4942 5243 2185 7993
15683 819 6931 7292 6539 7811
15684 103 726 837 3191 5549 7489 6986 7302 6943
15685 6975 1917 443 5833 4369 7672 7742 1644
15686 1462 2289 6943 1870 5928
15687 2090 2098 3118 7509 2978 6568 3514 6814 8339
15688 1250 1346 1451 2182 1362 2181 5037 5608 5926 6096
15689 2467 4240 3007 1979 1864 269 3356 5937 107 1944 3730 4576 5061 1686 2418 6252 6359 5622 1176 8086
15690 3492 504 1191 1436 3493 4828 6100 7986 1002
15691 2810 8030 4106 639 1139 6692
15692 1535 3201 6759 4869 5505 4854
15693 1117 2260 4015 2261 7744 8358
15694 2691 6246 8455 1440 1441 3344 7519 8163 4007 7444 7520 3016
15695 3998 7342 7343 7689 1917 8062 3092 6431 5850 1249 1850 8356
15696 469 705 5063 6136 7005 583 7891
15697 447 3232 5672 3395 6833
15698 5163 286 738 148 193 508 5379 340
15699 2010 2953 4352 2950 6440 1004 6231 5906 7146 4857 3073 4289 7551 4579 7157 4980 4401 536 4640 7525 1578 8494 8495 8444
15700 2177 4681 6810 1273 2812
15701 874 929 3766 5982 819 2065 7501
15702 6263 7089 1728 6264 3368 4155 5931
15703 5866 2977 3507 7672 4866
15704 639 3736 4028 1427 4029 4030 5058
15705 2225 4889 5026 5583 8206
15706 4611 7343 36 42 2484 3267 3327 4540 6494 2141 8103 6008 2271 2816 8076 4814
15707 1326 165 3152 5659 3651 863 283 3484 291 3550
15708 2750 2639 3325 4263 4265 5864 6122 6123 6143 6717 3493
15709 118 1367 2238 3468 4140 2840
15710 4336 7899 3928 3385 7534
15711 2271 848 5747 6310 6312 6311 36 6919 2064 7598 7596 8385 8448 8472 4544
15712 4832 557 879 2967 3850 2233
15713 1492 2066 2523 1154 3379 5857 7574 8175
15714 3138 1758 2324 1310 2187 6260 5346 1575 3462
15715 509 521 911 3191 3327
15716 6363 3548 1900 931 2230 3306
15717 3273 326 192 3089 99 7387 4673
15718 829 3527 5674 1249 5218 6007 953
15719 18 468 1647 3814 4379
15720 3924 827 4141 1870 3923 4666 2742 2847 2606
15721 353 4134 4401 1158 3921 5473 6267 1153
15722 641 4888 785 2487 1278 1720 2100
15723 5020 1285 1617 2386 6382
15724 1353 5063 1519 2999 8324 1734 5155
15725 1589 5414 8157 1599 2904
15726 6284 6534 464 705 2418 3469 3587 4481 4535 6592
15727 66 3076 194 4163 3922
15728 5747 1768 5786 7136 1240 7147 4298 6721 3373 8478 8330
15729 2664 4733 2185 5220 4662 3736 3288 4362 3531 2753 2428 3071
15730 929 1000 6399 6699 7453 1505 646 8189
15731 1559 724 890 2906 7376
15732 244 697 3041 3482 6336
15733 6314 116 3837 5046 6968
15734 2933 3105 3188 4369 3303 3468 5856
15735 6262 797 799 879 2225 2677 4187 4504 6437
15736 2229 2755 328 3902 4802
15737 2817 1200 5061 1489 4243 2741 3467 3560 4038
15738 662 990 463 4007 5198 325
15739 3971 3325 1817 1231 6447 26 673
15740 4439 4984 646 194 5188 6223 3025 3820 4704 7825 468 1116 2060 2385 6717 3233 8349
15741 3497 7275 2609 673 5113
15742 1482 1234 20 3630 4369 6975 3535 4324 4393 7377 2482 6134 1902 6993 2301 7648 2341 6996
15743 1353 3377 3829 4038 5248 7696 3375 4851 2803 8091 1638 3374 6810 2184 2976 1160 1176 705
15744 2368 705 2192 3468 5953 898 6601
15745 7308 673 1489 2812 4140
15746 7986 130 157 428 663 3190 5830 7112 4863 6590
15747 3829 6095 6572 5956 6660
15748 1035 1194 1206 4116 5049 8215
15749 2124 2279 7731 7732 713 5029 5764 8310
15750 1589 6197 3444 5167 7195 7981
15751 1547 3284 4710 5026 2659 1669 1672 3293
15752 693 3358 3168 5238 4149 5636 7146
15753 7973 4980 5622 7445 5730 4857
15754 90 194 1336 2561 8149
15755 194 2397 4581 1549 3287
15756 2973 4337 5016 1633 469 1353 6314
15757 5495 5647 513 510 1841 2589 7301
15758 6310 6311 6312 4957 4401 4082 7453 7551 6224 7449
15759 991 7407 3060 2454 1497
15760 2748 2750 3798 3325 2639
15761 3440 2687 3595 6810 7227
15762 2962 245 435 3751 6911
15763 7049 8094 8019 8049 8075
15764 223 739 371 122 1168 5515 7177
15765 876 1933 3004 3075 1271 3079 2473 4947 6404 6478 6700 2005 3539 5738
15766 3375 3377 4140 3508 3854 3857 965 1200
15767 7068 1941 6855 7113 7284
15768 5246 5776 4706 5750 2266 484 4083
15769 1598 3863 2837 2895 2550 3332 5533 5350 1821
15770 1327 945 1160 1625 1789 3829 2690
15771 1879 5087 833 3444 1552 1557 1912 1599
15772 2286 1982 3444 6198 6325
15773 6311 6312 6671 7243 4082 4401 2977 3440 3445 5210 3444 7157 8096 8442 8443
15774 350 697 886 1600 1602
15775 26 36 3191 7390 16 8357
15776 1789 4853 5346 6095 6975
15777 3467 6619 6620 7486 8290 8382 57 702 3483
15778 2226 4122 5020 5787 7798 7800
15779 5649 3500 6560 6646 7990
15780 3149 2396 7683 1909 8214
15781 280 281 722 2484 3216
15782 924 4440 1228 4862 5246
15783 610 4357 63 36 350 8068 6701 194 3587 8069 6741
15784 95 3798 5603 6988 66 3029 5645 6202 7326 3483 3814
15785 5749 898 7572 924 8314 3743 1200 1712 8253
15786 12 911 4248 1844 2600 354
15787 6997 66 2261 3916 1578
15788 3138 5917 6250 2673 5064 5913 2605
15789 5186 533 1042 6650 6931
15790 4122 6498 1869 4572 4733
15791 1250 2372 6588 7154 1910 2484 2514
15792 3304 3317 7830 2933 4711 5622 1200 2846 5614
15793 6475 1573 4857 7450 4230 6202
15794 4646 2639 6366 2213 2279 3299 4005 4980 2650 3017 1332
15795 3829 3759 3508 1489 3854 6614 4254 1378 6517 5308 8383 8405
15796 2535 4811 2536 3043 5954 7875 7932 7785
15797 3073 1353 1723 3829 3849 4445 4740 8289
15798 2401 1206 1260 3468 3829 4449 2124
15799 3004 3011 92 585 1223 3176 3503
15800 5918 334 7559 108 634 6284
15801 7199 7235 2015 4626 2876
15802 7093 7639 4449 5058 1489 1260
15803 99 3723 1022 1520 6427 1821 3090 7269
15804 1674 468 4401 7453 7662 7356 8378 8472
15805 1497 5224 5839 5840 6758 8102
15806 2873 6140 2962 815 4463
15807 3197 1725 3485 3702 4985
15808 953 1099 1243 5141 7500 4758
15809 5721 892 1081 1459 7123 8347
15810 2081 113 229 1289 223
15811 6325 7430 7496 4540 7421 8036 4179 5565 6960
15812 8270 7866 8084 470 1354 7732 7865 8023 8201
15813 1588 857 4198 4544 7897 7900
15814 3943 5017 3758 4083 4940
15815 2078 632 3639 4167 5184
15816 3809 3936 5840 2945 2389 4163 6741
15817 174 198 225 550 626 1664 165 416 1122 2150 2635 2891 2894 6971 7178 7917 227 242 1281 1547 5379 293 3385 1277 8194
15818 2279 2484 3916 5083 1234 3915 1018 3539 5628 6980 3150 5624
15819 1194 3879 7901 6090 1070
15820 7230 4782 7911 3965 6559 7277 8383 5356
15821 463 3584 50 470 2185
15822 1168 7172 575 705 1604 2920 5124
15823 3778 6133 3374 7577 5016
15824 7162 809 815 6235 6979
15825 1648 2419 5224 7870 599 970 3336
15826 326 1131 1129 5442 6220 6266 4627 4366 4677 8460 4420 796 6538 5439 3415 3820
15827 3084 6880 4628 4035 8382
15828 1204 4824 5118 6904 8209
15829 8461 769 2717 3850 4832 5922 7094
15830 812 5031 5032 7583 8254
15831 1993 1393 5955 7521 4246
15832 4621 3451 440 3595 7576 1821 2633 7441
15833 4610 3191 4116 3113 6394 874 1423
15834 1437 5416 5014 4655 5737 5739
15835 1625 532 1833 3167 5964
15836 924 5770 2514 118 7376 5019 2225 5847 7555 6926 2229 7333 7679 6975 3508 3458 8123
15837 42 2964 5377 609 595 3916
15838 126 1295 4992 5083 5152 7636
15839 1712 935 2956 3990 1723 2824 4921 3496 4872 5712 4575 5316 2578 1924 5296 904 5247 7406 8060 7331
15840 2878 5137 2002 3879 5582 942
15841 602 938 2750 7865 7866 3943
15842 3499 3723 6920 5786 4401 6330 8449
15843 1187 6005 924 1352 902
15844 1780 4271 953 3804 4488
15845 3004 6186 7169 1912 4258 1575 3105
15846 2453 434 463 1617 1692 693 5314 6645 8251
15847 5358 7585 130 222 338 355 3350 340
15848 8 1830 1999 3073 3075 4050 4035 1064 2736 4 918
15849 56 4035 4949 3513 5754 5282 2634 2635 3625 5048 1423 3039 7313 1669 1672
15850 1346 1540 2374 4379 6956 8285
15851 2867 3343 494 2279 6535 6846 7713
15852 4376 3311 1558 2706 3340 289 546
15853 3404 426 651 1180 2247 742 3491 3587 6399 652 4224 7443 2170 2226 6493 5950
15854 3497 3948 5747 4198 6310 6311 6312 1588 4082 4401 5026 7469 7157 1874 8292 8385 8472 8378 8474
15855 2580 3327 4662 7074 1846 7534
15856 563 567 1278 4490 6742 1726
15857 1443 2561 3195 1193 1818 3822 4103 140 598 2868 2962 3189 4543 4812 7005 6550
15858 421 2125 2892 6749 6420
15859 1774 2688 2872 4206 4514 5238 6924 8413
15860 4148 5888 6519 4366 667 5969 6854
15861 3415 7697 5621 5840 1530 5367
15862 5546 463 1234 1617 4017
15863 879 590 4225 6127 7728 4788 753 3914
15864 1763 4800 5583 489 6673
15865 2664 3188 4616 2950 1566 1489
15866 6926 5238 6606 6680 86 632 2256 2248 4621
15867 500 610 2124 2510 5019 6846 2951 6876
15868 2289 4549 5993 6126 2175 2065 5971 3159 6351 7490
15869 1234 4574 2015 4061 1217 7128
15870 504 3372 5187 2870 5188 1284 328 1095 6069
15871 1812 3882 3830 5955 6825
15872 1116 2561 5621 8017 5839
15873 3925 4384 4800 4295 3719 296 988 1617 2764 4022 59 2010 2731 2854 6463 2637 3011 5069 6273 4318 1172 140 2748 2747 3527 1714 2373 449 5212 8194
15874 2253 5216 6114 168 2586
15875 646 2757 2958 5939 7196 7690 697 938 970 3465 6049 18
15876 5778 7603 113 1295 6213
15877 1036 1552 2073 6094 6646 7348
15878 909 981 1883 1943 1949 3865 4078 5363 5974 4115
15879 5062 5794 1489 1501 5795
15880 1050 4446 6869 2 939 4531 3802 423 4884 66 2813 4481 2913 8018 3773 5090 3970 631
15881 5234 6556 245 3229 3341
15882 610 1228 1836 2668 2537
15883 4089 3004 2010 2252 2253 2529
15884 6186 1912 2244 1633 4728
15885 3569 6023 7559 829 2264 3149 5019
15886 1903 3073 3084 3085 5833 1467 382 417 125 416 2939 6745 277 5924 189 284 2081 4873 132 2928 2698 692 6829 5435 8108 3587 7252 3711 8048 5535 7113 5609 8354 4399 2798 4826 8453 6523
15887 2733 4523 2289 3358 6294 795 4566 5324
15888 213 7349 1143 5165 8374 434 1752 7497
15889 680 748 890 1633 7157
15890 2233 2668 1846 5916 6314
15891 4851 2185 6825 6733 76
15892 1744 1745 3929 6073 7998
15893 881 2116 879 5305 6429 6437 681 791 1512 314 1109 763 3172 4458 5345 5631 5660 666 1210 1445 1571 2134 3647 6439
15894 2637 7577 5088 6196 28 1147 2136 2731 4306
15895 848 6592 652 4235 5840 3663
15896 1252 233 3228 6744 7971
15897 6197 66 633 2894 5049 4780 903 2422
15898 2032 2075 8148 7111 7510
15899 4333 6598 3001 6091 5212 6610 3005 5477 6062 278 7371 8042 7888 2483 3514 1794 1795 8192 4406 7657 4394 4854 5268 4756 8405
15900 769 547 1672 2692 4532 3094 673 1524
15901 1996 3065 1762 1815 2078 5867
15902 4853 454 5457 587 3451 3720 6432
15903 706 2170 2639 4781 6673 7492 6676 6931 3818 4649
15904 1541 1743 4116 2969 846
15905 3337 5550 2976 5776 6226
15906 2891 127 147 198 225 1282 5379
15907 806 803 879 1725 2411 3533 5466 6245
15908 4321 2740 155 738 6723 120 3593
15909 1065 5317 931 3757 4879
15910 3670 4276 8220 8421 8443 8471 8473
15911 5100 5994 898 2180 2598 3191 5568 8191
15912 5644 1428 3284 4758 3347 3435 6008 5840
15913 303 5312 3678 4898 3730 1846 7244 5836 6358
15914 833 1160 1176 2615 4140
15915 2176 500 5759 6741 6967
15916 1107 166 797 4458 5476 7561
15917 6310 6290 7005 7530 4401 7691 7692 8096 8317 8409 8443 8442 8444
15918 510 1545 2152 4164 2816 3223 103 4379
15919 464 693 1817 472 911
15920 6509 3921 753 4335 7865
15921 4276 5011 4077 4820 6836
15922 5056 233 854 2555 3198 4068 5616 6508 5974 6682 7481 4243 8272
15923 1455 5764 164 1304 1536
15924 4082 4401 6470 7436 1961 2452 7823 8425 5237 8448 254 1295 2891 7949 8390 6812
15925 3799 6943 10 6006 6323 487 5047 2613 5579 8158
15926 796 4059 6281 233 1894 2278 190 219
15927 5999 1261 1976 2505 5621 3536
15928 3181 4584 2910 2808 2061 3372 244 1056 1932
15929 3550 5952 2273 1718 2291 2412
15930 958 1139 7632 8284 4173
15931 6671 1311 7551 7157 8410 8411
15932 3888 2231 3387 4803 6864
15933 1980 1200 630 7272 1056
15934 1221 5138 1571 8270 6426 8127
15935 4149 5112 7186 7744 8049 2605 4143
15936 3131 923 924 2368 2668 3334
15937 115 4796 2831 6231 7777 7782
15938 812 3719 7231 2299 2748 7052
15939 2882 2561 7353 2540 6536
15940 1353 833 1642 7136 7049 7145 5590 7819 4401 5622 932 5182 7975
15941 2578 1501 1489 268 2908 3983 3947 2815 1353 3403 2777 8001 8432
15942 1335 5637 4183 6592 6149 4184
15943 397 2273 2931 2998 6497 4939 6861
15944 163 164 169 7484 2358
15945 1505 2266 4793 6165 6351
15946 614 8456 3945 6418 6686
15947 6238 1029 36 1589 2962 4105 5395 6284
15948 1250 1676 1966 4164 2752 4033
15949 1249 1489 3223 6122 7858 7859 8260 1027 1362 4344 610 1346 1976 2264 2279 3065 3463 3818 4262 4282 4594 5099 5414 6210 7129 7875 3925 453 2336 3360 392 831 2073 2934 1533 2526 3290 938 1763 7400
15950 7930 6534 1516 1588 2431 4248 7620
15951 5414 5367 4246 6750 101 114 6197
15952 1160 1825 6975 6825 833
15953 463 7412 1817 4248 5621
15954 332 453 1448 5200 929 5496 5080 5674 435 7125 7503
15955 324 1950 2505 3727 6372 5083 6870
15956 7006 1764 2420 2724 5839
15957 1260 2253 3468 3764 4038 4711
15958 546 3692 4046 5471 2493
15959 320 5473 6587 256 3656
15960 1878 2624 5532 2846 5700
15961 5621 1117 7737 73 5030
15962 5159 1014 3129 4140 5622 1353
15963 2189 5747 6310 5786 7146 7145 6950 7959 7170 8292 8411 2008
15964 3181 1682 4011 4674 5389
15965 2295 435 610 2484 6275 7338 7697 650 3719 6269 7336 2962 4379
15966 5063 1056 3043 6095 3138 6970 8243
15967 444 1512 1529 3313 4447 4586 7084
15968 269 1849 2204 4140 5956
15969 469 2232 1489 3227 4025 1086 4650 975 1353 5565
15970 2510 3108 2514 5301 4016 3700 662 4845 3345 4915
15971 2635 2710 3381 3628 74 7390
15972 5549 4105 2266 5981 1318
15973 470 6673 2380 585 2438
15974 5071 6002 5403 5076 2256
15975 1108 3172 6437 7369 2107 6245
15976 2138 4081 2469 1101 6852 5765 2005 3384 1144
15977 5897 364 468 928 1203 1249 1250 4340 4704 4710 1224 1285 1368 2225 5416 1896 4295 5968 1194 1286 18 895 1480 1531 1540 3026 4164 5464 5782 6096 1139 1193 938 4116 4800
15978 234 252 7429 148 5066
15979 6533 87 279 5900 1407
15980 8016 5609 4359 6287 6539
15981 1828 932 4675 6611 7144 8280
15982 269 1921 3932 1519 1014 4496 2038 5463 4541 1043 2313 2207 5207 2780 5397 7968 4507
15983 5720 8256 2427 6663 7800
15984 3201 7095 7636 130 222 297 251 1122 7603 6557
15985 4542 7852 7853 35 4024
15986 945 1428 1861 350 6378 7208
15987 3090 1961 3409 1250 2592 3567 3417
15988 1428 5903 2580 5113 6556 7549
15989 1976 3460 2260 4455 7531 686
15990 77 1755 3081 3373 6499
15991 907 908 3149 3267 2066 5112
15992 705 674 1148 1310 4090 4370 6258 6434 6659 3374 4711
15993 1576 3560 1911 6239 6945 4002 6572 4001 2236 4000 4283 4368 4900 6871 1467 5435 4911 3013 2014 5065 6119
15994 1663 526 2261 5621 6941 3054 3843
15995 5062 1260 2248 3730 4851 5731 705
15996 593 3176 1428 3212 4442 7602
15997 684 3155 5587 6384 516 2580
15998 5202 7105 7028 4635 6858 3587 6468
15999 1501 5915 2244 2028 2897 1367 2333
16000 468 3010 1437 3539 5290
16001 526 1531 3060 3858 5691
16002 1660 2608 4784 4147 1024
16003 610 7053 8239 1531 4476 4599
16004 4782 6750 2270 4956 4958 5414 7076 7487 1617 810 3191 7754 6644 6592 7339
16005 4629 1437 2785 5327 2824 4385
16006 924 6311 6193 6492 7157
16007 4327 4710 8060 2384 6603 7338
16008 5414 5739 1948 886 4703 7391 8052
16009 2548 3981 5222 6888 6905 7334 5869
16010 2484 3925 4856 924 5569
16011 1206 1238 2133 2185 2290 2267
16012 3936 5840 7195 464 1258
16013 1584 546 3541 1422 4442
16014 3223 1896 4122 2271 3510 1194 5911 3060 6454 3416 3756 5212 887 4056 3077 8148 1382 935 3925 5187
16015 2128 4369 6133 6517 6975
16016 945 1821 795 2229 6453 7712 4420
16017 6096 322 2484 4151 5130 1769 8045 8189
16018 1647 1679 2573 3710 6758 7055
16019 3717 4963 3716 504 1201
16020 1112 2003 2886 3830 5955 2916 5064 5289
16021 3731 3953 1353 1833 6810
16022 5061 2933 831 7781 8213
16023 695 863 2948 473 1326
16024 1422 5936 5938 5940 3633
16025 2578 6975 7475 7480 1712 6434
16026 1260 2238 4917 5917 469
16027 2872 3803 3845 610 896 2561 3804 4660
16028 6263 6234 6447 932 3923
16029 355 7130 338 457 222 227
16030 37 851 1130 1224 4159 7847
16031 1228 1647 1655 2484 7231 1973
16032 3891 4249 5388 303 945
16033 56 833 1160 2229 1351
16034 3640 5379 6341 6470 6767 7552 248 5075 113 418 1121 4426
16035 6527 4430 189 4520 248 3216 6947 6400 2185 7162
16036 890 3341 2665 3820 5546
16037 1858 3953 469 1644 3730 2238 5688 6921
16038 924 2725 8410 2635 5764 8189
16039 222 227 275 183 488 2352 3873 130 872 1524 5961
16040 1170 323 650 1428 2836 515 902 3638 3639 829 350 888 2371 1425 593 4248 534 857 4440 4442 3932 4369 4361 352 5747 1056 5915 6310 6311 6312 6492 6671 5786 6309 5658 7136 8146 7356 5031 4640
16041 2242 1956 6853 4401 8220 8108 8277 8278 4148 6275
16042 5156 4065 669 480 2107 3853 4094 5525
16043 4857 7093 6314 111 6912 5370
16044 1026 2484 7175 2289 3167 3624 8023 464 1249 3090 4183 5171 332 468 1516 2052
16045 831 468 924 1346 3290
16046 3073 7896 2229 2755 4802 6227
16047 8407 8501 8408 8500 8507 8508 8208 8265 8266
16048 3162 1001 3068 1428 4947 3060 7646
16049 6611 1712 5498 3188 2492 3230 1159 4857 1806 5808 705
16050 3863 2016 3109 6139 3330
16051 36 464 970 2200 3539 8023
16052 2027 3533 7015 785 844
16053 2484 7113 5641 7531 3309
16054 5696 1595 2264 1976 4581 656
16055 4492 66 1065 6764 4510
16056 1928 1285 7072 2510 3306 7162
16057 8467 1682 5621 5133 6581
16058 5110 5739 6851 2828 5736
16059 7954 1644 3468 3829 5485
16060 7316 3077 1593 4522 6428 5414 5138
16061 1566 8034 2821 3391 4626 2584 3377
16062 4683 5344 2638 2270 5888
16063 1194 1531 3189 3925 4363 4710 5501
16064 2515 2514 5082 1516 994 8286
16065 923 2390 2484 7033 8442
16066 2037 2286 1249 5145 7768
16067 2561 455 1607 7006 3539 4866
16068 1532 3374 6431 2155 5622 3468 2229 1723
16069 803 1234 3540 5363 6262
16070 7366 3077 3806 3297 4776
16071 1130 40 4588 7551 7147 1074 6848 7951 7952 7099
16072 1183 5728 6230 7330 469 4643 8237 5048 6218
16073 6050 7066 6181 971 5705 6703
16074 6479 3669 1723 2206 4866 7551 5917 2015
16075 4051 1505 2853 470 500 2962 244 349 428 4336 4442 7352 1874 2743 6579
16076 5761 2815 4904 537 5485
16077 2213 4672 6394 7428 7119
16078 602 6592 1968 3222 6494
16079 1428 2050 5028 5319 7149 7452 1431
16080 7539 2134 6647 5467 6437 7369 681 1108 2411 4453 3255 1525
16081 598 1791 6313 6982 8183
16082 1555 3087 463 534 2117 8028
16083 4118 924 4116 5026 3814 6592 36 3191 7222
16084 418 1289 3575 2892 2043 220 3791
16085 3105 6258 430 6253 4900
16086 4258 4650 4025 1249 1684 2089 2056 3343 4715 998 4716 1012 6840 6710
16087 5978 1285 924 2918 5254 6138 6393 7866 1428
16088 3904 854 3050 1249 4265 5142 2761 3445 6744 1991 1763 4085 5319 8070 3381 5728 5217 6747 3713
16089 5625 1138 1236 1353 1573 1833 2700 2703 2773 2837 3001 3003 3013 3354 3506 4001 4002 4303 4353 5175 5435 5485 6058 6090 6502 6840 7038 7228 7332 7544 5732 2479
16090 3142 1489 6252 4002 6732 8055 6040
16091 2264 5141 5720 6284 4903 2780
16092 1848 2228 2663 3540 5974 6105 6437
16093 7092 941 1224 1540 1617 1896 5437
16094 924 5026 1563 1055 1545 7388 6337
16095 4643 4866 4905 244 933 998 139 164 216 243 273 2892 2900 5459 831 963 3381 6560
16096 7369 881 4549 481 882 5160
16097 896 1589 597 1752 6130
16098 418 3575 125 152 732 1251 4203
16099 668 3938 3197 2833 5703
16100 2176 3563 2213 8126 3539 352 2288 8189
16101 526 574 2562 3105 3142 3541
16102 4582 140 3581 3607 4771
16103 1752 5366 6671 8030 2962 8280
16104 4035 4249 625 808 1559 1599 3758 3639 3766 6494 7463 8216 7107 27 305 997 1595 1682 3436 4549 5621 7146 7499 1044 1589 2437 6349 693 3476 5739 5740 5722 5982 7501
16105 5344 2561 3327 5118 2828 610 2265 2185 310 440 3191 6635 1604 91 1191 5188 5202 6637 7162
16106 1537 171 2931 3256 2552 1396 2229 395 402 271 1527 2273
16107 36 50 462 2152 2185 3191 6308 6604 7198
16108 1752 2962 3766 4996 5026
16109 767 1260 3829 6938 705
16110 620 1929 972 2193 2808 5921 2232 5915 459 526 4956 2389 6838 7422 890 8214 5322 7438 5732
16111 178 4760 6046 6702 8184
16112 6907 1441 2763 483 2364 2571
16113 1050 1976 943 7723 316
16114 7 9 1160 1071 5231 3906 848 2212 4228 4828 4360 1094 4269 5167 5980 1232
16115 2409 610 4463 5485 7129 8229
16116 4793 2972 4002 4292 1200 8219 3574
16117 833 2056 3860 4790 7308
16118 1734 3363 2976 4405 7345
16119 1428 1991 470 5470 5776
16120 6310 6312 7136 8278 8431
16121 1400 61 2116 5550 2556 4338 8143 799 3533 7566 8097 5581 3938
16122 91 3142 3838 4243 7996 443 1159 3381
16123 2002 5026 5857 7092 7106 8061
16124 8354 7874 8274 8278 939 8452 526 8185 3117 8493 8472 8448 8474 8442 8444 8470
16125 1521 1547 1969 2625 3223 4183 5041 6076
16126 1257 268 3201 4445 1763 7060 6633 7183 222 3706 4245 4865 470 6922 1122 500 4119 6228 5982 8297
16127 3142 6131 7308 1833 6475 6975
16128 350 7031 2136 2299 3997 4893 1139 2471 7747
16129 3497 7469 7715 8442 8444 8510
16130 2101 5465 7173 1519 3377 6119
16131 4132 2526 4185 5164 6327 8224 2006
16132 2066 4588 705 2989 932 1734 2803 5210
16133 915 2724 171 3071 5204
16134 44 2758 3284 3412 3466 3507 5939 7665 5626
16135 2117 2128 3391 4038 5055
16136 673 3762 770 4497 3401
16137 3521 1536 4430 5075 5791 458 457 1524 191 1282 8390 548
16138 3588 418 1289 856 5218 130 5435
16139 36 305 468 532 917
16140 33 1151 228 3304 3287
16141 3019 3002 3999 2830 2949
16142 140 924 3943 5904 4587 5752
16143 6250 5112 6446 7792 8465 2919
16144 1174 3099 4684 4866 1604
16145 1368 3639 4710 928 5171 5582 4800 1927 6358 2668 3024
16146 833 1976 1847 3646 5414
16147 6644 7900 39 40 1701 2159 3673 7499 6645
16148 168 1911 1723 2155 4711 3829 932 8177
16149 892 5621 1653 6320 5410 1734 2605 2803 5112 3005 6854 8394 8479 8071 8330 8224
16150 1249 463 5026 468 2225 4658 1751 3968
16151 2037 2580 3234 7865 5756 7326
16152 3277 7420 7814 1825 3073 4140 4223 6075 6083 7405 7428
16153 470 3902 2827 4051 446
16154 26 5643 5645 3608 6926
16155 1353 945 1660 2884 4788 20 7936 7481
16156 2271 1050 5026 5171 3284 4276 1760 3352 995 1702 1416 6007 1497
16157 2233 40 5628 7822 8071 1489
16158 29 1821 2286 6447 5730 6825 7974 8423
16159 945 703 1485 1491 6090
16160 5258 218 886 1848 1949 2635 2841 5262 6935 7369 8023 8298
16161 1910 306 3475 3966 6361
16162 459 1836 2484 2664 2668
16163 829 5019 819 2034 2185 3736 4295 6017 8023
16164 5897 2131 3067 7030 7710
16165 1200 2391 3904 705 1260 1644 4858 5226 6432 7572
16166 945 5747 7049 3778 8485
16167 2091 1765 2266 2270 3191 7992 693 40 5026
16168 3830 5955 5956 3829 6095 419 1719 2115 2241 2543 228 1200 3730 295
16169 4445 1423 8168 2184 3560
16170 961 2224 2234 3005 4290
16171 1065 1399 2586 6862 7284 5017 434 2601 6284
16172 4369 2066 5410 7313 5048
16173 6704 5805 4721 3881 4440
16174 443 831 2155 3105 3438 4711 4860 5936 2694
16175 1310 7742 7146 4369 7089 578 3560 6432
16176 111 2544 3906 7265 1471 3416 2410 3344 6854 4973 7549 8071
16177 2277 5124 5273 5516 4654 1800
16178 928 6494 1589 4492 6926 3844
16179 225 226 227 3873 6915
16180 469 3820 6096 2238 3377 6131
16181 72 1763 2518 3710 5415 3087 7158 7441
16182 2120 3766 5111 5187 5026 4571 1947 6029 5035 4474
16183 36 500 3191 3465 4150 5942 6813
16184 3073 3396 2066 6984 5730 6252 6729
16185 8405 8488 8504 8500 8424
16186 2532 4793 6053 7612 2539
16187 1843 2367 5090 4411 3676 463 4420 7510
16188 1925 394 3499 4866 1699 7146 4137 7819 3440 7742 4384
16189 1808 3105 4600 5257 6640 7489 2444 5116 8007
16190 145 551 113 4128 6470 3945 5358
16191 190 233 5274 5519 6742 6744
16192 122 2917 3194 500 705 3105 4394 833
16193 2177 1817 6272 5639 4065 602
16194 1803 1018 140 3825 6889 5019 2885 2136 164 1012 4900 5251
16195 1644 1823 7739 740 1589 3720 4274 6240 6506
16196 269 594 1868 2694 2977 4776 4994 7465 6314
16197 1437 6079 691 857 1370 3777 6495 8240
16198 1295 121 1103 5764 7418 3301 5401 6457
16199 4699 2956 3353 1423 5622 3043 5016 705 1833 1239 1462 537 7345
16200 6311 6671 6192 7453 8075 8453 7687 8494 8484 8486
16201 2827 5030 5031 5033 7227 1937
16202 1156 222 907 2204 4383 19 5030 3610 3007 4497 5584 5188 5031 2625 1285 3284 3296 6051 4285 2586 1742 259 8390
16203 2185 5414 3751 2171 3431 5013 6984 2644 4224 5447
16204 4183 506 990 1352 7528
16205 5906 1636 8001 1200 7308 7770
16206 6311 6312 4401 3582 4082 7136 7157 3642
16207 2855 4900 1570 1655 18
16208 3150 4029 4347 6250 1915 2175 1400 2249 4206
16209 3635 160 416 663 1356 2673 1200 935
16210 1829 2315 7797 3381 6333 6218 7031
16211 690 1176 2615 7249 7489
16212 2523 600 464 2409 3560
16213 2155 4575 5065 6314 3277 1353 5953 6810
16214 2034 5348 66 3476 7638
16215 1412 3970 4800 1966 5761 6284
16216 1423 3179 8225 975 4503
16217 2232 576 3341 892 1576 2618 1004 6303 4930 430 3379 720 2238 361 1401 1936 5308
16218 1504 2995 2057 3340 3468 7088 7489 8340 2793
16219 2986 2384 945 6987 3009
16220 303 687 8464 2279 2718 6235 2562 2908 3468 3880 6869 7106
16221 4606 4605 5511 1030 2382 3773 4823 1516 6813 7371
16222 1462 6717 6764 1850 885 1503 5322
16223 381 764 3505 3703 4643 4685
16224 6699 3321 3284 8358 6354
16225 1408 1864 4356 6095 2979 4750 3514
16226 1910 6233 7146 3415 4627 5110 2532 2177 116
16227 2869 7188 2680 464 6558
16228 2135 5747 833 6310 5786 7145 7136 5155
16229 473 903 6422 5826 8383 4119
16230 2515 7031 7760 2471 1893 2286
16231 4085 6390 3445 4646 7115
16232 4129 2766 86 6336 810 466
16233 200 201 2314 5687 6490
16234 1758 7162 17 2185 8028
16235 6975 7300 7890 2204 7980 6472
16236 534 1194 1545 468 1141 1452 2097 1201 4499 7866
16237 3768 7861 7088 6825 1952 4631
16238 5914 4857 4870 5062 3852 5005
16239 2200 6648 3560 7741 3379
16240 1026 2630 5130 5132 7119 5847 7292 795
16241 82 705 2903 3560 3764 4717 6476
16242 2915 335 2003 2006 2910 4025 6774
16243 1541 5468 7318 7380 4981 6494
16244 216 5599 224 3287 5604 5505
16245 2484 4881 4886 576 1810
16246 1489 6833 5933 3814 5581 464 1685 3936 5468 6592 6634 6016 7017
16247 4902 3814 4718 6942 3953 3542
16248 6420 2635 2892 6386 7607 3534
16249 3829 4291 5363 5812 3849 4866 5175 5665 2687 6975 7486 7545 2844 2846
16250 3445 3587 5776 116 1362 4916
16251 429 833 2759 5491 469 1354 3176 6840 7089 1489 3004 7531
16252 704 1723 8322 3669 3451 4231 6503 5417
16253 6691 2631 6721 4175 2321 4008 6383 2185 7089
16254 7511 5787 66 3825 7196
16255 7076 2124 2279 2286 7077 3138
16256 2185 2826 6586 7085 5742
16257 1184 1560 3435 925 2439
16258 719 6490 6186 7949 8445
16259 3218 266 1506 7210 164 3017
16260 5188 1149 6978 1286 6592 6950 7457 7489 4861
16261 6558 1552 5579 5174 7052 5711 7243 2748 6323 53
16262 758 1312 2172 7391 1389 1428 3476 3801 1817 7618 464 3148 3804
16263 1206 166 348 6437 1587
16264 64 3587 4440 2139 4183 7375
16265 3211 3222 82 204 6744 5868
16266 6761 36 464 650 4379 5621 7089 3587
16267 6407 8028 6057 1524 374 1971 2965 661 1075 284
16268 56 8049 8065 8295 8427 8453
16269 3051 4448 6488 7919 2185 181 1893 1985 5706 7998 2472
16270 5064 1821 4051 1847 6263 6440
16271 6432 6434 8237 705 2840
16272 2305 1250 1784 1910 3251 4110 6130 6588
16273 6312 6528 4082 7147 7453 8112 8220 1264 8451 8442 8443 8162 8431
16274 2637 3075 3529 1859 3756 3798 5995 3252 2309 4461 5442 5982 7371 3638
16275 1577 3691 1353 5112 3138
16276 711 5282 644 739 3350
16277 1148 3117 7765 7874 7875 7932
16278 7176 7326 7177 8471 8444
16279 1784 2502 3888 4563 4567 4568 4622 4768
16280 4529 4558 4627 6035 2260
16281 658 2897 6494 6362 7567 597
16282 1378 2238 3829 4732 1485 4715 3043
16283 500 1654 3369 4003 5188
16284 6203 5005 669 3486 791
16285 1194 1346 2484 3223 2440
16286 4233 5525 1966 1611 3372 3197 8155
16287 194 195 464 1752 3571 639
16288 4867 5385 7927 8157 8159
16289 6114 6809 932 2338 2976 3467
16290 3758 99 4660 5583 8023 4639
16291 435 1204 2884 2978 4644
16292 323 2563 4655 730 729 5836 7244
16293 8407 8408 8424 8500 8480 8508 8509
16294 998 5164 443 1924 2523 3096 3730 4073 5016 6975
16295 1733 610 2279 1206 2196 3838 8405
16296 2271 1576 3691 4648 2499
16297 1704 3635 4123 4276 907
16298 1966 1649 3947 3948 74 2605 2578 450 4082 7145 4401 5125 7157 3373 8436
16299 1378 705 3829 6131 228 3849 4736 5316 5465 5917 4628
16300 5012 5455 4332 5458 5621
16301 66 945 4476 5346 5739
16302 4276 2849 4940 5621 1516 5510 6926 7724 2289 7503 924 3060
16303 500 890 915 2494 3587 3751 2740 6494
16304 2519 537 2229 2664 3073 3578 7428
16305 81 924 1393 2153 2238 4643
16306 2664 56 3004 1821 3176
16307 5537 1846 4802 6145 1896
16308 2133 2909 4448 7794 350 5066
16309 5367 36 2213 5026 5069
16310 4654 66 1254 6399 3019
16311 130 709 932 933 3954
16312 500 886 1836 2646 4169 5275 328
16313 443 7235 1910 5041 935 7443
16314 5747 6310 6311 4401 8421
16315 1054 3589 924 5839 4224
16316 237 6751 6961 212 5785
16317 6186 244 2244 4589 8249
16318 886 519 639 1500 5645
16319 923 932 6885 894 893
16320 2451 125 5505 200 202 713
16321 705 1432 4369 5866 7445
16322 2178 6491 3085 3293 5603
16323 4082 4401 7243 3643 7170 3642 6195 7356 8385 8428 8425 8438 8443 8444 8089 8088
16324 189 222 282 338 346 700 1535 5379 1122 1295 3737 1536
16325 924 923 1910 2745 3327 2585 2587 3076 3103 6534 3758
16326 1482 1970 4116 4379 4940
16327 3578 1734 633 889 3188 2546 3474 3707 1568 4635 2605 2803 1381 1682 3439 1730 6149 2519 5653 3932 7977 2207 6407 952 6150 2982 6940 5555 4130 1617 4776 7451 6794 7146 306 5450 7186 7788 1347 4510 8379 2211
16328 6342 6310 6492 4401 8383
16329 4296 3073 2812 1182 5015
16330 4230 2256 315 773 5372 3829 6535 7963
16331 2653 4862 4898 907 1555 2400 2713
16332 3750 4262 4664 6634 8351
16333 2307 1056 2348 2226 6282 667
16334 2950 4002 3004 4071 6857 1182 4089
16335 6766 5791 6386 3149 3640 6915 3489
16336 1784 5128 2608 7465 1660 2976
16337 3212 4076 4537 7348 33 3167 4150 5788
16338 3004 365 537 1828 1911 945 7308
16339 1885 1901 2750 7073 697 1065 1181 4893
16340 632 2689 3648 5414 7801 7832 8447
16341 3814 3048 1624 1648 5747 3189 1529 898 1366 2609 5951 5763 3232 7791 4596 596 7356 8478
16342 5061 5485 615 1012 5164 7279 2708 2709 1660 1924 2714 493 495 787 2207 2384 2555 3908 4136 4350 5040 6292 6332 563 3284 3447 5041 5112 7089 244 2039 2780 5007 7340 5055 497 2029 2773 3477 564 566 5179 117 790
16343 1976 31 306 2396 3926 7413
16344 493 495 7389 2555 499
16345 6181 6320 7036 7961 2019 1427 6813 7847
16346 467 3417 2419 26 5286
16347 4377 4996 5377 819 6681
16348 833 2895 4073 1489 2003 3098
16349 5285 1839 1001 4119 5133
16350 5563 705 895 1512 1539 3829 6242 568
16351 2697 5498 6142 3925 3921
16352 1160 6475 901 1066 3039 5582 5971 4857 5670 606 3184 5211
16353 1908 1966 1841 1905 1969 1686
16354 598 2396 7757 2600 3440 7756 4599 7313 7318 1723 3560 6975 4862 8189 5583 5722 4022
16355 3000 36 2985 7390 8383
16356 1316 2484 4104 1836 4543 795 5246
16357 30 6186 5435 6011 945
16358 113 1234 2264 5131 6197 2899 2471
16359 4245 165 1524 4565 5103
16360 2933 6810 7113 705 1712
16361 4863 7436 135 777 5379
16362 1203 6518 1712 1843 3137 5346 3870 6516
16363 1846 3083 2199 1462 1545
16364 244 4227 4655 2309 4631 1935
16365 1975 4655 5621 6227 7162
16366 6038 334 1407 1931 2853 5899 2443 2674 1930
16367 831 3720 5056 5936 6239 7995 4070 6169 7739 924
16368 377 2115 2352 2902 8261 7137
16369 1448 18 898 1285 1286 1869 4710 3189
16370 1229 3778 6825 1367 3720 5465 6975 7475 2523 6303
16371 1992 2515 5559 5029 350 2246
16372 2951 821 3147 6943 1998 2444 2484 5691 306 531 924 3929 5414 6073 6817 1286 7070 5254 7403 7676 6816 2958 5674 1950 7209 1313 7106 2364 3993 5218 5600 2366
16373 6560 1200 1353 1489 5622
16374 4116 36 1084 1556 1853 610 3539 8023
16375 2427 36 6197 3124 7888 7658 3677 500 1975 5645 6592 6843 8064 1949 7155 6399
16376 5067 1666 3194 5165 7839 8396
16377 639 5429 4586 3060 924
16378 4178 5532 650 994 2725 4150 5985 6344 6473 7396
16379 1635 2183 1975 1976 5131 7105 518 2568 2505
16380 8259 8397 938 8398 8487
16381 546 723 902 4467 8372
16382 2155 2773 3570 7394 4740 2361 1830
16383 5751 5164 5754 6035 6411 6412 6602 7260 7474 932 2066 2976 3105 5721 5730 6410 6415 2138 2185 4657 6198 623 2657 5238 6447 3181 484 1374 2723 3008 3111 3336 3511 4405 4592 6169 6413 7026 7522 7527 7776 1372 1993 4853 5614 6885 7162 7475 7969
16384 5019 6426 7336 7993 5082
16385 2543 4863 5976 1300 2355
16386 6310 6312 6528 4082 8094 7021
16387 2128 5270 704 2187 6314 7272 1833 3560 5802 1604 7661 6063
16388 36 898 2484 4179 5127 5569 5523 6215
16389 425 934 3582 4731 5033 5597 2855 4615
16390 7326 6633 7280 244 4845 6967 1401 7907 7523
16391 3073 3918 4119 742 2544 3923 4643 6509 7582 8023
16392 526 1162 4710 5857 5985 7540 6368
16393 693 908 1076 36 1516 602 2962
16394 93 468 1101 3820 4379
16395 726 874 1655 1679 2266 3710 4276 4475
16396 3379 3829 5955 5058 6852 2976 3720 3835 4234 7350 1936 1821 7988 1833 2153
16397 463 469 537 1092 1547 1861 2002 2561 3812 4442 4531 4547 4898 6854 7292 194 2418 3290 4116 4900 5456
16398 3606 3580 3607 3700 7292 1129
16399 3439 928 4280 4206 2570 3872
16400 1734 2605 3707 5061 6975 7551 7475 8249 8224
16401 4583 1630 4646 378 2730 1114
16402 6068 3539 5083 2127 6867
16403 4980 5657 7128 7974 2224
16404 244 610 1228 3966 4713
16405 4278 8034 1576 2615 3224 2248 3730 3087 2139 4640 5061 5634 6202
16406 3105 6164 1148 4384 4397 464 8322 3547 3391 4243
16407 1160 7188 1389 2207 1817 4249 26 306 2625 5047
16408 7074 733 1318 17 4733 36 924 3189 3417 4442 5344 1529 4785 526 900 6978 141 4183 7089 7614
16409 328 890 2813 3147 3071
16410 2384 2006 2200 4866 5346 1244 5648
16411 924 4320 6093 7852 3105 1489
16412 2845 3969 2868 4164 4351 4455
16413 227 222 663 4427 6082
16414 1488 1619 6184 3090 633 8187 940
16415 3356 4055 4132 2515 2756 826
16416 7208 347 5546 7296 3105 7868
16417 1378 2155 3138 3990 244
16418 3510 1234 583 2580 3925 262
16419 704 7551 2755 7475 74 7428
16420 3377 469 753 2837 3765
16421 1376 2682 4710 5787 6976 7797
16422 1846 3451 2803 443 4371 5786
16423 2680 6276 7158 7409 8238
16424 36 352 1428 5691 7547
16425 901 1637 5218 924 7539 8053 8054 6714 8149 2281
16426 1719 1817 3374 3379 3730 5064 5218 6186 6187 6284 6434 6739 6899 7288 7489 36 468 2458 4173 4612 5622 5774 7099 7534 4019
16427 2185 2546 3925 2828 7162
16428 6339 3799 2505 3541 3766
16429 2147 5471 7810 5344 1988
16430 2361 3381 5805 6757 2976 4623 1981
16431 3842 7050 7300 2748 4122 6044 7052
16432 1491 3323 5182 3355 2529 6227
16433 2612 1680 2384 5041 7938
16434 4980 5657 6123 602 1119 6868 36 5621
16435 705 4032 7954 3443 6627 6938 7118 2595
16436 6867 5621 5834 4248 6722
16437 4588 2548 3176 6035 3650 4750
16438 464 5327 3678 932 6133
16439 924 829 5026 7579 634
16440 1023 6149 7134 5092 40 95
16441 1428 4105 3319 1042 2271 3181 5218 5344 6680 1032
16442 1372 5720 6333 7800 7802
16443 1717 3560 5063 3995 4857 5619 8143 4089 3508 7639 7292 8361 1573 2169 8334
16444 5650 7294 1156 3137 7572
16445 5592 3388 3658 6942 1056
16446 1219 6528 4082 5854 5516 2156 3582 7882 7969 3445 7715 3440 7952 6620 795 4401 3642 3643 6195 7157 8094 8220 8019 8132 8133 8049 8075 5856 4414 6721 5866 7025 7766 6196 8370 7691 7692 7693 8287 8316 8317 8318 8448 8442 8443 8330 8489 8444 8495 8505
16447 464 466 7900 693 4996
16448 1665 113 183 220 5785
16449 1952 66 2271 1791 652 4235 5621 194
16450 3019 5033 876 6671 84 2219 2328 4144 4462
16451 4091 7095 2286 123 4863 4955 2261
16452 3803 5436 6948 1268 5543 5621 7113 7292 1817 3958 4893 4966 5923 6282 6943 7202
16453 8 1048 1871 3096 4882
16454 1193 2072 7809 2871 3820
16455 2046 2891 6014 4774 217 3354 5204
16456 2949 4298 2983 3004 5063 1248 7604 1467
16457 1822 215 222 248 281 6369
16458 1367 3923 2225 3918 5064
16459 2233 5536 1812 1154 2229
16460 3925 165 1524 286 6719
16461 639 5026 6009 50 7489
16462 18 898 1271 1286 1316 6633 8007
16463 8224 2957 4460 5614 7104 7579
16464 468 610 1759 244 2002 6854
16465 164 375 1316 244 8354 1986 4093
16466 5841 1060 16 5583 7706
16467 1645 1648 1976 2697 5622 6142 939 2198 2419 994 8308
16468 6154 1331 7955 1055 5682 1993
16469 5053 4758 5377 6496 2964
16470 619 620 1015 1999 2232 7842 4347
16471 114 1428 3916 5721 7260
16472 1437 2271 8102 1617 3191 4179 4476 5218 6810
16473 6148 3072 4360 7519 6937 7520
16474 5026 1674 3757 7082 8042
16475 671 5747 6312 4082 4401
16476 633 2371 1427 7647 3587 7649
16477 3447 2218 2288 2634 4654 4655
16478 3043 1846 2234 1066 2608 3181 7534
16479 2396 2395 7138 1682 2066 2694 5279 2617 3705 4276 5759
16480 5705 5708 24 4804 5301
16481 991 1682 3305 3530 4294 7447 4733 8337
16482 1171 4852 2286 7145 7147 8442
16483 5056 33 2777 3073 3707 4535 7428 4853 6760 7350
16484 2950 3004 4002 4383 705 1633
16485 1700 1703 3011 2766 328 2079 2147 3183 610 4460 5757 1194 5489 7066 5053 4377 7175 7994 8005 5377 8076 5344 5479 7149
16486 7 10 2185 2261 5989 1172 7338 7969 3916 1859 3677 6424 1608 2804 1874
16487 923 924 2289 2376 4173 4850
16488 3476 6400 1546 1599 3539
16489 1362 7785 7875 1683 2630
16490 1110 6095 7909 4857 6314
16491 4079 6926 502 8383 7820 8162 8438 8440
16492 6299 1489 2933 5622 6810 2972 1200
16493 1578 64 2837 3043 7921 5586
16494 2639 1022 6284 1178 7376 7556 5739 3463 1817
16495 2817 1883 2100 5917 7390
16496 3922 3921 3925 8353 4943 5319 6181
16497 2138 3423 519 7642 2015
16498 48 1833 8249 5187 3560 5049 2840
16499 946 6035 2170 2954 3563
16500 1548 3670 5266 3321 5621
16501 146 277 416 5066 5403 6917
16502 6859 497 787 1773 2286 7477 6443
16503 2243 432 753 991 1240 1160 1070 21 2888 1472 945 1020 3642 529 14 3946 3947 3977 1226 82 3950 6311 6671 6450 6915 2322 3735 903 4615 7243 7467 4401 7466 7819 6195 7998 6330 6493 7975 8410 5237 8185 8442
16504 2705 2912 2229 890 8306
16505 2196 1556 2171 7865 4049
16506 1763 6939 445 444 4422
16507 616 890 2962 1874 7944 8442 5414 5628 8474
16508 753 1488 1498 3502 3311 5200 1099 4249 997
16509 37 2067 7713 7550 92 945 5308 5321 5546 975
16510 6314 117 938 5915 3059
16511 189 202 180 1241 7362
16512 3250 610 616 4183 7226 4643
16513 938 3327 2225 7162 914 5332 1728 1475
16514 309 593 5546 7555 3736 742 5041 3935 1369 8149 6096
16515 7530 5042 5728 7833 5448 5897
16516 7562 896 1416 1685 5674 1437
16517 4800 3587 244 5041 5582 6359 6785 2446 4300 6637 927 1489 4215 5838 4307 6053 7177
16518 2152 6015 4519 4056 7032 7017 7456
16519 1138 1123 118 1136 2608
16520 3167 2376 3189 3327 5118 5218
16521 6282 8023 2185 5221 6833 7061 8247 4785 7162 3825
16522 4403 3982 5259 2090 1036 3639 914 6926 4547 3539 8461 5399 7970 2646
16523 4800 2438 1428 3942 2685 5763
16524 1327 1576 5609 932 2003 3311
16525 244 8247 606 611 7424 907
16526 112 5553 6409 6416 6417 5301 6792 4715 896 6503 2634
16527 489 7792 397 8243 6406 5112
16528 1332 5451 2735 5476 2228
16529 8189 4379 5118 5200 36 1428 2170 4785 2205 4336 534 4116 7318 7534 7724 6284 6601
16530 5916 2840 5657 3829 5917 4535 3040
16531 3271 5473 6275 3752 2185
16532 2224 2189 2305 2584 4369
16533 4493 7289 2063 2226 6832 945 7892 8294
16534 1971 885 4167 5287 4164 2264 5157 8022
16535 1833 4243 5125 5546 7005 1367 5500
16536 3041 1261 1973 5394 1784
16537 4526 1503 4440 1547 4015
16538 3089 118 2484 2766 2869 1099 697 2561 7540 5773 8117 6452
16539 2978 3060 1216 7106 1428 5414
16540 5485 1833 1354 6867 2962
16541 3189 3327 6896 3178 5193 5604
16542 2737 4641 5552 5581 1247 5281
16543 3234 7977 2371 7976 5776 7984 753
16544 7436 7767 949 663 4953 5780
16545 1012 1767 2050 3223 3969 4185 5757 36 598 2962 5297 6334 6425 6592 7139 7611 7612 7911
16546 1160 5312 698 3620 422
16547 4337 1444 1593 2207 2840 4079
16548 6033 2215 2593 5932 273 2892 189
16549 8473 8444 8088 8470 8474
16550 2037 36 1010 1081 3057
16551 1993 1543 1645 1648 2419 3952 4804 5721 4956 1770 4599 352 4468 5011 6165
16552 325 6271 3774 3825 6094 8281
16553 6943 3464 483 879 4066 3305 2668
16554 497 567 790 1827 2039 2487 7389
16555 1821 2263 3441 1829 2238
16556 1880 2217 5276 5416 5889
16557 955 3264 4117 1656 1913 5344 6052 3511
16558 8184 1241 7762 4955 3359 7214
16559 328 924 1506 1589 2934 5621 5737
16560 3032 3476 7739 6458 944
16561 923 6235 1589 3195 38 2318 6453
16562 244 896 1645 5471 5523 6544 7349
16563 2837 5622 6202 6314 5916 7933 2286 3560
16564 6975 2696 1734 3091 575 5308 8463 5458 1489 1270 4574 5519 5560 5972 8358 785 2382 3393
16565 467 1332 1817 1843 2279 2570 4376 6335 6943
16566 36 2869 4785 6884 3091 5377 6473 6592 3803 328
16567 4820 928 1617 4454 4893 5421 2725
16568 4577 1027 3199 6853 1389
16569 31 1552 2240 7106 7113 111
16570 2133 1367 1833 2525 919
16571 4871 7551 3083 6790 6802
16572 829 1510 5510 463 6644
16573 3604 7722 1804 6506 2136
16574 3499 1795 3090 3364 519 3820 5747 6310 6311 6312 6671 160
16575 1132 1389 4596 7935 222 6165 6837 6943 8006 3233 939 1861 5628 3766 990 3031 4053 8209
16576 3639 1676 3973 6675 6906 1022 6726
16577 7775 178 381 3051 3110 4428 5832 6107
16578 2559 6536 6755 1918 2562
16579 199 336 5379 5961 7774 7949
16580 2418 3105 1437 2718 8021
16581 2962 2395 2936 7683 6980 3587 3510 659 463 1589 8280 6266
16582 8320 1910 4608 7154 1071 3925 5165 1654
16583 204 1889 2114 3866 5973 8015
16584 3587 2230 2771 3960 5511 6728 7126 7857 7271 3968
16585 2317 2319 2321 2318 2331 8140
16586 2189 2950 2949 3004 1919 3003 2933 1489
16587 6311 6671 8442 8473 8475
16588 73 438 504 2904 7106
16589 2961 3652 1252 2660 770 4088
16590 2713 1218 5275 4583 8030 1019
16591 1987 7667 7982 7444 7908
16592 463 464 896 1374 1516 1545 2819 3766 5019 5624 502 1706
16593 1991 2826 3756 742 1751 1949 4179
16594 5624 7671 1712 3731 3829 3830 5953 5955 3890 1420 2769 526 7709 283 724
16595 532 4603 7861 4749 4790
16596 1293 222 4992 433 4907 5605 218 3190 125
16597 6187 7980 7983 7984 7986
16598 1529 2848 2925 5019 5677 5839 7190 7754
16599 1149 7540 7086 7113 3759
16600 3587 66 879 8023 3647
16601 5935 1503 5071 2750 40
16602 1763 526 2264 3744 4629
16603 991 1362 1763 2610 3033 4891 5501 5926 6101 7070 7092 7710
16604 1591 610 1459 112 66 680 4655 4052 6376 4082 4401 7243 2136
16605 5959 2197 2286 3165 4111 5140
16606 1564 5141 2002 2561 890
16607 5764 7292 6046 3226 7352
16608 1112 1501 6475 48 8134
16609 124 131 663 2963 3892 4186 6105
16610 8224 3356 6690 7343 8207 7115 3643
16611 2035 526 7188 8122 7606 6639
16612 41 1736 7752 3073 7475 7381
16613 20 1578 5809 2356 1964 7096 7921 8379
16614 117 5187 102 833 2578 3857
16615 2999 5164 2803 4585 7347
16616 352 2828 5645 5776 1765 2371 3344 3756 464 1428 8023
16617 160 275 248 463 602 1589 334 508
16618 3147 1578 166 2414 4927
16619 7359 7852 1749 526 705 1392 3374 4877 4574 7579 1145 922 5757 3258 6867 7978 8066 600 650 1437 2701 5749 244 332 1428 1836 2170 4280 6739 7280 7443 7547 1763 1847 2996 5026 3799 1329 3464 4698 4956
16620 5414 5621 5909 705 1712 5465
16621 502 4140 4336 6993 3060 2229 8308 7296 481 3647 4002 7792 4254 879 5112 7475 2755 2950 6960 8091 705 6857 7345
16622 502 928 3933 5026 4369 4980 2739 3374 3435 3587 4912 6697 305 3434 5485 7834
16623 4322 2288 5800 3188 4394 6732
16624 4371 3383 5474 6481 99
16625 4996 2286 829 938 5026 7031 1271 1588 3060 5366 7983
16626 4994 2137 3060 6854 2324 4223 4705 108 1197 3863 4016 3150
16627 2550 3953 1912 5056 5821
16628 1641 4095 1389 5630 5924
16629 2259 3918 5427 1414 2557 8467
16630 5130 6233 6791 3820 5994 7313 1528 4140 1582
16631 6044 6487 4445 833 6385
16632 610 833 1489 2279 1817 3181 1975
16633 64 464 5588 1405 1682 468 993 6068 8324
16634 787 2555 3381 491 3701 4888 1773 1210 1670 7637 495
16635 938 1869 1910 2386 2390
16636 3282 2905 2932 6418 8201
16637 36 5218 6592 7253 7487
16638 173 5764 113 222 255 5504 345
16639 6310 4082 6353 4401 7286 2104 8429 8444 8486
16640 1677 6810 2571 3381 2812 4866 537
16641 6189 833 1573 8094 705 5866 8410
16642 66 595 1228 1836 3541 4442
16643 4460 7127 7174 7579 833 5613 36 5368 7280
16644 7073 6090 6244 190 8009 844 853
16645 586 5242 6323 5609 468 2246 3845 7177 7504 7512 6824 464 1685 6284
16646 1083 694 1220 2238 2153 3829
16647 4350 2155 320 2367 4623 4822
16648 838 3730 4693 524 1983 2370 2495 2496 3694 2933 7708 103 933 1360 2926 3860
16649 554 720 4448 5743 710 948 865
16650 5555 1906 3940 2272 2753 5385
16651 1891 3719 2299 2300 5032 1783 1784 8501
16652 7133 5581 269 1719 6358 8354
16653 3918 1022 1791 7198 2515
16654 2255 7730 7737 8294 7234
16655 1912 6197 6319 7114 7352 7559 5982 3539 4002 6494 8333
16656 1636 1755 2608 4716 5176
16657 1976 6901 7165 7443 7970 3385 8023 1655 1952 4249 7162
16658 4636 306 5759 7744 4805
16659 1396 5952 705 2155 8175 7679 3030
16660 1193 1531 1675 3766 2818 5982
16661 1346 4180 4206 2090 1516 4122 7145 7146 8094 6679 8278 8494 8378 8472 464 6739 7898
16662 7194 2596 1147 4585 2914 205 1573 6417 8354
16663 3115 3510 2580 4468 77 1697
16664 5061 6119 7660 7475 3381
16665 509 521 2271 2974 3397 5057
16666 3499 5747 6310 6920 7145 7453 4082 4401 8220 8049 8146 8283 8427 8416
16667 4851 4921 1353 1367 2256 2238
16668 6185 5395 189 2072 2241 7088 7638
16669 851 1726 4159 5369 7006 7252 7637 190 204 1272 4277
16670 4116 6758 3758 5344 5840 3673 667 4660 4923 3233 7980
16671 812 1018 1589 2561 5621
16672 3922 1730 3075 2422 6264 6275 7239 1065 1966 3393 8151 1735 6090 2272
16673 2915 3507 5691 5917 44 705 7465 3799
16674 3095 1363 5132 7070 2495 2889
16675 32 5268 2726 5423 7441
16676 519 1683 1869 2868 4460 4472 6382 7127 4343 2295
16677 3353 5665 2189 7672 3669 7533
16678 5099 2217 3362 3298 1574 2185 2665 1191 2448 7509 2762 5189 3134 7301 3925
16679 3226 1318 2518 2740 2906 6468
16680 1463 3073 2864 2664 6154 2939 6917
16681 1584 1163 2137 3921 4169 6231 997 3060
16682 2755 1858 6550 879 166 661
16683 4383 2750 3604 5699 1713 5449
16684 1200 2229 55 4980 5754 6189 6190 4137 5820 3933 4008 4702 833 1489 3829 5953 1492 2067 3796 5956 6572 4216 3440 4391 4394 117 537 3004 5851 2777 5828 6769 6840 5164 6077 3977 3441 7360 2803 3560 5112 6975
16685 1351 2608 3073 3814 7280
16686 194 1379 1752 1843 998 2124 36 244 574 2523 3541 3845 1533 2472 5377 1260 2038
16687 889 5533 1356 4833 1842 6370
16688 2185 7162 364 691 829 1428 2225 3189 4733 5200 7188 7190 6615 6949 1617 944 2628 2816 4476
16689 247 283 294 188 2902 3640
16690 2387 4680 5020 7030 7785
16691 947 6979 6980 23 7555
16692 3077 3806 4445 6385 2544 795 1652 3082 4743
16693 1910 924 7302 8043 2889 1451 1622 1948 1975 4852 5141 5020 7801
16694 2140 4609 2518 3541 5167
16695 1344 2185 5321 6197 7598 7599 7629
16696 3147 610 2279 3706 8010
16697 1139 1428 42 6854 2185 1060
16698 479 4527 207 166 4342 664
16699 924 3925 7681 3921 7500
16700 5583 924 1617 6494 7260 66
16701 3820 36 1119 1861 3042
16702 4140 269 2956 2755 3967
16703 1815 3829 1485 2523 4369 6218 7551 7033 2204 3013 8366
16704 158 122 254 4366 634 3923 222 2635 99 5163 216 7701 3326 4622 2853 4703 4430 177 180 2155 1489 4464 5622 231 464 260 275 152 340 355 1304 1598 2963 3137 6021 3950 225 6915 3341
16705 3723 1640 3048 6290 7453 4401 8292 8383
16706 2204 4417 4010 6663 7064
16707 7836 1843 2826 7176 1096
16708 114 691 2747 5621 596 3284 3156
16709 1197 2956 745 1215 1638 2914 3324 5350 5456 767 2248
16710 2897 928 829 924 1971 2135 3766 5140 8464 463 753 2225 3936 470 1613 1650 2962 4347 4549 4583 7743 6911
16711 6101 500 2264 2813 7161
16712 4212 2849 5839 6592 3236 4235 7490
16713 1552 4992 1295 5379 6213
16714 945 3136 4324 2668 6628 5463 6162
16715 3560 6975 1823 3001 3006 3277 6810
16716 3639 5691 3933 1265 1182 1555 3018
16717 498 646 4379 5083 6956
16718 833 3560 3807 7433 7780
16719 1908 5981 1966 3298 5979 2713 8073
16720 705 924 5761 6977 7453
16721 112 896 1459 4061 5550 1566 833 7050 2975 6170 4265 2953 3176 6202 6475 6438 5827 5971 3381 6708 447 5175
16722 6312 6671 2184 2949 2099 3004 4401 5765 8361 7883 8478 8503
16723 468 4704 5530 7057 18 893 894 899 1286 2152 5019 6022 911
16724 1563 3829 3898 4276 6160 3682 3181 5319
16725 244 3174 3482 3624 3637 5789
16726 82 2251 6788 6636 4936 3764 5000 6434
16727 1783 1604 4717 5489 8046
16728 1910 3539 7298 8012 1880
16729 143 711 2214 2046 2154
16730 253 1369 3091 4942 505
16731 5759 5890 693 26 8285
16732 4501 1285 3541 3670 4061 5754 893 1286 3191 2090 2265 2279 463 4560 3223 3038 3449 5657
16733 55 1917 2697 2620 4535 5065
16734 7530 1478 1910 1071 6346 5051 825 7051 3621 2725 3342
16735 3003 3888 1997 3277 3857 622 1378 2384 4140 4288 1614 4311
16736 1884 4111 2545 4485 5320 7245
16737 7800 898 925 955 5105 5571 924
16738 5621 3784 1428 4194 2350 4733 796 1249
16739 99 500 725 1367 2933 4654 6558
16740 50 2185 3464 3514 4122 5572 7533 7858
16741 1817 27 3189 26 36 814 846 1617 1646 1687 4710 7457 815 1688 3284 3321
16742 227 663 222 6211 6306
16743 1427 1428 7191 896 5414
16744 1820 4144 6851 814 2816
16745 2646 1059 3563 7509 4441 3912 4276 7079 1880 1836 463 5255 4594 1682 2988 5254 3562 2536 2535 1250 1249 5187 5537 5552 6817 1195 4600 4516 3925 5570
16746 5790 3683 3440 3445 3582 7742
16747 2324 3373 3780 4585 5286 3580 5473 2985 5680
16748 1682 2972 1512 2077 5029 1114 2039 4936
16749 3989 5301 4445 4935 3799
16750 1489 2608 6197 6154 2668 6727
16751 2083 113 130 216 6418
16752 5061 1056 2883 463 3089 5064 7292 6726 8401
16753 7057 7190 829 5425 618
16754 1473 3906 6704 3211 5113 5085 1065 736 310 3091
16755 2364 3529 3756 3800 1234 4693 6187 2365 7268 7873
16756 4410 1676 3189 898 8180 7028 7922 5691 7029
16757 294 6310 6311 4082 7147 4401 3582 7339 7469 7715 7157 7766 7025 6721 7692 8317 8287 8337 7693 8096 8318 7691 8394 8449 8451 8478 8416 8418 8330 8442 8443 8387 8344
16758 6765 723 4655 6975 7167
16759 1703 3531 3571 4242 3649 7371 8074 1700 6728 4780 7873 8350 4676
16760 2279 4154 6150 6589 978 1234 1336 3147 4654 4655
16761 3918 3928 1233 2625 67 83 6286
16762 8390 2635 3422 4245 5402
16763 29 1442 5525 3283 3341 2156
16764 1485 3086 5056 5089 3129
16765 4286 1201 5641 6743 6057
16766 6333 6336 7900 1269 2425 2561 8285
16767 3007 4394 6703 7045 7069
16768 3925 4183 3327 1969 2654 7113
16769 673 2229 3248 3251 3861 4802 6441 464 463
16770 66 6542 1770 2706 3498
16771 1225 1511 5201 5200 610 726 1168
16772 1405 2933 1423 6133 5224 1927 108 8383
16773 1910 2484 5083 939 5621
16774 2561 896 5377 6592 7123
16775 3578 2484 5583 2668 4407 6726
16776 2604 466 468 1540 1752 3435
16777 3644 64 2254 3610 5706 5319 5705 5904 939 4052 5482 6181 7164 73 5905
16778 2286 1582 4733 2962 6588 6972 262 7901 2673
16779 4441 1451 5968 1044 2185 2279 3541 832 1966 2668 4374 6509 6231
16780 2212 1589 4404 5061 2958 6009
16781 1783 2777 5064 6095 6975
16782 3273 99 3639 7707 4513
16783 1247 3113 4475 6424 6649
16784 8143 4064 1079 4182 6950 6788 6997 2580
16785 1798 3804 6197 533 1262 955 1817
16786 833 3105 4866 5915 6765 6975 1367
16787 113 3197 1538 36 5369 233
16788 5493 6595 1780 8109 5730
16789 6975 7551 979 2903 3560 7475 8131 3483
16790 4206 2817 4054 932 7843
16791 2777 7279 594 1489 5460 168 2782
16792 7292 1437 36 463 6634
16793 2371 1428 2309 3756 5663 3800 7443
16794 5061 2229 2923 3855 6203 480 3539 5639
16795 4895 6681 3867 6647 7458
16796 269 2881 4654 5688 5730 4720 6434 8302
16797 1228 2144 1249 1250 1150
16798 696 863 2929 5734 4136 3814
16799 848 2732 3327 1416 4179
16800 5634 1755 3829 622 1135 7038
16801 464 3710 4660 4661 1228 3176 6166 6438 3408 4265
16802 705 8111 932 933 965 6434
16803 891 533 2345 2295 2962 3531 4621 5195
16804 5443 683 2010 7173 2200 2286
16805 2185 4644 5339 5722 7535 8094
16806 130 1122 4448 4124 160 721 136 3619
16807 1497 1620 1764 5840 3056
16808 2997 3599 3600 2918 3330 3587 3943
16809 2286 3595 5474 3239 2620 2694
16810 189 1455 4245 5357 5358 5359 7325
16811 459 697 929 1428 1552 1836 6426 6592 7155 1589 3766 3842 4442 5026 7642 6408
16812 5570 3229 4144 5368 469
16813 36 464 1728 4015 4440 4442 5083 5611 6269 6284 6592 8023
16814 2634 3270 2238 2534 6314
16815 7157 8059 4793 8344 2459
16816 833 2155 3730 5062 5622 8223
16817 5240 812 2199 6336 7292 7933 8175
16818 705 2238 2694 5772 6810 7093
16819 491 495 891 1670 1899 2555
16820 4800 6275 3444 4909 6860 7769
16821 2826 5755 7162 4729 939
16822 3398 3587 4134 1619 3918 8460
16823 2155 91 2858 1156 2384 3326 5175 320
16824 923 924 4488 7346 5744
16825 2229 6179 5236 1607 632 730 2090 2755 1200
16826 3105 4560 4644 1589 829 6816 7339
16827 3799 500 6008 6333 7076
16828 81 3499 7243 8360 8453 8442 8443
16829 5710 8323 3597 2976 7855 6187
16830 4379 1206 4119 2185 6473 1545 995 7188 1630 2602 7189 194 971
16831 5982 705 18 535 890
16832 118 3569 5915 5955 1367 6133
16833 5971 1497 4015 4535 4857 5916 1847 1390 4276
16834 2561 463 1065 7848 7849
16835 2185 2682 3419 6941 3587 7712
16836 546 955 500 5971 7375 4440 245
16837 303 5026 6180 3483 4248 5144 5491 7162 1817 6090 6303
16838 4356 634 5367 1588 5900 4100 2087
16839 1740 4523 5759 4011 1971
16840 3587 391 470 812 1958 3030 5540
16841 2923 1566 2803 3561 7390
16842 571 935 1818 2315 6552 7642
16843 5066 5275 5442 7061 5395 452 7635 5674
16844 3497 5747 4082 7145 7453 7952 7157 4298 1874 3373 8283 838 521 8421 8474
16845 3664 3730 674 2155 1566 4251 2045 1307 3377 4983 6456 3667 4851 6809 3380 4784 320 6662 2450 6516
16846 3506 1161 2384 7986 1489 3408 430
16847 496 896 3019 7224 7652
16848 64 5588 1761 5581 7921
16849 546 2566 4413 5314 7489
16850 2523 4935 6239 6547 2163
16851 555 1883 2093 6133 772 5974
16852 610 66 3712 2748 2750
16853 2237 3244 4571 8109 8291
16854 6611 7643 2777 4460 5032 2646
16855 602 118 3073 1566 1420 2742 7157 8019 4301 2847
16856 1599 809 2969 4249 808 4981 691 693 6496 5201
16857 36 815 2205 3501 3719 7632 7948
16858 1865 4721 7296 1660 8224
16859 6067 7192 898 4975 4977 5035 6604
16860 596 6235 6634 7503 7510
16861 610 4882 633 5442 970 277 4204
16862 1473 1552 2769 924 595 2266 5296 5026 4560 2868 3962 7922 7982 7983
16863 4900 6373 3746 2501 6372
16864 113 196 220 243 169 870 871 5165
16865 1637 2956 5172 2066 7421
16866 5284 5258 5557 2141 7230 4881 4887
16867 1821 2443 3102 947 3698 5056
16868 8444 8488 8228 8437 8224 8446 8405
16869 225 324 8390 259 7774
16870 4886 1203 1001 4437 5926 5319
16871 453 501 888 2015 2912 4881 5199
16872 1588 2404 4116 4163 5621 7346
16873 1844 504 3925 1483 5382 6802
16874 2232 4328 3719 4657 940 2960
16875 1078 2544 7088 66 3605 8341 7224
16876 6759 3214 69 6751 2796 3050 526 2184 7972
16877 463 1547 4116 504 4718 6555 888 3587 4828 7299
16878 192 200 222 2932 8153
16879 415 2892 4430 6386 7112 7183
16880 2468 1573 2467 1092 3073 5622 705 6517 497 7477 2238 682 2624 6547 64 2946 3453 44 2780 8094
16881 4082 7136 4401 7766 8442 8444
16882 5312 104 5941 6723 7178 7385 7603 6107
16883 831 998 1020 2803 4641
16884 6258 1601 2608 7279 7154
16885 36 657 924 5407 1949 2429 8352
16886 2578 4024 5439 2400 7830 6534 1954
16887 3587 42 2439 5019 140 5759
16888 5384 638 5787 6602 63
16889 4450 1979 2520 4857 6708
16890 471 1685 3829 6353 6496
16891 463 995 1372 1373 1516 1520 1545 1860
16892 3507 5346 1142 1489 1768
16893 2723 2755 2773 3468 6611
16894 1755 4486 4082 4401 8094 8434 8442
16895 2938 929 7836 3639 5019
16896 3281 21 4723 1100 1966 4828
16897 7436 6721 7692 7693 7691 8317 8287 8492
16898 7500 7504 503 977 4883
16899 1497 2616 4907 643 4450 3683 2761 3207 228 7118 5346 1723 963 5033 2028 2882 7972
16900 610 1564 2279 3274 3541 4574 4933 5301 7694
16901 3752 6482 5464 4200 4441 1966
16902 4747 7579 36 262 1065 1966 3997 4379 4680 4733 6592 7487 7937
16903 2244 831 4035 833 4654
16904 3381 929 1367 2694 6938 7475 7551
16905 3138 2505 91 833 1489 1206
16906 497 790 1788 4438 4439 3060 6854 1841 7489 5026 6220 7115 3223 4010 6493 6221 8101 3126 7028
16907 3888 4622 2308 7521 5828 7049
16908 897 2170 2954 4549 1008
16909 754 1949 2279 3030 6500
16910 937 189 6087 1555 3466
16911 2305 51 1501 4014 1056
16912 4594 305 5348 517 618 3435 3637 3638 7534 7841 1200 6424 7487
16913 4185 6187 7053 332 334 2753 634 2484
16914 4136 6332 1773 491 787 879 6580
16915 3310 5712 3326 4090 56 59
16916 7501 1286 4912 7811 7379 2266
16917 7230 3637 3638 6976 8114
16918 56 5063 3138 4980 5953 6288 6625
16919 1949 1728 6264 2399 4596
16920 463 846 924 3962 2918 4655
16921 7350 3005 4257 6840 3729
16922 4272 5488 1589 4405 2837
16923 6885 876 7547 7549 7645
16924 760 620 723 755 2155 2418 1342
16925 5768 5332 6534 194 5026
16926 1589 1929 3261 7188 7499 4024 2121 4995 1042
16927 2256 5155 625 1613 7353 1589 7390 7435 2997 7252 8023 3915 1437 36 8157 2439
16928 4969 1156 4384 4398 4400 455 3005 4369 4385 4395
16929 1950 464 610 3624 5066 598 6943 7196 7756
16930 2032 5185 1067 4015 4785
16931 1099 464 846 6607 1529 8017 4134 5621 829
16932 7132 6530 7839 8118 4850 4951 6936 3824
16933 662 3273 4662 5267 99
16934 4336 4702 6841 1485 7480 2230 5963
16935 5621 5971 3090 3130 16 6912
16936 463 2625 434 7254 7277
16937 4728 3857 5346 259 7130
16938 16 24 4269 8081 7833
16939 2152 2387 3065 6360 7116 7489 7540 8196
16940 2702 2703 4291 5062 4231 5546
16941 464 610 4442 66 1838
16942 1524 5879 130 4980 3654
16943 1880 7146 7765 1220 2523
16944 3735 4436 6990 7376 3512 6560 924 5308
16945 20 5026 502 1489 4144 5088 5853
16946 708 713 552 3889 281 709 130 2111 1508
16947 2175 8059 1485 2703 3326 8354 574 4717 7415 575 4002 7350 3814 189 6102 371
16948 3491 6997 978 7866 2440 1089 3122 3325 3739 4015 8481
16949 4509 5368 5073 7157 7177 2137
16950 1315 4061 3506 4352 4353 4623
16951 945 3830 6254 6865 6499 416 2635 5505 3205 3919 6515
16952 1976 2969 4114 4546 7995 7088
16953 399 2928 395 6686 5925 1512
16954 1200 705 1644 3043 3324
16955 2576 1521 5764 7110 130 21
16956 3147 4651 1818 2671 970 1092 2510 2848 4474
16957 4163 160 206 279 939 1139 5942 2731 3829
16958 2626 3285 6810 7072 8309 5903 7355
16959 1756 3004 3134 3688 1966 4025
16960 4671 2319 2327 5322 7589 2329
16961 785 1272 1539 2641 3867 5519 5819 7637 3124 8375
16962 4474 3226 4121 4167 8174 2178 2371 4227 7292
16963 5574 2127 4407 1697 1510 114 7843
16964 4652 672 5553 5062 7936 6660
16965 1553 1659 3789 368 7519
16966 8061 4179 8022 728 5141
16967 4401 7693 8096 8316 8472
16968 3090 5688 5984 6855 894 2955
16969 3851 5276 6038 3044 2185
16970 1156 5271 2523 2825 2010 6378 6383 6132 7570 6409 6314 4285 7761
16971 2066 2229 1644 2534 3731 5485 2694 3089 3150
16972 2286 2561 2740 6028 924
16973 1056 3404 132 6530 189 375 709 1122 3556 3737 7999 177
16974 3500 3501 781 782 907 1230 1916
16975 4179 6423 7195 7292 7579
16976 5786 4423 7136 8132 6721
16977 3042 4742 6572 1107 3468
16978 1622 1428 1516 1520 3577 928 5747 3181 6310 6492 6671 7136 7236 459 1991 5864 5238 3352 4049 1429 2730 2868 2219 7289 8003 4545 1659 8418
16979 1183 1185 2777 6040 7279
16980 7113 16 1011 5843 5472 1120 1685
16981 561 7466 2039 4473 7157
16982 347 2612 1200 354 3830
16983 4535 4142 3150 5346 7095 7418
16984 3552 2200 328 3211 4366 610 7848 1356
16985 609 1206 1966 2386 5574
16986 6528 7049 4401 6196 8220 5866 8429 8430 5237 8185 8475
16987 6198 469 2238 8271 5389
16988 1536 4520 6762 129 3286 4518 5165 6668 1524 4245 6796 7362 7585 340
16989 2225 1599 3587 3639 3039
16990 2067 3209 81 2741 4503 5439
16991 1200 1784 3888 4622 8234 833
16992 633 36 1690 2962 3352 6197 6583 812 2868 7124
16993 2105 143 399 1914 2693 3107 4276 7113 4668
16994 4929 673 672 674 2933 3423 1200
16995 106 1442 1444 2305 3269 5403
16996 1734 1911 1576 2803 2632 606 3720 64 623
16997 3012 1528 2158 6396 1723 1719
16998 5056 2384 5724 2238 1776
16999 3107 5570 6197 1910 5057
17000 1300 5504 6886 4119 6458
17001 3043 5871 3674 1202 7230 2596 6947 1247 6314 1437
17002 504 1093 1094 5063 5915
17003 3832 5621 7612 8023 8224 8398 2185 3271 3925 4335 7859 8056
17004 596 705 2803 3105 3379 5956 1227
17005 1858 1418 6358 6877 3077 3786 5212 2493 64 1702 1433 5552 2611 7921
17006 753 1451 4483 1169 6072 7375
17007 5134 6186 263 1343 1519 2596 44 526 1353 2847 2579
17008 2061 2580 3916 2184 5113
17009 6420 189 2635 2894 3640 160 1455
17010 483 207 4187 479 4342 6514 6262
17011 3814 5569 4574 4771 2853
17012 1183 1821 3098 3483 6732 1164 1182 3036 4090 7781
17013 2986 3009 6063 5230 1489
17014 5732 4082 4401 7147 7467 3444 6224 6225 6196 2484 8442 8444
17015 1818 3184 1759 3749 5317
17016 1656 990 1483 66 976 2958 3741 4515 2444 6803 5931
17017 4501 5414 5907 328 2590 3060 3587 5966 6282
17018 1353 2155 4079 4821 6683
17019 2002 833 6492 6919 6920 1247 7468 7551 6068 7837 8094 6870 5075 7356 8275 8185 8502
17020 997 3696 3697 3699 1966 2362 1158 1206 2668 601 1247 5747 4957 7401 6853 7113
17021 350 1065 3393 4583 2423
17022 113 145 163 4755 160 4448
17023 1648 2539 8016 3962 1385
17024 7147 8411 8410 8450 8452 8453
17025 879 57 526 705 3353 6125 6127 5466 668 4066
17026 469 4216 29 1873 1391 6731 1979
17027 924 4173 1080 1963 2090 1562 2002
17028 1784 5058 5061 5065 8004
17029 6186 1734 2803 6197 5168
17030 1588 1991 3524 3962 7339
17031 2787 2484 3320 1727 7490 2148 8287
17032 1336 317 747 1280 1702 2483 2730 3033 3200 6876
17033 4361 5051 5951 950 4360 2324
17034 1526 1200 2200 2412 3160
17035 2204 3587 2112 7054 6479
17036 1226 5755 3560 705 6267 6975
17037 1026 1035 1896 1214 3558
17038 622 1135 1367 2188 5622 1924 5119 1755 2608
17039 814 1139 4476 4785 2019 4144 7487 3191 6681
17040 1389 4116 5026 6592 6603 7800
17041 1646 1836 4528 610 4475 6380 2378 2090 5681 2500 7487 194 6592 2439
17042 1910 3223 527 1489 4505 5416 4073 469 6172 3178 36 610 2964 4379 6592 3677 638 463 4905 4219 3766 6681 5019 7481 533 598 6122 5840 1682 5454 2264 42 2578 526 6521 2176 857 3166 1194 3147 3993 8102 815 305 6726 7911 8240 1589 7340 7033
17043 610 1437 2279 3541 4891 5039 7235 5857 929 2225 3673 3966 5613
17044 2514 5776 4887 5145 2962
17045 4800 5857 8035 3039 6672
17046 1927 434 819 4958 6284
17047 556 2268 4172 7094 5617
17048 118 1057 2973 4737 7903 7904 8290
17049 2892 5075 5958 6420 6419
17050 1489 3629 614 5775 2155 5124 7390
17051 1467 2949 2950 4002 7544
17052 5943 26 7525 1403 3928 5931 3917 3916 3087 2975
17053 2185 1685 4122 5787 4474
17054 7509 3450 6269 1203 3916 3757 8467
17055 2018 1939 1945 2020 12 1044
17056 1249 7390 1194 1860 4133 7756
17057 2295 2755 3736 6009 6877
17058 6314 1739 2521 8173 4949 2976
17059 113 416 6419 6501 663 7095 5764 5403 6917 7746 4245
17060 2121 7852 7853 7854 4329
17061 3004 1200 1817 2973 3022 5621 2565
17062 4276 737 2121 2162 3444 5581 7836 2171 7535 3096 6947 8199 6401 8212 2436 5759
17063 4800 766 206 298 408 751 1455 7183
17064 4206 3150 1949 2807 6013
17065 1462 3423 2243 3906 4226 5959 888 1744 101
17066 2356 702 1467 4389 703 1472 6252 705 6431
17067 118 3450 7695 7592 2558
17068 7414 826 1907 7893 6055 6132 6857 6040 1489 8386 8233
17069 6171 26 6592 5615 2705
17070 691 650 468 3092 3637 3638 1589 3925 42 194 595 596 597 601 647
17071 1229 7733 1489 7704 7974
17072 4116 4551 4553 4554 5118 7316 7337 8186
17073 2264 6545 6540 7135 2194 1437
17074 3213 4996 5422 303 3758
17075 2156 7969 7715 3642 3643 4401 6195 6196
17076 5218 7457 1574 7302 4440 4479 5369 3538 2306 2292
17077 908 40 907 5407 8340
17078 1179 1945 2147 638 305 2137
17079 2229 2170 6931 5921 4350
17080 380 3916 5004 953 3325
17081 596 616 1428 4023 464 691 4022 3842 36 6592 2137 7612
17082 705 2155 2933 5622 7007 7830
17083 705 2773 4369 7313 1343 7696 3720
17084 1949 5377 6786 6972 7205 7858 7863 1682 5317 1831 7978 8455
17085 4164 4900 7642 3663 5019 3757 4743 7890 7756
17086 4549 6909 2918 7352 3815 5621
17087 3752 829 3073 3244 6615 3997 2972 5790 7309 1682
17088 705 1823 3835 5446 5916
17089 1234 6409 6413 308 6410 6411 3013 6857
17090 1455 5097 502 829 928 1368 1998
17091 73 1427 1428 3587 1705 3514 2637
17092 99 500 610 2904 6934 8023
17093 5582 1505 244 1018 1436 1506 3774
17094 2225 3077 1235 1729 922 6765 6873 2328 7446 1175 1427 2324 6874
17095 3073 2229 2615 2664 6359
17096 1600 3572 6673 1312 3482 5847 6487 5133 6612
17097 2404 4417 5118 6284 6558 5366 1489
17098 7464 1260 4276 6015 6187
17099 5934 697 5442 6984 1497
17100 7023 1200 2229 1723 7712 1719 1873 2207 1919
17101 1378 2207 6131 3380 7034 2245 767 2624 8193 6314 228 3932 4140 7248 8313 4877 5622 8262
17102 6102 167 708 711 2635
17103 5435 5546 1234 1827 564
17104 2062 4785 4014 3445 7803 1427 7647 6187 1932
17105 3587 5582 5642 7292 3325 5678 7511 1589
17106 6263 1022 4004 3840 4792
17107 464 3681 5019 1547 8323
17108 718 1290 3575 113 418 1289 4409 761
17109 6310 4082 7401 4401 708 8444
17110 4156 2692 4532 5187 6975 6720
17111 5187 5339 1910 1626 7235 321 8150 860 1957 924 5026 6932 6441 7523
17112 1831 5236 6532 6304 1955 5344 655 5185 7013 6572 1966 4681 7443 2639 6555 3829
17113 1880 3365 7875 3090 5991
17114 954 742 2826 3337 3379 1489 1638
17115 1236 2710 2864 5800 5349 3326 3356 3506 674 6576
17116 2951 4276 464 3272 5246
17117 4440 978 3326 2465 534 1902 5289 6517 7195 8327
17118 2124 1723 7005 1719 3343 3667 7475
17119 3301 6868 1322 3328 7259
17120 3378 1736 3482 3377 3765 2526 4582 5621 5426
17121 561 785 5519 5819 6242 6742
17122 244 5056 929 5691 7053
17123 1836 4280 3587 4922 3678
17124 3004 4252 4398 6056 6164 2703 2812 4384 7069 4002 6857
17125 5621 1536 6419 7062 7644 7919 7749
17126 753 1200 1873 4449 6516 6825 5622 1632 500 4025 5333 8014
17127 381 4599 4091 995 708
17128 928 1358 1589 2561 4442 5026 5367 6604 7631 5486 2185
17129 4276 6465 8169 1966 7270 7326
17130 446 3817 2471 3773 4190 7239
17131 1831 160 418 550 4850 5075 6002 6058 7395 7892
17132 313 1139 5510 6973 164 2963 2635 3587
17133 1249 1682 1714 3541 3673 7002 7390 1137 3574
17134 36 597 5019 6592 8308 7756
17135 924 1263 1374 5840 6758
17136 2189 3730 6432 6732 7313 461 5016
17137 610 3060 3587 5755 939 5621 923 898 6060 6296 5131 5453 7503 5583 7501
17138 896 1898 2580 2853 6935
17139 1037 416 257 2965 3203 6914
17140 1882 2287 2445 5998 6981
17141 5164 7521 1098 5112 2605
17142 705 1353 2238 2972 3508 6325
17143 2045 3377 3829 6314 1723
17144 66 5019 5026 6275 1599
17145 4761 4122 244 924 4908 911 2444 811 4920 1675 812 1617 4379 5496 6604 8061
17146 1642 2210 3641 4487 7642
17147 533 1836 1976 2264 3991 4163
17148 5140 7865 7866 2289 8056
17149 2261 6592 36 3031 2688 7055 7496
17150 3077 5421 6331 2731 4144 5085
17151 104 3110 4778 413 701 4951 5811 293 5412
17152 2247 7599 3782 4201 4203 4665 5925
17153 1301 7288 5620 5167 5672 6833 6877 6793
17154 244 938 1540 2002 4442 5758
17155 7915 1127 3060 509 895
17156 4162 161 1305 5970 1665
17157 928 2669 1516 380 5201 2155 4440 5019 4733
17158 5954 3090 4560 6115 7885
17159 5188 2430 7998 2241 5187 7126 631 6074 3643 4265
17160 1505 1752 2395 2396 4004 464
17161 3283 3189 3754 2270 7922 4218 861 1951
17162 3630 819 939 2133 4811 6060 1056
17163 829 896 955 1224 1617 4537 5621 595 1202 3936 5849 7177
17164 4306 6831 36 50 2747 2962
17165 879 1848 5639 6514 7367
17166 881 3893 1536 3485 3894 968 6262
17167 5841 1428 2750 4116 4545 2185 3325 4420 6739 7929 2828 7877
17168 1376 17 3327 1316 7726
17169 6604 7798 2580 2750 5798 5113
17170 2066 1847 1197 1927 618
17171 4179 5069 3649 6756 2613
17172 8005 7113 3229 4805 8004
17173 3807 6378 5175 2817 3605 3326 5665
17174 1723 6431 526 1719 2773 3730 4231 4628 4822 5586 4369 7146
17175 4140 3105 4980 3468 1379
17176 6119 583 1234 1734 1847 2066 2803 729 4394
17177 2159 2651 2446 11 3150
17178 673 1160 2698 2929 896 484 945 3628 4904 1661 2683 6154 5064
17179 1194 1540 2002 3042 463 924
17180 1148 1201 1976 5026 2190 3039 4276
17181 2547 831 2566 3374 3902 1753
17182 2010 2517 2802 4132 4311
17183 4722 713 4649 1632 3353 6063
17184 2993 4453 5345 879 3485 4504 5160 7561 4342 1848 208 590 7367 2554 3895 883 668
17185 4900 3122 26 7534 6911
17186 3417 7070 18 2034 2169 4710 4782 2713 6180 3587 5769
17187 1836 2668 3076 3587 4440 3959
17188 3789 4485 5199 5202 5287
17189 4170 4850 5070 5072 5067 152 7958 5066 5141 7436 8390
17190 4742 314 4657 2983 5971
17191 3013 7550 4657 7545 3864 7713 3807 4325
17192 6501 130 2894 6211 1524 160
17193 556 661 1108 4237 7369 4549
17194 1366 1488 2185 5645 1011
17195 2271 1781 1545 3079 1969 3060 5747 6310 7468 4082 5691 7025 8400 8442 8443 8444
17196 924 1196 2853 2289 2403 3387 5124 5177 5720 5421 36 1588 8060
17197 5981 5971 6319 5324 1524 5764 5979 66 415 5075
17198 1245 1725 2134 3197 3895 1108 1525 2107 3893 4042
17199 7254 5691 1022 7302 7318
17200 454 500 6395 398 399
17201 1723 2187 5731 1260 1552
17202 3379 4576 6434 6516 6518 4924
17203 7234 4082 3533 806 1725 4066 5700 7369 800 331 796 879 5439
17204 4316 6310 6312 6671 2798 4399 4610 4082 4401 7714 8049 6857 8410 8411 8442 8472 617 8502 4074 8448
17205 2155 3381 3830 1573 1353 2048 6784 2718
17206 2855 3647 3896 5884 8042 3455 6436 5883
17207 5676 7120 245 1976 6943
17208 7226 6186 20 1712 2581
17209 7183 7607 478 6470 713 3874 4953 5962 6964 130 663 1281 2358 3201 3551 4091 5206
17210 841 1984 5294 3626 7409
17211 316 1809 4545 924 8240
17212 5354 3560 3306 4327 3176 4640 6195
17213 6975 3829 3331 5565 7835 3526 6084 1489 7071 6937 7390 5564 8258 7871 1633 526 2919 2933 3304 3848 6574 6575 4641 8478
17214 526 3087 3323 5174 2384 2725 3572 4025 2705 2792 915 2764 3507 3960 43 2230 4027 6772 6773 6576 3814 4029 6453
17215 1784 6980 7005 3105 705 6314
17216 3826 3915 4849 6980 7376
17217 382 1386 1505 7442 5163
17218 1353 4148 2972 6162 1723 1734 1847 2608 3707 4709 8369 8313
17219 3279 6163 6557 6917 3181
17220 3509 5840 811 5232 5492
17221 1763 3639 459 4154 305 924 1589 3482 4179 5118 5344 5762
17222 4145 610 4049 5709 1260 3326 4710 8004
17223 4341 5664 7162 4366 7207
17224 165 299 1524 130 160 416 4245 4427
17225 7174 593 3719 7092 2386
17226 7 3760 4082 4401 7128 3440 6535 6225 7691 7692 7693 8096 8287 8316 8317 8318 8453 8474 8432 8442 8443 2976 8444 8485 8483 8484
17227 4606 6187 7376 7579 469
17228 3073 2567 2565 4924 5346 4909
17229 470 1250 2386 3330 3825 6928 7602 306
17230 2064 2247 1066 1067 5526 946
17231 2155 2572 5800 6415 4580 7624
17232 8023 3090 4440 6544 7196 4718 4719 5963 6422 7162 7542
17233 990 1228 1993 6545 7138 63 6884
17234 2181 2272 2427 4179 5344 5672 6485 8045 2873 2351
17235 5971 5727 195 36 6995 2668
17236 1554 1472 3013 4186 4369 4498 7545 844
17237 7737 2912 4847 1763 1002 1774 4181 8038 8263
17238 610 1910 3955 2664 2215 6887 97
17239 332 775 2229 3764 4802 4994
17240 4719 2825 3091 3814 4190 4718 354 5963
17241 3924 2384 3923 8151 8453
17242 673 3374 4038 6431 7313
17243 846 3960 6839 8101 7559 7300 6007 524 955 1497 2920 6876 6867 1388
17244 398 3197 3654 2555 588
17245 3557 3703 7137 7429 8396
17246 1008 2190 1003 1206 4532 3105 2950 1118
17247 3725 5557 5244 4650 4536 26 6006
17248 506 6067 5557 1950 6000
17249 749 1312 2279 6675 4796
17250 927 3060 5031 5034 7159
17251 5549 6284 6333 7124 7912 7916
17252 6434 1489 2777 7313 3468 3829 8366
17253 2616 4646 2617 1809 530 466
17254 1446 4035 971 4191 1831 8254 1489
17255 2608 4666 4994 5465 7696
17256 1061 3526 7959 8450 8482 8442 8443
17257 233 858 429 1928 1517 498
17258 2509 4179 5408 5664 435 504 4550 4552
17259 639 751 113 171 6212
17260 5463 7551 8468 1260 5061
17261 1489 2578 2663 1367 2238 3312 5819 7368 1278 2179 7084
17262 2037 1056 7865 4709 6975
17263 2238 2624 4736 6131 5011 7477 283 434 491 787 1210 1536 1773 1827 1899 2180 2288 2553 3701 4937 5929 6212 8411 1524
17264 5916 2623 7939 2204 4640
17265 2139 610 1194 1613 3730
17266 1735 5234 6928 7632 7562
17267 4655 5786 7286 2976 8485
17268 4336 1249 2484 1079 6464 18 1886 2181 5148 36 5552 6824
17269 3648 1593 4205 1891 5433 3686 6863
17270 500 464 1376 5017 1262 6592 4610 5376
17271 1032 898 5026 924 2538
17272 4942 42 534 464 3613 2750 31
17273 114 194 809 1541 5468 5611 6235 7490
17274 2200 1617 1966 3105 3635 4710 8499 2185 2668 7874
17275 7743 7745 7162 7744 1166 3004 6186 2185 3022
17276 1573 4866 5061 7294 3381 3977 4711 2224 2492 1200 33 1812
17277 579 831 833 1409 1489 5064 6269 7292 6975 8241
17278 978 4355 1489 5915 5546 5319 2484
17279 189 130 5379 3181 194 2310 6915 6116
17280 2820 933 6186 2977 1902
17281 1821 2305 5485 4880 2238
17282 1320 705 2289 4640 3791
17283 2271 66 36 3803 4015
17284 1266 92 2596 107 6258 6732 4243 1489 3381 4866 7842 8030
17285 3159 244 245 4004 1258 1489
17286 228 2694 2780 2973 3468 3830 4917 7083 8382
17287 890 4655 220 2176 4536 6810 519 1459 1843 2418 3640
17288 2264 1599 2484 7114 5672 6473
17289 1346 36 468 4618 6854
17290 2409 3150 4980 5730 2323 3374 3796 2066 5139 2332 8423 8094
17291 1205 5049 610 2668 8023 2137 970
17292 4654 924 5863 7468 7049 5740 5019 3958 7837 8112 7022 8220 6870 6330 4401 8293 7975 8433 1682 8449 5237 8093 8274 8482 8451 8448
17293 12 5038 6486 7464 3993 5396 6368 4663
17294 3453 6852 2038 2245 5622 774 5018
17295 4973 3423 5505 924 3686 6671 5414 4031
17296 1353 2817 7740 5732 6560 6646 3276 1644 2950
17297 5562 65 2723 4791 2244 7551 8262
17298 6310 6189 4082 7147 4401 3643 4414 7356 8434 8448 8451 8162 8475 8171
17299 2780 428 3303 7555 3312 2793 1884
17300 1350 3659 3854 4496 4870 5731 1823 1865 2534 2687 3391 2821 2953 5928 7661
17301 130 5379 1039 148 4760 7442
17302 2484 2627 468 3639 6608 467 2580 6601 2868 7801 5691 7032 4116 3347 3766 925 6607 4379
17303 3009 1573 3012 6257 3001
17304 2871 4036 5366 4442 7220 8251
17305 626 3319 795 1194 2000 2264 2505 3189 6788
17306 4638 5061 833 3645 337 1077 5393
17307 5364 5061 2205 6634 3236 6546 26 1568 2518 7805
17308 5614 5721 6372 1498 4280 896
17309 434 5026 4563 7177 7746 7762 3273 6046
17310 2185 4068 1726 2051 2489
17311 2395 4134 2984 2271 4336 4337
17312 5041 1029 66 945 3105 8459
17313 3948 6946 8065 5665 8406
17314 6556 6912 504 898 3332 7922
17315 3543 2315 3445 5868 4664
17316 6662 3829 6975 6231 6282 6205
17317 1653 3911 8168 1234 7498
17318 26 1497 4522 5839 6544
17319 125 2891 4863 126 2892 7110 1801
17320 4082 7157 8146 8452 8162 8378
17321 1784 1177 71 1832 1783 1837 6358
17322 5487 1686 2185 6790 4715 7233
17323 928 1589 7326 69 83 1240 2185 3123 5864 84 2219 4797 5621
17324 785 1237 7731 7784 8202
17325 2267 238 6611 271 2264 2683 4369
17326 4832 2717 2461 6763 6729 1353 1966 3150 5754
17327 2337 3766 5159 5291 5953 8461
17328 1961 4355 5645 2831 7642 5554
17329 2608 7308 705 2670 3799
17330 4980 7313 1858 2238 6854 7474 1833 3373 4583 4720 5316 1338 3273 3372 6544 6673
17331 3560 6056 7892 7893 8493
17332 1442 2608 4630 2046 1160 5622 3553
17333 3849 1024 2710 1694 6975 1823
17334 703 2837 3073 3427 5589 6431 6765
17335 4560 470 6937 2138 5026 2271 5950 6741 8280 1516 26
17336 350 2850 1929 5633 6758 6638 2576 911 2444 6231 2614 2848 2781 500 5188 1429 2309 7645 3814 8069
17337 3163 1921 2513 1062 2250 6586
17338 1108 2967 6597 1354 2759 6618
17339 5754 5356 721 243 5405 102 2534 4430 7731 1924 4980 8165 8324
17340 113 4448 4433 4435 7587
17341 464 470 613 2654 4155
17342 1682 66 3915 3922 4244 8254
17343 66 1367 6044 7208 3093 4640 3347 73 1833
17344 690 7579 3039 3060 7857 7858 7859 8478 924 7499
17345 6793 6314 73 5672 705 5033 1056 1206 2996 3149 3267
17346 1634 3587 3926 6181 6600 6602 332 7165 3918
17347 36 3635 5621 7495 194 7643
17348 534 697 2643 3993 6284
17349 705 4140 4628 6975 3142 767 6152 7040
17350 995 4276 521 5621 7642
17351 7251 2002 2602 3587 3707
17352 5491 6239 1833 8177 2206
17353 2818 1689 3710 3739 3996 4116 1688 3609 2713
17354 2363 39 903 1930 1931 5899 6062
17355 1644 1823 2821 3390 6979
17356 6018 2152 4379 2627 3174 5421
17357 2286 64 1462 3863 3806 3973
17358 3021 2384 3004 4071 3013 3022 2253
17359 4902 4055 4353 3440 2800 5820 2312 3643 3731 7521 2976 3100 4673 5866 8289 3467 4909
17360 1112 3499 1353 3948 8094
17361 2726 3943 6612 7031 7970 631
17362 7750 463 2678 3191 5218 5672 6284 6333 6334 6739 7612 7912
17363 2309 6228 3353 1310 7931
17364 264 1664 3824 4955 7112 6749
17365 2364 2019 5951 1371 6091 5068
17366 4980 2933 3730 5800 1200 705 1755 2754 5349 5622 1367 1812 2207 3762 6095 1946 5937 6769 5337 2361 3468 7475
17367 896 16 471 5621 893
17368 1353 3829 4851 5016 705 2333
17369 6535 1176 1734 4980 1442
17370 5943 113 2892 4430 4685
17371 1200 1367 5724 7313 7475 7551 4038 5622
17372 4589 880 1821 2475 2296
17373 5773 591 489 1736 3134 938 6707 7927 1428
17374 5187 2978 6942 1928 2828 7031
17375 524 673 864 3189 5530 7119 7908
17376 3241 4164 140 4813 3406 1427 1991 8108 4167 7374
17377 3381 1725 6125 4450 574 7426
17378 1156 1239 2207 7572 1833 1911
17379 4408 1422 4217 2462 2232 5690 4666 4641 4369 858 3073 1200 5622 5302 5589 4715 7357 6550
17380 4046 1972 7061 3936 5840 5011 4048
17381 1501 2153 7040 2384 5312 6975 1489 3813 2089 2815 4420
17382 4450 1200 1712 1949 6846
17383 812 924 1261 5218 7055
17384 6975 6442 755 2780 6134 3881
17385 112 1591 6310 3436 4957 4082
17386 753 3212 2368 3747 4339
17387 1972 6544 726 5023 6601
17388 5219 767 1833 2694 537 3468 6131
17389 1593 4279 5611 1199 3984 7481
17390 3060 7969 4636 2713 3103 7266 876 992 1933 6933
17391 1353 2972 6945 2232 1578 2226 6592 7128
17392 1575 537 3377 2161 4628 3273 20 6760 6239 5586
17393 1234 610 4711 705 2238 8007 284 416 6213
17394 1489 4722 4470 5459 2561
17395 1700 3748 4501 2883 5950 1972 5609 470 3587 5246 6350 7158
17396 3510 2999 117 2056 1836 6553 5990 3541 6298 2164 1428 3111 1489 6063 7647 2185
17397 833 4084 831 1910 5926
17398 6352 7709 6355 464 857 5092 7277
17399 4295 4245 2451 5432 1116 70
17400 1682 4179 2095 3666 812 5709 2289 4082 725 6154 7356 8093 8185 8493
17401 6312 4401 6330 4414 8268 8318 8185 8438 8485 8486
17402 10 3725 3947 7146 7819 7951 7157 4401 8108 8430 8472 8419 8432 8448 8483
17403 2280 4206 118 168 3073 2432 2525 2803 7896 4628 4675 6227 7428 8375
17404 2484 1459 2668 5275 7703 8194
17405 1623 2347 4970 4697 3820
17406 66 3723 3509 3946 1969 85 4401 7339 8434 8385 8443 8448
17407 4637 2657 430 6152 1409 3831 3924 7986
17408 1529 4117 350 2744 7233 6673 5882
17409 997 971 244 7113 3292 3820 6866
17410 5959 2780 945 1631 6314
17411 6228 6494 66 7165 5513 8256
17412 1442 1443 2887 5892 6325 6781
17413 3541 2639 2446 5848 7138
17414 269 2664 1881 5201 36
17415 1570 1585 3455 916 140 3252 3454 2750 3358 2384 3045 6312 598 6314 599 6330
17416 5971 814 6496 5344 6715
17417 5752 5824 5244 3071 6926
17418 2780 2785 2788 4350 7779
17419 3284 7067 50 2137 5218 7612 194 815
17420 833 7176 4608 6307 1910 3167
17421 5937 6975 2056 3217 705 2565 1847 1941 4857 5112 5728 7295 7475 7313 1734 7093 7285
17422 3857 2503 1361 2492 7308 1200 3829 978 500 4372 705
17423 2484 6723 1304 5066 4873 4952 8153 2635 3505 5520 7110 7437
17424 352 1817 4116 4122 5481 8215
17425 924 3417 2185 3284 712 1231
17426 7002 257 5504 169 345 4113 5831 6914
17427 2692 1589 896 2996 240 464 593 1574 1685 2316 2678 4022 4647 5204 5415 5604 6988 7224 305 3476 1554 3537 1248 1388 5330 2688
17428 1202 3403 1836 2668 3060
17429 2040 4951 5520 5521 5832
17430 4890 5129 6452 1987 4472 5756 5382 8073 5019 7983 2875
17431 1784 1964 1278 1847 1293
17432 673 4440 1684 8234 2625 5458
17433 1850 36 812 1316 3677
17434 2929 863 4928 4941 301 560 398
17435 3514 2532 4198 5040 5132 66
17436 5541 5570 4508 915 1723 2288 3277 460 7257 1200
17437 1617 2225 598 599 3766 5200 5201 5839 6458 6534 7280 7318
17438 36 1529 3693 922 924
17439 81 1489 2204 6258 8012 60
17440 1903 6250 3814 7128 3000 3438 1411 2999 7351 2634 4903
17441 5780 1500 1516 6916 5971 6129 5743 7407 7242 1294
17442 3148 3039 2580 1552 1581 1269 332
17443 4652 3572 4048 236 632 6673 7443 1312 1428 6692 4276 306 4179 464
17444 1206 4796 7349 37 3624
17445 2670 3700 2514 3459 3468
17446 684 900 924 4049 1904
17447 6512 1723 2713 3468 4289 6431 6379 6703 206 37 3007
17448 1924 575 1489 3004 4231 5155 2687
17449 7581 814 833 1497 6923 7475
17450 2563 1372 2818 1520 21 5690 2742 1733 2181 3576 7425 8162 5674 7443
17451 2513 2514 1129 3323 715 8224
17452 3463 3998 7307 6848 4643 1641 5439 2841
17453 7848 7852 7412 500 5057
17454 3225 734 1938 2289 3325
17455 2134 772 3616 5461 6310 1503 6671 5786 6528 4082 1745 4401 4719 1216 1902 2977 883 3445 7892 7893 7819 6195 6196 4298 8132
17456 795 938 3295 6579 3609 349 4823 6768 6926 8481
17457 403 3654 3035 5817 2693
17458 3336 7600 939 3605 7978
17459 1131 3758 6956 5414 464 3683 5026
17460 639 4560 8413 17 1316 812 911 7500 5026 2225 1428 5914 1519 111 593 519 3381 1353 7138 3674 5957 3181 228 1759 1194 8346 7390 7476
17461 68 3915 6633 2868 7064
17462 409 413 154 191 222
17463 1768 306 1843 4549 651 1896 2185 7180 977 3975 3357 8023 500 1428 1589 7642 4420 1935 7799
17464 978 1589 2420 4442 4444 5459 1124
17465 156 1293 2891 220 189 2902 123 6369 3873 1526
17466 4276 5298 7088 7665 2299 3756
17467 651 2569 3479 4460 5077
17468 5917 885 4312 1261 5200 463 5026 2619 1367 3751 3752 2938
17469 842 3137 432 943 1132 2934 4335 8312 323 349 935 2152 4422 6231 8038
17470 5060 347 6057 3916 4949 7993
17471 1005 3925 7049 4082 4401 6196 4414 8318 7691
17472 463 687 689 955 1547 1685 2226 4785
17473 1489 6659 724 3007 4807 6041 6127
17474 143 244 751 4609 8460
17475 8032 26 534 924 5136
17476 3925 1910 894 4889 5580 6067 1428 2185 5674 753
17477 464 5201 5982 5674 6867 8099
17478 4519 639 6979 2184 4411 7162 4070 7037 7242
17479 742 1497 1588 2420 5136 1000 7642
17480 6310 4082 3440 7128 4401
17481 4420 2731 4179 7944 8323 1316 18 3195 1062
17482 1012 5278 3060 1286 17 7725 3075 4710 547 1611 1669 1672
17483 890 4812 4795 1817 4599
17484 1489 2151 3315 3667 4807 6574
17485 5026 3639 4179 3327 6545 96 598 599 7457 6543 8141
17486 2934 6452 8031 7051 8112
17487 634 2274 2688 3382 924 2289 3225
17488 4116 509 510 517 3739 6724
17489 1744 1745 4480 7157 599 1791 5377
17490 6067 5256 7682 4975 4276 971 8471 8472
17491 1833 3730 4924 6127 1486 3560
17492 4044 5920 4474 4812 6354 7060
17493 610 4549 5082 8038 1428 6143 6232
17494 1428 2865 1654 911 3330 3109 3563 2369 2225 2219 829 3799 502 3094 1864 4573 1318 4097 4916 6259 2286
17495 2991 665 3656 216 222 2314 3187 5075 8349 8361
17496 6539 990 1682 1846 5241 3587 4655
17497 2258 3707 4685 2484 2892
17498 379 468 610 1437 2025 4929 4930 1763
17499 2592 2693 3105 3143 3660 5215 1029 6788
17500 3277 6825 6314 1199 2066 7712 6152 1847
17501 3101 5665 4369 1821 5916 7987 3150 6834
17502 354 7651 1821 3138 4535
17503 1410 1786 6311 6310 6671 4420 4082 3780 8443
17504 1821 3212 4330 1734 3150
17505 8018 2813 2822 6219 4481 7216
17506 3520 2676 4170 5066 5172
17507 4401 2826 2828 3297 4646 7648 8456 7162 3925 6264
17508 5553 2155 4896 4738 5397 7903 1079 1917 4659 6992
17509 1423 4936 1605 3958 7100
17510 829 928 1898 1905 1516 1520 1648 1861 2419 4140 3948 3374 1307 3375 3377 3382 1734 2605 2803 1367 5786 3138 5465 5210 4980 6095 6535 2248
17511 3959 2484 5414 5573 6151
17512 56 1422 833 2605 4857 2953 4690 6202 2006
17513 3829 2238 2124 1437 4628
17514 598 1546 3189 3639 6494
17515 2860 4941 3160 5718 2057 8331 7970 350
17516 5021 3676 3765 6696 7465
17517 1760 5344 5611 5642 6494 747 1836 2484 3174 4250 463 1428 4300 7190 5218 7280 85 6717 7052 90 3936 5839 2750 350 7700
17518 3090 3814 4719 2159 3798 3395 4190 5071 1682 3399 21 5320
17519 1355 5207 1136 5955 705 1215
17520 1009 1356 3314 3855 6154 6474 8073 6788 610 3492
17521 2790 7792 71 6225 8232
17522 1460 3927 4646 7141 3570 5113 7927
17523 1614 1636 1755 2066 4617 6786
17524 1200 5056 3379 1423 2933 2903 6937 2216
17525 1367 2023 2180 3819 2882
17526 1974 459 1044 2236 3381 4367 5061 5744 6663 7149
17527 1462 2722 4675 3103 6878
17528 2286 8323 245 4420 5038 7105
17529 2263 23 611 2003 3355 7038
17530 819 4478 26 2561 2922 1968
17531 4168 5183 6022 6604 7292
17532 7906 3752 6154 596 3173 6268 3567 5049 5806 7124 4250 7059 1817 4249 4215 4464 4272 6928 7983
17533 7033 7032 2490 6607 5732
17534 1346 7443 4129 531 6235 8216 8412
17535 1485 2056 3601 2516 2853
17536 463 6496 6608 6644 8280
17537 251 189 218 1293 2939
17538 296 2441 3322 1233 1438 3321 43 3719 5458 5573 7054
17539 701 2452 6501 6957 552 8390
17540 189 5066 125 192 222 3237
17541 5222 5857 616 618 3661 5130 5429 633 2119 4963 5188 5273 3174 2470 5212 1966 6534 2185 3056 1255 6269 7292 1861
17542 3499 2961 6310 4082 4401 7049 7467 2156 7357
17543 639 3587 4033 7101 8356
17544 970 1497 5162 5511 532
17545 639 7162 691 8367 7901
17546 1738 2753 334 1735 6197
17547 2018 3173 4658 4816 7113
17548 2447 66 2918 4360 453
17549 4350 5915 2809 6179 4055
17550 5019 5696 6605 4015 5376 4746 6602 7642 3635 6601 1456 4179 7175 2225 359 829 8395
17551 1327 3656 1346 5075 1506 7298 8016 3744
17552 6312 4401 4298 8162 8444 2008
17553 4762 1547 4781 6143 7140
17554 877 1208 2600 3775 4197 3923 6131 2828 2148
17555 1233 6213 6686 5986 222 144 6554 5295 7123 4378 3087 2855 3774 227 334 2314 3190 970 135 760 1139 1515 2705 6813 7195 598 662 871 2857 2352 872 369 8445
17556 5256 6967 1861 7292 2646 5019 5680 3639
17557 1262 1366 1791 2317 4979 42 326 602 1462
17558 5414 1181 3587 5540 5772
17559 3602 4957 6528 6225 3560 8410 8479 8436
17560 7326 5187 6275 500 5188 5041
17561 5685 3042 5026 74 468 7138 2300
17562 6979 5112 6186 6187 6197
17563 8 3073 8438 2389 8440
17564 1194 1246 1250 1896 3060 3491 6468 2152 4235 3195
17565 3732 3814 5546 6231 6440 7226 7018
17566 712 736 1115 1966 2713 1953
17567 7995 1247 2200 924 1966
17568 537 1911 2484 480 1445
17569 4980 4140 2341 3468 3105
17570 142 238 271 475 1718 2931 3400 3401 401 2960 1278
17571 1346 1910 5042 2828 4110 7106
17572 1921 4657 2006 2910 2596
17573 4569 4093 11 3517 1943 705 1460 3508 6202
17574 1703 1704 5192 1747 1748 5746
17575 6312 6309 6196 4401 8107 7691 7693 8318 5237 8449 8451 7820 8441
17576 687 245 2185 3585 3065
17577 4347 8324 6975 3560 5346
17578 397 5747 6310 6528 4082 4401 8478
17579 1611 4875 2717 7094 5660 6150 5922 6531
17580 1910 2176 2841 4109 7154
17581 3318 586 3280 4119 3964 8149
17582 2953 2956 960 4302 5665 6840
17583 2185 2691 1437 3539 8023 194
17584 4445 3849 2238 2615 6385 7285
17585 2803 4980 2605 3150 2409
17586 225 152 222 340 3190 699 1462 3873 2001
17587 4280 896 4227 1604 6023 4376 5826 4442 1949 358 598 5321 3108 1428 977 7008 8267
17588 467 970 1547 3205 3787 6121 6352 7749
17589 3418 7282 7409 3845 5026
17590 1367 448 6477 4817 5936
17591 620 4347 1306 3380 3765 4783 8124
17592 5586 2792 4474 526 1175 5516 4949 3764 244
17593 66 2803 1522 623 2605 1818 1820 7861 1653 4256 945 2184 2580 3510 3087 326
17594 1379 4231 1654 3829 7768 8248 893 2894 3787
17595 3051 3620 6129 8297 8390
17596 2279 4984 5742 661 1960
17597 7683 1976 194 599 586 8398
17598 817 1362 4860 4600 6272
17599 2286 2305 4369 5622 4256 3381 3451 7531
17600 2703 7350 7416 4089 1220 6841
17601 7 3366 5541 2974 7501
17602 3142 5130 2605 7599 3524 6611 537 7590 6275
17603 66 160 589 721 3938 3855 6439 79 173 222 532 661 879 1107 3627 3710 4435 5358 5395 5411
17604 995 3829 5008 5485 6180 3091 3227 3773 3814
17605 2185 4882 6333 6337 7666 3011 4376 8023 8094
17606 898 3195 1869 3293 5865
17607 7464 3564 4733 4900 5592 7308 7471 906 2326 7400 4175
17608 4630 6133 1133 2275 3981
17609 2843 5474 6975 3349 1200
17610 6111 1685 3417 5965 526 1529 1746 1838 5061
17611 1598 3863 4140 3849 1964 1660
17612 3588 5725 3661 4874 5225 2557 8189
17613 468 646 2962 36 194 332 500 1861 3032 5019 5238 6592 6741
17614 5266 6284 464 896 1428 6176 6926 5840 886 5839
17615 195 470 2012 2813 4574 5839 7730 36 4248 5395 6592
17616 885 1675 1815 2610 3475 4022 4122 5414 1617 2583 5896
17617 927 5241 500 3971 1009 6860 7165
17618 3176 4820 6608 7717 7742
17619 70 6722 5507 7106 7115 7629 7799 1332 2439 5782
17620 572 2224 3560 5248 833 5159
17621 4549 6511 5892 6472 334 1365 1389 2084 5029
17622 2636 6090 6186 4140 6327
17623 70 940 3004 3011 3577 3690 6568
17624 1428 3766 3934 5111 6671
17625 5177 5621 1976 5971 2363 4979 2364
17626 5153 4002 6258 7486 2565
17627 6926 1772 6928 1940 6932 1798 1976 8102
17628 833 2229 4090 4857 5485 8175
17629 1710 6511 4291 632 610 4369
17630 2484 4640 2189 3470 8027
17631 5312 1776 1074 2803 2976 3381 7572 8465 1849 1719 6434 3468 6406
17632 2034 2505 4273 5878 7156 6088
17633 4499 3964 1682 6831 657
17634 2185 2594 1807 3327 2002 3587 6235
17635 2724 2725 4463 5556 6525 7338
17636 2840 5457 2664 2305 1199 5856
17637 7093 7690 606 2847 6358 4369
17638 392 4056 6079 3766 5839
17639 928 4646 3921 2962 4015
17640 463 927 1050 4543 3181 3987 5404 5505 428 457 4434
17641 4591 804 3035 3540 5519
17642 626 2459 6201 5032 8158 8160
17643 4025 2923 4253 4994 6840
17644 3165 3602 3857 1097 1391 1159 4775 4777 3954
17645 3060 110 1730 1265 1699 2815 3899 5022 5446 6671 5311 1126 4799 76 4082 2252 2586 3007 3020 4252 4384 4385 4387 4390 4393 4398 2631 3134 6695
17646 4078 2892 5032 1922 6878
17647 2683 4370 559 3244 3719 8343 3766
17648 5906 6250 8324 6517 6924 3375 775
17649 3060 5414 888 2853 6028 7336 8458
17650 5019 1258 6007 6008 350 857 4116 390 4674 1984 6308 6494 6495 3803 6235 6282 1817 7534
17651 2703 4383 4388 4395 4384
17652 2450 3730 911 2444 3377 4807
17653 4334 1723 2973 2624 4230
17654 2668 6481 31 1546 4193 2213
17655 1497 14 361 616 1257 1382 1648 1650 1759 2279 2312 2419 3157 3181 3527 3635 4276 4372 7577 3749 3751 3936 8023
17656 2652 500 6399 8022 8363
17657 5988 6530 2640 161 167
17658 1755 1165 637 1525 5861 6429 4553 2107 3817 7737 8294 799 1888
17659 2780 1378 2773 3375 1200 2723 2954 4283 3760 3829 7551 7286 7761
17660 3265 3655 1339 2040 6672 759 1420
17661 7633 6854 5019 8339 1060 3476 578 305 7391 1067 7144 2431
17662 5063 6007 6008 7055 7562 7736
17663 4156 5112 8233 1183 1489
17664 2179 3214 4172 190 429 3050
17665 2589 3061 3416 5255 5396
17666 965 1354 2565 2623 3303 4032 4623 4708 7258 7813
17667 3186 3587 6898 6901 784
17668 1516 3510 4280 5097 5240 4549 5247 5675
17669 5647 3127 3128 6882 7884 1456 3027 4455 5444 6030 6789 6790 5582 8379 7411 7113 7855
17670 4246 326 2724 2300 6441
17671 2229 1644 1260 1353 705
17672 7246 3372 4093 4879 6337 1723 6719
17673 3151 171 1326 1507 5172
17674 244 7089 6195 3869 2015
17675 194 463 4165 5026 6197 3341 4689
17676 3056 4473 4551 5246 5198
17677 1489 1768 6186 7521 3043
17678 117 542 1919 3857 1573 3105 3376 5800
17679 5377 6473 6545 8341 26 195 463 1247 1312 1385 1685 3181 7352 7579 6717 7280
17680 687 3191 4691 7300 2484
17681 150 6387 7918 7920 2905
17682 3900 7755 7956 1338 2077 4564 4567 4568
17683 7162 2185 5515 269 1310 3764 8272
17684 777 2892 5075 130 222 1200
17685 1260 4954 622 5622 1760
17686 1178 2557 3784 4643 7113 7175 7865 8323
17687 2750 3325 6154 6474 6534 7060 7591
17688 703 702 3650 4924 2129
17689 1578 2398 7902 3560 567 986
17690 183 6019 549 247 4842 5432
17691 5706 6181 6728 18 468 610 1286 2674 4173 4710 5002 5003 7834 8229 8367 5102 7390 7996 3065 923 3321 3352 6583
17692 2746 4964 3814 4361 1602 2213
17693 2958 5187 5188 1966 2335 5969 6096 8306 2212 7883
17694 149 185 222 338 865 1039 1281 1300 4760 130 355 5205 127
17695 18 809 848 2034 6160
17696 537 705 5000 5551 970 1353 1911 3829 4640 6975
17697 895 3980 5720 6667 7065 4692
17698 1170 2349 2439 3090 5950
17699 673 2714 73 2706 3176
17700 6671 6290 8096 8442 8444
17701 5220 6370 7001 7239 1230 1427 1900 2328 2371 4800 3576 4212 5861 6049 7485
17702 2707 2657 7745 6433 33
17703 960 2266 2440 2034 819 1369
17704 6310 5460 5707 4332 7005 5647 3284 3465 3060 609 2623 4082 5077 833 5485 5915 3090 3740 2976 3820 7469 6253 3440 5210 3642 3643 4401 8094 4206 8049 6303 8410 8429 8449 8453 8496 8497 8450 8442 8443 8448 8472 8444
17705 987 1734 3295 3331 6547 8126
17706 2418 3776 4214 4807 1489
17707 2305 3947 6310 6312 1353 7969 7893 6311 4401
17708 6311 2596 6671 1734 6946 7243 5210 7969 8094 8274 8472 8444 2976 8485
17709 2891 3770 4346 4951 5505 252 764 1292 2087 4773 4810 136 6046 1523 3620
17710 1529 3536 5314 5442 5621 5864 5840 4970 5287 8347 8200
17711 27 7517 2962 4083 4248 4530 4689 66 2185 7162 7739 8189
17712 4718 6942 4365 4719 6269
17713 5041 1346 4240 5464 2484 4164 5724 6993 5040 5055 1910
17714 2852 3964 1345 3366 3617 1037 5987 4426
17715 4035 7971 753 1353 5876
17716 2748 2750 3325 6123 1105 1445
17717 6149 6145 4004 1249 7052 1730 3602 2644
17718 886 5705 6273 5069 3075 6728 7342 253
17719 6212 125 130 145 189 5875
17720 194 2002 2841 292 458 3444 4083 4955 5739 5740 5982 6082 5439 5946
17721 3227 6062 6717 6264 2614 3211
17722 4560 3799 901 1060 7799 8405 8487
17723 6314 6975 4368 6132 7313
17724 7709 478 732 773 5785 7711 859 3237
17725 610 617 896 1951 4182 6544 6612 7197
17726 7160 3073 6346 7421 2155
17727 526 2705 2748 3661 8282
17728 471 921 1547 2225 2668
17729 3011 6857 2937 5705 6634 3662 7377
17730 2229 1924 1522 2184 5061 1378 2256 833 2418 4853 1917 7146
17731 1070 4087 2185 5604 1555 2580
17732 5541 3377 4163 4983 5787 1685 5218 6496
17733 1543 6604 16 812 4474 5743 6725
17734 833 632 3138 1737 5665 7357 7399 2708 2987 6857 2139
17735 1304 2082 4850 419 2115 2125 4091 4198 1282 3618 3770 3824 6399 6537 7162 7506 471 3914 646 1560 1927 4460 4785 635 1591 1429 341 551 552 4773 2932
17736 2479 1114 1489 3036 4369 5767 7313 7380
17737 4082 3444 6195 8110 4401 8430 5237 8162 8448
17738 833 5915 3009 5435 1510 4496 6187 1573 3597
17739 6938 7049 7763 5370 6006
17740 4759 2193 3087 5568 3710 3206 3614
17741 3119 4866 367 705 6793
17742 5096 1549 500 1843 4049 5167 5542
17743 3818 6874 4367 2639 3091 3450 4823 4838 5308 6800
17744 563 1363 1883 2114 1604 8479
17745 7402 1591 6358 7376 7782 8252 5546 2634
17746 3406 3609 3480 6739 1593 1714 6814 3327 86 3233 6717 7336 7612 526
17747 262 363 1587 5220 5309 2288
17748 1477 5621 1855 6282 890 3834 1358 5614
17749 646 1910 4198 4710 6029 7154
17750 1991 5188 7626 7627 7629 7011
17751 1636 5592 6625 2809 7394 7744 1156 2977 3302 6431 8113
17752 761 1320 2668 4239 5190 3075 1131 1192 4355
17753 6819 1048 4886 1185 2791 4890 6726 1379 2061 5621 6938 1660
17754 84 1987 1484 1505 1784 1837 3288 3335 1173 1506 1751 2185 2597 2730 3745 5234 5755 6118 6188 6556 7162 8215 2396
17755 222 713 2894 6212 7603 1160 4802 1176 355 4887 5403 1455 189 698 6163 2892
17756 3073 2774 4629 5485 7428 3578
17757 1202 3016 3170 4113 5118 5352 7142 7238 3756 5174 6042
17758 200 606 4445 4617 7296 8224 8325
17759 5296 1529 1195 1360 2975 8071
17760 112 1459 1398 4973 6942 634 326 751 3867
17761 7475 7551 7555 6131 7445 3537 3829 6479 8252
17762 5129 7207 924 8248 5026
17763 6310 6492 4423 4401 7328 7893 7438 4213 1489 4670 5866 6847 2519 4705 6857 8442 8443 36
17764 533 939 911 2523 2526 924 3087 3179 5164 5691 5759 6592 1489 1821 6726
17765 3807 6975 1197 1200 5062 6655 3523 4866 3560 2971 705 2859 500 5187 3854 6630
17766 211 369 222 3207 3553 6515 125 4346 2447
17767 1847 2002 4961 3631 6685 3419 3438 1594 7963
17768 1196 5064 6202 6385 1353 3863
17769 5061 8187 6979 2553 833
17770 938 1959 2546 3151 3055 3587 7157
17771 6820 6930 7905 5632 6592 6663 7374
17772 4357 6967 7283 3758 1714
17773 7107 3060 5621 6868 7425 1908
17774 1834 3688 4308 2248 3352 3765 743 3689 7744 1723 7177
17775 723 833 4711 6975 1723 1422
17776 2678 7802 533 6496 7912 6592
17777 4441 5747 938 6358 7959 7512
17778 434 463 693 1985 5218 6284
17779 1607 2624 6012 244 1384 3006 3689 7872 8354
17780 6494 469 1032 4276 5772
17781 5666 5917 7642 5948 4463
17782 687 1515 463 4862 815 5218 5748
17783 1224 3925 753 4360 7188 8195
17784 16 1963 2495 2496 3739 4116 7031 7564 7841
17785 3923 1847 1682 5414 6898
17786 8 7 1428 2868 4280
17787 1037 416 1801 4857 4491 7543
17788 38 316 586 2484 5131 5234 6160 6188
17789 1112 1734 2534 3840 3587 1613 7231 519 5667 1428 3960 4350 5187
17790 469 1573 2305 6975 6984
17791 879 4161 5156 389 5476 661 166 164 5502
17792 17 1620 42 1497 2388 5621
17793 5339 878 4329 5547 6908 7396
17794 14 350 3161 3336 1682 316 3233 7158
17795 1206 244 328 2904 4379 4512 5273 5527 618 2185
17796 1817 918 1859 4248 2853 3594 6228 5026
17797 633 323 468 597 2484 5584 8296
17798 151 751 2907 199 1039 113 1455 1524 5379 4157 357 3201 154 6082 259 6864 222 5430 7773
17799 4915 2766 6344 6346 5046 2370 3295 2213
17800 27 1786 2490 2942 4014 26 1617 2222 6365 7731 426 3445 3476 4250 1547 2484 3842 5613 6943 7054 8346 8391
17801 6037 7996 1277 4181 5113
17802 705 3381 4369 6218 932 4650
17803 833 2454 6611 7313 7475 6600
17804 3885 3955 6141 1492 3954
17805 6062 6350 7017 8042 7302 5808 7038
17806 1969 4116 6463 5929 3189 7207 3181 36 5218 6320 5584
17807 487 970 7197 6428 7162
17808 6975 2286 2847 1489 8237 8432
17809 3572 2561 6926 8403 728
17810 2155 1489 2534 1644 2161 3381
17811 283 713 2477 4245 5427
17812 463 1578 1770 2693 2783 4023 7088
17813 5971 326 3860 4369 7005 6447 1468
17814 973 2597 2962 1685 45 1817 6758 434 5839
17815 46 2229 6483 7474 6063
17816 965 2206 2973 3391 6314
17817 2272 3921 5552 1985 2658
17818 2152 2169 2101 924 1200 5069
17819 130 135 222 339 1455 2907 7587
17820 3381 3830 4711 4857 5586 5955 6314 6611
17821 6256 7475 6364 4325 8194
17822 2330 328 1474 3071 6212 4364
17823 5152 4658 7816 3722 5644
17824 5033 923 3842 4015 5118 5400 5546 6354 6945 7555
17825 1833 7955 1847 2066 6810
17826 2602 2264 1506 3244 5955 3381
17827 817 7912 26 303 2165 3820 5887 6680 6681 7556
17828 2181 7198 8301 6608 7534 6601 4105 4164 112 1591
17829 3778 5331 6152 7728 6938 2521 2821 4337 4658
17830 5277 6537 7390 4655 26 2185
17831 6311 4401 4082 6196 8283
17832 2002 3086 5981 1353 7428 547 769
17833 2956 2359 3000 7717 7947 8034
17834 5246 99 4440 896 4442
17835 714 3336 36 4615 5376 2402 8383 5188 500 2575
17836 3176 4350 4383 5906 6732 6829 6879 7319 6549 7046
17837 464 3579 1206 434 610 1949 3156
17838 1139 1723 2163 4535 5093 6604
17839 482 483 879 1108 1424
17840 1489 7414 773 8348 6047 6186
17841 1200 2204 2773 3468 4350 5061 8393
17842 2933 4924 743 5061 1260 3018 3849
17843 3888 1784 1200 5128 1821
17844 4445 3915 4134 4636 7339
17845 3820 38 4072 6336 7570 464
17846 6192 5554 7136 7551 7758 7819 8354 8411 8429 8452 8450 8485
17847 1234 2133 3073 326 3344 2919 7170 6314 4864 6154 997 1073 7555 3414 7846 6104
17848 5800 4888 4857 526 7472
17849 1367 1723 2155 6010 7428
17850 2893 5027 50 3215 5040 5083
17851 6087 6750 3751 5810 7269
17852 2147 4355 7682 3234 2148 903
17853 6227 470 1690 2729 4653
17854 244 540 645 2229 3587 4802 1995 6933 7261 7560 8337
17855 1459 4366 2374 4116 5483 4750
17856 2305 2577 519 6231 2753 7319 1489
17857 891 5571 5788 6486 5312
17858 2578 301 795 6186 1992 66 3340 5909 3312 831
17859 6351 2066 5038 2936 1054 2444
17860 3165 5055 2238 4394 1098
17861 502 829 5026 7928 924 8166
17862 932 2232 4014 4025 6975 4140 2229 4802 1200 1723 2542 5800
17863 808 1119 7113 2549 6979
17864 5015 3954 4331 7835 4297 6255 8249
17865 5035 5721 8102 3191 8028
17866 46 945 2774 3899 2977
17867 5030 5031 5032 5033 5034
17868 1752 2561 2725 3589 4906
17869 4184 5935 1727 5238 2950 3005 4300 3021 4314 3003 4304 4394 5083 7306 1494 3183 1700 1703 2269 5783
17870 1126 2155 705 2574 4866 4872 4574
17871 2171 3916 66 463 464 6187
17872 6095 3794 3381 6924 705 1489 1712 3379 6314
17873 530 812 3863 2410 3864
17874 705 1964 3676 3764 5751
17875 3716 3017 5122 3498 6100 6768 1593 1966 2755 6108
17876 1594 2320 2325 7268 6975 4030 5174
17877 3657 2058 5262 6309 3716
17878 306 332 463 2200 2766 5167 7642
17879 3839 609 6165 64 3276 5009 7314 1945 4328
17880 165 247 1524 3286 3532 5282 7418
17881 5481 6599 6602 6814 970 2435 3289
17882 1979 7486 945 1489 6047
17883 1943 4929 2372 6580 7325
17884 3469 3560 1717 5771 7089 2492 6010
17885 3728 3929 5823 6818 453 504 4607 7106
17886 2212 426 2444 862 5840 3929 4097 2264 938 7126 891 2286 5120 815 1595 86 5344 3195 2830 5414 1130 509 511 521 1763 7444 1091 3058 4225 2299 2061 4404 1428 5125 2557 1759 1947 3798 6692 470 68 8380 5772 6815 8062 2137 7595 2178 1127 7520
17887 3004 1367 3013 5730 5754 2634 7545 8423
17888 244 594 4759 630 3641 5473 915 2750 95 1020 7251 140
17889 2378 2682 4182 4781 4785 4933 5581
17890 3211 4683 7738 1652 5773 1593
17891 7431 991 473 2928 3518 3814 238 2566 4369 4718 1634
17892 1376 3908 493 786 1670 6580
17893 3103 5074 5068 3510 1500 2396 2828
17894 108 854 3939 4941 5815 5819 5974
17895 8467 4179 1613 1861 3181
17896 610 1206 4442 4492 5752 6943 1158
17897 5392 5414 5932 5471 36
17898 619 4259 7147 6290 8409 8436
17899 67 464 1838 4165 6284 7898
17900 468 500 610 689 1200 1249 1481 1910 2868 5040 6130 7710 7898
17901 3587 6329 7976 829 7156 7978
17902 1874 4139 874 3710 5839 7195 8383
17903 3884 3242 3929 4896 8467
17904 189 1282 2892 5103 7749 2695
17905 2633 140 658 5749 4655 8071
17906 6095 1367 3173 434 1617 915 6284
17907 4379 2665 2031 7292 7579
17908 1751 4676 7666 6181 5595 6591
17909 2295 3090 6364 7235 7355 7565 2495 5038 7564 7563 3191 8038
17910 61 583 2442 2784 3792 6659 975 4445 1723
17911 2773 2238 4231 2956 1771 3616
17912 3430 1158 5652 5029 2682 3191 4008
17913 3869 6275 7106 2385 3929 2668
17914 1170 3723 1928 1341 6310 5058 6919 4401 4367 5687 6224 7952 4298 5546 7784 3142 2155 5237 8185 1850 7820 8368 1128 8482 8442 8162 1489 3943 8171 831 7222
17915 1601 1602 1077 1098 3274 7390 262
17916 7196 5218 924 1541 3327 8240
17917 463 977 1238 1428 1861 938 36 1427 1991 7865
17918 1194 1362 2152 5782 6752
17919 194 530 622 2270 4932
17920 3105 3060 3090 2484 16 6711 1346 3450 1966 1191 524 5009 1316
17921 5369 4160 6491 1502 5029
17922 469 1227 6131 7609 7742
17923 1260 1562 1207 7301 8151 7672 8325 7005 4874
17924 639 833 5167 6975 61 896 5168
17925 560 785 3903 5519 5819
17926 1539 4241 1286 4166 4665
17927 1008 1558 2668 6755 2120 6065
17928 3009 2184 2949 4253 3011 3690 6840 3001
17929 1811 3476 4140 3632 705
17930 3497 1598 3814 3277 3043 5693 5063 6058 5698 3773 7551 7662 2950 7128 6225 3829 6535 4401 8094 8295 8287 8354 3849 8453 5316 8450 8477 1492 8494 8495 8502
17931 7089 4460 5032 7809 1428 1479 3423 38 6688 7927 4612 5122
17932 56 5313 5786 7145 7819 8109 7286 8244 8429 8450
17933 1353 4983 2987 1638 7248
17934 2155 6118 6074 6186 3381 3539 5057
17935 1385 8001 1082 1367 64
17936 4245 4863 7608 6723 2130
17937 3814 4718 1086 7121 622
17938 1547 2484 3212 3223 2266 6231
17939 2007 7971 7755 7084 233 4166
17940 6231 6561 3666 3936 2484
17941 1964 705 5485 1327 2608 8410
17942 1428 195 305 4248 2185 598
17943 1160 4802 233 4666 5519 8335 1576 7956
17944 1886 3060 4355 725 987 1276 5293 6180 4804 6112 392 2570 4512 891 6717 7162 7490
17945 2028 3073 3570 4424 8324
17946 6314 2010 4002 7639 6757
17947 7100 459 7149 7654 303
17948 5717 3002 4383 4394 6573 7542
17949 2060 2418 3043 5622 1135 5953 1812 5063
17950 1563 3708 3279 2274 1018 6095 6848 6192
17951 923 7456 1369 3639 7009 7277 616 2347
17952 2561 1756 7280 4022 5314 6407
17953 7534 2664 5955 305 459 1367 3640 4480
17954 2868 3677 924 3189 3195 3608
17955 3966 2181 4599 5148 5517 8240 8487
17956 7031 533 691 819 4122
17957 4036 3759 4582 3584 1024 6241 3181 7983 3267
17958 2815 6550 537 3829 7573 7481 6314
17959 306 1516 1541 3731 6706 5155
17960 5732 4056 7257 1588 857 2226 5218 6599 7489 4816
17961 2953 3508 4857 5731 4736 4739 4935 5804 418 8249 500 7574
17962 7600 3589 7111 7579 7593 7598 31 2230 7591
17963 1352 3133 4584 5948 4015 7408
17964 262 5107 5732 5966 8308 5077 2181 632 6305
17965 1993 4666 6603 6608 6820 8181
17966 1200 2124 1681 5000 5731 4575 3526 2821 1996 2223 3374 5928
17967 4677 2275 5722 610 2279
17968 829 1511 5200 6284 8123
17969 2069 6915 6749 1298 5282 8184
17970 786 5387 5617 1324 2093
17971 3 5148 2181 3113 3195 7189 8231 1599 3181 3706 4249 4530
17972 1910 6339 1169 4116 36
17973 2848 717 155 152 249 276 2610 7470
17974 5637 380 26 5019 5621 8251
17975 1330 1492 1846 537 2128 970 1176 3990 6186
17976 6967 8023 5959 1280 3758 4544 1431 7283 6931 239 930 7318 4478
17977 3573 3635 4047 1939 3031
17978 2756 350 5187 6869 4551 4553
17979 66 6825 7703 7704 537 5992
17980 1902 71 2780 2785 2124
17981 4401 4082 8107 8108 8438 8475 8162
17982 2185 3629 4122 7547 7548 7549 1448 2286
17983 1876 7501 7503 728 533 970 2689
17984 1710 5275 4748 2127 1600 140 1035 3804 8194
17985 5395 111 463 6926 7353
17986 7508 940 3138 4343 5030 6096 8211 4276 8464
17987 500 1389 5621 924 5273
17988 2132 4206 634 4499 109 7402
17989 118 6035 7493 7947 902
17990 1353 3616 768 1669 1013
17991 8003 8004 8071 7390 7970
17992 66 2185 3718 3195 1224
17993 7956 8078 7292 643 5134 5528
17994 1352 4276 627 4045 7642 4113 5080
17995 2863 3138 1734 1847 5210 1833 3516 3731 6991 57 1367 3374 3508 3808
17996 2309 3860 3861 3756 7267 8405 8488
17997 1784 1837 1846 5062 6227 2502 1176
17998 2580 5747 7925 3373 3780 7691
17999 4850 2963 4201 6915 157 3791
18000 1206 581 2229 5543 6659 7763 7571
18001 2497 4164 7162 1165 513 521 3739 8282
18002 1589 2353 7836 5606 6886 753 7285
18003 817 829 2285 2271 4522 376
18004 693 874 924 4116 6673 4526
18005 6975 2315 4183 5426 5719
18006 1910 464 5782 2484 2061 5261
18007 164 4854 247 3216 760
18008 920 4575 6534 1171 1334 2668
18009 3637 4122 4414 4476 5621 6605 245 7434 610 3444 3638 4235
18010 2155 8143 4802 4994 6584 6825
18011 3560 6178 2238 3391 7609 7758 3150 5022 8410 8411 6314
18012 1599 3578 5792 6494 6739
18013 1757 6310 6671 1810 7147 6848 7714 7157 5439 8023
18014 7248 246 1394 5230 7300
18015 3751 5276 5545 6553 1648
18016 2286 5433 6367 6392 6877 4401 99 1928
18017 7656 1702 2456 2532 6228
18018 469 470 546 978 5321 7180 7555 7556 5366 1425 5317 87
18019 1682 610 963 1975 5721
18020 7490 3193 5245 4173 5050 7832
18021 1849 4532 2157 526 4140 5112
18022 3730 2384 2723 4715 5016
18023 4822 4851 3829 8273 8290
18024 1831 2708 5336 3977 6086 2657 64
18025 92 537 2458 6186 1850 4886
18026 195 464 3803 6333 7642
18027 1723 2605 3561 3013 5062 6359 4600
18028 2509 3768 3739 610 3539
18029 2803 4206 598 1512 1539 2066 5815 7005
18030 2418 2615 1845 1934 4140 4311 4325
18031 705 1200 6732 3379 4658 6063 1684 5622 4383 3176 827 575 707 6477 3650 2777 8361
18032 673 4221 192 833 4429 4907
18033 4347 2803 1200 4866 2702
18034 97 4660 6233 2229 8194
18035 855 6242 3538 6480 2002 5142 6036 5143 5369 5519 5972
18036 1940 4422 16 1157 6663
18037 2121 2225 3444 3461 6300
18038 6978 7457 2152 7032 7142
18039 1545 4276 4022 5622 2094 3501 3729 5058 5642 39
18040 558 2770 5142 2077 2114
18041 2279 4655 5747 4082 7662 3643 7466 7969 8220 4401 5235 2315 8385 8434 8278 8443 8451 1213 8444 8378
18042 2163 2450 3419 3835 3931
18043 940 8435 5075 777 7773 7436 3791 148
18044 895 3195 4122 6607 6602 809
18045 4092 1553 8073 1589 1631 2437
18046 6734 5621 112 662 5383
18047 5 837 3607 3921 6264 2630 3925 3107 5442
18048 8282 1481 2270 1617 885
18049 4785 5621 7076 40 303 1817 2678 3227 4163 4249 4689 5129 5200 5900 7188 829
18050 6284 812 1529 1545 3227 6854 7643 995 7510 2225 3189 459 2382 2880 303 500 1817 7222 2203 6060
18051 6336 2867 6846 767 7571 8383
18052 3571 6509 5451 3292 5783
18053 2189 3438 4116 5153 7040 2885
18054 4399 924 2183 7398 3820
18055 500 890 1221 1183 2081 3560 2286
18056 3095 6310 5237 8441 8162
18057 3727 6074 4744 3246 4998
18058 1682 1545 5026 5019 464 5991 6739
18059 6312 7145 8448 8449 8451 8438 8442
18060 3658 7794 3917 66 2272
18061 1346 6601 6604 6854 952 1194 6599 6603 7501 8207
18062 705 1156 1203 4658 6975
18063 2858 1350 5698 5702 1723 8111
18064 2787 3971 5058 572 1887 2136 2137 2800 5085 5427 6829
18065 3442 4556 547 6465 4094 4095
18066 2565 1206 8305 2238 2624 2694 1924 1723 5731 7581
18067 4294 4560 4355 489 5569 2336 7500 3576 4538 6331 2515 3860 2514 73 4286 4293 3463 8022
18068 1056 1470 1847 2372 5802 5928 7921 775 7521 7792
18069 6186 6187 112 924 6603
18070 1343 5777 6788 2445 5346 5690 6202 7093 2185 4264 331 463 812 995 1372 1634 1723 2288 2819 6600 6604 7097 7387 7450 3829 8010 5916
18071 2668 5366 1836 2312 6197
18072 6310 6312 6449 4957 7453 7924 1910 6588 8111 8293 8108 8451 8453 8418 8473
18073 463 693 4474 2962 6197
18074 1648 905 1249 846 1624 3076 2148 1187
18075 3766 4996 5691 7499 4862
18076 2375 3851 5788 3510 7939
18077 4587 596 971 7978 1024 350 3820
18078 829 5019 5026 5857 6300 6301 7092 244 3728 5170 6695 7105
18079 1505 1702 3782 1545 2789 3340 1087 3287 3323 3075 3584 4523 4522 2800 4912 2236 53 2730 6198 839 2778 3310 3381
18080 2578 5064 2840 6178 7744
18081 3060 895 898 4060 7086
18082 1833 1115 775 1135 3381 3953
18083 3107 1682 7591 1752 2148
18084 464 857 1707 1752 3213 7899
18085 2225 5486 5526 6092 6093
18086 5621 500 3944 5200 5454
18087 74 4082 7655 7233 4401 7695 3293 3736 7356 8442 6455
18088 928 1369 1546 2226 2231 2162 3134
18089 5064 2555 1086 499 5430 5461 6922
18090 3804 7435 5892 6124 1682
18091 632 2002 5552 6943 463 4183 8270
18092 657 1147 1427 1065 8098
18093 2117 2185 3814 5804 7018 7683
18094 2260 4116 66 5118 3284 2868
18095 502 928 2403 3105 2279 1228 753
18096 750 5070 5263 5830 5962 6590 227 663
18097 888 267 1224 2212 101 1500 1653 5188 6509
18098 5621 6314 5153 8092 8302 2557 4112
18099 320 6314 7177 5665 6358 937 4073 4099 7040 7971 5465 8225 4702 4014
18100 6191 7925 8442 8125 8414
18101 29 171 2308 4206 5
18102 1924 3417 37 6656 2108
18103 5747 6919 8278 8275 8442
18104 332 2509 3990 2238 2608 64 622 5055 6250 6659 2982 7947 5312 7093 1833 3391 4134 5056 5397 6095 6202 7445 7521 7792 7810 602 1644 2933 3115 3124 4140 6098 6264 1685 5061 4113 3808 1077
18105 6320 7027 7873 7966 7737
18106 7469 7170 4401 7449 3643 8108 8425 8428 8471 8438 8440
18107 5055 2978 3065 4177 1413 1540 5130 6882 1286 5191 995 1471 6509 7666 7997 3338 2457 8314
18108 1015 2151 5771 1423 830 1810 7307 1644 5400
18109 500 4825 6085 4441 7055 3683
18110 1968 7496 7735 5621 7007 8472
18111 3197 3774 7835 1573 6975 6825
18112 1170 1578 1924 2864 1342 1519 2953 2708 4073
18113 5073 7848 8023 7618 3587
18114 4996 5026 6266 6263 7162 4163
18115 892 2051 2023 359 6374 7971 7972 2053
18116 118 5763 6331 945 66
18117 2066 5164 2608 244 1660 3381
18118 1734 2956 3043 5621 5955 1367 3829 3830 8258
18119 4654 4655 5265 7475 8023 1159 2608 5499
18120 1967 1249 1966 1928 2417 4957 5282 6489 4863 191 8058 7951 7594 7714 3737 715 255 8486
18121 2697 1353 1367 1755 1002
18122 5062 7733 4924 6810 4484 1142 4535 5061
18123 26 7050 1428 4280 5314
18124 1928 21 245 327 2580 22 2639
18125 7776 886 3929 4550 4551
18126 6143 924 6496 8178 7900 5839 3476
18127 160 4448 242 243 6019 6490 189
18128 1547 2271 2065 3149 7162 2042 7907
18129 5452 2526 4935 1833 732 1156 1294 2523 5873 1781 460
18130 464 1685 1975 1559 6496 7911 7353 2259
18131 7353 4282 5026 7106 7504
18132 617 4383 3388 6 3560
18133 3483 4140 5112 1001 1492
18134 1220 2707 6275 6632 1941 4020 7023 7998
18135 471 7510 464 2819 2289
18136 1547 1705 3181 513 1589 5892
18137 1723 2256 3720 3990 6012 6517 6938 7604
18138 6079 7252 3719 7188 8308
18139 1196 2705 2706 2230 3323
18140 262 1846 4082 7146 7147 7714 6196 7438 7715 7157 936 4414 8019 831 2846 8275 6202
18141 2328 3814 326 2272 1428 6980
18142 848 929 4785 6592 1280 1547 3936 434 464 602 1647
18143 468 1032 896 3389 1375 195
18144 5688 5569 2286 940 3440 3039
18145 2484 8164 857 2872 5637
18146 1746 4082 7453 7662 4401 6330 8185 8451
18147 1748 6310 6311 6224 3445 8049 5866 6721 7691 7692 7693 8316 8318 8493 8442 8443 8444
18148 3398 6506 3032 7501 8344 140 753 6313
18149 66 1249 1462 2976 3005 3212 3788 4510 4733 4943 6051
18150 2378 4545 2969 3936 5840
18151 4445 6385 2207 2755 4802 4738 5397 4740
18152 1975 6842 2170 4867 8267
18153 3226 6962 7922 819 4026 7487
18154 916 3373 3016 5297 2750 5296 5298 8042 1887 1897 2834 3325 2286 5884 7060
18155 5906 1723 6477 4084 2534
18156 1587 1346 1870 3966 4882 7953 3564
18157 1234 5967 608 1211 2152
18158 195 1881 1646 521 1620 2185
18159 2994 923 3995 8044 2378 4612
18160 1259 1966 2013 3564 3803 3845 5026 5525 5691
18161 470 1568 1584 3943 6765
18162 8321 4328 5034 2440 4394 164
18163 2734 2738 4375 2418 2847 5095 574 1489 3073 2837 2683 3188 2302 3829 5917
18164 468 848 1194 1540 3389 4379
18165 2580 2602 2828 3921 3922
18166 195 705 833 1160 1644 2066 2189 7955
18167 26 303 3149 5623 8214 2185
18168 3100 3381 4347 3098 7986
18169 896 5621 5739 7250 970 6600 6604
18170 424 1173 1428 2364 3211 3305 3587 8196
18171 130 176 720 721 1524 2892 6095 1304
18172 113 2087 2111 5832 5960 6418 6723 7043
18173 4229 3814 53 1219 1682 4668 5546 3642 2382 4116
18174 469 5728 5460 5936 8201
18175 2962 5721 1682 898 6284 500 2315 1588 3273
18176 4164 3869 1802 938 5759
18177 351 1135 2238 743 8325
18178 705 6378 6765 7383 7622 6431
18179 7086 7642 4183 2955 2670
18180 1255 4506 7176 711 2791
18181 7587 376 1299 1524 6102 6554
18182 5026 3116 3090 8023 571 6201 2652
18183 2985 4493 3510 6833 140 5385
18184 1712 2155 1164 1367 2915
18185 5011 5355 3399 2382 353
18186 1250 2013 3637 5125 116 5414
18187 6310 7662 8438 8440 8470
18188 8 2708 3303 4663 5308 3004 3021 3898
18189 130 2119 6023 708 3587 4430 7276 7437
18190 6798 876 6344 6347 8003
18191 303 1573 1807 1817 2949 3376 3507 4512 6407 575 1586 2840 2855 3258 4002 4252 4866 962 778 6534 435 470 1976 6066 6197 450 1266 4377 8355 616 2962
18192 5627 4013 4649 99 6684
18193 1512 2660 2667 2770 6987 468 2200 3343 6036
18194 5773 4644 5414 5421 7866
18195 610 646 4440 5273 6468 6544
18196 6239 1489 4319 2066 4317 6857 6830 3022 5820 6442
18197 3663 4119 3621 5272 1756
18198 1531 2137 3191 5464 8007
18199 4520 399 273 7109 170 4430 6507 4245 6420 6915
18200 3105 2718 7464 8464 5041
18201 4295 6058 6756 6857 961 5561 7892
18202 3565 6133 3829 833 5457
18203 4787 3105 6385 2439 7032 6547 1958 2625 1900 3343 3030
18204 6864 784 382 1295 4904 5095 7146 4802 7438
18205 5244 6032 6259 7185 3031 3758
18206 7305 4350 4623 6270 469 3764 3923 7696 6269
18207 1205 1910 2561 3443 3915
18208 166 588 910 1353 3093 3188 4684 5262 5346 6760
18209 2514 3011 4285 6271 2950 4987
18210 3875 2229 953 2019 1929 2750 1991 3606 3374 2301 6123
18211 6314 705 1644 6162 2238
18212 1200 6825 2817 5730 1353 2204 3560 5346
18213 3730 1089 1207 6109 6850 808 1529 4651
18214 5217 6857 935 6358 6053 8227
18215 1723 2066 7609 911 1734 2736 3707 1833 7579
18216 4828 3060 1617 3039 5570
18217 1947 4467 73 2668 3917 7276 7579
18218 34 6500 1080 3804 8247
18219 892 66 2431 4383 3576 4052 2441 3964 4318 5595 7796
18220 923 1712 2183 4756 6878
18221 472 3213 3952 4462 848 1417
18222 7005 2484 3993 463 687 1346 1817 1818 2200 646 7642 2185
18223 7534 222 6441 4407 225 7428 3084 26 3619 1817 6236 6237 4530 6235 3073 3578 8383 8407 134 4429
18224 6449 6915 7468 5275 7198 8360
18225 128 1682 2225 8023 842 4224
18226 1489 2187 3353 4381 6732 6829
18227 911 895 1490 7674 673 2901
18228 705 1260 3765 1924 2506
18229 6508 90 1493 1555 3903 7637 2706 5645 829 2178 680
18230 3918 4281 5453 6122 6943
18231 2229 4802 6239 1604 610 2755
18232 1194 1346 3167 4164 7502
18233 349 938 3335 2483 7162 3587 7648 2826
18234 1818 3404 6804 8053 8084
18235 1158 4116 5344 5878 5218 5026 3710
18236 6310 6195 7434 3373 8185 8478
18237 1285 4710 5319 6049 8230
18238 1979 2586 4369 1485 1489
18239 847 382 3644 358 5695 6868 1162 2566 7856 3019 2032 571 2436 3321 4116 3338 4665 3222 4303 5057 7302 1489 3188 6732 6258 2039 2555 3263
18240 500 3773 2730 1887 926 3028 1869 6556 2685 888 1700 2260 6032 2845 1703 2719 8249
18241 1744 3095 2808 4655 6461 5029
18242 2684 4337 1589 5224 1993
18243 2419 5014 7742 7744 7745
18244 924 2173 3756 1552 1853 7944 7960 4655 6614
18245 21 2782 5755 3676 7528 886
18246 2538 3870 6571 537 1519 1712 1723 2155 3730 3838 4921 6651 3857
18247 6723 7429 186 468 1685 1896 2149 2646 3618 3640 7052 4437
18248 2484 4767 7743 7817 945 991
18249 1503 1746 3800 3942 2342 5243 3867
18250 4532 2229 1260 1206 833 1249 4533
18251 1764 2420 2271 2853 2857 398 879 3804 4179 2273
18252 3866 3867 56 1423 4602
18253 475 6810 1423 5485 1941 7521
18254 6034 8189 5227 6592 7443 5285
18255 2225 693 658 5907 6509 4420
18256 3283 3308 3309 7560 7642
18257 3587 4446 4667 1212 2893 4099
18258 596 846 2299 7628 7695
18259 1707 2011 3511 4509 5840 6284 5468 4796
18260 463 464 5019 924 5002
18261 41 362 166 879 801 2991 3197 1440 5371 2413 1245 1467 2109 4090
18262 795 5857 1604 3091 6050
18263 924 2065 3936 5840 7802 464 7637
18264 296 2185 3223 3719 4199 4472 4800 6195 6452
18265 2367 4531 5034 1545 4281 1763 4996 4989 6678 2857 5031 2650 7157
18266 5311 1493 3903 5138 8457 4152 4452
18267 2189 1304 5577 5832 2087
18268 937 2628 991 4710 1316 3417
18269 5621 5125 1969 521 511 24 1630
18270 56 3946 6310 6311 6528 4423 4401 7551 2156 7969 6225 3642 7356 7014 8287 8275 8295 8433 8451 8450 8471 8444 8088
18271 1694 1267 1367 1442 1734 2605 2664 2976 3102 4091 6915 1821 1756 1907 3954 1902 6098 6447
18272 1206 2668 2727 1817 3436 4207
18273 7429 856 5358 5371 1081
18274 6686 4140 2484 2566 5862 6475 7450 7521
18275 3147 1496 3404 6536 7451
18276 691 829 896 4655 5026 103 1516 1836 2853 3916 5019 6399 1354 2904 3922 4440
18277 2207 526 2534 1833 7531
18278 3039 3379 6431 1329 3377 2821 3835 5928 3391 6162
18279 5581 6358 1576 5836 3691 2563
18280 351 6 3073 6880 4206
18281 2359 4203 284 416 1455 6646
18282 1706 2400 2580 7498 945
18283 200 183 724 187 1526 2453 189 2635 2894 2043 4854 202 5066 256 711 1304 2963
18284 673 1361 8109 1492 4871
18285 2050 3774 262 687 4181 8337 7162
18286 533 3166 812 1250 1810 1910 2875 3210 3344 5188
18287 5502 158 6973 1455 121 4490 4202
18288 3371 521 595 916 1569
18289 36 2299 2300 3215 5841 7665
18290 1439 2269 2959 3088 3314 3896 6439
18291 519 1540 4379 5032 7113 5031
18292 3974 4594 2185 888 3805 3624 8022
18293 6312 4082 7049 4401 8479
18294 2185 2560 5860 8464 66 1249 1480 1843 2484 2766 5552 1250
18295 2819 4212 3925 7192 8060 939 3344
18296 2918 3815 4794 2919 7311
18297 3241 1540 4862 924 6426 4710 1956 4179 7189 932
18298 1260 3953 2639 3923 5915 56 1723 3391
18299 2256 1825 3137 3468 3381 7842 8038 8055 8290
18300 6264 639 1993 5621 8189 8174
18301 1924 3799 3990 5105 6247
18302 6533 5579 6943 7776 5900
18303 3602 4179 3165 890 8383 459
18304 36 5232 3113 7269 8230 5376
18305 1949 2261 7313 2060 3582 3818 4369 5258 5273 6612
18306 1609 2348 432 7175 4973
18307 295 3031 4724 6341 5832 344
18308 1723 2155 3829 5581 8361 269
18309 4179 5699 6867 2853 7912
18310 1529 4110 5083 5026 6068 3290 8413 812 5118 4276 18 89 518 609 1957 2265 3371 3563 4445 4497 4800 4898 5946 6854 1313 1600 3587 4082 4440 4514 6663 66 1221 2385 5240 5929 5579
18311 5961 6590 2087 663 6470
18312 924 1363 3799 4476 5266
18313 509 516 517 895 3901 515
18314 1211 1553 3845 6940 5691 1079
18315 2711 2032 5747 5746 4362 7922
18316 1547 1690 1545 1682 1817 4113 1261
18317 3830 8388 8389 1309 2571 4347 5351 7717 2124 8361 7696
18318 1415 1416 26 303 636 4008
18319 2484 3147 4680 8149 4679
18320 2841 3477 4710 5026 6057
18321 5857 99 3191 3969 7921 5608 7630 8073 8337
18322 5580 2919 3042 4440 5188 5547 5641 6617 7751
18323 2585 3639 2225 3587 6458
18324 1803 4862 814 815 1574 7490
18325 1471 1769 2410 2535 7355
18326 40 464 466 4522 4549
18327 2956 7323 8255 2361 5397 7904
18328 3003 4867 5520 5521 152 225 3623
18329 5273 2933 5016 5498 7040 8070
18330 3039 4379 5132 6956 1316
18331 1829 6276 2308 3758 3707
18332 3510 6838 244 2697 3427 2696 2339
18333 3618 500 2123 2181 5721
18334 6314 2155 1833 2238 2624
18335 1617 2185 3925 4644 500 4828 409 508 720 1990 2894 2963 4448 6435 6790
18336 5403 5206 6917 4926 5778
18337 8296 610 6909 511 521 3189 4163
18338 5786 7819 4980 8289 8483
18339 1625 4140 2238 6570 6975 2648
18340 634 4122 2892 3130 113 3281 7642
18341 5747 6671 6919 6196 3642 3643 6195
18342 1939 3497 3499 2714 6310 5727 6857 7136 4082 4401 7758 4298 7959 8066 622 1712 3381 3560
18343 4105 1925 2420 7553 3678 6911 8189 1516 1655 4958 6645 7056 7490
18344 2411 208 879 470 666 166
18345 1044 5344 610 6926 519
18346 572 1949 4961 5947 36
18347 898 3195 5238 3222 924 3189 3404 2883 3957 5403 4547 6163 7915
18348 36 504 2185 3435 4785 6275 7654 50 1376 2205 2378 610 5275
18349 7254 1447 1547 1312 1685 4704
18350 1055 515 3776 4105 516 3727 3901
18351 1975 7390 1617 5621 939 3845 4943
18352 3124 7162 7886 663 160 248 6669 4432 7235 6964
18353 408 3179 7109 5358 7711
18354 2261 468 1428 1540 1861 3766 5019 5032
18355 1034 1520 1861 2818 7443 7501 8363
18356 1167 4646 3293 6455 3736 7000
18357 886 1249 1250 1578 1869 4644
18358 4072 7808 898 1540 5936
18359 1547 2152 4710 7489 924 1617 6670
18360 7823 6337 6957 7949 552 4953 7436 8390
18361 2803 7500 3417 4154 3139 5971
18362 3625 558 3234 5634 6466
18363 1604 4022 5116 5444 6197 4024
18364 4475 4285 5395 7953 3630 3814
18365 2626 8176 940 1597 4313
18366 5197 2571 4708 7382 8290
18367 2176 4903 1262 5611 787
18368 831 2621 5776 2264 4519 5033
18369 2036 5616 5819 4088 3625 4436
18370 3226 2396 3929 6073 2580
18371 7096 6845 3468 7107 7005 7236
18372 5761 753 6674 5910 7355 8038
18373 56 1204 1522 4650 2135 833 1249 2275 4252 4369 4535 7392 903 4196 4383 5800 8027
18374 1060 1361 1950 2534 5026
18375 2909 1618 807 4050 4417 2598 2988 4014 1505 1702
18376 1833 1578 4347 6260 2607 2028
18377 1673 4980 5063 5622 228 622 2418 7324 705 1353 1723 1462 5188 1200 8083 5112
18378 3189 5756 6869 3587 4113
18379 2750 2753 4276 66 4155 8323
18380 680 890 2750 5200 5864 3325 1505
18381 328 1584 2517 5599 5621 7011 6509
18382 2289 3148 3200 3149 6062 7035 8042 2724 5594
18383 563 1950 2243 2279 2736 4369 8115
18384 3863 674 3885 3955 4980 6192
18385 533 8034 3166 3406 667 5982
18386 3886 4917 833 1719 5955
18387 1682 5468 6592 7195 6906 7422 7647 7650
18388 6314 705 3829 8262 3765 6611
18389 2095 4876 1130 5394 6895 4889 2794 4105
18390 2418 1367 5188 3730 7840 2257 3090
18391 1683 5107 3481 4990 8326 1249 1255 3337 5101 7464 7857
18392 380 1050 2834 1581 7404
18393 3723 6193 6920 6671 4957 4401 7145 8303 8277 8278
18394 1160 962 3176 5581 1924 1200 2608 1847 4079
18395 1428 4586 4835 2670 4547 1881 3156 3404 3957 4940 6313 6982
18396 5165 6998 126 355 288 183 2891
18397 2078 5298 5113 6911 7138
18398 1966 8369 140 42 1674 2687 3508 7343
18399 5786 7551 3005 4401 8113 7455 8295 8065 8354 7416 8244 5325 8406 8426 8450 8502 2976 8483
18400 2626 3946 3005 1545 2710 5747 4336 6310 6919 7951 7721
18401 3381 5915 6179 4061 5073 194 4025 932 6720
18402 160 4229 5929 412 3736 3481 5801 6195 2185 5546 7984 2527 4017
18403 4405 5339 1734 3009 7024 8468
18404 3849 4575 2153 469 1200 6209 3523 6132 7570 1907 320
18405 2688 3708 4894 1763 4800 1815 1249
18406 2170 631 2110 3321 1861 3049 7326 2544 5224 6427 7243 3834 7302 8364 8383
18407 1642 5064 3506 1921 6621 1200
18408 2155 3570 2780 3379 3849
18409 1601 610 3756 4345 5414
18410 3829 2766 3691 5836 2124 2867 8175
18411 3820 6264 519 526 924
18412 532 1148 4105 5716 6458 7516
18413 2185 2484 4916 5511 5641 1428 8467
18414 5746 1250 1676 4116 2018 2978 3060 3531 2903 5622 4957 3991 1115 938 2470 7160 6095 6098 5191 4082 2731 1617 7243 6333 6337 7969 7998 7952 6275 4401 7911 3752 7579 6330 8220 8146 7113 7115 8360 8472 693
18415 4812 337 7558 328 3173 6642 5176 3197 2402 5063 3485 1902 3013 2220 4252 8443
18416 435 1193 7857 5038 5926 6452 6635 7982
18417 1784 4821 5081 6156 1942 1249 8423
18418 4224 6154 5276 2474 4828 5076 3450 3173 3524
18419 1583 37 4736 4739 7617
18420 1861 1879 3325 4415 7503
18421 4833 5982 3757 3922 5749 7443
18422 6273 3134 6187 3649 6979
18423 1448 2061 3365 6069 1095
18424 257 1469 4658 189 409 3858
18425 2072 3936 6275 6758 6816 7106 1178
18426 1158 3921 6615 5242 3925 6653 6863
18427 2197 3475 3563 3602 3766 4185 7787
18428 3004 7636 709 945 4035 4191 5437
18429 2174 2066 6979 3497 3499 3947 5786 7146 7136 8019 8370
18430 5157 915 1418 914 918
18431 709 3653 6444 6822 165 6719 6488 6530 7325 7999 2965 4451 4992 6129 137 3532 7610 552 4801 5764 179 198 2352 6974 5282 6745 370 7942 750
18432 1685 4015 4785 1547 6333 6337 5342
18433 3363 3814 3150 7475 1628 2153 1260 6152 705 5953 7005 1920 5316 3955 6358
18434 1573 4206 2229 3863 5762
18435 999 1971 3950 7005 1578 1056 1589
18436 3173 5824 3090 6690 7668 8046 3777 2271 8005
18437 140 602 795 2427 5218 7165 8256
18438 7465 1483 5113 2184 5210 2473 4119 1164 8049
18439 946 6979 8460 8361 7297
18440 6810 7162 332 1371 3977 2368
18441 2066 89 1437 526 4866 1578
18442 2503 1644 3765 6518 542 1604 6594 2933 1667 2305 7403
18443 463 4358 7863 7965 6284
18444 7500 36 815 6496 7351 8119
18445 4610 6338 36 1066 7122
18446 2668 3602 3165 896 2002 3087 3841 4120 4379 4704 4710 5026 7540
18447 2089 2823 3227 3778 3909 4243 4711 5055 5083 5232 5622 7639
18448 194 4512 4377 602 1324 2909
18449 2715 2021 1603 8181 473 896 7157
18450 619 1568 4407 1874 3669 5915
18451 1228 1843 2646 3541 5472 5621 8024 8023
18452 1012 5523 3528 7578 7857 7858 7859 5857 7590 244 2997 7409
18453 5552 4904 6314 6358 5580
18454 367 1006 1367 368 366
18455 1531 1738 1735 2227 4445
18456 293 2125 4755 4952 5958
18457 29 97 3073 536 6854
18458 3725 5061 1491 2441 4142
18459 1160 6852 1578 2139 5836 7779
18460 349 924 6604 7055 923
18461 67 1104 1247 1250 3095
18462 1367 1378 4728 1847 5955
18463 2962 5747 2477 4082 45 245 6284 434 6545
18464 500 1613 1885 3244 3653 4549 6250
18465 885 374 3556 880 6033 6102 6284
18466 2918 4164 4690 6494 6978 6493
18467 1160 6095 1176 6098 307 3468
18468 3073 3723 3947 5747 6310 6311 6312 6449 6193 6920 4082 3085 7146 4401 6290 7892 7819 8107 8109 1206 8220 8292 3148 8227 8411 8278 8428 8427 8453 8450 5237 8093 8125 8436 8448 8493 8474 8472 7068 8476
18469 2484 4600 2718 6722 500 6314 228 672 5056 5061 2906 6562 5622 1723 2821 2612 2155
18470 924 5276 2065 1647 5492
18471 569 2021 2292 2487 6334
18472 978 1271 3668 8459 2545 4014 3817
18473 5017 6333 6335 6650 6479 7055
18474 916 3596 705 1644 4947 2155
18475 1979 2529 3689 4255 5706
18476 1204 3060 3212 4560 4733 4978 5857 6893
18477 1552 1682 6093 3276 2286
18478 7 2531 1218 4767 1821 1019 2280 4759 1160 3102 5286
18479 1159 3516 7717 8468 753
18480 3914 1714 2219 2328 4049 5122 5880 7263 6154 165 4448 5401 6501 7112 7603 373 422 2087 3186 3240 4850 6129 8000 8376 130 225 313 6489 612 3653 414 4955 5432 6762 7826 8184
18481 2401 2599 3329 147 255
18482 7113 3094 3414 3825 4195 2440
18483 4733 4267 4359 7234 2032
18484 7667 1578 2868 1003 616 4710
18485 3073 3497 3499 119 1552 5747 2441 5786 7551 1200 4640 3217 1644 8094 6095 6314 8220 8065 7356 8287 1682 5164 971 2976 5581 8427 3560 8448 8368 8442 8444
18486 939 726 2962 5609 5840 1817
18487 3983 3990 575 1489 3560
18488 5747 6310 6312 6449 4401 4082 3444 3445 6224 7693 7691 7692 8096 3776 8316 8318 8421 8451 1213 8443 8442
18489 112 4144 4327 4758 6235 6505 6663 8288
18490 5064 3150 5124 7040 6810 6865
18491 6310 7147 7453 7951 7952 8112 3373 8096
18492 3353 4440 4820 5882 7457
18493 1812 3094 3100 4822 1723 6133
18494 212 3554 3555 419 8261 237
18495 64 3090 2213 2185 633
18496 3560 1229 2293 4836 6010 2039 4190 5621 1404 782 4581 3428
18497 6314 4866 2953 2973 2063 2595 4384 7661
18498 5121 5130 661 3853 3855 7703 2681
18499 2022 6465 6846 7956 8115 2028 2029
18500 3145 4062 1545 1516 1073 7672
18501 2847 4442 4862 6943 7393
18502 620 1834 2274 66 3476
18503 3158 4130 5140 3235 4015
18504 2259 2132 4508 5609 6788 6997 1682
18505 638 2219 4216 3277 4888
18506 1139 1428 2032 3191 6601 7503
18507 3189 924 5525 6153 6601 7488 8061
18508 5034 5031 6004 4615 5033
18509 519 1707 2759 7053 7089 4122 5965 7506 26 3325
18510 1430 5706 6049 6181 1751 262 2798 8481 4676 7280
18511 4333 4352 2519 1200 6975
18512 196 210 793 1512 1538 1539 6242 7608 8009
18513 2250 1821 2780 4468 834
18514 3519 3804 7002 3111 7873 7966 8016 6032
18515 1263 1541 1752 5839 7698
18516 4830 5943 1143 4703 326 6479
18517 26 2933 7490 7672 7742 3191 3807 5377 7744
18518 1588 915 3677 5839 2962 5969 6988 5840
18519 1512 1588 3165 7113 2176 2904
18520 1516 2272 3060 2594 7165
18521 2374 5420 7809 468 1104 1910 5621 5971 7807
18522 3073 2897 3704 3277 5809 6611 3630 1833 7521 1723 4903
18523 1254 6673 6423 6931 4710
18524 2625 4526 5468 5840 1462
18525 3073 308 2216 6056 4384 4331 796 983 1806 5016 7921 1719 4888 5620 383 8111
18526 5915 2124 3343 7323 1950 2465 7113 1423
18527 225 227 264 2355 5066 6120 153 1281 240 3623
18528 831 7428 7631 1469 2553 3654
18529 1378 3829 2233 1833 394 6975 7005 7576 6013
18530 1489 53 646 3302 4351 6464 6632 6640
18531 4474 7056 103 459 693 1194 1817 3678 4940 7054 8329
18532 5061 3829 2131 2229 8021 2060 6852 7184 6572
18533 4140 3250 7955 7994 8383 50 4379 4680 7993
18534 2138 350 2983 7425 7293 5056
18535 17 3077 7079 3264 4948
18536 3597 3867 1895 190 4875 5819 4043 2179 4881 5302
18537 6239 4840 4913 2634 3529 2730 6472 7827 6407 6926 7144 38 6578 4617 6652 6975 7534 2286
18538 1428 2267 5621 36 1514 1489 3936 5839 5895 6758 2750
18539 66 5747 6566 4082 7401 6746 6754 4401 8406 8383 8442
18540 6110 4454 4264 66 2853 5339 7755 4560 4369 5892 6495 6228 5505 1914 2147 5982 6654
18541 5642 1544 1505 463 1178 77 3271 1657 6717 4599 7629 8042 5672 6062 3342 2747 2748 5296 7353 8126 5863 2185 8264 7877 5297 3582
18542 2488 7540 66 945 5630
18543 3030 3604 924 1346 5645
18544 1060 3773 390 6860 3107 7536
18545 1034 620 1639 1584 4230
18546 1999 3138 11 6310 6312 4082 7136 7893 4401 3642 1234
18547 1721 1851 4338 3533 5466
18548 735 1249 5439 5577 1856
18549 314 2484 2194 2990 2991 479
18550 3353 6098 4888 4319 6059 7641 7640
18551 3857 1200 4857 6672 6314 6975 6931 3859 3010 3560 7624 8341
18552 5055 6144 4482 5782 1362 6790 2271 5032 7257 5938
18553 4083 4248 380 900 4763 4249 4530 3587 4442 73 1427 1428 1991 7300 4372 4900 5191 5790 812 3785 66 2918 2919 7344 5629 5653 6726 7496
18554 1015 2161 6258 82 2950 3004 4089 6733 6857
18555 4116 5131 1437 3327 6115
18556 6389 3070 1018 2739 3443 3818 4248 4293 7456 3677 7162 7251 610 1199
18557 99 321 322 2658 5511 924
18558 2885 4358 5007 5472 6282
18559 924 7048 7054 5277 5344
18560 1462 1506 1971 2766 2888 3191 3325 4281 6048 8149
18561 1194 1542 1869 3223 6956
18562 2185 2828 4486 2485 3946 2794 7162
18563 577 2989 3039 3779 4141 5731 8302
18564 2813 3091 4719 2739 363
18565 7106 1744 5188 3929 6354 8300
18566 364 924 7401 4401 7959 8451 8125 8414
18567 2185 6810 2826 3863 5751 2288
18568 269 5622 4102 4980 1823 3924
18569 978 4255 4385 4383 5474 1200 1489 3038 702 6516 4393
18570 5444 1423 6004 6050 6375 6840 1157 1594 4291 4785 6855 500 4286 66 3814 5621 6197 6231 6440 7390 2549 6979 6980 1211 6186 6187 7398 7518 7781 8463
18571 1685 1588 5133 2639 8337
18572 6534 1752 1578 6797 7349
18573 3149 1399 5870 3773 6942
18574 1611 2093 4827 6274 6531 1669 3823 784 766 6580 494 7477 7478
18575 5427 1619 4649 2213 77
18576 2596 932 2398 3018 3801 4196
18577 5162 463 464 693 815 1375
18578 190 233 5819 3228 4498
18579 995 2819 924 5486 4281 4785
18580 6095 2710 6021 6745 3207
18581 5569 3848 646 4460 7557
18582 1910 4583 5180 5589 7690 7875
18583 4276 2382 7777 8062 305 4574
18584 2452 4380 1295 2635 4239 2451
18585 1353 3427 1492 1734 2803 3764 3854 3954 7217 7357 7572 7895 3773 7169 7394 575 2766 7574 1057 2595 7313 5346
18586 1927 1529 7223 1335 4119
18587 165 276 1295 1524 4727 5282 5505 5932
18588 6441 4190 7031 8463 3773 2406 7351 6980 8010 687 689 7898 463 4105 7039 3397 1234 3814 2205 2439 756 814 1809 3476 6942 66 1790 2117 7252
18589 194 1770 1952 2205 3435 3974 489 3181 3252 4083 6748 7748
18590 165 3051 4934 6767 8396
18591 3957 4825 996 5454 3814
18592 1497 5839 7195 4542 78
18593 1702 2064 16 4836 1976 6313 1617 4488 977
18594 924 923 1516 2185 7162
18595 2138 6825 767 1102 4161 5305 1199
18596 6016 8001 2664 3470 4369
18597 18 920 1547 1898 1927 1316 2169
18598 896 5637 1501 1999 831 2750
18599 2264 7521 8356 4179 8383
18600 462 1669 1672 4276 3313
18601 1020 497 545 4456 5412 785 2114 6819 1967 8147 6292 4619 6497 898 3195 3352 4164 7032 7142 7143
18602 2155 3923 1086 4025 1200 6314 3924
18603 424 2940 7096 7313 7356
18604 6372 6773 2562 5055 5056
18605 295 1299 2528 4162 8297 5380
18606 598 1589 2962 5218 5574
18607 3891 4652 2019 2729 4549
18608 5916 537 1402 7731 7024
18609 7110 135 125 127 1491 3657 7132 663 5404 4091 5358 5405 5357 5362 691 5360
18610 4348 6428 6883 7201 7202 3971 4336
18611 833 3835 1234 6179 3583 3977 2579 7717 2238 4857
18612 2868 2918 1045 1046 2185 5341
18613 998 833 1014 2204 1011 5456 3715 1540 4379 7859 5525 1858 3605 18 898 1194 2385 3189 5730 6825 6498 7185
18614 64 49 2311 7921 7398 2092 2155 8117 4710 1515 463
18615 3321 1978 2962 575 4503 8411
18616 447 4466 3531 3149 3263 2019 2020 5439
18617 2509 2656 3226 7977 7982
18618 4396 4393 1467 4398 6857 4384
18619 321 633 890 1861 7047
18620 1343 4858 8143 1342 1423 4268
18621 253 3860 3951 6264 7292 7579 6263 1249
18622 2505 7113 7249 3991 8355
18623 4461 4564 1833 2272 1852 7071 4050 7420 8036 1077 5008 5337
18624 812 693 2271 1914 4173 829 3401 2204 229 7291 850
18625 20 4394 4383 4384 4398
18626 786 1589 5998 7146 7313
18627 1353 6314 1644 2505 1501 1921 2238 2997 3013 3030
18628 5273 6159 667 7514 4113
18629 1354 5622 7680 2820 6840
18630 2551 3001 3004 3003 3391
18631 109 2526 4980 3002 7804 2218 6195 7293 7339
18632 5062 1823 3829 5372 6572 3377 3720 6027
18633 470 1092 5621 187 644 1300
18634 6684 2335 4537 5609 5971 7496
18635 1488 3804 328 470 5195 3128
18636 4687 6133 673 1489 2748
18637 3814 3091 6980 5630 7731
18638 1160 1682 4822 6218 7005 2310 1238
18639 4001 4000 4054 3013 2548
18640 1847 3990 697 464 4119 5019 3181 5696
18641 3060 6326 6465 6069 7005 2271
18642 7852 1836 2668 463 7855 6490 708 713 3677 4235 6473 7560 1600 8194
18643 602 3766 3936 5019 8251
18644 1372 991 3060 73 5057 618 1428 1437 1449 1927 3325 4595 4976 6813 36 3587 5377
18645 2155 2184 3510 4857 5322 833 2342
18646 1285 7549 1428 1445 2375 3717
18647 1052 2434 2669 3972 942 1780 2225 3242 3639 2725 2755 1952 2562 2737 2750 2264 5511 4574 3877 6551 4060 5510 6978 7981 4876 350 667 4229 7277
18648 4460 6333 1540 1752 7292 1547 4932 2619 7983 5721 6612 4958 470 3191 4785
18649 1910 4800 646 3966 4379 8359 1428
18650 3640 5764 1455 259 279 2453 7767
18651 109 5625 1604 2220 1489
18652 5391 613 1143 6634 5088
18653 5984 5252 5563 6390 66
18654 2552 3520 6015 238 2998 3152 4619
18655 3007 6703 2256 1573 3376 6053 2703 4089
18656 3086 4866 2229 1393 3997 8220 8034 5732 2526
18657 2904 3060 3685 5188 5609 1588 4537
18658 833 3324 2977 1833 3304 3317
18659 1506 7365 152 6813 7942 222 225 7036 7579 8048
18660 7551 4369 7313 7474 7308 6047 6611 2155 3829
18661 1512 2455 1228 5087 5621
18662 3549 639 5916 2688 3614 1682 3681 6997 6788 8324 2751 4631 1465
18663 3632 4924 5953 4054 2010 1489 1423 5335 6595 1847 8234 2204 7571 1833 3468 5056 2143 7572
18664 7240 2382 1966 2853 5273 5645 6377 3336 4615
18665 6250 1036 5971 4176 3452
18666 1414 2954 5019 3676 4549 6312 928 5026 7136 6535 8220 4655 8410 8449 6239
18667 5041 7177 2002 3039 3426 4852 7940
18668 50 2484 3545 4680 5300 5552 6468 7485
18669 2066 200 3889 3326 3354
18670 1880 428 3638 6611 7957 3977
18671 6311 6427 4715 7136 2184 4082 4401 2580 117 7551 5301 8132 8134 500 6330 8220 1608 8065 3373 8221 8479 8185 8368 8443 8438 8444
18672 628 610 2090 5586 5947 564 4231 3937
18673 693 2836 3509 3637 5787 6603 7836
18674 2664 3955 7555 7731 8252
18675 1428 3759 667 1730 1604 4280 3814 3498 6671 3149 4970 6145 1024 6370 5790 4440 6522 4646 6049 1175 8467 5752 638 2720 903 4754 2225 2406 7278 7192 6854 6539
18676 7195 6534 99 463 500 8383
18677 1617 2185 3685 2826 2484 2828
18678 2184 3415 1489 2163 3467 1353 1865 3560
18679 1249 5412 1753 5439 7542
18680 2279 3119 36 3039 610
18681 7198 810 6313 6795 1318
18682 26 924 1817 4530 5026
18683 3098 3100 4383 4623 7397
18684 504 618 2266 2938 3959 4531 5043 5750 7501 7992 8383
18685 2312 1120 5759 7371 5042 7400 1116 4083 4277 8340
18686 2638 6049 6568 4310 5433
18687 6980 4468 4989 1733 5317 7194 77 2470 4120 7443 1089 1090 1916 2431 2440 3322 5344 4786 68 1365 2084 2184 2580 3510 2457 2459 3372 8047 8048 6860 7906 2057 4782 2645 522 854 7971 1428 470 7255 8130
18688 1370 3957 4116 4474 5314 5709 6603
18689 6310 6191 6193 4082 4045 5221 4401 8146 7692 8442 8418 8444
18690 5545 716 5032 4678 6919 7756 5275 5999 3971 2819
18691 639 1640 3090 3925 5691
18692 1617 4469 4710 4882 1846
18693 586 3150 7217 8237 8348
18694 831 2976 4206 7742 3013
18695 3248 1194 1540 2484 5570 6180 985 1542 7256
18696 42 194 599 2962 4529 5376 6930 7562 1224 2260 5375 6441
18697 5017 5123 5355 5759 5839 5841 6758 6982 7056 7490 326 332 434 463 464 532 533 534 812 817 829 874 939 1127 1276 1462 1511 1529 1588 1595 1599 1647 1685 2484 3147 3758 3936 4105 4279 4280 4545 4646 4824 4940 5019 5026 5052 5242 5414 5568
18698 5126 6399 5026 5609 667 6854 3404
18699 4828 3587 26 1817 4249 2958
18700 3847 5188 6028 4733 7092 1191 3141 7262
18701 464 687 1723 3374 3438 3764 5491 6012 8006
18702 4828 4294 3815 6793 7542
18703 557 1611 2505 2717 3487 7094
18704 2135 1184 1265 2033 2133
18705 1576 1996 3004 3013 3138 3688 4322 4395 6358 6732
18706 26 1858 2264 5453 1564 2084 5224 5683 5684 5685
18707 1506 1734 5730 1588 4980
18708 6717 7152 7810 2148 3232 8383 5598 8112 470 944
18709 891 924 1104 3925 2766 4820 245 16 1728 2185
18710 1136 1719 1847 3377 5112 5967
18711 341 750 293 1082 5445 2057 5312 2930
18712 1821 1160 1924 2953 3483 3830 4857 7093 2238
18713 3020 4331 6512 6503 3470 3506 4243 5309
18714 556 784 851 2007 2039
18715 308 2751 3548 6548 2328 2708
18716 1455 416 3618 5505 189 4953 200 1292 127 185 3640 5941 867 340 148
18717 6034 900 963 3915 3916 4276
18718 245 470 1213 3916 4099 5614 6823 3541 1976 6984
18719 7710 244 526 1249 5327 600 646 2057
18720 6186 20 594 7273 6440
18721 3212 5158 7162 1199 4503 4862
18722 2475 3445 4365 7177 6168 1594 2713 5329
18723 2278 4018 793 1272 2680 3381
18724 5063 1024 4382 6865 4381 6234 6027 2478 4383 961 4255 4395 4384 6132 6134 5802 3764 8255 4862 5326 2142
18725 622 767 1519 1924 3374 3379 4709
18726 1389 8275 8277 8383 8185 8442
18727 1887 5638 8023 1971 5769
18728 2513 6252 1458 674 3764
18729 1638 537 4093 1200 8177 5307
18730 244 332 610 924 1194 3966 4067 5374
18731 2730 6074 2145 7997 8200
18732 4154 1687 3320 99 4632 4692 444
18733 3688 3689 6056 1134 2814 4394 4398
18734 195 3090 1971 4170 487
18735 4276 5654 5258 1219 7875
18736 1031 1437 4374 3716 3912 3925
18737 5026 8016 6645 7562 6405 1428 5597
18738 1846 4310 4802 4804 114 2755 3940
18739 828 1941 2933 3807 7493
18740 4179 4144 6466 5946 7302
18741 890 2185 3560 6595 5061 5474 4075 6355
18742 2505 4898 5454 6362 1685 2429 2011
18743 2984 4454 1226 3406 5849 1353 1497 1723 1833 1858 3766 5525 5675 5678 7247 7345 7742 2264 6264
18744 1437 7993 91 468 646 2050 2137 5414 7390 7801
18745 693 5234 4871 6228 3271
18746 1199 3326 3342 3358 5751 8003 6611
18747 3756 1428 1732 2147 3439
18748 4311 4325 4333 7038 7761 5620
18749 379 406 3534 6448 6664
18750 4902 3732 3814 2185 1362 4336 938 3138 4583
18751 1497 652 955 651 6758
18752 464 874 896 1063 3082
18753 1013 1733 1267 5915 4347
18754 112 714 5115 8023 3633 3635 7642 1228
18755 534 1496 1853 4031 7534
18756 6310 6311 6671 4082 4401
18757 2853 3096 673 2523 6975
18758 3174 6956 8249 753 4464 5019
18759 833 536 2113 2372 2519
18760 339 1300 2082 4760 5975
18761 7089 854 6321 1700 1703 2136 3031 3788 4793 5212 5628 3514
18762 2894 2891 3533 113 2509 3054 4898
18763 6109 6112 4057 6831 5054 7402 2921 6863 2136
18764 3043 2933 443 2862 5690
18765 4857 5058 1489 3829 7181
18766 10 1114 3725 3726 5282 139 2755 4140 1846 155 165 777 779 780 1420 6767
18767 190 429 851 3197 3938 386 1721 2077 2114 6744
18768 939 1682 2176 5739 7326 7756 7943 8076
18769 2894 5404 248 3640 5358 2965 160 5405 416 2027
18770 6097 1151 7559 8112 2056 3073
18771 1011 990 7072 7129 2536 7230 4748 1619 2639 5001 5321 444
18772 1130 1506 3079 3344 3345 4804 5845
18773 1833 1924 833 1200 1361
18774 36 3236 6323 6604 7487
18775 1821 3740 675 3150 6975
18776 3946 6492 4401 4082 7128 7969 5237 8383 8426 4074 8450 1131
18777 5915 1917 417 441 4928
18778 1200 2608 3468 4600 6314 6659 7570
18779 4401 7339 8411 2739 8476
18780 6787 8273 4597 7805 1723
18781 1404 1934 74 3451 3638 4870
18782 3601 771 1611 8034 6694
18783 953 7503 380 1588 3041
18784 1952 7776 988 4549 6231
18785 1242 1244 1489 1917 2664 6179
18786 2229 5514 7712 3011 6975 3930
18787 17 4850 3656 186 188
18788 6314 5936 7572 7313 3176
18789 4734 464 2962 2885 6854 939 1318 1817 2170 3173 6545 6284 5019 7664 5892 1050 1952 6867 7072
18790 3959 5027 7318 7807 8336
18791 2729 3165 5439 3264 4693 6563
18792 2019 5083 1488 2762 395
18793 1863 4530 2668 4577 6534
18794 649 6690 6691 924 1634 6689 1552 6219 3603 7164
18795 3197 7534 305 4758 6318 2500
18796 149 160 419 420 2409 2605 3554 3555 4654 6994 273 721 2561 2803 6611 1734 4655
18797 125 284 1467 6321 2894
18798 1286 6605 6607 6599 6606 6854
18799 6447 3102 5546 2803 6979 6810 4857
18800 4802 7712 92 674 1142
18801 348 5745 1270 1886 3212 8128
18802 652 3943 5582 111 3295
18803 7243 4082 4401 6195 3643
18804 3830 566 2803 2807 2867 5501 6769 2015 7940 7954
18805 1545 1552 1557 6358 995
18806 3110 4091 258 3237 4346
18807 2060 3897 4140 1234 4206 5815 1723
18808 2853 2608 1234 6980 5546
18809 1489 2523 3176 6378 6708
18810 5061 1588 3510 4038 5111
18811 2482 4394 6132 6385 7146
18812 468 2148 4733 5581 6599 244 595 616 1613 3321 5621 1269 6671
18813 4718 8280 425 3814 6197
18814 7716 6034 2883 1885 3482
18815 3727 3756 5581 3149 5031
18816 114 1437 1975 5258 7292 8068
18817 4051 5581 5851 6095 8151
18818 4811 7016 1381 3223 4199 5485 1083
18819 2033 2990 4548 6231 7369 53 3341 7585
18820 1369 3639 1035 3493 5375 6652
18821 8295 8430 8471 8472 8431 8162 8444 8474 8442 8473
18822 896 6149 1973 1974 1254
18823 3849 5666 7609 2207 7904
18824 1738 1786 4509 5262 7782 7783
18825 5458 1378 7128 7119 7995 6314
18826 2638 3571 1762 2637 3262 2747 3264 6609 3788 1414 1428 4280 7549 2483 3587 2185 2668 6403 5663 3039 5069
18827 779 167 780 5837 2902 2932 279 1536 3657 2092 4091 6514 4342 5402
18828 2139 2891 2943 3640 4203
18829 5624 8122 928 8023 4710
18830 6311 2507 3800 6943 7469 3642 7170 3925 7449 7401 8112 4401 8134 6330 8107 2258 8317 8278 8421 8443 2008 8470
18831 833 4644 1159 5853 2542 6611
18832 7519 4348 1440 4360 6203 6504
18833 902 2289 4442 597 4543
18834 2894 5459 705 3176 7742 4350 4283
18835 2514 3814 5760 1397 3801 2985 3860 7981
18836 2266 533 36 602 4958 5376 7250
18837 5505 1302 4091 273 7132 1508
18838 866 1300 148 4760 5655
18839 4156 118 3829 1135 1719 3375 6517
18840 4480 2853 5025 4626 4020 2721
18841 2967 4985 3895 4338 879 2414 4342 7561
18842 2886 2191 5618 3060 5130
18843 17 27 91 7858 8012
18844 662 3445 4643 73 3072
18845 1274 3529 6877 1593 5727
18846 4957 66 4082 7147 4401 7453 8453 8471
18847 1785 800 802 1245 2779 208 1100 113
18848 5465 1005 3720 4079 8038
18849 1228 1593 3879 5621 6101
18850 39 3377 6285 1412 5016 898 1991
18851 2694 3829 4924 5346 3560 4666
18852 4401 4082 8318 7691 8442 8475
18853 4689 27 5144 4235 939 938 6895 7534 4096
18854 2803 4229 8034 8094 8325
18855 3980 6065 2123 6334 7912 7914
18856 2163 4570 5793 3601 828
18857 4401 6330 8108 8429 8478 8449 8185 8330 693 8431 8442 8444
18858 1554 2204 5953 1849 2534 7475
18859 66 2668 955 1927 1516 618
18860 5701 5700 3576 4676 6181 2835
18861 4676 5861 6728 4355 5624 6181
18862 463 1682 1685 2256 3284 4179 4369 2196
18863 2456 5991 1745 3576 5651 6603 6688
18864 6653 7893 2977 2156 6825 7998 3643 4401 6195 6196 8049 8075 8133 8132 8108 1200 6721 8065 1260 8295 8385 8451 8453 7820 8426 8162 8503
18865 1293 3617 6200 1508 4564
18866 244 322 2484 4476 6604
18867 1512 785 1539 1947 4379 7971
18868 2833 3920 6558 500 689 1552 1988 2185 2834 5390 5721 6494 7162 1591 4440 2909 6524 66 1459 1579 2750
18869 1353 672 1516 3469 7577 5485 8269 7545 8039 7492 3009
18870 14 1531 2118 463 1743
18871 113 1833 2155 130 2207
18872 7320 3467 2484 5567 350
18873 1027 4487 5999 5450 5738
18874 1917 3013 3003 3015 6416
18875 2953 7622 8342 64 932
18876 66 1892 620 4441 4536 7127 2152 463 1515 945 1617
18877 4710 4785 5787 1316 2271 597 442
18878 723 1200 2384 3150 3353 6264 2767 6945
18879 113 2891 5165 2892 4245 2635 6451
18880 3497 7551 7923 2977 8094
18881 3360 4116 6328 7273 4866
18882 3863 7350 1573 3038 6830 1644 2524 7967
18883 280 421 4760 5646 6341
18884 8 5242 5747 6311 4957 4486 7438 8132 8244
18885 45 534 691 5017 812 815 4165 7899
18886 6459 2364 7371 3638 6350
18887 6310 6311 4082 4401 8433 8448 4826
18888 4669 3647 4927 879 883 7740
18889 1746 3721 2705 2706 3002 7542
18890 323 332 1423 1682 2121
18891 5057 434 2849 3936 4165 5218
18892 713 66 4854 709 247 126
18893 4644 463 4750 5414 6425 7910 7911 8106 6333
18894 4087 2934 4056 4363 4614 85
18895 3610 7977 885 2137 2586
18896 3539 463 955 3327 5676
18897 1367 3508 2953 2207 1833 6131 2687 1865
18898 4622 3955 461 1463 3857 5915 3094 6202 3043 4924 2520 6807 2524
18899 3130 3676 1516 2969 3984
18900 928 2225 2819 4281 7271
18901 917 1836 927 6028 3757
18902 8425 8185 8448 5237 7820 8419 6812 8088
18903 7162 2073 2185 2289 5277
18904 567 851 1539 3866 3867 4490
18905 2200 1633 2132 945 1997 2229 4866 2238 441 504 1423
18906 4372 6133 1723 2867 3829 1979
18907 1050 2308 2484 5167 6894 7390
18908 5056 1847 8237 6314 5790
18909 6822 164 497 2892 4448 563
18910 829 923 925 1682 833 1973
18911 7 3047 4061 4206 6570 7816 7521 1660 6258 7136
18912 6284 3678 4222 1030 4015 1893
18913 2811 1381 7474 7814 1734 1920 5622
18914 6131 4685 5963 663 283 225 339 340 2894 151 1865 2635
18915 940 6155 6676 2713 431 5369
18916 2718 5494 4183 5367 2418 6442
18917 4119 1847 2605 2976 3447 5312
18918 1367 3953 3382 3375 3278 3454 4625 4904 4408 3595 3007 5776 354 1615 4711 7986 1644 5093 3513 1886 3765 2287 4579 6753 4044 6445 3483 4503 3440 6857 1467 6383 2890 6925 1917 4071 4384 3023 3674 8290 4002
18919 3814 908 5971 598 1817 250 7361 105 4155
18920 2999 56 655 7475 7162
18921 1061 3526 3725 3726 3816
18922 1629 4347 5331 4580 2151 3467
18923 841 1912 2010 5737 5739 5621
18924 3862 4802 3379 504 674 856 2908 3560 4108 2386 3039 3968
18925 6231 4004 80 8411 5840
18926 4956 5075 1506 2952 7308
18927 3428 284 953 2561 1339
18928 1581 1241 2155 2229 537 5075 7049 5916 6189 8354 8450
18929 5141 7503 4105 5840 5839
18930 4401 4082 7147 5210 3440 3642
18931 5064 464 4476 5052 2962 829 2973 6958 2644 4119
18932 2286 3138 4440 5385 6400 1164 1165 2185 2224 3004 3150 4071
18933 3716 1576 64 21 3284 3715 3512 7559
18934 3746 5747 5344 7758 4298 7551 8094 1874 7434 8303 8244 8278 8385 8448 8449 8450 8451 8482 8486
18935 1825 2229 2155 705 6058 3930 3334 6616 6840
18936 1951 4103 5677 5678 2094 3815 3602 4489
18937 1301 709 1572 2834 6301 6603 8412
18938 4440 4441 6204 7940 8056
18939 64 2607 1599 690 4935 4445 899
18940 3024 4423 4401 7147 5621 7969 820
18941 2664 5249 2817 6314 3725
18942 4007 2669 7873 878 1428 2705 3001 3264 8353 2009 5651
18943 650 1540 3105 3223 7579
18944 2264 6175 3321 432 3284
18945 3818 3264 3736 7342 6264 2185
18946 6920 7339 7434 8158 8385
18947 40 1511 1817 6044 4119
18948 990 2671 5019 3197 2088 464
18949 656 1388 1975 5672 7475
18950 1768 4377 5377 3845 6592 5544
18951 464 954 1148 1617 1815 1836 2289 3030 3676 5246 5525 5574 7326 1850
18952 373 663 2071 3240 4937
18953 83 6284 6473 7253 6716 5019 6593
18954 2125 457 2115 5379 4779
18955 1833 4268 4877 4917 6431 4903
18956 7106 18 592 5211 6912 5124 5482
18957 1023 4723 1012 3774 5810
18958 633 896 5750 4789 6874 907 2933 6147 6197 662 2815 4646 5993 63 1927
18959 993 978 6186 6197 7731
18960 350 3077 7103 4442 2724
18961 470 6600 6608 4776 6601 505 111 2404 2804 6876
18962 4230 469 1489 2418 2933 3094 4450 4857 6784 7673 1723 2846 3468 7329
18963 479 166 791 800 801 1245 1525 1440 1441 389 661 207 3647
18964 5313 7005 2649 842 3137 5800
18965 4116 6604 4173 3327 5344
18966 1084 4646 2868 3587 4122
18967 4914 2957 5038 6483 6516 44 776 4473 7158 1502 1697 2641 6479 3597 4450 4857 5042 6202
18968 3744 1286 1617 3925 7176
18969 3587 1100 1554 6439 7566 1790 3332 7708 483 6504
18970 819 1908 3436 3922 6324 7327 7489 7579
18971 12 848 533 467 534 3663
18972 6095 6098 3091 3266 3814
18973 6235 6545 5872 1393 1817
18974 6937 4116 5019 5583 6599 7970 470
18975 3643 4549 1260 1595 3936 468 876 4249 1589
18976 2956 7304 3707 729 731 1221 4140 4806 7407
18977 3386 6125 1712 3539 4857 5577 578 5732
18978 2948 7574 4002 6857 3007
18979 485 1132 2565 5546 7376
18980 5583 95 1164 3959 7326 5798 1189 1430 4401 3031 4973 3754 6831 7068
18981 32 932 2492 4223 4580 5045 6119 7827 1363 6075 4216
18982 6018 3709 3147 5542 500 1041 6473 4377 1163 2137 1139 3222 1354 3536 1966 4599 6592 1947 8005 17 2549 440 4082
18983 2585 3124 4677 3658 2544 3640 6045
18984 1966 5525 1250 7464 3908
18985 7475 3467 5906 7474 5622
18986 1137 5621 444 8403 53
18987 1590 639 640 8079 567 4452 4490 623 922 1913 2292 1788 1983 2495 2496 4068 4372 1321 1670 2114 1512
18988 4928 476 4619 1524 401 1325 1507 142 2454
18989 2124 3277 4666 1423 2736 2807 3343 5056
18990 842 3518 1557 2933 5731 2224 5916
18991 6505 1751 3677 6455 3358
18992 533 3448 7149 7796 2459
18993 7982 3677 3344 1626 7235
18994 220 2892 4276 6212 7112 6998
18995 332 997 2964 500 3476
18996 99 1125 1568 1675 2646 2821 3090 4372 4442 6227
18997 3539 5602 8128 6196 1428
18998 6312 7850 7851 3642 8146 7356 2374 7853 7799 8472 4660 5782
18999 350 5546 7376 7556 7555 6195
19000 5178 3022 3150 6035 4189
19001 911 4710 928 1529 817
19002 5767 705 6720 6999 8404
19003 5728 5063 6975 1755 4931 7194 2396 1353 4243
19004 5026 6197 939 3289 463 693 8189
19005 2060 1160 2229 731 5061
19006 2395 4194 5010 2396 2580
19007 3974 2034 2664 5551 7176
19008 1228 2417 2858 2200 2590
19009 1463 1160 5622 3251 5994 3060 3353 5751
19010 2229 932 1847 7521 6975
19011 3033 245 2982 463 464 896 1428 1589 1985 5198 1861
19012 3213 5859 464 829 1545 2826 5839
19013 464 705 3150 351 2608 3440 7248 7792 2987
19014 42 955 1881 3456 3584 56 2819 3568
19015 470 1431 5026 3766 6714 5344 924 8076 8189 7590 2331
19016 1723 2238 2624 933 3407 3188 8253
19017 1527 1454 125 311 2635 2894
19018 3508 2289 7292 79 8269 8289 4179 1200 932
19019 549 4846 5034 1991 4379 5058
19020 4986 3381 6810 1309 1799
19021 4365 2515 3123 7441 3881 2580 6087
19022 691 1545 26 2294 4281
19023 898 2015 4537 5444 5933 5954 6184 7875
19024 426 430 2933 3886 3988 4079 5187 5316 4282 6447 1831 6359
19025 6502 2694 5056 2238 4140 7761 4994
19026 1156 1056 2335 4471 1492
19027 4535 2229 5138 1014 1353 4347
19028 6231 1377 3481 1428 2185 7398
19029 4990 938 4823 2471 2218 1362
19030 5200 5732 6955 2225 2097 2573
19031 8189 36 244 6690 7336
19032 6312 6449 4082 4401 7022 8482
19033 1197 5061 4035 6614 7294
19034 5485 6133 2151 8151 1723
19035 932 1505 3033 8200 1682 5622
19036 5211 5847 1072 3918 3917
19037 6671 1563 7837 8112 8107 3373
19038 3714 6471 407 5056 7828
19039 2252 2802 6383 2529 5704 2253
19040 64 2225 3766 4196 3917 1932
19041 4898 4900 2740 4122 6778 5583
19042 1318 4401 8094 8220 7821 8378
19043 5289 8327 4353 5334 5669 6777
19044 3191 3412 3502 6717 5030 5033 6583
19045 7427 490 2140 1319 1367 2287 3731 1512 3278 4035 4658 130 4073 717 2692 7585
19046 4280 16 1428 3642 7907
19047 7661 394 5766 5953 8361 1924 8193 8313
19048 3912 427 1241 1281 5379 6128 4536
19049 5227 5395 532 693 1427
19050 854 3572 6588 5113 217 2826
19051 76 646 2137 4416 849 3019 831 2707 5590 2221 8252 1051 5032 1205 5918 1928 3976 2204 3212
19052 3005 3007 443 705 833 1765 1912 2132 2152 3468 4140 4666 5055 5308 6054 7070 8100
19053 6046 3203 1524 1303 3590
19054 468 2110 4703 833 3918 5781
19055 4747 88 5284 1459 2185 3741 5211 1099 609 7129
19056 5150 790 789 1773 4136 6580 8143 4866 5582
19057 4276 997 1940 1529 6926 4464 3191 8352 2831
19058 4622 1604 3073 6178 2207
19059 6525 6173 6877 2309 2324 7267
19060 945 6186 5414 2967 1367 3533 6246
19061 1966 3280 6426 6335 1530 5473 3450 7546 7905 66 500 812 5904 7910 7911
19062 1578 7004 1821 5134 6975 2139 8066 500
19063 4122 2610 8008 3993 6265 8365 7851
19064 6569 5508 3728 7219 19
19065 4082 4401 6290 8421 1529 8475
19066 2892 1846 6253 340 5976 833
19067 1957 2347 1825 1845 5132
19068 505 3814 1044 1694 2853 1065
19069 96 609 4933 814 6028
19070 3105 647 7816 7127 1607
19071 4140 3394 6410 6413 6415 6840
19072 3925 1843 4800 1381 8023
19073 2953 3391 2553 397 3341
19074 1199 2682 7720 5511 7223
19075 3083 4522 4612 6068 3963 2505 7790
19076 795 5579 5703 6949 6665 2185 332
19077 5958 1241 5358 167 582 1715 6915 196 427 5976
19078 4670 7836 7557 1194 2853 5083 5849 7115 7223
19079 2856 7005 4405 1442 1443
19080 3073 51 4904 2176 5346 6509
19081 5183 5621 2954 5019 332 602 532 6283 1752 534 1545 1601 7054 466 5892 3435 5388 7899 7900 8189 3044
19082 3607 533 534 2147 3639
19083 3188 2781 2614 3476 4378
19084 3918 66 103 3429 2668
19085 3917 7371 7873 3918 6062 5035
19086 228 1367 2248 2538 2571 7494
19087 6456 1489 2803 2056 2086 3863
19088 3195 3587 5314 5583 6423 7390 7709 8301 726 1984
19089 1932 4231 140 1734 7088 6303
19090 1886 1903 2572 3142 7954
19091 1723 7005 6938 7868 3468 4628 6516 7604 6683
19092 469 4711 5937 6202 705 2608
19093 504 1356 7106 5414 7353
19094 2973 3379 7872 3508 1573 6618 3333
19095 1250 2169 2603 3118 7297 244 2347 3543 8224 36 50 468 1479 2378 6473
19096 1669 2031 18 453 1286 4224 1051 3060 1285
19097 846 1847 3707 4008 7632 1160 5485
19098 5407 3314 3964 6867 4793
19099 3814 4007 4179 6149 6145 5238 8079 5332 2586
19100 1234 7819 3022 2812 3003 3343
19101 7243 4401 1264 8442 8443
19102 1817 3191 3539 5621 194
19103 3807 594 4319 2933 3468 4214 6432 898
19104 2780 2785 3029 4232 2784 4025 4369
19105 1203 6016 6813 6937 4480 4883 7557
19106 1200 1784 1832 3888 6975
19107 1999 1353 2238 1367 2838
19108 4798 1589 1599 5026 1428 817
19109 1952 500 610 1254 1791 6854 6494 1984 5121
19110 1541 6735 605 782 2831 987
19111 1540 1759 2104 6468 8038
19112 3990 2333 2956 3377 3830 3831 1378 1723 1873 7274 5095
19113 3829 2333 7881 5622 5870
19114 3090 66 2185 3060 5765 3118 6159 6953 7884 3925
19115 3191 7081 463 2868 3352
19116 610 323 1206 1137 4519 1556 2294 4515 1852 2484
19117 8102 213 3622 6369 1206 2541 5346 7944
19118 6726 7249 1439 1679 2420
19119 1961 5754 4652 5736 2104 3339 7671
19120 1966 1880 2536 3762 4329 2603
19121 4258 2599 3014 82 3004 3005 3015 4317 4318 2812
19122 18 1012 3806 3231 5776 3602
19123 6616 7590 1979 7231 4323 907 1435 4501
19124 141 529 1319 238 7503 8392
19125 5899 7982 7984 7600 7593 7590 1503 5115 8167
19126 1617 7033 4161 4056 6467 6473 7113 4781 1118 4264 7577 1139 1634 3764 4460
19127 970 1648 3615 4512 350 4590
19128 6915 2927 3554 3555 167
19129 3946 5747 6310 4082 4401
19130 7262 8040 1249 5685 6771 7519
19131 1846 2229 7269 194 1975
19132 7127 3325 6997 1949 2415 2750 3188
19133 61 1847 2295 2976 5326 1208 3176 4574 5963 7987
19134 1817 3284 7009 464 924 7861
19135 538 684 2996 889 4096 2868 4060 12 636 3189
19136 4878 6509 3576 1341 1504 2156 6159 1234
19137 4644 6788 3188 52 472
19138 8407 7643 8408 8424 8480 8508 8509
19139 3105 3073 2634 5458 2286
19140 1115 7113 886 2525 3097
19141 797 2677 2966 5005 5156 5305
19142 166 2411 3852 6429 4237
19143 306 4441 1949 4470 3090 4379
19144 2950 3007 5021 5550 5704
19145 5019 434 466 5017 6284 6426 6496 652 6644 8120 464 2271 2680 3434 7621 3437 7055 829 2065 2266 7490
19146 463 533 2264 2484 3191
19147 135 130 1122 3640 5066
19148 3043 5058 634 1837 7869
19149 924 3156 4710 5487 2368 3945 5414 6977 7922
19150 5330 7239 3197 3060 3336 2771
19151 3091 605 679 1080 4823 6498
19152 6753 1489 6659 1924 6202
19153 1644 2972 4032 5485 3391
19154 5040 2190 4472 2353 1362 5192 5421
19155 2973 2953 4640 4866 3381 4369
19156 6076 8034 6845 5728 8354 2860
19157 20 1372 2113 4489 4651 5064 633 2443 4701 470 1166 1608 3707 5727 6195 7252 1682 5656
19158 691 4776 5733 1802 4606 6821 2540 3822
19159 1327 3765 2229 4140 4822 8269 8382
19160 50 434 468 610 1617 2050
19161 3064 5413 4105 639 3049 2110 3060 7390
19162 565 2023 3540 1621 1512 2487
19163 1271 2061 3372 3058 2725
19164 2849 6337 6425 7195 305 3191 4781 5026 5492 6333 8007
19165 7056 140 463 2185 4474 5621 7195 5840
19166 1018 2680 3195 2271 3008
19167 3820 5058 5969 7113 3090
19168 2670 2073 2123 5674 1332 5388 6740
19169 2081 3521 7418 1304 135
19170 7276 4320 4440 4442 3404 625
19171 4278 1204 3927 1022 1428 1964 2229 3047 4681 6271
19172 5064 5704 6314 4980 5622
19173 1821 2657 3440 4585 7128 2989 3779 4347 6440 507 7273
19174 1384 2526 5728 622 6945 7829
19175 829 1545 2225 8321 3444 5900
19176 633 7509 888 939 3601 1008 4721
19177 130 7183 340 345 5962 5961 6590
19178 4401 7691 7693 8448 8162 8486
19179 2578 6186 5474 4285 5061 4670 6658 945
19180 6985 6909 228 269 7144 7162
19181 3928 4212 7265 5030 93 5314 1634 831 6690 3510 5113 8131 2580 7056 5826 649 6641
19182 526 932 1200 1847 1183
19183 970 7317 464 4782 7197 7276
19184 143 2930 3190 4239 6014
19185 595 3639 5224 8355 3289
19186 555 168 3427 1644 2248 2973
19187 3631 3477 6553 6937 1762 2841 1836 1428 7318 7994 8119 7939
19188 1966 12 3524 5383 2444 5148
19189 6427 4082 6607 2155 829
19190 1234 1821 6447 2681 3853
19191 1501 1378 2803 3707 3886
19192 3560 1979 5944 1928 107 6252 6187 500 6258
19193 5412 4294 1751 5482 1753
19194 7313 7308 6652 7474 945
19195 66 1594 3211 3336 7503
19196 6073 66 1249 3491 3425 1030
19197 6082 113 7831 6964 7767 7773
19198 3105 1160 2229 2615 7145 674 2128 7438 2755
19199 252 867 2115 3237 4773 4953 4778 6749 7586
19200 17 3450 8358 5772 459 5188 6028 7298
19201 543 3829 4822 6119 6765 7660 1489
19202 2102 117 575 5915 6179 4002 731 4666 7713 7550 4657
19203 2682 7912 7841 4710 17 4116 5273 6792
19204 304 1683 2198 2176 29
19205 2463 1161 1176 1160 3477
19206 3080 5629 6730 7033 7337 2342 5068
19207 2962 130 164 191 373 3186 4801 7095 7458
19208 5074 3103 1478 1910 7154 1748
19209 2755 44 2780 2981 4350 5808 5622
19210 1723 4140 8250 3070 5187 1195 1428 2177 2185 6275 3943 1727 2241 7106
19211 2260 2473 7502 8030 2261
19212 2305 1260 1847 1784 1783 3499 5000 2842 5851 6535 4206
19213 2580 2705 77 4636 985 1364
19214 2635 2692 7701 713 6915 400
19215 331 645 647 1779 3922 6473 7847
19216 705 932 1902 2565 3560 6616
19217 3379 3829 1260 1723 3353 5728 6434 7475
19218 468 597 646 648 6385 7295 96 5376 5628
19219 610 3727 1070 4488 1504 617
19220 2184 1917 2185 1847 6825 2278 847 2775 3035 5001
19221 1595 2368 3325 4781 26 66 819 924 1497 1682 1816 2962 3666 4154 4167 4235 4248 6235 6236 6592 7534
19222 2371 5530 2507 1891 1145 3076 1427 3425 1129 6091 7185
19223 4140 2615 4802 7308 1900 6817 3925
19224 165 180 1524 3550 2963 3490 7365 125 276
19225 2439 7929 503 2755 2908 3071
19226 2067 7526 417 164 4968 4243 4252 4255
19227 5583 2688 195 575 4866
19228 171 189 831 1723 2155 2520 5282
19229 6921 3105 4025 5337 5800 2740 4983 6763 7146 4623
19230 1566 1812 6095 3849 2902 4637 705 2333
19231 2066 2976 4617 3829 4206
19232 5232 1225 6524 87 742
19233 468 1817 4015 4155 4618 4781 5020
19234 2668 639 3639 5026 3385
19235 1588 2173 2962 3639 5971
19236 5600 78 1031 5160 8479
19237 2861 1989 6592 6692 3917 1007 4211
19238 8 9 1170 2578 2520 3100 3730 6192 2526 7147 99 8479 8436
19239 1462 27 3123 7159 7236
19240 705 5018 5196 5197 1343 2045 979 7941
19241 4658 1833 3023 7097 7005 6202
19242 895 1504 53 1589 2431 4249 4793 629 896 924 938 2173 5236 2800
19243 1582 74 1428 6240 7549 73 6361 6909
19244 613 471 2682 3215 5426 6592 6611 6615 7905 352 6701 8054
19245 4032 6672 932 1422 1588 2238
19246 3150 3175 2708 1367 4368
19247 1231 886 4119 4893 1682
19248 3120 6028 1880 3060 4816 8180 7885 7875 4136 8084
19249 661 2134 3533 6284 2120 5111
19250 8174 3191 2136 5772 6815
19251 4098 437 500 3891 5999 7009
19252 8460 602 2583 7031 3111 5739 3091
19253 66 1891 2185 2828 2832 3231 3686 4320
19254 1697 160 7636 709 1846 5592
19255 2868 1547 2830 3191 3357 6605
19256 3325 7390 45 6713 2431 2750
19257 1196 2637 2828 3342 3357 16
19258 1723 1156 2187 3778 1873 4888 527 1208 3142 5302 3513 3835 1308 1586 7144 4232 5346 6945 2890 3764 7574 1164 705 4857 3771 3377 3381 703 4866
19259 468 2473 2484 3912 5368 6726 596 4600 3381 7162
19260 1160 6095 1644 1833 2204 6648
19261 837 1545 2484 3758 3799 3803 5621 5735 5768 7410 7411 7558 8198
19262 2141 911 285 3992 73
19263 946 2611 4909 4401 2713 2184 7952 7692 3547
19264 457 663 1300 4760 113 1295 8136 7786
19265 795 1682 3587 5026 350 1206
19266 468 690 467 1447 1515 3766 7489 518
19267 1160 3587 3924 6852 697 1833 308
19268 500 924 3936 1462 1544 1861 1966 3814 4733 5344 5569 6493 7092
19269 6794 2184 4051 1073 3547 5797 7404 8038
19270 90 596 7810 913 2750 2147 7124
19271 331 75 691 2580 848
19272 3829 5061 6267 6632 705 3730 5016 5485 5953 7493
19273 6312 4082 7893 4401 6063 4301 5561 8421 8495
19274 602 2819 3637 2646 4661 5621
19275 3766 5019 7614 1139 6592
19276 3147 3972 1685 1206 4655 2289 4536 2437 1682
19277 817 5929 6680 7483 7937 2439 4222 5621 50 2270 4377 4610 6473 7844 1500 4107 6194 7510
19278 5056 4150 4240 4116 2176 1774 2563 3539 5517 3182 2479 4109 6577 4655 1869 2431 2510 3322 4046 4180 4299 5019 5029 5145 5485 5903 5971 6068 7188 7451 5857 2057 2459 2680 4148 3436 5218 5384
19279 850 2433 1617 2642 1541 2350 6876 7302 5030
19280 1539 2114 4233 4658 5818 6039 769 1524 6719 7442 1513 2027 493 7956 1512 5819 7259
19281 3543 3963 352 667 5901
19282 1888 2677 2681 166 522 2063 805 803 804 589 1245 3274 5639 801 879 637 2763 2779 666 791
19283 2317 2331 3335 3345 5621 5190
19284 1389 5609 4383 2002 1437 2152 3289 4122 5218 6752 7051 7481 7246 8325
19285 5723 5397 2324 4179 7818 6909 8259 8282 8240 7374 6353 8345 5458 5613 6520 7088 7605 8236 8395 3309 8469 7553
19286 1559 470 500 693 1613 3976 5026 7863
19287 4862 5306 1682 4053 5026 6911 7431
19288 3862 3452 5556 1027 5507
19289 5898 1887 2816 971 995
19290 2923 5802 6550 2229 5199 5591 94 269 889 1191 2185 2828 3219 5000 7745 1723 3763 3829 7836 2903 5096 1164 5385 8367
19291 1593 2170 2740 2886 3581 4900 7419 140 504 610 2328 4493 2426 1496 1861
19292 7940 3107 7501 602 1547 3814 4656 8240 504 829 1437 1971 5019 6333
19293 373 3240 1524 7437 7610
19294 6578 6711 5382 4336 1437
19295 4383 6732 4206 6657 7521
19296 3497 6310 7147 5429 6330 2329 8449 8451 8472 6835 8171
19297 4179 953 3180 5485 7056 7073
19298 6314 2238 3219 1833 507 6412 5665 6774 8095
19299 831 5993 2012 7921 7205 5026 3637 7489
19300 6656 7450 5581 5955 7217
19301 1200 5326 5956 3150 5776 350 6186 932 71 2694 332 3830 7521 1199 3669 1833 7313 7475 7551 8408 1644 3379
19302 550 3769 6954 7109 7767 5962 7764
19303 7194 7672 2803 2773 6576
19304 4566 6914 189 257 160 225 6033 416 4430 1173 3273
19305 6154 4167 18 3321 4163 4164
19306 5633 500 5188 886 1317 3371 3884 4101 6385 4846 3814
19307 3476 4919 5178 6197 7875 5577 5435
19308 36 2013 6459 6316 5600 6586
19309 1413 3596 5747 6310 6311 6312 4082 1562 4401 7923 6196 6330 3280 8275 8277 4826 6523 8448 8470 8444 8442
19310 1798 1314 3766 7489 3246 2646
19311 610 3049 1385 907 5626 39 40 749 4681 350 2473 2639
19312 4233 3149 464 848 5228 7306 1445 6286 2828 5621 4123
19313 2602 1221 4168 5621 4378 6494
19314 1815 3518 7155 5641 3090 1903 4411 5321 8459
19315 547 557 770 2717 4832
19316 3142 5050 615 3539 461
19317 3852 590 1814 5569 7849 439 1615 2823
19318 1504 7211 1777 5417 8073
19319 1847 2066 3184 1567 396 2273 8308
19320 7080 3925 5030 5033 3786 5598 7548 7549 3445 1147
19321 1787 2853 4741 4265 2526 1485 5176 5665 7574
19322 4140 7465 7551 7015 1489
19323 1326 2083 1301 2111 6211
19324 244 1243 3723 6193 6671
19325 1444 3269 5917 6706 8258
19326 1238 4891 518 609 3444 755 997 7080 7807
19327 911 2387 3925 4680 4811 4946
19328 6975 372 5357 5405 6213 345 113 91 2807 5358 6264 2571 3377 7093 418 3924 282 247 6341 7183 7607 6451 2127 7325 1921 1524 6822 1509 7608 6090 2184 1489 6604 650 3167 6421 8383 617 4163 6197 96
19329 1141 4248 1817 464 756
19330 4560 3722 73 3524 4276
19331 1971 3692 2713 4578 6576 4603
19332 4276 1734 1949 2736 2803 3343 3073 7428 6358
19333 7758 7892 8111 8295 7286 8411 8484
19334 610 4443 5082 6097 36 1548 4421 652 5414 5739 5740 5019 7492
19335 322 1191 2098 2231 4369 5915 6179 6459 3638 7655 3643
19336 673 56 4822 5636 66
19337 3411 4553 5158 6307 8238
19338 2987 705 6938 1877 3444
19339 1975 2479 5218 5414 6301
19340 4082 7147 7453 7714 7715 7951 7952 3642 4401 6195 6196 3643 6330 8293 407
19341 1784 3889 4622 1812 2668
19342 2002 7336 2299 1896 3719
19343 2185 3381 3176 1604 1528 1555 4243 5469 4962
19344 1910 1968 2616 809 1646 2266
19345 1682 2264 2289 6175 2849 4841 3746 2181
19346 2969 5513 6600 8447 7406
19347 6534 924 1496 1589 2759 2935 2225 5019 5824 7578 923
19348 4853 5730 7433 7551 7474
19349 1826 3539 8163 8267 519 662 886
19350 1234 2248 4035 5953 6095 4231 6938 3932 2768
19351 1861 93 2225 3473 391
19352 244 1116 3845 1988 8023
19353 911 4478 4758 598 5218 857 3739 1301 7583 938 5342 6758 425 934 3814 8200 6494 7930 1066 3232 4173 95 708 3099 3101 5950 7018 7351 8019 3091
19354 130 5932 1821 225 182 7037
19355 725 2915 7819 60 3492 4710
19356 4711 7731 504 1191 6275 7106 7975
19357 705 831 1353 1658 7040
19358 8407 8408 8500 8424 8507 8480
19359 2803 6819 672 674 2484
19360 284 7136 2892 343 871 8075 8134
19361 2229 29 2298 945 3849 66 5159 7998 2372
19362 3652 4039 5363 6613 7005
19363 622 2384 2847 3341 2708 3098 4254
19364 4804 1991 846 5026 4134 303 4603 3191 2420 2918 6534 2705 5384 7189
19365 3918 1617 3189 3928 4785
19366 2670 2956 5062 3042 4151 5955
19367 1405 16 1181 3157 4366 2329 3798 6990 3132 2424 4357 4440 8163 6408 6453 1364 6717 7984 971 4966 2365
19368 1529 598 5839 6157 5621 453 2962 3189 3602 5026 6544 7635
19369 6605 526 5916 2206 3835 4037 6162 6360 2185 1714 3321 3674 4032 4231 4541 7521 705 970 2155 5273 3928 4851 6634 2828
19370 4440 4442 2498 4417 4515 618
19371 3634 453 2484 2740 3125 5838 3583
19372 3723 5747 6311 6310 303 1516 3320 6920 6528 4401 4082 3642 6330 8065 8354 8428 8093 8410 8425 8185 8426 8493 8450 8438 8448 8475
19373 1589 2783 6688 610 2177 2769 3583 6534
19374 6328 1139 6645 5748 2848 2378
19375 1644 3377 7450 6592 7175 36 1768
19376 2229 3930 5016 1873 3105 5062 8288
19377 4384 6975 3303 4335 8223
19378 1929 6145 7682 681 2396
19379 202 644 699 3300 4955 4951
19380 2699 1821 1200 2286 3440 4587 2657 2976
19381 3425 3685 4360 2513 5918
19382 3975 5971 6375 1879 5946 5900 7981 7977 26 924 6038
19383 3669 2147 2395 1011 6251 1836 4387 4770 7683
19384 4337 4738 7903 6683 7005
19385 6764 352 6267 3404 8391
19386 1817 3476 464 1269 2044 6284 7254
19387 5019 7107 691 7736 896
19388 2692 1392 4370 5164 5485 5546 6186 7521 2029 2292 3277 3369
19389 833 365 1784 74 1847 6189 5712 25 6566 7959 3341 8290 8450 8453
19390 177 203 230 1160 107 1056 3143 1327 1328 382 1847 2066 5625 1616 6192 6193 7145 7551 8094 2608 8381 1734 2605 8485 8486
19391 891 2643 12 3841 5019 811 5340 7260 829 4377 6473
19392 2414 3314 883 6514 1976 2518 1428 303 1685
19393 1861 4248 4689 2426 1843
19394 6979 7390 4015 8023 4971 4973
19395 5707 4294 3830 228 5570 3997
19396 1435 1087 3030 3738 3814
19397 5375 5376 598 4599 1497
19398 5563 8351 3587 6087 6231 6534
19399 1516 3766 6592 7318 8331
19400 3888 1327 1367 3829 5093 3483 5953 6572 705 3266
19401 3553 293 6033 2125 4850 7132 5304
19402 2063 1428 5083 3677 4469 4940
19403 6152 7609 981 2624 8193 932 2153 1865
19404 2190 1910 3040 7547 7548 7549
19405 306 2090 3181 1069 1228 2594
19406 3135 4834 4833 5653 7496
19407 4294 2668 2185 3113 6167 5755 5148 8333 4277
19408 31 2984 2313 350 6035
19409 324 4175 665 3197 1640
19410 3227 2534 6975 5915 2204
19411 2197 3002 6650 7081 4328
19412 610 3541 5982 6034 6345 6347
19413 3461 395 6501 6917 1326
19414 4179 5026 6117 2819 7250 7751 3351 7649
19415 463 468 646 687 1515 2152 6030 6956 1316
19416 967 3826 189 283 1295 720 3814 3205 2635
19417 1845 3864 4445 1858 5802 7521
19418 4853 1771 705 1353 1833 1423
19419 1034 5013 4946 5019 5026 955 6496 814 810 795 4464 815 1791 1988 3936 5181 5275 5840 5841
19420 1312 8321 6997 1280 1385 3668 5332 2901 5236
19421 8087 6760 6410 6413 3506
19422 1993 392 3439 4495 6943
19423 2515 2858 3814 28 4644 2530 3327 4116
19424 3925 1886 2382 3916 350 526
19425 6910 1593 3524 3529 3921 1427
19426 3936 7195 5904 17 36
19427 59 1846 4463 5568 5876
19428 3697 1655 3710 5218 5787
19429 4832 1895 1841 130 286 568 2025 3865 3866 5976 6590 6767 2100 623 6668
19430 4687 7464 2176 597 7710
19431 2225 5323 5720 5787 7318 7553
19432 2389 4782 3325 470 1489
19433 641 1943 879 2036 3160 765 166
19434 255 872 2357 2892 4448
19435 3716 3132 6805 2514 1025 653 66
19436 475 695 1724 2962 4122 8038
19437 705 1723 3377 7736 2288
19438 491 495 497 563 564 787 789 2555 3852 4238 3550 3636 4941 1848 7477 1100
19439 4722 6113 2275 2538 1353 6090 7733 2263 2699
19440 2231 639 3638 7107 5187
19441 7113 7236 6854 4440 3060 1692 2271 6099
19442 255 6082 1534 7437 700
19443 5579 4428 4810 7874 3640 1928
19444 815 848 1333 2266 4958
19445 1675 3274 3321 36 7490
19446 6310 6311 6312 6671 4957 6946 4082 4401 5132 7453 7662 7837 7959 7434 7693 7691 8316
19447 893 4116 1645 1648 1821 8248
19448 5363 6186 6705 6824 5432
19449 4733 906 8071 6367 3019 5319
19450 371 2082 2115 5358 2125 6089
19451 1195 1910 1601 1872 5117 2279
19452 2650 73 1428 1861 7107 4499
19453 50 1252 2152 2200 3903 6284
19454 1200 2999 2687 5955 932 6753 8348
19455 5726 403 1325 190 399 6101 143 1021 759 6861
19456 100 1620 4644 5841 5839 5840
19457 66 3936 5549 5840 7804
19458 93 1428 2637 2185 4195 4943
19459 1966 1610 4820 7873 7966 2177
19460 2956 3829 2124 3343 5112
19461 2555 2027 682 787 4929 5956
19462 5407 5314 6430 4140 1999 2962 896
19463 4733 1706 4236 3605 7498 3524 5525 3717 997 4406 1966 245 1593 5212
19464 705 3829 4851 1378 5622 6058
19465 2401 2422 2425 3765 8454
19466 3201 3867 5282 1272 786
19467 668 2414 4468 140 3115 4819 705 2554 2972 4347 6431 6514 6851 7313
19468 2185 6440 6728 5319 6181 7273 2227 7312 1738 5706
19469 7500 2162 3288 5346 3357 5581 4688 5332
19470 2580 4656 3087 7681 3576
19471 6750 1494 5238 5339 7676 7729 7998 896 4101 5929 2380
19472 618 189 2828 3612 3922 5651 6454
19473 3560 2201 3864 5048 6975 4666
19474 2155 2244 6923 6246 610
19475 2484 4218 3477 3804 3227 3921 5414 4600
19476 767 1200 6516 840 3441 6632 6709
19477 387 2114 2942 3900 5974 7971 562 563 1670 2555 2693 2960
19478 3150 4825 5048 892 2060 3664
19479 7094 529 2717 5819 7436
19480 924 1011 1529 1589 2090 2146 2169 7076 2368 3327 66 1366 1617 2152 2429 3845 6546 6604 5218
19481 3483 6887 3829 7745 7970
19482 2312 3247 2766 3295 4867 5092 5063 6101 7390 7665 2662
19483 4156 1626 3829 3830 5916 5953 6471 6780 3150 7626 3176
19484 1346 4163 4164 4167 4996 5464
19485 3274 3743 3829 6572 7963
19486 500 989 2750 3404 4975 6717 6980 7175 7855 7970 8067 8228
19487 4092 1010 5195 5992 5994
19488 1157 1173 4479 5211 8298
19489 1906 463 1850 1890 3406 8194
19490 6825 1138 1489 1633 5625
19491 3073 1845 2236 3829 6732 2812 2253
19492 6029 613 3966 5171 6722 7489 2012 8319
19493 7 1996 1799 56 2529
19494 848 1428 3187 222 5621 223 1744 3714 2748 233 429 5973 190 3228 2100 2724
19495 6310 6311 6919 4401 7136 4082 3582 3440 7837 8108 8278 8185 5237
19496 639 1927 4599 4812 1415 2111
19497 729 3698 3691 5552 64 5056
19498 598 602 2962 194 1752 8331
19499 708 113 135 3640 7470 5075
19500 610 1379 5497 8201 5308
19501 4061 5836 4347 6975 5552
19502 5614 6532 1437 7052 7597
19503 1769 2297 3056 5019 5275 5839 6177 6758 7188
19504 6854 7278 1206 2279 6205 8215 7953 890 5614 1843 7757 8296
19505 3597 3290 1682 2266 5892 2176 7198
19506 829 1428 93 1802 1858 2731 2853
19507 36 2750 5426 6380 8005
19508 3925 1850 907 2133 1143 5069
19509 469 938 3295 3331 2803 3150 6597
19510 3143 330 1821 5576 8094 8465
19511 6314 1160 4035 4191 6992
19512 189 6883 36 1573 5378 7843
19513 4955 7365 7746 7749 1304
19514 1682 7002 2013 2148 4867
19515 4822 295 945 1537 5112 5565
19516 3271 2705 3580 3942 3585 3615 3940
19517 1840 2185 1817 1003 26
19518 4025 2919 6609 7902 8094 4234 2803
19519 2506 1783 1832 6156 4536 5579
19520 4398 7118 1467 3933 4395 4396 82 3004 4383 4394 6056 7133 537 3001 3447 3689 4141 4142 5441
19521 1833 1873 2207 3560 3829 6945 7005 7904 6975
19522 1540 1880 2728 3060 3223 3633 3634 4710 6787
19523 113 183 7918 7920 7585
19524 4985 8090 2990 3486 6437
19525 419 420 2115 3553 6735
19526 924 4749 1194 5547 7836
19527 1036 1312 424 3668 4823
19528 5453 5149 101 753 7126 16 5224 1234
19529 3226 4082 1874 8421 1213 8093 8415 8451
19530 3147 7086 2185 306 5611 1372 5911
19531 4037 2739 5621 5737 2533
19532 680 5952 863 3730 1320
19533 3997 6880 1870 2636 5546
19534 4666 6845 3560 5062 5063
19535 113 293 6759 130 732 2593
19536 312 1523 5414 3505 3640 3402 6936
19537 470 3587 6838 2353 5621
19538 4896 2204 6314 4171 6133
19539 5543 6330 1389 1428 5414
19540 7215 1776 3582 7978 4498 7982
19541 99 506 3637 639 1590 3696
19542 8467 2328 1496 7267 2324 7268 99 1088 7939
19543 8068 883 3894 5739 5740
19544 5478 6874 7462 7141 6873
19545 1031 1954 2512 6541 6543 7061
19546 4119 4206 82 1644 2803 8023
19547 1833 3090 989 1868 7271 7875
19548 424 831 1184 3440 5759 7158
19549 646 3223 4679 6640 7710
19550 1180 5415 380 3635 6577
19551 1206 1462 2328 1030 4401
19552 7459 66 464 911 924 1368 2146 2225 2444 3246 4841 5019 5218 5275 7668 2484 3668 5716 7912 7916
19553 4862 6231 6558 6095 8176 5581 4655 7031 706 7551
19554 2232 4156 1608 6511 1918 245
19555 3112 2769 3213 6673 5891 1312 7443
19556 1734 5159 6706 5917 6659 1207 3085 4366 6776 2803 2238 1723 2101 3377 244 1858 1868 2687 4853 2933 1924
19557 3718 2908 3929 7262 4811 5187 3091
19558 140 1250 1861 1910 2484 2672 3858 4104 4733 697 1701 5169 66 945 1191 504 2904 4643 4492 3676 6783
19559 1916 1353 36 2962 4980
19560 1389 1685 3284 3638 4572 5781 4798 602 3181 3604 5388
19561 1864 6807 6683 8246 4917 7118
19562 4793 5971 1249 7523 6373 4862
19563 1629 3941 2972 1327 5216 3142 835 4333 6053 7319 2586 6840 3005 6063 4699 6830 5460 774
19564 4807 4073 2578 2815 3188 3179 7701
19565 3361 3713 6659 2010 4623 2333 7742 2707 3447 4132 6258
19566 534 194 1547 3605 4249 5026 5198 5691 1456 1817 4441 1412 1588 2619 3943 4100 4377 5874 6585 812 6284 4610 1791
19567 1524 3534 5962 7773 719 293 6089 5066 295 7762 5432 6964 3208 2933
19568 691 3223 4379 5162 3049 6640 4219
19569 6894 1427 1428 4373 7103
19570 320 6385 3560 1200 1423 1780
19571 469 673 2631 3801 602 3266 6571 42 3977 5730 2505 5342
19572 6314 6385 4223 2153 2624 767 7933 8059 4738 7904
19573 1845 2714 1833 3363 2207 3381 5058
19574 7243 4401 3440 8094 1264 8287 8442 8443 8495
19575 1824 2263 2262 4322 6187 6376
19576 6068 36 42 595 598
19577 8157 6513 6806 786 2100 4078
19578 2826 6485 1870 2139 7695 3124 1929 2785 2230 2340 3611 3907 7337 43 2724 3580 8273 8094
19579 3144 2400 795 1605 380 3975 8125
19580 160 165 181 1524 6448 7826
19581 5747 6310 6311 4957 6309 4082 4401
19582 302 1836 1995 690 3946 5747 6310 6191 6920 4401 6231 6593 6885 8385 8383 8162 8378 8471 2008 8473
19583 995 1520 2279 4733 5118 7188
19584 26 470 2284 4379 7911
19585 1255 3337 326 1731 1931 5790 6913
19586 3867 567 7455 493 2039 2053 3379 3819 6103 7956 5813
19587 3730 1980 2742 3829 4135
19588 3049 2848 5236 2705 7985 8347
19589 190 4929 2663 5932 2635 125 6501
19590 5510 5344 7456 3444 6867
19591 5440 7088 8024 7391 410
19592 4655 4486 4259 4082 108
19593 303 598 5026 3476 6592
19594 5910 1088 1414 3916 6694 2019 4181 4820 2984 7162 3917
19595 1711 5218 8458 6067 4120 5623 5867 8047 1008 6612
19596 1640 500 922 1861 2152
19597 896 1228 2688 575 659 2739 7039
19598 1367 1865 1866 2624 1510
19599 36 1679 3637 1261 2848
19600 2385 2386 5055 5664 6198
19601 691 914 3437 2042 4401
19602 1204 3967 3707 6446 4231
19603 2708 2159 6485 8465 5577 6095 6192 6189
19604 2041 6839 220 6854 5121
19605 4259 443 4640 6456 7719
19606 5499 2768 7433 1728 6264
19607 2101 1015 4283 2734 4385 4383 4397 6164 2253 3689
19608 1437 5581 7834 3677 4276 8364
19609 66 1682 1050 5568 7604 4726
19610 1847 3936 6592 8240 8249
19611 856 4647 417 3551 7243 183 196 408 410 1524 7131 2902 2892 4401 4432 708 4082 2452 240 164 2358 369 210 6914 4566 7969 715 7610 2087 2963 2043 416 8370 6721 8394
19612 468 610 4119 5775 6872 1965 8045
19613 4654 7551 8453 8436 8368
19614 753 1593 2373 1202 7116 463 5122 5008
19615 1644 1310 4032 524 1767 5376 7067 3189 3391
19616 3107 3606 2610 3284 6606
19617 263 1056 2840 5155 5795
19618 2986 4025 938 2623 5803 5333
19619 7551 835 7886 8295 7733
19620 534 1262 5323 2427 2602
19621 3661 509 1128 1139 1140 1530 6592 426 781 2957 4679 7663 3060
19622 3161 2598 1765 7070 18 73
19623 610 2225 5323 350 602 2664 4684
19624 2244 5622 5671 335 833
19625 6641 7836 6178 7930 3748 6028 7625 7669
19626 610 6949 6031 711 7642
19627 1412 2403 3406 971 194 4376 6592 3860 3320 733
19628 3946 4082 7959 8293 8274
19629 5747 6193 8400 8444 5237
19630 2404 6529 7107 639 6986
19631 3602 7064 7065 8325 4617 8207
19632 6372 6197 6186 5395 8023
19633 7324 843 2236 3518 7474 7475
19634 466 534 3473 3943 4706
19635 1969 2855 5131 5622 3606
19636 113 416 1524 2452 4953 6723
19637 1070 4108 1052 8071 2272
19638 910 1109 1949 3856 6293
19639 4215 166 1352 5156 6467 879 4504 5750
19640 1843 8161 1269 1995 2518 5628 244 1838 5787
19641 1644 5056 5622 6662 7248 6975
19642 1114 1247 1442 1577 1608 2225 1876
19643 6187 1112 788 705 1098
19644 2288 2184 1577 4799 7680
19645 907 1976 2185 3090 4177 5621
19646 3000 3443 3539 2801 2981
19647 6663 693 1965 2185 3189 4015 5633 6546 6714 7900 4547
19648 1489 5622 5671 7313 7475 7881 2334 3560 3898 1203 5577
19649 753 6975 4038 4657 7988
19650 2201 2279 596 2013 2906
19651 36 1516 1545 2818 5200 5839 6334 7318 45 464 690 1511 1791 1817 5201 7009 7254 8122
19652 6314 3277 5265 6611 7096
19653 6311 6449 4082 4401 731 8093
19654 5747 6310 4082 6290 4401 5237 8448
19655 1961 2229 1802 932 3226
19656 6310 4401 6195 7157 5237 8444 8448
19657 6312 6310 866 5163 6671 3348 4082 4401 2965 231 3444 6224 7607 273
19658 4653 4654 1367 1812 2163 2256 3374 3379 6432 2229 4140 6659
19659 3514 4116 5462 1388 6612
19660 350 602 879 1539 4158 7369
19661 1923 2561 7113 1589 4763 7144
19662 1381 5220 4820 896 6197
19663 3946 5747 6310 7551 7479 8378 8474
19664 1285 3189 73 3060 7834
19665 1774 3343 4243 7781 8083
19666 2163 5385 5266 6064 6821 472 983 4049 5592 7168 3284 6051 6581 1244 4987 3188 5012 2915 3092 1566 4659 6460 6240
19667 2652 4051 4414 3541 6339 3663
19668 26 28 42 885 903 987 1262 1599 1655 1752 2289 2420
19669 4006 6704 8138 8139 3814 4005
19670 4371 5063 2989 4588 2560 6657 4790 629 7819 8049 1864 6040 1821
19671 705 879 1394 4711 5614 6437 7789 2413 2779
19672 2484 2090 3358 4519 7603 7610
19673 1063 7933 3468 3854 7609 2238 2511 6765 7146 2817 3808 3835
19674 610 2002 658 6235 927 1639 2090 2279 3444
19675 1111 5630 703 2671 7176
19676 705 5061 4980 5730 8085
19677 4666 5728 3864 7550 7713
19678 2119 1545 3284 4689 140 5414
19679 2561 2646 6545 6559 6543 305 7150
19680 1529 1679 2289 893 894 3290 4437 6300 4404 8296
19681 1422 3086 5033 5210 1633 2238
19682 36 50 5188 6956 7534
19683 480 879 1200 1734 2820 5112
19684 1160 1400 2956 20 4602 4657 3120 5622 3379 2155
19685 6836 4442 1541 3476 4689 6835 2590 2752 7233 4812 4973 504 5621
19686 303 6154 3476 924 1529 4083 1546 4867 7510 6095 7534
19687 4896 2286 5953 8327 4535
19688 299 2833 6166 8163 36
19689 1957 1942 2746 908 3132 3921 5252 5742
19690 2308 56 833 6162 2244 4445 4980 6385
19691 1966 114 753 1008 3181 3269
19692 2515 4743 1732 5776 6919
19693 4440 4442 4643 5273 5774 6600 8326 7463 2152 8240
19694 419 420 751 3551 5103
19695 500 2903 5063 7576 1631
19696 5459 4065 3897 2207 4002 5620
19697 2709 674 705 2238 2467 2694 3468 4231 2256 6938 7967 3854 3508
19698 3181 1770 1993 2561 4536
19699 4091 6915 3791 189 200
19700 194 195 1752 4990 6510 6494
19701 3042 3301 6957 7095 7636
19702 5063 2803 3377 705 1734 1868 4670
19703 712 6028 1637 7720 6588 6956
19704 2565 4985 479 1424 2554 7894
19705 1160 1161 1825 4140 1234 2482 6041
19706 672 674 675 677 1552 2221 3953
19707 1234 3481 6496 7729 1184 8315
19708 4035 4191 401 399 402
19709 5915 5061 4179 1234 6090
19710 3440 6596 6314 2155 705 6516
19711 39 6545 3267 2382 4681 6187
19712 5056 1160 3468 6358 622 1485 1489 2780 8177
19713 1260 3380 5800 6203 8225 4089
19714 829 463 468 1481 2562 26 5711 4651 2750 5413 2225 2226 7534
19715 541 2395 2396 4833 4834 7430 7683
19716 1428 5026 5720 1529 6193 2819 928 7147 7136 7714 8220 4414 6940 3697 6264 8277 8442 8444 8471 7699 7318 8276 8473
19717 3909 4019 6047 6133 6255
19718 2406 4366 5076 5418 2262 744 7157 28 1209 5694 8116 3915 2476
19719 426 1022 5896 3541 6157
19720 7541 705 1353 2534 7093
19721 1200 7308 2608 3997 6518 7424 7494
19722 575 3098 3100 5095 1644 6852 705 2522 3645 4575 5622
19723 1833 780 2066 469 2571 4140 8030
19724 36 2200 1202 5171 1381 4940
19725 3922 3921 2787 2826 4119 4280 6016 1502 2185 1427 4646 1908 2313
19726 1974 3458 316 900 924 534 5053 64 1262 4150 6333 1568
19727 3661 1234 964 3391 6162 7570 8297 340
19728 1776 1056 5456 6126 7931
19729 222 278 2963 5502 3553 3627 4170
19730 3212 4794 2104 838 1887 3815 7162 1983 1428 1843 3609
19731 2418 3730 5164 2608 1249 7833 3343 6258
19732 36 42 502 667 900 924 928 944 971 1036 1047 1261 1316 1428 1635 1861 1927 1976 3075 5019 5241 1376
19733 1403 3917 5643 2750 2430
19734 2579 5409 2229 6300 6655 7967
19735 502 3025 2580 1646 7253
19736 3091 5037 5041 6393 3128 5487 6233 5104 3127 6896 3716
19737 45 1917 2694 8196 6512 2792
19738 7752 2226 7753 4816 5385
19739 4340 4341 2516 5063 1433
19740 829 1268 1148 1200 5230 4140 4369 7313 2190 5064
19741 244 3541 633 945 5892 87 7230 995 8056 45 459 1600 1608 1685 6943 7013 4154 5789 3180
19742 1825 2229 2755 5173 5453
19743 879 791 8084 2194 6845
19744 3105 3954 4337 5474 6132 6975 5554 6615 4666 4949
19745 900 944 5582 1645 8051 3887
19746 4900 3633 4936 8216 7534
19747 1228 53 705 6659 5348
19748 1228 1437 2841 3943 5013
19749 6493 140 4492 3971 8001 3070 4082
19750 2185 2828 7260 6197 1591 2395 88 2580
19751 1223 1082 3560 1578 3740 7570 7970
19752 1455 5358 6019 202 1241
19753 598 815 848 6334 7916
19754 5403 5778 1139 6918 167 338 2907 4760 6082 113 4850 7831 6212
19755 5026 977 2225 2557 4379
19756 1491 1488 1527 3004 6500 489 3736
19757 468 1515 5218 6426 7054
19758 2470 4120 1511 3340 4083 4248 5825 8122 8123
19759 3026 2658 812 2185 5966
19760 4843 673 3638 1367 1852 6095 464 2120 4276 1723 3375 6434
19761 3730 1489 8196 8361 6047 5577 1921 4640
19762 3510 2184 1923 2396 1462
19763 661 800 802 910 4158 5631
19764 2233 2664 5553 59 60
19765 2869 5511 468 697 7113 2783 2289
19766 1066 2288 4519 4866 5384 5933 6401 6757
19767 1081 5025 6310 1129 3293 4957 6919 6915 610 7819 2185 8220
19768 3974 1249 1774 2279 3004 3003 8191
19769 1578 7146 4401 4826 8185 2008 7068 8089 8440
19770 350 1927 4192 4771 4015
19771 3866 3868 233 3819 3867
19772 1601 2977 454 2843 2224 3807 4829 82 1182 2826 4132 7340 1971 4640 8170 1163 33
19773 2562 2509 5968 7642 118
19774 4116 812 3192 6607 7912
19775 812 4122 4379 6605 7487
19776 351 3864 5836 6095 6314 3728 3341 6098
19777 26 955 1497 4083 4248 5019 361 734
19778 992 4583 995 1367 2680 5762
19779 1507 2527 2676 3319 3433 3520 3893 3814 4118 2639
19780 5893 2484 3227 3470 6898 7995 8468
19781 1510 1472 1056 2273 6825 6286 7318 7388 5291
19782 3497 4401 4082 7145 7886 1264 7687 8438
19783 4585 244 754 963 1349 1659 1813 1923 2562 2580 2766 2977 3040 3178 3404 3639 3661 5417 6741 6815 7480 8506 938 7756 6705 1033 7914 8372
19784 4254 5893 5991 7639 3011 6395
19785 7768 8215 2875 2137 6334
19786 2298 1160 4728 1378 2188 2384 5634 4533 1728 4324
19787 1519 583 1433 3042 3094 2305 2419 6975 5056
19788 1238 1546 2266 2270 3437 7612 4378 5642 5772 1125
19789 5414 955 956 1681 4362 5275 269 1200
19790 4917 6825 6659 6731 3560
19791 6943 304 3368 6816 5188
19792 4073 7772 2155 2338 5155
19793 2766 2279 7390 36 500 596 463 3191 4785 5787 6284 6333 773 2962 693 1423
19794 1378 1712 3468 3829 7719
19795 2170 4440 4441 4929 8359
19796 1117 2688 3491 5043 6425
19797 3572 6797 1836 2642 3587 3292
19798 113 1524 3640 5066 5505 5743 6211 6444 6767 555 556 1278 1611 3442 233 6491 6506
19799 924 480 1100 5549 7219 3218 7060 797 2966
19800 5032 3026 7022 332 2363 2978 3060 4733 938 3346 1728 3330 3344 4915 6139
19801 113 6441 7282 7707 5511
19802 4554 7009 3369 5366 6605
19803 1018 2484 5026 8464 5844
19804 5901 2680 4721 7501 7626 8126
19805 3638 4780 5108 5572 6305 309 4179 7489 3637 4402
19806 1833 4640 6202 2694 5956 3829 5055 5953 3468
19807 98 1160 3707 4019 7543
19808 500 1966 2185 1232 3090
19809 3149 6692 93 517 838 7189 5344 1963
19810 1381 2985 7162 7682 2395 2396 2826 5652 7496 2185 5572 2828 367 1428 3233 4280 4672 5113 5222
19811 4703 1578 2393 2945 6148 6237 6930
19812 1200 1367 1723 3105 4407 5062 4711
19813 7375 5621 3404 3971 4765 5737
19814 1366 2375 895 3189 7922
19815 6689 5546 6695 6694 971 1706 7498
19816 3280 3321 3234 4485 5417 2868 6583
19817 5756 1815 4098 7507 5250
19818 4350 2785 6446 7295 3560 4711 8386
19819 3947 3946 4486 5747 4957 8019 7356 8472 8474 6133
19820 2155 4721 7351 7538 1160
19821 1606 462 6980 7245 7537 7732 1431 6494 4070 7777 7438 1489 6252 7486 1345 3338 4874 7198 4812 4179 4369 5489 8194 8398
19822 463 796 2609 6187 8028
19823 1151 2255 3262 3264 3531
19824 2713 2033 4344 4710 1217 3637 4441 4785 6313 6560 2266 2064 3189 8007
19825 92 354 726 1853 2561 4938
19826 3952 3820 5132 2276 4054 5242 658 3626 1864 5621 4276 4936 612 742 1397 4689
19827 332 5061 6975 7040 1489 673
19828 879 2109 4342 1721 3172 4985
19829 896 1383 1975 2264 535 1791 3243
19830 1861 2484 434 5133 6854
19831 556 844 2659 5922 6491
19832 3986 3327 3170 3360 6815
19833 233 2002 5616 7971 785 2077 2039 5363
19834 1942 3474 3969 5496 1994
19835 1976 1017 2289 7643 5582
19836 5732 3384 2971 7340 4186
19837 1948 5778 6501 582 6557
19838 533 534 5720 6593 1269 3907 4758 5019 6741 7516 7523 598 3673 4154 5428 6592 6701 7380
19839 4020 3338 70 2386 2637 3164 2638 1682 6609 5703 570 6690 7837 7157 4401 8220 4943 6330 5235 7356 7803 7975 4663 8385 8425 4074 5237 8449 8471 8472 8443 8378 8162 8438 8470
19840 3418 623 6975 7709 6314 1723 2919 8389 2634
19841 1833 3829 4825 1485 3326 3468 168 1056 1868 2694 3150 5622 6854 7672
19842 73 1049 2654 2655 3514 7873 16
19843 923 5052 5259 1589 6430 602
19844 468 646 1193 3042 5522 6030 1346 3564 1256 5416
19845 2561 970 6604 6634 693 6603 7492 1515 4165 1206 36 521 6711 8060 646
19846 5314 6496 6592 5141 7055
19847 6197 3321 3379 4049 4851
19848 5810 1148 4143 4206 5570
19849 2151 2155 1463 2229 2606 3730 3947
19850 466 4522 5019 5319 5839 8122
19851 938 4076 8449 8475 8438
19852 4793 2570 2962 5839 7680 7964
19853 3953 3326 1350 7248 705 6131 6619 7936
19854 7404 1682 7430 3539 5750
19855 6178 1359 8270 7292 7579 8481
19856 923 924 885 2299 6977 500 4672 5983 4165 434
