1 2804 5810 6914 4759 6986 6485
2 4842 5581 4651 2756 3779 6594
3 880 2379 2966 3453 6682 6864
4 1480 1499 5472 5015 2439 5456 6010 3142 4814 4951 5798 5996 6159 4667 5254 31 567 835 4551 6879 5925
5 4340 4804 5965 4352 5930
6 196 1433 2105 2311 2671 5346
7 4985 2090 2323 3277 3445 5091 318 5030
8 2756 4685 3901 4573 4574 4891 6090 6127
9 566 840 1544 2323 2732 4063 4828 2210 3078 1299 2917 3263
10 1728 1973 1103 3143 3929
11 272 1274 2665 2669 2710 2718 3347 3410 4504 4947 3123 6175 3529
12 1013 954 1672 2908 3243 3779 3922 4340 4842 5182 6143 6327
13 4956 5326 4040 6176 2460 4168 5401 6720
14 2325 4232 304 2573 2981 3410 4419 4769 4878 5070
15 5781 5888 5917 6144 6512 6653 6766 566 1222 1636 1749 2432 2692 2724 4727 4794 5164 420 641 1233 1432 2669 2718 3957 5312 5413 5666 4716 630 2714 3244 5091 6348 3026 3373 991 4633 5085 1741 4488 4664 3758 5558 2678 3183 4097 5924 6728 6839 2004
16 188 242 207 260 63
17 2634 5355 54 70 170 516 2323 2354 3348 4292 6118 1210 4464 6224 5558
18 3178 1738 2031 2861 1544 3857
19 2624 4946 5981 5637 5642 5643 6007 5456 5508 6493 6252 3818 4369 4526 5452 5605
20 654 3770 3771 5232 2976 3868
21 3401 2738 5199 3944 401
22 310 10 142 107 367 176 429
23 1218 1221 1619 3402 5208 5711 3044
24 2569 2219 2122 1227 1831 4209 837 3947 4842 5237 5591
25 3488 2481 3813 4696 5474 4412 5638
26 817 2970 1762 1890 3325
27 238 246 354 960 1016 1071 1786 2732 2513
28 1135 2104 4395 4664 482 6298 627 1350 2368 3188 3342 3945 4527 4593 4781 5155 5653 6088 6126 6141 4626 5775 844 1358 4257 4388 4566
29 939 991 1047 1233 2452
30 2300 3286 5902 6594 1865
31 621 3765 3833 4374 4761 3931 4022 832 69 1499
32 840 2135 3315 627 5112 4724
33 915 939 2155 2020 641 1600 3291 1139 2839 2956 3463 2073 55 534 2096 3338 907 917 3339 3882 1778 654 4385 817 1981 3201 805 4867 5030 4670 3745 3746 4701
34 2336 5911 5859 5638 3470
35 4373 3957 1701 5455 6204
36 1071 1687 1881 4585 4690 3214 3877 5084 5781 1544
37 25 77 208 572 44 169 250 429 761 1106 434
38 3083 3084 4179 4164 4349 6892
39 912 921 4026 4082 5354 5399 5606 5691 5735
40 6478 6556 6567 6602 6670
41 2478 3515 5560 5581 1233
42 2830 5810 6659 6763 7010
43 6079 6593 1544 2873 4879 5231 6268
44 60 4342 5115 5116 3506 4489 4680 1530
45 2511 5865 2657 2724 3980 5287 5469 5979 6296 6327
46 304 1344 1536 5756 449 4317 833 1151
47 1233 6647 1710 2355 4496 4613 5386 5558 6365 486 4592
48 907 1107 1638 3283 4040 4954
49 6364 1728 5093 2183 4067 5054
50 3315 2032 1355 4791 4794 964 1071 1172 1255 2383 2389 3944 4044 4793 5294 4011 4211 4723 5558 304 4680 5310 4573 5948
51 977 1116 1517 15 331 1262 1678 1713 1770 1771 5803
52 502 1047 1570 6222 2750
53 127 620 1071 998 814
54 4314 880 3765 5814 2669 754 917 3047 3372 6832 420
55 1391 6618 1432 2857 1706
56 1173 3687 3931 6847 6904
57 5056 1714 4112 4600 4777 5093 5479
58 3618 132 859 1623 1629 5069 5347 6163 1619 3059
59 566 3383 2994 317 1290 2970 1494
60 288 1580 568 1075 1700
61 5691 3783 3812 6344 6556 6567 6905 6885
62 4664 1809 1811 1832 2438 5503 6801
63 3929 4280 1522 334 4915 545 3080 375 842 1595 1687 947 336 3806 2572 88 5787 6355 1432 1480 174 5346 3163 845
64 98 1703 6055 2377 6534
65 4718 1850 3367 1047 4272
66 109 654 1198 1201 1316 2032 2791 2794 3323 3541 5639 5583 5723 6106 5201 6341 4867 6492 5972 5310
67 357 2323 2692 4842 6359
68 2945 2123 514 676 5732
69 1145 4890 5232 1170 6578 4198 3144 5368 5602 6729
70 52 1973 2761 3388 5817 6476
71 1714 537 939 1921 4534 610 4865 3391
72 3832 3768 420 6367 1299 6797 5550 6968 6996 7019 6530 6531 6969 6989
73 2768 267 304 514 3210
74 3880 654 1711 3050 3184 1447 4460 5334
75 177 2439 4496 4740 6868 3896 4360 4553 5312 674 5475 1263
76 5318 2450 5131 6253 4370
77 1597 2300 2838 4922 3004 1110 6654 5666 2049 5481 2840 4889
78 2450 3777 4148 4191 4252 5547 2 201 1071 1633 2702 2953 3365 3438 5449 5477 6253 6418 5398 5685 6175 3372 364 1483 2838 2922 1573 3060 3183 3602 5949 6484
79 4545 3010 3862 2032 5053 5379 1309 5610 6344
80 2301 2756 3926 4174 4553
81 2251 3030 3809 4856 4860
82 327 1005 1044 2328 2867
83 1592 2356 1858 2946 4229 102 872
84 711 75 559 464 1653
85 1990 3917 867 5385 5767 5712 1959 915 1518
86 2678 2207 4842 6175 5558 4212
87 304 784 434 2249 602 1354
88 1512 3328 1786 6242 6388
89 546 3001 1935 2978 3754
90 5371 4136 698 3453 6415
91 1064 1119 2364 1306 2450
92 939 1047 1229 1380 2669 5155 5666 2848
93 1653 1646 1462 1945 1946 2249
94 675 2327 2764 498 882 1202 3183
95 334 482 1350 1405 1754 2211 2323 2750 2845 3866 4076 2460 2469 2624 3047 4143
96 994 1044 1742 2183 5439
97 2753 812 1097 2918 4891
98 1044 3001 1547 2756 5672
99 726 352 670 728 812 2702 3938 4065 4298 4551 6118 6720
100 3801 2095 5508 3013 3014 5516
101 6432 2827 4532 3418 4263 1558 5737 2052 2291 3342 4831 6338
102 5725 4419 5538 4376 3515 4101 4922 5558 6507
103 2792 2281 2454 3809 4587 6005
104 3159 641 1044 1644 1796 2512 2631 3067 3663 4946 2460 4429 5598 4120 514 2921 2248 939 1262 577
105 1100 2460 2908 5537 2583
106 1037 935 2950 2951 6059 4008
107 5757 3658 3316 4573 5042
108 1655 2735 3929 5493 1047 5775
109 1600 3779 4567 5445 465 564 1497 2460 3811 4786 5248 5378 6477
110 670 2168 2327 4248 4285 4539 2052
111 1135 2633 3866 543 4298
112 1221 2511 3541 998 129 2184 1161 5384
113 2031 6110 6427 3291 2732
114 5695 537 4553 3834 514 5140
115 3225 3814 4223 5024 754 4694
116 1172 2052 5429 5743 6411 6497
117 924 742 905 578 676 745
118 1956 2606 2690 939 2669 1681
119 4764 3461 4713 1044 1843 3862 4156 4268 4936 5913 566
120 2058 1242 2160 5291 2096 3993 5669
121 4696 4193 6094 6915 4367
122 553 660 2460 3212 4209 5211
123 2693 4298 5010 5044 5239 1077 2382 2383 3586 4097 4691 4697 5312 2076 2323 2572 2643 2809 3679 4562 5100 5598 2 1071 2175 3294 3489 3929 4775 5099 5138 4352 125 1101 4625 5537 738 854 1637 3364 3513 5378 5118 4743 4610 508 5440
124 1326 1452 1430 4901 274 1070 2460 546 924 4374
125 4308 1447 1887 3109 5620 1054
126 1149 1776 3263 4984 5366 6143
127 188 118 246 28 1122
128 5193 1470 2300 2426 3834 5456 6295
129 178 573 954 1662 1853 4008 4311 4460 4473 6127
130 1544 1638 2323 2576 5262 6036 6000
131 5056 660 939 960 1416 3053 6177 1233 1779 3343 2095 3670 1328 5180 2433 1930
132 1046 5502 1365 2430 4935 6279
133 768 1159 4896 4901 6411
134 2658 2750 4897 987 1887 2198 3506
135 2903 179 3351 4309 847
136 2750 3449 523 4833 174 2271
137 893 939 3811 1981 2279 4894 5110
138 77 400 669 371 372
139 1544 2323 2414 2506 2765 2901 2974 3193 3793 4598 5345
140 511 793 1432 4156 6497 322 852 2369 5413
141 4931 178 4685 5658 5777 6004 5157 977 1881 5666
142 250 409 367 1102 572
143 3843 4841 3537 5517 5519 6240
144 4198 5085 5086 6292 6461
145 2360 322 2193 2151 5745
146 80 742 1742 3294 4655 2532 6147
147 4856 246 483 897 939 996 1009 1056 1063 1106 1306 1313 1844 1848 2180 2268 2323 2575 3064 3543 3712 4318 4941 5484 2827 2393 2400 4553
148 648 782 1759 1954 2276 998
149 4863 5415 6527 6729 6664 6610 6816 6960 7006
150 5456 5869 245 1190 1432 4285 4712 6706 964 4905
151 459 5415 5787 5195 5982 630 1047 2090 4560 5543 5416 6323 6522 6662 6125 6576 6808 6864 6876 6437
152 459 6578 6527 6512 5015 6762 6226 6766 6827 5876 6811 6576 6904 6965 6977 6957 6890 6968 7019 7024 6529 6528 6994 7029 5721 6941 6945 6943
153 3162 3358 3450 465 1653 3164 3794 5580 4852 1412 3981
154 203 2646 3294 6108 1347 709 2533 2590 3105 1483 2327
155 1544 2483 4159 3233 2735
156 1750 5704 352 201 1884 5640 288 1701
157 835 1185 1237 6612 3249 5748
158 2034 4236 2353 3042 4012 2093 2756 4050 3995 3506
159 201 2523 2804 3191 5197
160 4374 6269 2142 5284 567 934 5159 830
161 90 1109 1407 2466 3201
162 3929 509 893 2439 2686 2756 2804
163 4187 4051 5113 2753 4237 4460 434
164 2710 4504 1929 2412 2970 4043 5619
165 1429 906 3676 4782 5575 6715
166 1496 5299 5535 486 832 1044 1047 2556 5300 1887 3697 5666
167 1015 4696 1004 2904 3752 6080 4097 4551 3183 6706 352 5638 5707 6121
168 282 514 905 2669 3078 6117
169 352 2479 3028 4227 1037 90 4901 2404 2369 3205 4012 6063 6648 602 4965 832 907 6395
170 498 565 689 1016 1121
171 1917 2631 6130 1214 2027 331 4382 1588 3662 4391 5093 4097 3761 6161 6584 78 3022 3858 6370 592 2762 5723 2099 3372 1887 4365 3790 6883 1044 5895 514 6001 5413 3868
172 2953 2537 207 3365 1600 688 1746 132 2730
173 2643 554 1758 3471 3877
174 113 125 165 196 1756 1992 2028 3034 3143 2041
175 683 729 1146 1303 3059 6567 6906 659 6556
176 756 2918 2920 1187 1329 2209
177 2279 3346 1290 2663 2920 2369 4585
178 3020 5579 483 1923 5510
179 631 709 3542 3107 558
180 80 3866 474 2732 3506 2069 520 4621 1106 3401
181 5012 2689 2694 2696 1888 4107
182 1904 1011 1150 1544 3339
183 5294 3775 3126 6281 1159 3194
184 304 879 1179 1214 2666
185 6257 6664 6635 6117 6893 6895 6874 6961 6773 6969 7003 7029 4607 6916
186 664 687 2090 3342 3409 4531 4245 5760
187 858 3438 5537 267 3779
188 633 1920 4712 5775 2584 3342 4659
189 1313 763 1405 1741 3758
190 1326 695 832 1044 1047 1432 1480 1755 2452 2525 1091 2923 916 2319 2673 2693 3184 1364 4291
191 1432 2454 2669 1436 2827 939 1044 546 2215 618 3044 3172 4359 2678 1097
192 675 1690 1789 4276 2674
193 1914 4761 2669 4374 4551 6400 4966
194 4239 4684 502 919 1715 6641 6794
195 70 2090 2278 4482 4954
196 2874 6418 2571 6344 2909
197 3734 6579 465 2006 3730 4897 5905 6390 5749 4874
198 2910 1512 3747 5426 5608 2323
199 1987 2619 3342 3409 4318
200 3098 3108 939 304 3959
201 772 1263 5433 5444 3981
202 537 3557 835 1887 3013 5887 454 1003 1653 3786 6540
203 1645 4664 1714 4496 1711 1759 2809 1172 3072 757
204 1802 4932 5495 5877 6071 2827 4330 4689 1518 3845 6729
205 1030 3395 401 778 4402
206 4028 4351 3679 3729 2116
207 1044 2338 4519 322 633 3781 756 583 2276
208 610 2020 3339 4587 2976 3342
209 3761 1194 1401 2532 4680 6279
210 5979 1412 2193 3668 3845 5757
211 2460 3527 5748 54 1747 2369 4113 757
212 994 1042 1495 2374 5470
213 465 670 2377 2070 3516 4719 813 1120 1608 3885
214 2669 2775 2951 4059 6874
215 1323 1871 3342 3465 4067 4828 5312
216 1250 185 2295 2369 2231
217 465 1867 4435 4873 6553 127 4494 5343 5814 6323 641 865 6868
218 2502 2644 4004 1201 2466 546 1167 321
219 366 595 670 1588 4689
220 1292 2146 3074 3214 844
221 2183 4696 3929 1214 5056 2399 1494 3120
222 157 5416 6568 5849 6729 258 774 1603 6117 6904 6889 6890 6968 6969 7026 6997
223 3342 3560 5873 4801 5637 5263 3586
224 1405 2188 4193 4918 5782 2619 4697 5456
225 892 4860 6152 6149 6827 6984
226 1273 1633 2460 2792 3263 3655 6555
227 934 1759 3343 883 4198
228 209 1452 474 562 6170
229 78 906 1728 2323 3047 4028 5341 5478 3971
230 2881 2339 3360 3363 929 4901 717
231 445 1609 1831 2402 2020
232 591 1043 2851 5035 4018
233 109 2242 458 5415 6410 6594 6729
234 1275 1849 2710 3030 3227 3592 5159 835 1428
235 4488 271 401 2323 2561 3030 3208 5527 5818 6275 6284 6342
236 3676 2129 3183 2593 5972
237 927 3928 714 1195 16 515
238 1530 4039 246 4370 6946 1439 5024
239 5456 6681 3323 1283 2474
240 2147 1242 4835 804 6758 6539
241 4365 4625 1328 812 5413 304 849
242 3956 185 1323 2907 4032 5138 6175
243 169 1200 2105 2277 2749 930
244 1198 1864 3845 3851 516 1303 4956 6610 6740
245 3226 1849 1790 4680 1819 2462
246 3721 4429 1446 2046 4226 4404
247 1655 4040 4583 4781 5293
248 2544 2242 458 5849 6766 6975 6917
249 1131 1133 1136 5720 1384 2751
250 537 880 3904 4602 5619 3082
251 1981 366 2460 3858 5056 5204 939 4097 4102 2361 5559 633 5904 6438 6685
252 465 4496 196 4376 5456 5672 6050 6264
253 108 402 641 1042 2838 5537
254 1636 3519 5977 1793 3315 5397
255 3468 1591 1853 4012 782 3506 4859 1438
256 372 2464 322 4675 3932
257 3739 5949 3862 5537 6539 4712 5997 6273 2288 3997 4035 4258 4645 3581 4648 1904
258 3493 3632 4097 6759 2917
259 5009 4198 5775 567 2541 6490 5859
260 400 4853 1063 3018 5438
261 4957 121 835 1044 4156 4626 5346
262 3929 1800 3012 1890 6771
263 627 1622 2539 743 1924 2369 1071 3773 1706 3118 5559 5844 6718
264 797 1828 3357 5346 4874
265 1097 447 905 1122 6360
266 1171 1262 2354 4883 5118
267 5408 5077 5221 5624 6384
268 246 400 420 118 204 302
269 3677 2517 4214 934 4782 3676 6108
270 177 972 2460 4383 4646 5072 5558 5905 6729 6840
271 2270 127 3026 4155 1047 2195
272 1465 3389 993 2914 3778
273 5706 6265 498 1783 3851 3988 5638
274 2615 3044 1206 1209 939
275 80 199 167 355 551 593
276 1056 3347 2106 2460 2765
277 3149 4089 4097 4789 4793 5666 6891
278 1821 2168 3214 3294 4551
279 692 4692 3238 5873 6594 1077 5260
280 1175 2532 379 1201 1424 1521 1759 1870 2322 3214 4200 4850 4874 5157 3356 4229 4625 4879
281 2085 2451 2627 1424 2144 356 6732
282 3478 652 1761 1786 1265 1705
283 1468 3194 1025 3370 3412
284 2162 262 119 2636 3093 3863 4294 4235 3241 6092 2356 4325 6170
285 3351 674 1392 4814 6013
286 2527 3758 4280 2352 2750 1047 1656 2351 3400 3550 801 853 3895 4174 2266 4982
287 4147 938 2122 5069 4802 1198
288 3821 772 6222 6225 140 1428
289 3124 313 1579 4488 6279 203 687 781
290 670 1373 1544 2756 2988 3059
291 2362 2592 2277 1242 1579 1905
292 109 470 554 450 1192
293 1913 3400 4529 5251 6381 742 2760
294 1378 2900 3323 3362 3769
295 3780 1201 1510 5310 3698 4365
296 1789 772 2686 5470 4552
297 5689 5413 6283 1097 1328
298 2323 2219 2512 602 1383 1432 2640
299 869 91 1432 1544 3348 3384 4340 4630 2460 3929 939 5220 830 1887 2748 2962 3205 4896 5084 996 1585 1588 2897 4737 4879 5138 498 1338 4402 5056 6265 5535 5758 238 1552 2300 3830 4785 4378 4403 1233 4717
300 222 2909 3737 5258 6360
301 665 1957 3732 3905 5676
302 3759 4047 4837 5539 5970
303 2946 5530 5946 4879 2123 3144
304 630 1135 1438 2914 3158 4193 5657 5782
305 2640 3858 2823 1097 1424 1428 1494 1864 3964 4089 4244 5456 5756
306 466 1575 1655 563 568 727 25 1432 2327 2838 3957 4052 73 2382
307 821 2815 95 2019 4712
308 3428 3758 1016 1368 54 849 5456 6227
309 3007 2508 3058 3335 4236
310 1809 2992 3364 512 4564 5544 6005
311 460 2123 2435 4031 5376
312 58 257 407 1060 1202 1480 1595 1765 1981
313 1106 1323 1500 709 4171 4392
314 1690 2981 4028 4285 4553 5877 5924 6280 6375
315 1233 1242 4789 4792 5224
316 3851 4319 772 4663 4687 5476 2505 6222
317 188 1015 1526 2577 2696
318 1106 4947 4958 5280 6334 6840 7050 4750 5677
319 3062 1651 2274 2750 1106
320 1713 3076 2537 2693 5883
321 2111 1504 2184 283 4975 5211 548 6385 6849
322 627 3870 4471 1453 3398 2705 3263 3410 3886 4947 2792 2794 1047 2493 5862 6740
323 2945 496 4681 4842 6073
324 5882 3505 4383 4403 6498
325 389 1740 3877 2193 379 755 2485 2486 3866 6298 6964 78 1791 6909 2730 2732 6359 1135
326 192 3814 3863 5334 2115 5778
327 2929 492 3599 1316 3410 3108
328 2962 3030 3401 3655 6691
329 1404 4672 3421 4050 4638 6483 6532
330 2031 4164 1859 1914 4031
331 2001 613 1172 4992 5683
332 399 400 57 10 252 367 247 436 207 470 64 239 1516 334 277 245 437 169 477 460 404 203
333 363 1446 278 797 788 4734 1715 6361
334 1368 633 89 2601 3507
335 880 2469 2712 2843 2202 3059
336 3410 4984 3381 5459 5638 5527 2936
337 2537 2908 2962 3968 4185
338 1973 6332 4936 1815 4292 6170
339 80 148 213 277 342 420 555 204 218 279 536
340 3539 895 2827 4727 5851
341 1811 3084 4005 2242 6407 6408 5849 6738 3931 6864 6745 6117 6914 6874 6889 6978 6958 6985 6437 6877
342 4089 4574 921 1432 3957 6338 6685 6854 2277 6687
343 420 1172 3786 4689 3782
344 3768 3760 1309 837 3758 4759 5484 5777 1519 4752 6072
345 250 2480 2276 3601 5533
346 1867 3766 4689 5267 5630
347 4968 5699 1432 3362 907 1759
348 5614 2940 6180 1432 5711 3550
349 1709 3112 1529 2666 136 6386
350 3768 2756 4760 591 1766 3152 5312 6766
351 4513 2106 2585 554 2592 3570 840 4008
352 5 591 1044 1432 1755 1834 2372 2712 5645 4008 366 1655 2892 3758 2133 1146
353 756 1728 1744 2042 2223 3044 2384
354 245 304 939 2327 2838 3932
355 6691 527 1069 4198 6415 747 2405 3410 3347 1135 6849 6946
356 2350 5929 1021 2920 3015 4229 971 4212 5600 2430 3825
357 1045 1691 1178 1498 3843
358 1428 2350 1729 4696 2230 603 474 6912
359 6680 919 2284 2587 5851
360 3244 3130 5211 627 6821
361 54 1534 1056 3685 3961 4117 5114
362 580 917 1233 1701 2460 4696 4894 5598 879 4712 3611 2032
363 395 1044 1392 1853 2479 3004 3365 3866
364 4031 3140 3653 4712 5765 6360
365 1056 1792 2513 1037 1701 1261 2692 917 55 601 1462 1044 1103 901 3294 2929 2288 713 4552
366 627 3885 4510 2601 1588 3365 3929 837 1483
367 4672 4675 6108 5558 2723 5775
368 2284 3182 3410 5271 6368 6435 6844
369 3592 245 333 692 1262 1713 1793 1884 2557 3396 5114 1530
370 11 103 127 150 198 291
371 2841 1759 5370 2288 3586
372 655 1468 1759 2571 3085 1887 2923 3072
373 20 742 1834 2291 1392
374 6075 2940 3142 3234 3315
375 1112 2767 2947 4263 3586 3874 3099 4300
376 431 80 203 1712 1392
377 1554 1106 3363 4623 4624 3394 1558
378 1481 3453 3989 5164 994 2838 837 1223
379 2249 812 4189 4697 1829 3092 3396
380 1373 2750 3727 2162 1405 5413 1544 4028 3029 3938 6402
381 2401 2403 5949 728 2129 2400
382 2690 2987 2992 2804 979 638 1032
383 2758 4829 1175 1308 4888 4955
384 164 527 2099 2951 5220
385 1826 1233 1097 2797 3438 1106 1094 4964 2888
386 3183 4146 5400 6238 3060 329
387 2486 1867 2460 3692 5093
388 2486 3315 3537 4012 4790 5047 5432 5558 6313
389 401 1242 1844 2049 3239 3356 3693 4012 5738
390 905 5838 2827 3627 6814
391 4185 3030 4119 5583 4876 4842
392 6073 2614 4583 6174 511 660 4521 5572 6306 5099 5902 6094 6474 4831 7047 610 1181 3516 4452 4952 5208 5767 5809 994 2502 3180
393 1228 3776 5019 964 4606
394 2067 4340 5619 5756 4012 5672
395 2857 3923 4842 802 1037 5760
396 209 3976 2036 3703 2592
397 1652 2719 3862 6379 5603 1242 1755 1958 3594 6800
398 267 1480 1816 2511 2732 3409 853 1057
399 188 4012 5195 420 1791
400 1015 1042 1385 2239 3065 3679
401 238 627 1588 2577 5118 6150 4420
402 396 2183 2789 3065 4069 687 84
403 246 813 1352 2702 4722 5122 5413
404 465 2702 4154 5032 1847 3184 5593
405 604 1811 1951 1952 2577
406 335 879 3549 5349 6455
407 4318 2945 3277 2835 4398 751
408 1144 827 1160 46 1682 1001
409 1981 3502 4842 5685 352 543 939 954 3425
410 1448 2930 2536 920 1364
411 188 641 675 1138 1182 1650 2460 2511 2756 5382 5558 5203
412 3517 2952 1922 2883 3615 4207 1127 3901 4578
413 2460 2502 4052 4298 4844
414 235 1755 1791 2460 3226 3442 5420 6119 1189 1887
415 2032 2417 1432 2327 1480 1759 140 842 1057 1329 2482 3923 4777
416 2076 496 3542 5441 2535 3388
417 1672 4696 2890 4521 6572
418 2176 517 1044 3866 3957 5068
419 245 573 585 773 1402
420 4152 4856 4769 939 4638
421 1553 1625 2245 2291 3763
422 516 2168 2723 2988 6316
423 2460 2149 2329 4122 4212
424 1701 1897 2460 364 675
425 674 5794 627 830 4419
426 630 1135 2751 4477 5208 2535 4402 5206
427 4224 2069 1715 5258 3964 31 5558 2915
428 917 3343 5361 5539 6724
429 1333 832 480 3347 4778 935
430 837 80 573 1364 1590 1840 36
431 3768 1494 2161 3030 939 3108 3656
432 1856 964 553 1550 1653 3299 2759
433 928 2155 832 2749 954 3274 2293 1071
434 2765 873 2624 2879 3254 1047 3554 2299
435 579 879 1071 1242 1636 1778 2329 3506 3929 4117 4689 4922 6381 6706 6766
436 102 1322 2823 3560 5284 5345 6323
437 1140 73 5093 654 4265
438 188 352 883 2046 3070 5587 7007
439 870 85 1092 1090 2976
440 4397 3866 1015 4028 1496 580 573 2290 5469 1759 3263 3378 3547 4097 6450 6470 3944 121 563 1526 3931 987
441 554 3381 6036 6474 6487 6579
442 2892 3834 5196 6274 6380
443 2523 1997 2000 2178 2535
444 584 1400 2533 2586 3013 3015 3469
445 2583 4409 6211 6213 6321 6518
446 5155 382 1893 2425 4808 580 1867 2735 2765 3078 3896 830 4835
447 333 1165 2046 2323 2953 4147
448 840 991 2924 1432 4158 174 3130 6101
449 2277 2693 3815 2045 5350 3601 2619 5077 2881 4667
450 177 3877 3923 573 3957 1122
451 321 1106 1398 4256 4587 3263 1149
452 2463 2573 3515 4050 6243 1041
453 177 2144 2834 3258 4531
454 283 401 1723 6211 6213 6321 6520
455 3534 3689 4789 3060 3072 3599
456 1759 1009 2184 2750 3864 4157
457 185 1530 1720 2838 3207 4254 2931 3465
458 466 2863 5484 3651 4191 5118 6421 5756
459 6476 98 333 2343 3521 4376 5720
460 3495 912 4285 5254 5792 6297
461 3049 974 991 958 3183
462 6267 4889 3453 4760 5118
463 1416 3964 5559 5808 6402 6688 5517 6283 4097 4340 4842 5666
464 757 1663 2091 2760 2032 1263
465 4118 2554 2600 4560 5459
466 3722 4008 1381 1444 2595 2596 1283 2369 4614 2254 4833
467 321 1010 1142 1146 3182
468 3073 3328 1103 5117 6836
469 1520 3673 5312 3459 1804 4696 4582 5134
470 5691 3396 4686 2323 3341 6381 226 4109 4380 6474
471 1861 5560 5666 246 6884
472 4933 2593 4012 715 5677 4564 6065
473 3929 742 745 880 998 1016 1047 1139 1298 1407 1517 1578 1580 1641 1759 1776 1871 2301 2466 2578 2790 2839 2944 2961 4037 4102 4146 4193 4339 4496 147 664 728 1833 2387 4466 1973 4194 5072 5307 3065
474 5666 2750 715 5346 6176 4267 5872 6283 991 4238 4371
475 88 991 2904 4906 1044 2671 4268
476 10 68 239 241 400 481 23 460 204
477 188 516 3942 4152 5320 3506 3979 5802
478 939 2723 4013 2095 3246
479 186 280 429 175 420 270 342 10
480 184 5979 4420 835 3400 516 2906 4212
481 1844 4634 1359 1360 2756 595 4008 5711 6281 2390
482 1107 2670 1412 1931 245 1981 1982 1792 479 4234 3383 1122
483 5432 4370 191 366 893 1214 1236 3340 1526
484 1316 2909 3108 3446 3929
485 486 675 3365 4628 5544
486 429 86 78 66 154 174 460
487 177 3466 5036 5311 5512
488 820 3365 4435 5450 6583
489 4879 2460 906 3546 5093
490 5656 6735 102 201 238 1708 1709 2240 2628 3239 3365 3679 3809 4785 5756 3342 6038 6909 1508 4054 6872 6841
491 2243 2323 2834 4137 5640 5157 4818 3945 1544 318
492 2666 4097 6273 5706 486 6303
493 4878 594 2788 5147 3354 2898 3183 6213 6211
494 567 689 800 304 295 3147 1097 2276 1987 5124
495 2953 4357 4689 1687 3278 4803 6175 6909
496 435 909 1527 697 905 918 482 1546 1261 385 2382
497 993 2572 3399 3409 4595 5174 5767 203 2988 3645 6071 445 884 2143 4489
498 923 907 962 1755 4817
499 458 420 426 998 1766 2032 2069 2168 2460 2838 2920 3506 627
500 304 650 746 782 1219 5865 4697 6615
501 833 2920 2950 5413 5414 6129 4535 939 1432 3448 3904
502 1272 545 1327 5655 2323 5853 4712 3589
503 1161 54 482 495 646 5598 5634 5979 3149
504 2142 5290 5542 1589 2389 2391 3559 4259 4573 5221 2951 4724
505 3142 3848 4620 4689 1003
506 5480 5417 6408 5070 6644
507 563 1037 1135 4521 5378 5530
508 742 799 1724 1270 3383
509 2949 3012 4087 5428 3833
510 2377 994 4198 6180 6380
511 4058 4798 5376 830 4835 6066 5312 713
512 2193 2680 3158 3480 1575
513 837 3194 6756 1432 845 917 3632 5086
514 939 1455 1544 5021 5435 6306 6871
515 2304 2692 1136 2879 3950 3174 3605 6412
516 54 52 3001 4698 1427
517 4961 246 2574 2962 4185
518 142 1052 2511 1161 3463 3972 2797
519 3365 3537 4689 4858 5209
520 1368 1432 1533 884 304
521 304 2904 4198 2659 3190 939 4519 3263 675 2301 2016
522 6160 4568 434 784 2880 5778
523 687 2678 3686 4097 3149 292
524 2663 410 1227 1588 4360 1853 2356 1283 391 5421 5346 426 2193 4168 4842 1172 3090 1900 3348 6008
525 63 807 939 2732 2978 4495 1423 1768 1660 5310
526 3186 352 353 3319 54 835 4589
527 431 4816 2184 2750 1140 1194 5263 3183 4052 5757 6273
528 1294 1242 565 927 1504
529 1429 6962 1636 4012 5666 6891 6654
530 936 4233 127 1728 1973 2130 4448 6071 6253 514
531 6106 3793 5397 4920 5504 4447
532 554 611 3214 3365 4101 4141 4142 2369 2761 1116 3004 2920 4089 4417 2370 3522
533 963 3768 534 3182 3409 3410 527 1309 4631 4744 6110 70 4285
534 1958 1077 1847 4576 2989 4696 3205 1813 2146 4793 5808 4925 6490
535 3497 3383 4696 3517 731
536 1815 713 1529 1206 2766
537 3908 1855 4540 4794 6022
538 110 1021 1044 2698 2319 3059
539 1505 1190 1908 3354 3355
540 2893 3067 4008 6412 840 2277 4073 6297 917 1261 6071
541 6885 2909 3339 6220 6110
542 2952 2327 2951 4285 4689 939 1939 3855
543 1600 772 5838 245 5511
544 84 309 337 10 51 142 428 409
545 5191 1242 2615 5559 1608 5003
546 1278 4824 692 1270 1094 2730 25 1159
547 80 927 3730 4524 627
548 3505 91 3664 1526 2641 421 742 2452 4624 1255 2582 2383 4551 3099
549 140 2838 3082 3957 112 980 2847 4419 5948
550 127 129 39 117 148 411
551 3050 3915 4247 4454 4552 5503
552 4601 4781 318 772 2854 641
553 4028 848 1179 1352 3400 4143 1813 1633 3251 3343 3351 3554 6023 6231 5187
554 73 905 4908 578 4946
555 482 1148 3806 4627 5312 6510 6636 6721 6613 6840 6903
556 192 1078 1493 1591 1759 2369 2630 2693 3184 3277 3362 3365 3413 4415 4888 5376 5413 5544 567 1588 2517 2718 2920 4101 4472 4827 1328 1797 2294 5535 6386
557 3579 2300 3585 4439 5524
558 640 1785 1026 3158 1770 602
559 5664 1071 1236 1567 2950
560 5543 5558 5987 1135 4446 5589 6349 6952 6315 5550 6644 6264 6946 6819 6995 6901
561 100 514 754 4166 4624 5088 5366 2384
562 2329 3892 1631 5722 5808 2049 4097 1233
563 1629 3263 713 830 5337 770 2970 3590
564 3676 3147 2011 1720 3013 778 3181 4360 3530 5705 3277 6116 1122 6624
565 1107 1998 4285 1365 3554 3771 3863 4546 4551 4297
566 1530 4587 1519 1639 3978
567 2972 1298 4894 4409 2836 4374
568 1570 179 3630 346 2106 2833 4464 1710 3971 2840 1412 4746
569 1037 3795 3957 6175 1049 5460 2535 683
570 207 240 443 187 259 295
571 452 2187 292 2120 4494 2276
572 1037 2090 850 360 58 2022
573 1248 2636 1752 2304 2234 3365 3495 502 222 3580 1221
574 790 1738 2027 5304 5908 6216 2314
575 779 2323 379 582 2279
576 1109 1895 1283 852 1831 4625 1966
577 1268 4347 1685 3088 2649 3587
578 11 208 380 438 554 588
579 1536 1628 2112 3087 245 2304 203 1741
580 352 2723 4784 1358 797
581 1359 2064 2456 4352 1729
582 120 576 5558 5957 4842 5043
583 3931 5721 185 5191 5979 1432 5821 4143 2749 6212 2729
584 2988 6445 4737 6236 6333 1756 3143 4759
585 4251 370 2280 3496 4724
586 2032 1939 2514 4627 4626 304 3360
587 1426 1649 882 373 1187 4413
588 2478 3503 4966 4978 5142 3980
589 1063 1100 1368 607 3690 4193 834 836 82 2777 4308 5269 5397 6719
590 3365 1303 2881 2970 3827 4013 2184 4712 5619 6099 2460
591 1881 2377 6175 401 1432 1438 2168 987 2797 5149 6265 6587
592 5276 5346 4747 3823 6756 6732
593 80 304 685 1003 4375 2123 209
594 49 54 850 2027 411 1130 1432 3521
595 2750 4809 817 4697 4746
596 2184 5955 3233 4758 4842
597 43 127 279 103 155 173 289 409
598 5892 127 1534 1887 5553 880
599 1723 5367 5486 849 1653 4160 4680 5189 5275
600 432 1300 2732 2723 95 6805
601 1047 1998 5796 775 777 1358 6104
602 377 342 1045 453 1043
603 2460 6211 6213 542 2371
604 1590 5473 401 6593 2024
605 630 987 1037 1135 1432 6631 6359 2327 4097
606 1791 120 459 5489 5809 5787 6325 6412 6496 6573 6576 6264 6853
607 1001 2430 3386 1320 304 2535 3334 3569
608 1200 1643 3981 1904 2535
609 5443 924 2502 3677 5667 5989 6539
610 1323 1779 3062 3315 3421 4638
611 148 140 325 675 1432 1589 2891
612 383 907 384 2345 2963
613 2037 2904 626 4568 5349
614 3263 3290 3410 3998 6559 807 5456
615 1701 2477 1530 1887 420 3082 474
616 641 1071 1808 1852 2102 2478 2631 3214 4198 4665 4842 4905
617 372 2478 1588 1791 6706
618 2976 3931 4499 4578 5157
619 214 304 840 1107 1346 1474 379 1154 996 496
620 1119 5757 756 333 580 3158 595 2389 3214 5673 4628 5157 3788 4168
621 905 43 80 742 88 165 608 913 911 921
622 548 1808 742 2605 2838 4012 5500
623 3929 3801 4727 1172 5433
624 2702 3294 518 6264 6765
625 401 1693 2808 4437 4696 5207 2615 3586 5862
626 4012 6796 282 1373 4992 6209 6858 7004
627 190 1432 3082 641 5187
628 5744 1824 1518 455 1844 1847 1848 4842 5164
629 2460 4232 6510 5366 960 6354 267 1319 5093 5094 5385
630 4291 2853 3007 2125 3065 837 1759 2352
631 432 1474 1094 1316 1711 4655
632 800 514 3279 4676 5756
633 998 1597 772 1034 606 1327 452 1435 1987 2327 2038 1254 469 11 939 575 3012 435 3192 972 2698 1721 2923 2876 1214 2970 3378 2276 4589 5346 4003 5787 5345 1804 5372 5785 5784 5417 458 5283 3849 2037 5344 4831 5504 5879 6360 6503 1881 6954
634 2185 1433 2481 164 6993
635 1910 3339 4842 6358 6734 6830 6966
636 995 546 2271 2663 4528
637 125 1300 2578 3277 1653
638 877 1447 2335 2800 4756
639 330 2187 2560 3192 651 1981
640 120 408 612 1071 2220 3758 4152 4604 6211 6213 6517
641 987 563 961 1290 1241 1579 2872 3997 5007
642 1392 805 3156 1759 1756 2576 2281 3526
643 126 295 103 250 460
644 527 1188 2313 2669 2740 2460 2898 3030 1494 1187 3365 1887 2052 2756 6279 6323
645 1787 2298 3699 3485 3761 1581 3891 2662 3909 5393 5394 5602 3986 5032
646 1887 2838 3059 2269 3183 6255
647 1286 3069 2280 6386 6616
648 4727 5389 1480 2674 3362 3663 5775
649 1383 1713 2693 770 4257 5666
650 1424 4561 1015 3783 3851 5852 4097
651 2193 4940 1097 3209 2430
652 1755 2323 2720 3194 6811 196 1526 1808 2300 4496
653 5814 1818 2511 535 1852 3278 3451 3309 5465 5821 2603 5850 1563
654 2460 2723 4082 3365 4432 6057
655 2236 1533 304 3820 4515 3710 5589 5638 5762
656 178 486 3001 3190 4462 4520 4726 2471
657 2952 2970 3766 5525 6603 1959 2165 4152 5476
658 839 1853 2147 2914 4252 4800 5021 2838
659 761 1460 1959 2232 939 1167 304
660 3867 641 781 976 4982 6071 6132
661 713 1194 5748 6072 333 3434 4351 5022 5099 5963
662 687 842 1233 1728 2049 3964 4097 5540 6177 6349 352 1081
663 960 1047 3180 1226 1432
664 2033 1340 1521 2161 2450 1358 1972
665 2891 420 742 5094 6129
666 303 944 1087 1813 2080 2340 2765 2908 1653 3891 4712 776 4679 5070 5180
667 84 3560 238 991 1233 1261 2452
668 3263 3347 3409 5583 6622 6905 3316
669 6167 6682 4102 1233 1659 3330 5086 133
670 514 1424 2018 2144 4298
671 4285 5227 6441 1588 3046 5985 835 1947 3839 5570
672 706 998 1432 1703 1935 6163
673 2183 3194 531 3783 2988 5369
674 32 73 500 2318 2017 3374 3354 3173 5294 6908
675 167 4156 4269 4901 4013 445 2888 5118
676 1044 1791 3379 5537 5979 6158
677 1047 710 3026 5412 4075
678 121 1841 2385 692 3227
679 304 1019 1383 2667 3953
680 4988 1217 4710 4376 1041 6542 2168 1855
681 3768 3507 1867 3101 4209 772 2669 2460 880 5666 6748 6338
682 4193 3586 4293 1653 4734 4901 5072
683 1586 2838 2864 3183 5537 1842
684 742 917 1343 1826 1374 4013
685 11 64 148 324 1005 443
686 5138 6282 6386 6507 4794
687 3233 1103 1598 1195 498 2890 1242 152
688 1935 4901 514 906 1159 1432
689 4364 4128 2931 2523 4304
690 1700 2739 2908 5512 5513 5 945 1815 2985 3968 4393 4659 5915 5723 6167
691 5312 2212 5266 5417 5837 5911 5543 6227 6286 6193 6706 3342 6766 6791 6644 6980
692 1301 1380 3004 3985 1871 3933 4580 2985 1424 633
693 893 1516 1765 2460 3263 3615 5502 3929 4541 830 5064 6543 627 807 2997 3877 4097 5571 3862 5707
694 607 1047 939 80 779 785 618 1590
695 2797 623 4335 188 1016 1466 2323 2512 3353 4012 4223 5949
696 1897 2061 5519 5520 962 5191 6089
697 1012 1099 1978 2369 2460 3026
698 1964 6204 2166 5197 5272 2328 5021
699 939 1233 3877 3834 4763 5044 5592
700 401 1056 1179 2369 2920 5852
701 61 2032 3294 5044 6182 554
702 1063 4833 5024 5160 5777 6283
703 2950 5375 6716 1650 3809
704 43 127 148 28 63
705 648 1419 904 939 1894
706 593 595 1034 795 740 1118 442 1227 909 919 991 801 501 354 616 304 832 729 3659 4518 2535
707 1804 4057 401 5376 6041
708 5759 352 1588 1884 2383 4116 5191 5342 5456 594
709 1867 2032 2112 3768 4808 5733
710 142 5743 475 4386 3757 6169
711 140 2985 3059 4710 5584 5756 6192 6952 1044 1329 4268 4365 918 3607
712 772 4424 915 1467 1755 681 1242 610 3985 3979 3363 6273 5432 6640
713 26 486 832 865 1044
714 3347 4383 4474 5590 1471 2665 2676 3184 4625 5527 5822 5868 6479 6667 2277 1147
715 431 282 3278 647 3396
716 420 1254 401 2602 4230 4696 4614 3214 6298
717 1036 1927 4451 459 1791 5284 458 6251 6664 6706 6788 6904 6979 6925 7040
718 2263 3683 6507 1519 5666 6071
719 1944 2808 3742 2065 3515 1922 3704
720 1233 454 917 1007 2636 3008 3365 1319 1200 3686 3729 3005 537 2435 3877 54 2231 3160
721 420 3251 4054 6010 6188 6850
722 673 1201 4117 5747 6126
723 1412 3905 1973 4097 4183 5486 1122 4783
724 3929 5964 1428 4874 1424 3585 4212
725 1592 2193 445 988 1201 4109 5586
726 375 1270 3713 514 525 1073 61
727 3676 3608 2785 5706 3240 2460
728 82 1063 3060 3208 5756
729 2783 2080 1665 1653 5887 3472 3756
730 1037 1947 2538 3525 6386
731 459 5214 2212 109 7043 7012
732 304 484 812 814 1037 1200 1759 3006 3388 3611 4052 4193 4374 5105
733 991 474 1755 2644 2728 4344 5816
734 2112 4967 1535 1848 1956 3214 3698 4739 2369
735 114 652 810 1074 2105
736 1110 2624 2669 2909 4681 4696 5520 1815 3280 6298 304 5177
737 962 921 1391 2803 3965
738 3143 772 998 1687 4816
739 3706 2692 5100 455 2052 5021 525 3006 3460 3685 4664 5491 5905
740 784 998 742 3494 2533
741 554 3349 1318 5728 4518 6238
742 3751 2959 4216 3263 5482
743 6099 174 3388 5086 5422 5424 6126 6718
744 3342 566 713 1170 1746 2907 3365 3901 4879 5312 5790
745 1056 3866 4601 4922 972
746 1814 2090 4340 4680 191 1759 1957 2300 2756 3132 5019
747 772 1544 3026 3929 1106
748 304 4097 6610 745 5422
749 3278 3410 3030 991 3183 3330 4907 2167
750 782 1753 4596 4851 5257 5811
751 2485 2094 2718 3866 6622 647 6509
752 472 840 2147 4695 1290
753 3214 4306 4374 939 3243 3413 3996 5014
754 2430 3374 5118 5176 5362
755 4201 1200 2435 3809 4628 1044 6332
756 1273 1568 4092 690 1194 2020 5630 3310 3182
757 2982 3605 5012 5465 5625 1239
758 6532 3143 5502 5811 4122 5497
759 486 1887 2841 3592 4772
760 989 78 2482 3811 4849
761 1471 2336 2732 2920 4580 1765
762 2643 653 748 1646 2286
763 820 459 4198 1759 2857 5352 2032 2572 2750 3416 458 5757 5224 998 1987 3365 5330 1530 6512
764 10 83 188 9 180 171
765 1494 728 2540 3184 4405 4750 4803
766 2976 2897 2442 683 6615 235
767 2867 3263 2945 1242 4878 3071 3551
768 1516 742 3025 1714 2750 193 1599 476 2460 1988 1356 3044 1392 2530 2944 3138 3642 15 3367 2271 2092 3060
769 5064 1494 3758 5049 5975 3929 2701 3173
770 1802 3046 3048 4143 1723 5932 5376
771 2450 89 854 2906 4113 5558
772 2454 151 5412 5535 2758 3044 3251 5288 1063 621 6272 6233 2921 5704
773 4951 1386 3985 54 4934 5536 1078 4156
774 175 161 24 3951 5849 5850 5070
775 671 1828 3470 1063 5074
776 5275 5346 954 2351 5099 255
777 2477 2315 2702 1494 960 1047 1227 927 3026 2782 939 924 834 2162 1086 1430 2946 4510 4696 4171
778 91 4139 5930 6164 6206 4446 6035 5729
779 3001 6544 4966 546 6177 2193 5567 6478 4631
780 610 1501 5422 2224 830 1759 1887 3059 958 4894 5850 5019 5849 5070
781 167 537 1588 1843 1867 2323 2369 2731 2732 3278 3348 3448 3857 4521 5191 5598 5814 6004 627 670 1071 1198 2102 2328 2659 2775 5300 5844 4008 837 2460 2545 5021 5471 1714 5558 5560 6129
782 1520 494 3924 4013 6099
783 4370 1728 5757 1936 3554
784 647 1233 3877 245 1775 2790
785 1779 939 1986 2760 3401 3624 4401 5512 5513 5433 1242
786 1844 4043 5223 5872 2430 5905 670 1701 2735
787 2038 3142 3214 3365 3866 3929
788 685 933 924 804 1074
789 2756 3065 5024 5049 5493
790 1973 3144 322 849 3606 4734
791 146 177 1097 2323 3210 3326 5530 1701 2032 506 775
792 3563 1791 6325 6367 6275 6664 6651 6864 6977 6781 6998 6994 6939
793 756 1037 1843 1848 3768
794 125 1909 2917 3226 4402 3554 6005 6454
795 2633 201 1263 1523 1720 2535 3560 420 1605
796 10 35 43 226 186
797 4008 4403 1107 5273 6375
798 3758 939 1194 845 4689 5376
799 4443 4446 5857 6753 546 695 2193 4626 1263
800 3213 1865 1921 4374 3579 939 861 2876 5258
801 6024 1526 2154 2976 3200 304 1933 2158 6026
802 927 1616 671 1593 2678 4078 2761 2976 5205 3152 2707 1103 4370 6150 2669 1432
803 3801 1332 3928 4446 2402
804 486 2674 2908 4793 5118
805 5069 1664 4941 599 1236 2092 2513 2756 2885 3585 2183 2897 4538 486 1242 2848 3050 4462 4464 5463 1711 4648
806 627 3866 5293 238 434 1981
807 322 596 1029 907 3593
808 23 337 438 250 295
809 2750 2070 2941 671 1797 4205 1759 1890 4297
810 1563 2726 3087 1487 2193 5086
811 3281 140 1233 3362 4922 5873
812 1562 2010 496 1534 525
813 2863 3194 1813 4269 6264
814 3001 2460 179 1653 5775
815 1135 424 1012 1867 2756 2765 3367 4198 4311 4437 5378 5391 2123 148
816 1956 178 4878 5979 5431 976 3923 5987
817 1394 1181 1317 1323 797 2277 3716 1233 1321 1193
818 4764 631 1847 3331 6088
819 710 715 4750 5376 5770 5847 6338 6545 6937
820 10 80 186 204 420
821 840 2219 3679 5209 5988
822 352 3981 3985 2052 2398 4573 2598 1242 6279
823 4086 1586 4359 5151 5762
824 1693 2356 46 1173 1438 2290 2321 3586 4173 4395
825 80 337 429 553 204 246
826 4276 4768 3398 5869 6206
827 1242 1579 739 1446 2824
828 1285 3744 1530 4960 335 5558 6661 3460
829 1628 2732 2763 2474 996 2510 3981 5413 2193 2251 3030 654 3363 3656 3978 3890 370 5895 6649 1535 2106 2449 2592 4631 4712 5211 1755 2107 6219 6273 6890 6885 1536 2112 2119 3410 4256 6793
830 3871 458 4628 5208 5705 6071
831 3866 6393 2146 2861 3183 4100 4313 4403 6680
832 1844 5018 5593 245 203
833 896 907 916 920 1016 1042
834 6596 1729 6323 3761 1653 4734
835 331 2323 4446 673 6334
836 907 2004 4031 4097 4759 5354 5355 2677 2710 3078 3227
837 830 3100 1358 1633 1867 2095 5555 1756
838 325 3046 5711 6277 1283
839 710 5195 6359 5688 5768
840 2961 5177 2327 4285 5146
841 648 759 768 1934 4418
842 1211 1914 4147 5021 6204
843 893 1758 2569 2909 6296
844 4842 6073 1493 4156 5164
845 607 1273 3410 5512 3263 5079
846 1439 1385 2032 3316 5147 6338
847 366 653 772 1516 80 424 472 5980 67 619 658 1461 734 2147 2129 3233 5756 6493 6591
848 2112 2512 5774 1759 140
849 607 905 1588 2567 3512 5093 4198 6116 1672 4527
850 2327 5960 1939 4318 5598
851 2669 2897 4834 795 1261 6207 31 2895
852 2068 1255 6310 4012 4065 5939 6088 6316 6869 1521 3488 2184 4212 5248 5249 6684 3964 4008 6167 2504
853 1302 3300 537 850 5762
854 5979 2412 4022 5954 835 2203 3347 4750 5987 6283 3848 4465 1424 4989 6384
855 1047 3537 3723 3776 5954 6011
856 2861 2490 2570 627 944 1622 1710 1759 2070 2951 3515 4229 531 2397 3410 1727 2032 3577 3807 4569 5012 1506 2251 2466 1047 1755 2183 2482 4285 5422
857 2659 865 4365 4527 5191 5948
858 1179 3372 3627 1887 3786 2216
859 407 1561 1995 4664 1969 2209 434 972 3149 3006 1956 3659 991 581
860 840 1006 1308 1853 3747 4759
861 1106 1810 1952 178 1161 4712 2090 4446
862 2483 2916 3891 716 937 5775 4443
863 641 304 1263 1372 5068 4013
864 140 3239 1855 2888 5263 5873
865 1714 6357 4794 14 303 3845
866 566 1615 3566 3931 5987
867 3214 5157 905 2545 3047 4689 1309 2032 3871 6005
868 179 246 1432 1759 3368 3543 3546 502 832 4818
869 1974 1161 1227 1316 2001 2029
870 2501 492 2671 3251 3971 4816 3737 3876 3949 1250
871 3976 709 4695 2237 1383
872 3383 1010 1962 2020 3018 3164 3186 3746 4587 4768 6156 5583 6905
873 56 109 47 246 300
874 1619 2093 2353 897 4401 2693 3436 3749
875 4903 4728 2050 6417 2870 2666
876 3468 1909 2377 2849 3991 4193 5903 6689 527 954 1672 2510 2593 4553 5369 5512 5894 5979 1103 2838 675 797 1207 4628 3172 3294
877 1814 3383 267 660 1955 2171 2253 2728 2962 5711 6479 516 6429 6839 713 2369 6386
878 4922 2807 3758 6292 401
879 1755 2323 4097 4894 2676 2452
880 556 1043 898 1234 1569
881 1182 3280 1138 3410 2593 3343 1887 2693 5984 6001
882 2572 2640 88 282 2067 3384 3578 5138 4879 3362 2750 3752 3890 1678 745 3448 820 4625
883 246 401 913 1544 2012 2014 2897
884 2257 245 4916 1875 5756
885 3284 3530 3866 850 854 2379
886 2090 5952 1016 2861 4089 4901 6294
887 1047 1871 2696 654 3043 4331 2535 4723
888 3679 1004 1848 2756 2793 3030 3409 3410 3506 4225 4856
889 5582 2096 2959 3200 4920 6579 3409 939
890 3238 3059 1875 1898 1904
891 1821 3363 52 95 304 5778
892 1424 4461 6959 1233 3482
893 742 939 1057 2877 907 3075
894 602 446 847 4712 5933
895 1298 1432 352 3183 762 2231 4510 5593 5756 3277 5571
896 52 3214 1830 1338 1805 1327 4158 3001 2811
897 2790 2909 4193 4523 4738 5331 5873 6886
898 782 954 1576 4909 5234 5484 5587
899 1655 1844 994 2908 4844 1047 6062 7027
900 5850 1821 4033 1804 3874 3608 593 1544 2314 2317 3761 6114 3311 3784 4964 5602
901 3351 3110 4013 3342 6328
902 2535 4013 5873 602 4712 5559
903 1755 5381 2327 2669 5176 3184 807 4552
904 949 3929 3012 841 2369 3521
905 3226 163 331 939 1385 1495 4573 4628 5086
906 2710 3428 4695 5636 5558
907 725 2369 177 5211 6312
908 293 972 1983 2323 2598 3811 3863 4855 3802 2750 1336 2976 4203 6003 15 288 5228 5414 3891 4799 6283 6767 458 4689
909 1359 764 2888 3060 6092
910 4193 4253 5125 5919 6109
911 740 3379 582 3362 1336 2898 2907 682
912 2760 4606 4889 5221 4685 5536
913 1348 742 939 2323 4328
914 2323 3410 201 1728 2242 2797 3409 3655 4631 4769 4918 5623 6345 6766 1174 3076 3957 6874
915 2138 4198 5495 6252 6357 6551
916 203 4628 677 2775 3343
917 5400 194 4928 5403 812 1950
918 2293 297 1821 917 1910 3623
919 2750 2460 2806 4397 6415
920 813 923 820 2738 5118 2909
921 1144 1972 1280 486 3475
922 2323 1198 2277 3676 742 961 1113 1978 924 1034 2253 4008 1018 938 2112 3191
923 125 2659 3929 4052 4147 4632 5711 2790 3809 4344 4587 5366 6109 6417
924 1639 2534 3843 4867 5315
925 5530 514 1171 3964 5743 6620
926 1861 4012 2646 2460 627
927 627 1103 534 666 1815
928 494 4037 5113 1821 5559
929 2955 1591 2303 4427 1236 1077 5517 1435 3060 5371
930 1226 1534 3451 3453 401 6283 4842
931 4759 641 1597 2807 5721 6804 962 5756
932 3559 5191 5759 5638 3964
933 1710 2888 1221 2733 3023
934 323 2719 202 420 742 1044 1432
935 304 1560 2599 4013 4121 514 3586
936 1367 1194 370 3178 4645
937 441 1892 3030 3059 3468 3655 4031 4781 4856
938 5456 4357 6635 6910 5530 1204 6911 3516 892 921 1631 2076 25 4284 4365
939 3214 3548 5157 5684 608 786
940 1956 2933 5955 6777 4101 4631 6636
941 916 5335 3086 1137 1756 2372 2638 2897 2952 3472 3761 4748 5157 5312 5587 4482 177 1438 3326 1821
942 304 1181 1988 2976 4835
943 2514 4515 4982 1713 3933
944 627 772 3453 5240 5417 6222 73 6841
945 2020 2788 939 2741 3526
946 921 3672 6555 3453 5577 4545 4874 5705 2721 3904 4551 5628 3394 4712 1319 6840 1481 5310 6313
947 5197 660 1615 1765 2724 4292 5456
948 481 1016 1309 2800 3550 4280 4373 522
949 545 5362 738 4170 4803 5485 2931
950 1867 283 972 3022 3697 5172
951 2460 812 1825 4901 1078
952 3084 4351 4451 459 5193 5417 2242 5809 6085 6257 6393 6788 6904 6965 6956 6998 6772 6712 6801
953 2113 3071 262 1202 1065 1530
954 3067 4086 4185 4587 4920 4324
955 2323 1016 2183 2808 3957 4201
956 1994 1961 3263 4404 1851 4908
957 897 1058 1071 2024 2897 3947 4879
958 362 186 314 32 465 324 98 596 670 585 6539
959 3683 2139 738 756 1688 3534 3676 3678 4844
960 1887 2553 1044 1821 654 2265
961 4232 4246 4587 4086 6011
962 224 234 269 290 181
963 756 735 3572 1233 2199 4527 3586 4230 5221
964 201 1748 1844 4825 2861 4914 3193
965 1678 812 1159 1887 2383 2387 4285 6726
966 77 148 573 605 760 713 1799
967 905 919 2569 2743 3064 4963 1242 6279
968 2592 1109 6400 3761 1729 3060 2299 4842 5512
969 742 2452 88 863 1047 1107 3365 3629
970 2 245 595 664 2638 2808 4844 5024 5442 5690 6452
971 5558 5765 6030 6211 6213 6214 6520 6573
972 4066 5221 3060 5376 1321 2541 6526
973 3021 3534 4008 1703 1755 2460 2720 2940 2962 3263
974 4039 5493 5737 6117 6071 5889
975 939 1319 1752 3663 745
976 551 4526 3280 3518 2323 2912
977 566 2238 4193 5072 6164 5118
978 3474 4510 5180 52 5310 6360
979 656 512 634 594 498 602 608
980 4008 3503 3294 1563 2168 6625
981 1242 6436 3839 395 4989 5400 2420
982 1438 1987 4117 2598 3554 5558 5551
983 607 6317 2517 2573 2981 3124 3470
984 1231 3135 2128 2525 2901 4334 420
985 1453 2116 4034 4535 5226 5237 6096
986 465 691 745 1887 2838 6612
987 304 157 1636 1982 3528 6241 991 1544 3573
988 1047 5113 3790 4789 850
989 2460 5118 5791 6483 697
990 5937 1255 2535 3537 5530 5634 3554
991 441 4447 4839 2460 6353
992 366 1530 3247 4012 4146 791 3323 1322
993 304 167 90 246 352 1393
994 5411 80 660 4496 5558
995 3180 2683 3692 4209 5524
996 2824 3059 6176 2693 5654
997 546 3194 3208 4117 4702 5884 6449
998 1373 2168 2718 6177 6868 2616 5093 6321
999 1743 532 1813 2045 4475
1000 3236 1984 3353 3511 4808 2220
1001 463 414 465 1716 1960 2007 1385
1002 6055 465 691 1618 1711 2023 2439 2756 2976 3201 3410 3746 4769 1588 5721 5954 5630 5368
1003 3813 652 1587 2521 5720
1004 3726 3929 2 3251 5721
1005 88 1483 1834 3141 3992 6765
1006 1421 1741 3247 5522 6292
1007 1759 3924 4496 4824 4994
1008 5673 5993 3516 4052 2598 5537 6931
1009 4152 1015 1618 2198 2907 4415 4562 1950 6279
1010 2595 2596 2713 3141 6384 2229
1011 1066 1852 2775 2946 713 2187
1012 756 2643 936 5336 1987 3060
1013 2244 510 4516 602 1233
1014 1706 5707 630 2688 6219
1015 3849 6366 6444 6512 6522 5876 6789 6968 3306 6903 7024 7025 6901 6919 7007
1016 3263 6332 3655 3347 3416 1097 2838 3923 4256 6692
1017 566 887 1373 1383 2732 4163 4628 4695
1018 1153 4873 3142 1432 5417 6070 6354 6916
1019 1925 127 2908 1081 3214 6412 5436 5558 939 6753
1020 2020 2954 3338 3450 3915 6127
1021 4122 2380 3896 4498 4416 5381 5459 5593
1022 742 832 1107 3281 3929 34
1023 6568 6387 6789 5778 6957 6958 6959 6678 7013 6969 6781 6998 6963 6971 6994 7012 6560 6717
1024 3294 78 879 3251 3765 5557
1025 1468 5525 2827 4366 5537 1759 2718
1026 205 563 1011 1276 1373 1847 2112 3124 5138 833 185 2881 630
1027 2025 2416 4664 699 2132 1168 200 52 3383 907 953
1028 67 2773 1044 1936 1987
1029 1785 2889 2698 657 2965 3290 3968 4385 5667 465 2096 3108 3269 2956 3059
1030 975 2380 2962 3564 5668
1031 304 486 2940 3685 5553
1032 2734 3383 3714 1096 1981 2274 2472 3483 238 939 1815 1192 3059 3756 5105 5118
1033 11 186 337 409 118
1034 1693 1308 2089 3964 2166
1035 4517 3514 91 203 1253 5322
1036 2756 178 998 1201 2130 2432 2460 2740 3550 3553 4435 4894 5442 5877 1432 2718 3351 4466 3989 201 257 835 3101 3758 4240 4285 5614 5773
1037 88 327 452 569 1494 2572 2767
1038 3964 1987 4473 6126 6127
1039 681 4071 4144 5039 3717 1588 1887 4255 352 4967 4827 6096
1040 3948 4914 6177 1210 6171
1041 2115 1490 1242 2105 3576
1042 3710 2658 5085 3549 1380
1043 167 104 107 581 309
1044 2514 3795 3922 4789 5114
1045 1107 4383 4403 6497 6498 3315 6661
1046 667 1042 1368 1927 2568 3937
1047 4640 3543 3949 3957 849 3010
1048 3323 4610 2644 4335 5789
1049 188 514 728 1428 2566 2756 2909 3263 5072 5317 5869 6757 6463 4382 1815 4046
1050 1987 4475 1922 5000 6236
1051 772 2678 3686 2275 5475
1052 2629 2809 133 1759 5346
1053 383 1815 2909 3532 2705 3886 3896 3989 4585 5942 2487
1054 5379 635 1127 2756 1211 4257
1055 474 1728 3506 563 3610
1056 754 1830 1978 2858 3408 3610 1432
1057 2101 5725 3101 6359 6177
1058 441 3143 3996 4008 4062 4460 2439
1059 2505 1824 5614 2329 4739 5126 2693
1060 2158 2593 2738 2956 3624 3957 4324
1061 1106 1712 4492 2236 2746 1432
1062 6503 2125 2346 2596 4340 5314 5905 1103 1864 3883 5681
1063 3381 4295 3298 4212 5636
1064 6424 6425 4689 797 842 1595 5118
1065 603 865 2376 5453 5563 893 4578 4754
1066 977 659 391 3594 603
1067 2935 1791 6908 6773 6916
1068 97 188 342 30 217 246 324
1069 4250 5759 5416 6323 1981 6893 7025 6774
1070 625 80 1376 1425 1426
1071 1494 756 3866 303 5247
1072 6512 3929 6578 5454 5408 5492 6359
1073 447 1653 5201 4046 4204 5258
1074 5 691 6484 6690 6928
1075 1037 1054 2090 2946 2952
1076 4335 282 1759 5260 46 865 812 2383 2385 4298 2511 4241 5636
1077 5201 6179 994 3263 2306 6661
1078 1923 4439 5974 5525 6444 3380 5176 2184 2823 6348 5304 6324 6525 1966 848 6589 6335 6313 5025 5713 2350 5753 2887 5796 3256
1079 80 991 3194 1802 4409 6955
1080 445 1190 4489 4901 6108
1081 5114 366 5903 1151 4627 2844
1082 2323 924 1227 4055 4776 3766
1083 5940 5943 5974 2824 5558 5563
1084 482 1011 1588 1865 2046 2193 2460 3030 3692 3779 4496 4781 5343 366 5987
1085 647 5411 5118 5242 5943 3644 3825 4910 6842
1086 2046 3676 3677 3678 2785
1087 581 2573 2981 3347 5348 5720 5889 6304
1088 3264 3890 4878 7050 3514 2839 4965
1089 3143 2572 6374 4573 4840
1090 592 879 1258 5551 5760
1091 247 4007 675 5656 4135 953
1092 1573 2669 3328 4285 5864 940 4542 962 2460 6332 5643 5775 6746
1093 246 248 1602 1612 455 1622 3373
1094 1015 283 3742 2507 4146
1095 245 4003 2756 2908 4592 5767 6179
1096 2485 1923 1644 3295 4965
1097 246 115 78 265 75 77 109 295 337 219 213 217 10 251 342 182 211 304 420 453 192 164 252 378 82 222 325 434 501
1098 603 2436 2926 832 134 3550
1099 1309 4261 5517 1618 6209
1100 3334 729 978 1720 3594 3839
1101 2162 3244 3285 741 3870 5825 2161 2593 3201 4046 2027 829 2518 2624 964 1025 3184 4888 6298 4117
1102 4028 2205 3437 6457 1449 2031 3436 4460 6382 2022 31 6227 1075 2193 2540
1103 500 1808 2279 3535 3092 1097 1917 256 4788
1104 379 2323 706 3399 3012 4353 4354 5540
1105 5195 3973 4225 3143 6005 6679
1106 4097 2168 3790 6297 1078
1107 1637 1867 5379 4198 4885
1108 5757 303 1373 3554 5775
1109 692 939 2674 4459 6658
1110 1985 3488 2174 2669 3835 3898 4287
1111 735 4707 1960 2545 3796 3945 4800 4823
1112 2797 4800 835 4350 4413 1922
1113 2777 1122 4798 5423 5439
1114 4634 1843 1844 5005 2327 2920 4407 5056 3343 3977 3987 5796 2597 2598 2678 2838 4205 4257 5558
1115 474 6019 2324 4908 6874
1116 3383 3424 4694 3315 6412
1117 3169 633 3940 2527 3758 1202 1800 1813 3797 1373 140 875 1636 2517 4089 4603 5312
1118 283 2978 3020 810 4740
1119 3278 1194 4241 4540 4644 3891 2252 3890 5379 6697
1120 25 2657 4198 4702 4740 5049 5523
1121 5107 297 5315 5619 6361
1122 980 1048 784 905 1796 1071 383 2782 934
1123 239 251 44 153 171 304 197
1124 1071 528 482 152 1522
1125 595 1149 1703 3180 3511 4062 5140 1780
1126 1309 1961 3979 3516 6129
1127 3069 5315 6434 6431 6433
1128 3214 5157 3776 858 2827 4727 4496 5319 6256
1129 1367 4963 3881 4159 2027 2881 1006 4542 6138 2946 4012 6873 6128 6735
1130 121 6804 3367 3735 5979
1131 3926 5635 713 754 1509 2620 5446 445 482 1450 2323 4712
1132 1423 1233 3448 5177 6036 6296 6371
1133 10 232 155 211 215 270 380 413
1134 2976 3723 4207 4631 5433 5583 6030 6744 6867
1135 564 1530 715 797 1242
1136 1759 5086 5711 2057 2195
1137 35 4225 2361 2800 6603
1138 759 2971 3866 1209 3361
1139 1544 3449 1226 1551 3145
1140 954 1712 1759 1827 1887 1973 2118 2198 2988 3549
1141 1740 627 979 4671 4590 4648 5706
1142 1853 2861 2949 3158 3204 3525 3860 5569 5587 6172 3238 3630 4691 4727 5422
1143 3294 5442 4905 465 1516
1144 401 577 2205 5782 6514
1145 3064 3765 5484 5777 2991
1146 4003 6469 2962 3030 3655 6394
1147 267 1483 2512 4992 5510
1148 410 6661 6706 5669 4696 6823
1149 563 643 5378 6226 2587 3362 5296
1150 4193 283 1037 5290 6898
1151 625 1063 5112 3981 4625 3677 3682 1208 5666
1152 3201 3338 4417 4877 1846
1153 1226 5443 2820 2911 6452 6215
1154 29 3874 5559 4689 4894 6462
1155 4336 3931 352 2018 2168 1727
1156 1304 2184 2797 2952 3758 4496 5565
1157 1806 1887 1908 634 5962
1158 1644 3143 6474 5086 830
1159 4193 1755 4956 5843 5530 6488 1209 3060 5884 6493
1160 1512 1867 6382 6029 5099 1546 149 2134 6588 6804 5578 5593 6902
1161 1530 2975 238 2005 5310
1162 334 483 878 939 991
1163 90 754 1172 1759 2255 2265 3430
1164 2585 209 877 883 1109 1351
1165 2945 1323 1960 3932 4244 4297 1103
1166 1489 2478 3193 88 1017 3610
1167 1170 304 1047 3060 3281
1168 3863 1415 4993 5217 6553
1169 486 955 3238 4156 4402 4446 4529
1170 367 400 334 188 191
1171 2692 4664 2740 1391 2208 4227 6667
1172 2669 4101 4727 3078 6248
1173 1931 2136 2052 1423 1852 1671 954 3233 1189 3501 4008 4082 4248 5346 562 830 3130 3360 3695 4624 5559 5756 2450 5057 54 2369 907 2719 2769 6292 6521
1174 2806 1701 496 813 1874
1175 150 281 202 250 188
1176 4309 1544 2146 5138 3064 939
1177 5086 5263 2669 2720 4628 6448 6279 6800
1178 1293 1330 2460 3434 4008 5449 5525 6131 520 812 958 2449 5422 6720
1179 441 1263 4603 5377 5433 3941
1180 190 2750 389 7047 2184 4842
1181 567 674 1912 4685 4776
1182 707 1721 1530 3658 4970 5489
1183 167 304 553 433 612 4899 6386
1184 516 835 3174 4841 6338
1185 1588 1712 939 2929 2759 3525 1525 587 1378 997 3184 2187 5177 2042 4865
1186 2393 3401 4101 4936 3785 4156
1187 6167 1226 5558 5630 6175
1188 3205 177 2493 2303 3730 3949 4473 4628 2593 2608 6233 6552 4212
1189 4928 4786 1621 5049 5653 812 2193 89 715
1190 205 692 1740 5512 6131 387 2732
1191 438 309 345 64 129 142 413 481 300
1192 927 2277 3947 1172 2369 5310 5349 5413 6379
1193 501 251 188 337 342 429
1194 4049 3309 3269 5454 5517 5118 5362
1195 3948 4578 5191 1729 3749 4552 610
1196 206 11 24 47 50 63 246
1197 3861 4060 6788 6965 7023 7005 1056 6994 7016
1198 80 1233 1438 1509 2398 454 3966 5406 2151
1199 2280 1636 1544 1192 3766 2341 1703
1200 4842 3193 4993 6112 5117
1201 188 43 76 127 224
1202 127 1292 1385 1643 1714 1735 2146 2460 3055 3976 3980 3235 3948
1203 345 4374 670 109 939 3362 4699 32 578 840 3834 3378
1204 523 4168 1513 1544 2022 2756 5519
1205 687 3738 1149 3614 3911
1206 1044 3365 3451 4742 4789
1207 2163 5376 5485 3658 4627 5312
1208 764 1483 2323 2464 3765 6061 6232 3368 3691 2183 4433
1209 159 3560 2455 2740 2980
1210 1752 2369 3065 3071 3183 4376 4879 127
1211 1901 2262 2878 2694 2695 1391 1584
1212 1217 5638 6621 5653 953 6624
1213 6676 6847 6805 6812 6855 6978 6957 7023 7018 6773 6994
1214 939 3560 3809 3826 6258
1215 5335 537 1740 3513 5711
1216 880 2460 2897 148 4011 140 830 879 5516 4212
1217 897 2201 3913 2861 3026 4008 837 2951 1135 2611 1306 4004 3549 11 1516 5343 167 2775 1214
1218 433 384 1898 2788 2794 805 1122
1219 2502 3354 4121 3685 641 3358
1220 423 741 3142 2665 2921 448 510
1221 148 830 960 998 1171 1926 3032 4553
1222 956 3287 3442 4689 6875
1223 1066 4360 3343 1298 4483 2590 3627 6123 5929 781 4208 6426 514 1233
1224 164 188 1227 361 202 429 219 300 409 417
1225 10 77 103 104 148 168 57
1226 5531 3244 2460 6647 5160 6743 1987 5389 5495 109 564
1227 10 117 77 169 481
1228 2604 4212 5790 5118 6347 6835
1229 1550 2190 4180 19 3173
1230 283 1041 2471 3294 2838 4588 1418 2976
1231 1494 1918 3079 3922 687 2597 5001 1004 3310 3813
1232 401 1862 3030 3611 5773
1233 4311 2112 2377 3102 6055 6433 6477 830
1234 1728 2853 3227 3347 4664 545
1235 2460 3343 670 3190 6306 5822
1236 568 2862 2909 3575 4546
1237 370 5964 675 1756 652
1238 31 627 1304 2641 5558
1239 304 1933 4750 4697 6040
1240 1063 2115 2193 5346 6448
1241 4760 6296 6753 3560 3877 1417 1432 2109 2669 2710 4527 4564 5851 6348
1242 322 1421 2555 5338 6503
1243 2180 2945 4731 5456 5756 5537 6740
1244 384 756 993 1643 1644 1813 1833 2323 3159 4318 4859
1245 2750 2976 3012 991 5098
1246 742 939 2689 2701 3061 6051 1063 2643 3574 203 770 245 1250 1530 3092
1247 3866 459 1588 1814 4847
1248 34 915 954 1051 1221 1650 4008 4351 3758 6874 2669
1249 379 1200 1588 1853 1044 258 3858
1250 530 2718 5118 5432 6754
1251 2079 2450 88 2186 1759 1762 3059
1252 2917 567 615 516 2598 2168 15 4109
1253 512 738 1852 2351 2512 4085 4563
1254 3957 1135 1200 4792 3890 4580 6088 1172 4212
1255 6019 1382 3457 283 4906
1256 2050 1287 3688 5424 519 5559 850 3369 1965
1257 482 2323 2611 4965 147 267 1867 2758 3078 3249 4259 4657 4760 5135 6082 6402
1258 164 2630 4198 5280 6658 812
1259 304 420 4183 6869 6983
1260 2033 177 756 677 1333 975 2288
1261 2221 3388 3708 832 840 3060 1172 2044 304 4473
1262 4842 865 3343 5450 2565
1263 3768 201 1728 2046 6318
1264 647 927 1432 1324 2327 2935 3354 7015 6925 7012
1265 1854 5711 5812 6186 3453 4842 5753 5809
1266 907 1864 2636 4697 960 2419 2423 2838 3193 3524 4496
1267 167 224 337 361 54 95 1427
1268 974 2630 3405 901 4847 2150 3763 1745 6107 2868
1269 939 3389 4574 3544 3796 702 4697 3068
1270 6174 2168 5525 5951 6720
1271 4689 2 915 1047 1650 1831 1973 2669 2672 2946 3694 3931 4894 5109 5901 420 2439 2857 127 998 140 1319 5499 6165 6265
1272 5397 5530 2762 2785 6706
1273 4842 4697 2302 2904 772 1149 5049 5868
1274 115 232 10 80 103
1275 282 2914 5411 5842 2369 6129 1884
1276 2384 3851 4429 569 627 4203 4443 5757 2680 2479 6204 675 6868
1277 2147 432 3945 1004 5556 2650 3380 1072
1278 3227 4081 4653 5687 6833
1279 2888 2719 4362 3365 2408
1280 742 907 2435 5157 1755 1047 844
1281 420 742 830 4922 2198 2598
1282 2512 1887 3632 3949 3957 5645 5949 5199 1765 535 4297 4507 4673 514 939 2976
1283 1120 1733 1706 1897 745
1284 1149 5508 6251 5849 5070 6633 6904 6834 6920
1285 1273 1416 1544 1778 2592 2951 6110 991 1534 6434
1286 1509 2049 5736 3469 4696 5559 5666 2970
1287 582 2449 3448 3694 674 772 1878 1987 3007
1288 3562 6766 3648 3787 2193 1481 3758
1289 627 837 991 2288 5849
1290 1573 352 3844 3213 4298 1956 4113 1319 2452 828
1291 4447 826 3087 3764 5769
1292 11 142 429 1227 232
1293 3487 5395 6096 2115 6514
1294 1678 3251 2693 3611 3988 445 812 1159 3586 4292 5646 5648 95 998 3961 3506
1295 2232 4290 1562 3279 5852 6065
1296 1297 395 1394 1965 3796 4680 6089 6318
1297 2636 747 3132 4552 3184
1298 939 15 2174 1263 5312 5266 458 2242 5390 6662
1299 379 2460 2732 2572 3410
1300 80 1373 960 1675 3981
1301 1056 202 742 917 938 1962 3064 4008 4043 5378 6515
1302 2517 3022 627 991 2545 4011
1303 4666 2112 4374 5074 6490
1304 2002 2088 1106 2032 4194 4446 4942 4951 830 2369 4225 4496 4522 5666 6074 3392 4626
1305 459 6834 7006 7009 7025
1306 746 1480 3964 4097 1786 1887
1307 167 201 3214 3895 4193 5072 5312 6868 1063 675 1373 2838 4750 939 1184 2109 4131 6729 5743 6849 6888 5221 6349 2593 2597 5376
1308 1056 2460 4198 3294 6096
1309 110 1728 2592 3059 3451 3993 6143
1310 756 2730 1865 2090 3582 3233 3901
1311 1924 2123 2889 1078 3357
1312 670 2022 2460 4689 5177 2354
1313 1655 1728 2976 382 383 1339 1378 2732 2846 566
1314 782 840 880 907 1323 960 939 1043 1437 5645
1315 6020 830 5537 6211 6213 6214
1316 2253 3151 3347 4878 321 465 580 862 1894 5138
1317 3952 6306 2756 4198 5558 4927 4284 3731 5865 3685 4648 6537
1318 671 2669 3957 676 2623 2678 2535
1319 878 958 667 1755 3194 1650 1097 3805 4712 1003 1242 1917
1320 2935 3414 5503 4190 625 4354 5809 459 109 5543 6527 6576 6951
1321 1688 2766 507 2805 1766 3343 827 401 3060 3687 3853 2248 2437 6175 5851 5255
1322 1058 939 3957 5784 919 2908 1262 5275 1567 3448 5335
1323 939 6211 6213 6316 6520
1324 80 1047 2569 5101 5811 6284
1325 2908 3373 5331 6849 6478
1326 10 429 458 460 553 588
1327 2792 631 4121 3759 3017
1328 4089 3365 4625 5938 3224
1329 5411 1103 1446 2323 4793 2569
1330 793 2718 761 960 3543 2730
1331 928 727 917 918 1214 5800 561 1436 1462 1699 2833 2079 2460 837 924 2017 2327 2359 866 1403 3354 3414 3951 4106 3040 6506 4308 6904
1332 2115 3783 4499 2323 2909 2951 4324 4587 6402 3339
1333 5895 2486 1526 4059 4789 3678 5666 4318 2569 2869 5560 5990 6258 6513 2479 1544 2758 4154 6005 5085 3367 4794 6135 2583 4551 42 775 4159 14 6386 1720 2970 4954 6137 812 5638 5118
1334 1233 5128 603 2038 5711 5777 5807 5966 6380
1335 2051 3604 4789 5581 4842
1336 2945 3263 4446 5526 6063
1337 874 3356 4626 4956 5760 6359 6766
1338 1582 1148 2478 3716 362 2242
1339 4998 3136 905 5345 3012 1198 1439 5258
1340 975 3910 4561 2315 2976 127
1341 1825 6364 3466 6618 1006
1342 246 939 962 1204 2502 2797
1343 1597 1435 2066 3578 3679 1894 6752
1344 5404 1435 1 1178 2829 5177
1345 196 1848 3561 4689 4823 5319 5756 5809 6000 6269
1346 2786 4507 196 1007 1201 1622 2572 3102 3315 3641 4253 4497 1703
1347 5045 6241 1373 2369 2892 4381 4551 5312 6903
1348 3784 907 3194 6271 1258
1349 1380 960 4750 3162 4161 4766 1028 3446 3968 4867
1350 10 22 86 183 204 240
1351 727 1044 1122 1190 1432 2199 3891
1352 1293 5051 2146 3923 6359
1353 1080 3180 6180 486 1103 1759 2026 4201 4572 5903
1354 1110 1585 3278 4460 1149 2700 4553 2565 4577
1355 394 2394 4458 1554 4045 1644 3809
1356 5228 5631 6305 6396 4346 4551 5072 6200 6861
1357 1588 3792 4429 303 1194 1354 3237 3336 3460 3891 3973 4178 4259 4269 4712 5630 5872 6215 6428 5843
1358 1709 2460 4198 4672 4368 5862
1359 6812 6969 6961 7006 4708
1360 2750 3514 2644 3604 2023 1696 2888 6402
1361 283 812 3030 3343 5790
1362 66 312 612 224 409 501 307 1569
1363 516 812 3586 4212 1303
1364 4155 2858 991 4558 574
1365 2611 3343 4357 5122 5318 5499 6363
1366 5258 3257 1226 2758 1077 2249 2369 3901 4573 1354 480 2339
1367 5157 715 1585 2460 5346 5873 4581 4031 5670 6504
1368 178 183 321 486 1139 1316 2466 2955
1369 15 2988 837 1013 1373 1424 2323 4689 4953 4957
1370 629 2129 3147 2518 20
1371 3795 1499 4894 5645 5062
1372 2184 4008 5481 5456 1047
1373 4012 6177 1740 2569 2710
1374 458 2460 3177 660 1959 2720 2193 4168 4489 812 691 3516 5180 6766
1375 799 3227 4169 5921 6099
1376 3885 3886 4277 3347 3902 5517 6332
1377 1887 2370 3982 304 4261 4505 5413 5666 5872 830 1320 6541
1378 3018 3410 5424 1568 2020 3782 6345 6427
1379 3505 3852 4823 3986 5118
1380 1063 5999 1920 2633 4435 352
1381 334 1735 1759 2735 3020 3032 4173 1780 2147 2545 2756 267 2678 245 2600 3348 6282 852 1190 6277
1382 3401 1775 2718 4659 3342 1612 3278 5093 2688
1383 985 6462 3490 4063 4987
1384 977 1135 4446 2768 3010 991 109 4945 5498 5585 3915 5757 2963 1124
1385 1366 1133 6288 2187 6848
1386 5298 3263 3758 4042 784 5104
1387 2376 5205 5905 4383 5476 108 333 3294 5160
1388 514 1416 1685 1887 2304 2406 2760 2897 4656 4727 5743 6071 6217 6261 1791 1936 2716 3356 3986 6038 4382 4505 5276 6542
1389 2712 714 5916 5176 2449 4145 5537
1390 1464 4394 1531 3679 4708 1588
1391 2479 102 329 2731 6046 6268
1392 6187 5417 167 2899 5556 5666 5085 5416 6448 4536
1393 4363 4977 3188 3672 4624 4648
1394 6332 2562 4414 6457 3524 4482 6264
1395 1130 2566 1480 2718 3901 4052 1004 2976 3263 3572 5517 5519 2380 3295 2974 5537 6283 5134 517 2824 6922
1396 1325 321 3291 3409 3410
1397 1370 3877 4285 5537 6724 3278
1398 1947 3020 317 401 3064 3343 1446 1759 3891 2897 3465 5667
1399 11 80 240 246 4133
1400 3122 3985 4196 4393 5369
1401 996 1424 4573 3843 5562 5486
1402 4417 5645 1372 3554 5221 1521 2854 5616 3394 5634 6766
1403 2182 1690 2828 4287 1432 3415 3060
1404 750 1562 2032 2710 3797
1405 3345 1728 4352 2884 1144
1406 745 1482 545 1480 3007 5092 535 3365
1407 1987 6331 465 1127 1844 3291 1309 3834
1408 2274 1844 627 991 316 6337
1409 1813 454 3351 3354 304 3181 4110
1410 2450 2797 6288 6849 7034 6293
1411 185 1242 5243 3657 3932 4929 5757 5422
1412 2323 2976 4002 671 2242 2284 6748
1413 1009 4031 370 3813 5706
1414 2351 364 1494 1897 962 1071 420 2162 25 328 448 1491
1415 2946 3233 3663 5699 4329 5424
1416 1712 1233 5757 3496 6276 6339
1417 641 2797 2277 3798 4243
1418 3347 4027 3278 304 1122
1419 1031 219 2553 2276 6661
1420 5 994 3226 716 3167 5847 715 5344
1421 2220 366 4374 3874 4890
1422 3118 3798 3962 4212 4292 5006 1843 4495
1423 3732 4425 167 492 772 2460 3733 4008 5072 5075 6050
1424 546 1200 2322 2696 4502 5775 6088 6537
1425 2184 4012 4474 5420 2625 1504 6547
1426 4441 2712 5939 3411 4573 566 3586 4786 4795 5263 5638 687 1309 5917 835 6108 849 3012
1427 599 939 2377 4008 2997 4466 55 703 4324 3310 4538 4845 2917 627 2321 1068 3574
1428 784 194 395 1071 411
1429 4032 4408 2921 4362 6287 6583
1430 1449 1551 2171 3143 3936 5147 5397
1431 1998 2367 3133 3448 4695 5089
1432 833 3468 3739 5395 6232 238 2854
1433 928 2620 52 1139 1922
1434 5905 514 2838 4841 4901 5869 6868 6891
1435 5371 5636 2183 2382 4212 563 3064 4694 5413
1436 70 884 2593 2839 2109 5397 5512 2846 3655 5147
1437 784 5594 3413 2115 6096 4803
1438 906 994 1266 2756 6931
1439 840 998 595 5800 316 3877 3343
1440 2221 2976 4796 4812 304 4635 3263 4874 537 2047 3362 5258
1441 2264 2302 2988 3219 3268 5996
1442 2077 3326 5735 4719 4179
1443 177 318 1104 1241 923 1811 1786 4873 6801
1444 2323 4351 5408 6269 4905
1445 537 797 972 1849 1853 3179 5478 6356 6665 6704 1415 3277 5443
1446 5667 5782 485 917 960 5666 2327 3448 3964 905 991 5469 833 1262 592 1283 2105 2195 2291 4260 939 1328 4783 1458 2561 4298 4577 17 2430 3130 4935 1639 3554 4539 5638 4723
1447 1187 3964 5477 5478 1242 3226 6619
1448 910 2689 2695 2697 4044
1449 1471 5606 304 3263 3409 5169 454 1755 4769 6550
1450 201 742 2572 3365 4368 5809
1451 1962 2364 2152 2515 2424 3310 2140 517
1452 927 2768 1707 3515 3191 3521 4493 1077 1887
1453 459 4782 5285 5417 2242 5491 6085 6267 6275 5878 5956 6323 6406 6357 5070 6512 3342 6264 6965 6890 3124 6957 6961 7004 7010 6916 6940
1454 3614 1385 4496 486 761 1809
1455 1402 1386 26 412 627
1456 6313 1560 4551 5598 6770 3964
1457 2460 2582 3211 1633 2187 3277 1878 3847 710
1458 845 1233 1523 1524 1539 1720 3872
1459 1622 2313 2899 3278 329 1214 1517 1636 2897 4591 4879 4909 5285 905 1432 452 5696 2013 2026 2105 2710 3855 5863 6204 6759
1460 2984 627 2573 2983 4022
1461 2301 2981 2884 837 2257 3447
1462 103 180 181 186 4712
1463 148 498 772 2345 4308 6360
1464 1336 2592 4279 4981 7050 2839 3624 3625 4947 3453 4152 5942 5233 5253 4402 6224 1544 1653 2090 2146 4734
1465 2618 5104 832 4198 807 6306
1466 1070 1260 1852 2111 2569 2672
1467 2750 1619 1981 2809 4154
1468 2323 3351 1887 3353 3448 5093
1469 3751 326 1960 2501 3450
1470 926 3183 5352 5675 5720 1025
1471 947 1146 2827 4739 5284 679 4623 6328 5527 6861
1472 2033 2183 641 2723 4416 174
1473 2479 3427 1201 1597 2750
1474 240 275 306 10 281 367 413
1475 1592 2101 6791 2183 2775 1701
1476 1081 3867 441 3692 4065 4689 998 1071 1824 747 6875 939 1063 1217 1740 5074 6876 2807 5530 5937 1427 3311 4285 6664 2888
1477 5721 5991 764 1833 3663 5086 842
1478 1349 2718 2130 478 1103 1752
1479 2020 3247 3993 5310 5706 1135
1480 6357 202 459 3214 5812 1106 4993 5408 2460
1481 667 1226 2565 5950 6666 3851
1482 1033 337 802 492 1294 797 1475
1483 6253 3621 5337 6132 1852 3867 5638
1484 3520 904 939 1293 1987 2840 5803
1485 4180 5415 2242 6755 6738 6604 6791 5550 6797 7006
1486 625 998 1063 1070 2826 1956 3924 2827 2840 496 972 1834 2323 2942 1706 832 3374 1633 2941 3205 4573 2431 1016 1438 727 2076 2765 917 95 1467 1959 2140 5634 6265 54
1487 1122 976 2430 2970 5472
1488 2116 2844 3788 5630 4842
1489 420 1252 4150 3396 5214 1003
1490 420 4198 6171 3957 6625
1491 1526 267 1433 4103 3410
1492 1063 480 659 1715 6141 6177
1493 1568 3660 939 1062 1393 797 4429 531 1238 1759 2435 2788 2956 1509 4146 5145 3997
1494 1867 6636 917 2327 3409 6167 6984
1495 4247 1745 2478 3679 6769 1759 1802 6202 5517
1496 3783 1356 1740 2233 3615 3949 4366 2669
1497 1887 3238 1292 2146 2606
1498 1273 1485 2020 4184 4587 4651 5437 5502 5582
1499 423 1714 304 904 910 1160 1233 1262 80 3259 1542 119 485 549 627 725 1242 1599 1759 2647 3058 3147 4773 3758 6491
1500 1071 2460 3489 4800 835 2545 3891 5526 5630
1501 3729 1704 3988 283 4625 245 4418
1502 2801 2838 5527 5537 6729
1503 2193 1887 2389 370 1544 882 233 2137 3964 964 6924
1504 5113 830 3474 5258 6273 1844 4675 1814 5246 2823 5958
1505 1824 1036 927 1781 2460 1047 1488 3335 527 4941
1506 1791 6931 897 6899 6978
1507 1732 1172 3026 3931 5429 4893 4760 5400 546 1706 2361 2811 4133 4901 6557 972
1508 1701 4240 1506 2450 2797 3758 4810
1509 1031 2479 1765 2804 3622
1510 1063 647 401 931 6453 3845 2295 6540
1511 2155 2313 2323 3263 4535 4894
1512 3158 3228 124 1466 6118
1513 1227 1765 1987 3410 3947
1514 1650 3611 4117 4345 4848 5757 830 1887 2022 4936 5012 5753
1515 3787 2380 3543 5217 5847 6841
1516 4764 1588 3515 3198 3294
1517 1063 1012 3135 3993 4107 532 3803 4552 2881 5556
1518 5093 683 6206 6976 6735 6734
1519 1047 1939 1588 1516 517 2288 2294 4698 4068 5022
1520 691 637 551 90 797 1003 803 5640
1521 1138 1182 1845 2809 3456
1522 2066 774 1016 1047 1987 2460 2976 3849
1523 1330 2323 2478 1283 1939 3470 1447
1524 3453 6477 2807 3414 5481 5621
1525 875 2962 3201 3903 2020 5513 5726
1526 262 563 1292 1507 1669 2441 3347 3751 3968 4063 4628 2614 2815 3052 5608 2881 2824 4988 567 1750 2952 3585 4152 6088 6127 4212 5189 917 1875 5570 5799 6525 1723 5432 6321 6849
1527 2494 1044 1160 1432 1813 2452 3606 4674 6379
1528 3071 5085 5172 5873 2976
1529 727 955 2184 3214 4181 6004
1530 1017 1680 2105 3506 5069 548
1531 167 4569 3888 5509 6431 3069 4324 4587 6411
1532 1170 3314 830 837 1887 4244 627
1533 459 1135 3225 4678 5003 5925
1534 1205 5737 4244 980 5418 2087
1535 670 1044 1645 2502 1435 4581
1536 6559 905 1740 4158 5359 5360
1537 1166 1893 1999 3059 1929
1538 23 81 43 161 168 109
1539 1909 4008 4496 6287 6720
1540 955 1047 1497 1779 2184 2619 3201 3365 3592 4553 4578 4842 6005 6018 6141 6316
1541 116 127 129 188 302 10
1542 735 1471 531 2020 3751 3753 2838
1543 1440 3768 482 6073 830 1089 3978
1544 5706 6923 465 5413 830
1545 6248 997 1513 1909 1931 4866 3022
1546 1076 203 1047 2942 4102 5757
1547 455 1897 3481 3655 6476 5618 4365 2888
1548 1056 537 1864 4438 3180 2896 5467 4420 456 546 996 1432 2756 4205 5459 5558 5625 5979
1549 567 5323 5525 5259 2384 2386 3534 627 2577 3059 5093 5775
1550 5379 1728 3961 6402 921 1428
1551 1636 4689 3046 185 338 4760 6748
1552 1071 3026 1714 1759 2313 4496 5379 32 1063 1214 2183 272
1553 1032 3184 4383 4625 5239
1554 1392 2952 5422 6580 865 4963
1555 445 2491 4901 5346 3183
1556 563 832 906 2761 3365 3516
1557 893 1494 2122 2460 2593 2748 3030 3929 3931 4406 2456 2592
1558 4181 828 3586 3922 4212 5422 5638
1559 2290 5696 742 4376 4553 2052 4080
1560 573 1016 1034 441 1486 5541 2543
1561 10 188 334 420 239 481
1562 995 420 1161 2593 6556
1563 896 1432 2897 3365 4828 866 4663 6739 3451 4198 4275
1564 5283 459 5415 5015 6676 6677 6890 6998 2094
1565 2281 5250 568 1867 5357 6549 3979 3980 4879
1566 2806 3600 4577 5757 566
1567 1759 5863 546 1037 1499 5809 6643
1568 1381 2595 2596 2597 6554
1569 862 1432 5654 5674 6298
1570 4330 3060 5757 1105 1614 6176
1571 1438 4764 245 514 1054 4446 3851 4908 708 915 3795 6179 537 1135 939 1037 3127 201 304 991 5587 6476 2220 3560 5851
1572 850 3815 3814 2140 1653 1825 3495 4854 5424 5414
1573 1361 972 2288 411 238
1574 5563 5979 2460 3315 5312 5560
1575 1746 3064 4198 5086 5376 5537
1576 1998 3050 2386 2769 1934 3593 304
1577 282 955 982 962 1974 3401
1578 3066 4447 1309 2393 3719 3766 5157 2906 3196 3507 6829
1579 18 162 188 222 240 304 231 296 312
1580 4490 1849 3929 1091 5774 1530 4808
1581 3808 2750 1520 5363 5567 1756 1904
1582 630 3158 1779 2207 2723
1583 6880 6788 6811 6812 6969 6998 6772 6939
1584 3929 1219 2515 4008 1621
1585 1550 2790 3354 3961 4696
1586 2460 633 5979 1002 5905 1987 5708 2369 3414 6479 1392 2232 3030 3410 3585 4400 5757
1587 2174 1428 2288 2978 3104 567 3758
1588 3143 3030 3318 6352 6556 6649
1589 1261 4163 4175 4873 6135
1590 79 828 1541 5096 5366
1591 2477 2460 5204 976 1706 4089 4285 4628 3020 1041 3605 3383 1851 2369 5530 3004 6624 3220 6539
1592 514 542 19 4901 137 2007 2579 2650 2732 2664
1593 1809 283 4013 4268 185
1594 3142 4947 6313 6711 7006
1595 3165 144 2812 4713 6373
1596 90 68 232 683 991 1825
1597 331 1139 6352 875 1071 2120 4306 6058
1598 1935 2450 3194 4712 5325 5413 6073 1372 3694 4803 5558 2449 3059 4008
1599 842 3019 3867 2669 2912 1690 4285 4043 4735 5205 6082 4283
1600 202 576 2243 4120 4150
1601 1728 88 756 1953 2042
1602 3143 2633 2756 2951 3884 4014 4829 5003 5537 3410 4246
1603 2545 2569 4697 1526 4960 5894 6503 11 4496
1604 633 1636 1653 2290 3263 3819 4256 4311 4750 4754 5334 5559 5977 6468 6602
1605 610 3184 2517 2912 3470 5574
1606 245 465 2323 3362 3372 4573 5598 6212
1607 1183 1792 67 2155 178 2461
1608 1289 1673 2047 3923 3585
1609 3347 4139 5159 2240 5807
1610 3193 246 2094 2600 4311 4193 4627
1611 304 1047 6762 6611 6864
1612 5426 420 4067 4793 5666 5799
1613 3758 2009 3311 4168 2188 4712
1614 1741 4193 304 2323 6891
1615 6386 775 2143 2187 5781 832 3231
1616 917 3957 1765 2160 2161 2327 5177 6167 6300
1617 1808 651 2095 1102 5627
1618 855 4325 320 5698 4136
1619 10 290 420 429 409
1620 883 927 1867 2032 2710 2718 2963 5494
1621 3084 4370 4441 1791 3083 2212 5837 6578 6581 6706 6791 6851 6853 6969 7028
1622 5757 3234 4873 6435 6386
1623 1813 5078 546 972 1672 3343 4760 2369 3855 4113
1624 1200 1687 715 830 5514 5730
1625 1106 1202 4794 4833 5480 4383
1626 1334 1142 276 3793 498 830 2380 5638
1627 2327 4466 4602 761 2369
1628 426 1255 4107 5255 6332 5118 1194 5606 603
1629 2220 2856 5014 5456 6594
1630 46 5346 835 3099 3315
1631 1841 2800 4066 4817 1755 5612 6208
1632 1516 1741 3263 2168 3845 4285 5086
1633 2908 2680 6099 1550 4298
1634 4627 837 2231 2775 1227 2327
1635 3413 675 2379 5346 5417 95 4697 5266 5324 5543 4488 6729 6805
1636 1690 2259 3143 3690 1320 1451 1391
1637 73 1113 2988 4190 4440 5310
1638 1161 2269 31 2983 54 2514
1639 4776 1261 3027 3630 2715 4402 991 1257 1813 5282 2146 2535 4473
1640 465 907 918 3804 4664 1438 2970 6439
1641 2593 3410 3483 3625 2474 6386
1642 5411 140 3715 5417 3149 3814 6240 4473
1643 5115 6293 4452 4846 5179
1644 2713 2813 3339 3783 5616
1645 383 1778 1647 420 2139
1646 100 1532 424 905 1439 2669 973 1044 1544 6658
1647 190 465 537 595 742 1591 2240 3627 4496 4951 5196 6766
1648 3465 370 2518 2761 3255 6337 5106
1649 1004 1987 2804 1518 2702 5455
1650 233 1202 2323 2600 3765 4201 5598 6105
1651 4283 906 1432 1849 2920 4008 4806 5021 1233 6139
1652 4764 880 185 1047 31 4715 5702 835 845 882 4144 4783 1424 5869 1319 1493 5527
1653 3515 4496 5205 5208 5537
1654 3048 692 2327 3603 5907
1655 3321 960 1047 594 2400 3477
1656 772 2479 80 1406 2169 5056
1657 2730 2952 2517 304 2672 2443 3472
1658 648 776 3149 4618 832 1813 1432 5506 304 2252 5085 5278 1662 2723 1855
1659 1091 2917 4809 5114 6284
1660 897 1769 835 2758 4097 5800
1661 2009 33 772 1600 3184 4034 4726 6283
1662 6048 1122 1285 3811 6402
1663 2001 1111 514 3863 959 2824 54 6931
1664 1534 3713 1887 2384 5258
1665 3265 1948 4003 3687 1786 4680 6017 12
1666 2261 3602 4242 4844 5157 6180 5558 2601 4737
1667 2000 883 263 1115 1897 2480 455 437 78 3209 194
1668 6477 6544 747 3959 1775 2092 2761 2838 3030 3410 3862 4282 4496 4539 4564 5138 5413 5528
1669 1402 1122 3022 4070 4473 654
1670 4089 5852 3863 5446 4489
1671 5543 6790 6125 6576 6644 6856 6733 6528 3354 5621
1672 3059 1219 1931 3069 3975
1673 1012 2861 3557 4620 2772 5624 374
1674 4026 1544 1672 2175 4311
1675 2435 3115 4628 2277 5818 6320
1676 915 1204 2570 3142 3396
1677 1261 1309 1987 3251 5975
1678 3029 740 1116 1551 1653 2788 2794 3173 3263 3595 282 3290
1679 3726 554 1047 3950 4980
1680 1776 2767 4466 4482 6349
1681 939 1856 4664 4759 4801
1682 2167 1172 1899 2611 3290 4856
1683 697 1179 1343 2907 5366 6171 6602
1684 65 109 411 600 417
1685 756 936 822 5961 2193 6891
1686 1421 4948 6353 6354 6475
1687 482 2792 4742 5979 6229
1688 4689 1239 1391 2416 2669 3560 4760 1044
1689 2452 3919 2805 4029 4383 2851 5905
1690 3560 1447 5325 3124 3144 1277 4589
1691 915 1813 1833 2024 3453 3956 4627 5517 5850
1692 1142 887 3612 3271 1653 52 4092
1693 1987 304 3855 4957 5079
1694 3255 797 4935 4944 5113
1695 34 35 155 224 296
1696 2421 5385 4614 458 983 1037
1697 1207 1898 3173 1200 646 1292 5066
1698 1831 279 2719 2249 2369 2994 2277
1699 3821 4262 4689 31 939 1740
1700 287 775 306 4163 5101 6762 3342 6264 6576 6802 6851 6904
1701 1739 3722 332 420 1034 1103 1438 2537 2046 1202 1826 2193 2207 5310 1221 3483 3765 5097 5311 5979
1702 2882 3010 1831 2251 2875 1899 4526 4489 4462 6127
1703 1824 2323 3191 3316 4181 4425 5196 5484 5560 5749 5803 5830 5832 5970 5979 6532 3071
1704 1142 1598 1865 130 2067 2297 3294 2262 2220 3347 934 2630 3143 3183 3904 4654 4204 441 1813 2838 2235 3351 4478 1364 3184 1071 2430 3090 6135 1966 3756 4658 3357
1705 3018 939 5720 5775 2901
1706 693 1563 1949 2511 3463
1707 22 802 425 1047 1016 28 1059 408 917 4664 467 910 970 812 814 4370 109 120 6903 6528 6529 7002
1708 735 923 1090 1242 2130 2750 3144
1709 5447 4842 3851 5587 24 352
1710 5869 1202 2874 3032 4734
1711 2106 1921 2864 2723 1480 2327
1712 1005 1406 3415 4450 6539
1713 1852 5809 1864 4552 4894 2323 2952 5598
1714 1844 2027 2478 3193 4781
1715 2756 5782 954 1432 1424 6459 6264 25
1716 5306 5304 6421 482 1849 1848 6578 2827 3347 5024
1717 2773 3348 3809 441 792 1920
1718 862 3263 3532 3758 4856
1719 2624 595 1805 1630 3690
1720 55 3758 3413 3362 3990 6883
1721 325 1070 1832 140 85 202 1016 896 1106 1494 1709 1142 998 1173 2438 2833 3849 4180 4351 4374 1791 2242 5417 4451
1722 833 972 1433 3610 5711 6557 6255
1723 3783 3896 3922 4284 5270 5331
1724 5015 6410 6762 6822 5550
1725 142 43 545 695 1047 420 239 1215 1981 2535 2907
1726 3874 5624 1242 3094 3173 4626
1727 6352 535 1416 4967 6649 6655 6763 1885 6908
1728 68 633 782 2090 3679 4618 334 2460 80 1808 2732 1544 4374 2904 3867 4697 3180 2514 4097 3912 4025 5154 6236 5527 5492 6512
1729 321 465 4032 4868 2632 1621 3173 1003 525
1730 230 43 301 429 309
1731 5217 897 1016 1867 5563 2432 6268 1242 6062 6778 7027 5822 6663 5863 304
1732 548 2403 3185 4944 610
1733 754 1085 1143 3660 5638 60 163 972 5537 3047 4989 6336
1734 1047 5531 454 2838 5638 6891 807
1735 3765 849 994 2300 4699 6234 6383
1736 1952 3673 1381 2049 4750 5340 2880
1737 80 1359 4316 6575 6284
1738 715 904 921 1972 3783 4976 1711 5757
1739 3819 1529 2909 3183 4656 5537 1740 5480
1740 627 879 2032 2615 3711
1741 830 5149 3715 1423 3326 610 872 1768 2220 6084
1742 11 67 1253 4027 2902
1743 2555 1413 1416 1519 5104 939 1874 5056 5757 918 1262 2329 5423
1744 939 1044 1452 2323 5099 5537 6132
1745 2695 4496 5252 5577 812 4046 5711
1746 630 2629 3158 3026 5907 6372
1747 108 1455 4346 245 1808 5176
1748 895 1425 4295 3804 4191
1749 1432 1867 6646 3702 5346
1750 1262 2237 4117 5140 3896 3056
1751 88 498 3654 3825 4497 5118 5636 3586 6688
1752 634 6096 6332 6766 1847 3890
1753 280 90 1092 1314 627
1754 1380 2889 2842 2001 594 2015 3007 3753 2251 3322 1804 1847 2288 2760 4374 595 4194
1755 1461 1481 3629 3637 4072 4281 4285 1967 5929 797 4727 4419
1756 1656 1544 1755 2460 3345 3841 2109 5979 6549 596 5620
1757 754 1588 3761 917 2112 5378
1758 1643 6164 674 4033 4743 6793
1759 1455 1126 1472 1417 2533 1025 2936 1364 4133
1760 1494 4889 591 3964 1887 2756 3343 3932 4628
1761 164 1071 3771 4781 574 474
1762 3819 4097 855 2410 4013
1763 34 1248 2945 2922 344 673 754 1262 1791 1804 1945 2369 2952 3014 3365 3564 4419 5135 5267 5386 5778 6204 1720 2433 2838
1764 177 1728 4790 5782 6004 2569 1701 6881
1765 379 1588 1367 2036 3858
1766 1175 2808 3400 5256 5650
1767 782 837 1827 2094 2447 2492 2808 3217 3869 4220 4980 5376 5099
1768 567 3214 1036 625 3410
1769 2193 3262 1373 3072 1595 2049 2718 3183 4097 5627 2676 5526
1770 1735 3351 567 1740 2756 3929 4942 5435 188 727 782 840 1791 2369 2443 2952 3065 3143 3822 3931 1016 1135 1755 2718 3077 4351 1633 1857 2061 4101 4117 4627 5191 5197 5558 5814 5935 1558 3414 1044 5593 4743
1771 830 3318 4407 5614 6217 6543
1772 3929 1849 2952 3072 5470 165 366 1597
1773 994 1273 1544 3237 3409 3783 3809
1774 4194 4225 4919 2251 3030 3263 3809
1775 239 246 342 409 458 1227 187 312
1776 3078 3139 4653 5138 2588 2249 6565 4842
1777 710 498 3131 1172 2168
1778 134 691 1687 3012 3278 3790
1779 1885 3554 3751 3855 4835 4840 6123
1780 238 5211 691 2452 3890 370
1781 1867 1209 2363 3184 3979 3957 610 1713 2838 3001 3105 5413 88 3539 5474 1432 5112 333 1637 3004 4055 4152 4198 4236 1981 3363 3891 5775 1759 6740 2106 4298 6869
1782 1016 840 1045 852 1884 1526
1783 735 1011 2060 2364 3866 179 3234 3537 4095 4340 5086 5130 5456 5553 6201
1784 5376 5565 352 3537 4470
1785 3929 3891 5560 5666 2659 5442 5756 1261 2669 3351 3535 3194 6930
1786 4409 4702 1468 2323 2732 3397 6812
1787 276 927 1517 772 906 991 492 555 1393 52
1788 1033 3342 3468 4719 4792 5591
1789 5003 1987 6092 6332 3363 6409
1790 1146 1385 2434 3766 3767
1791 2240 3698 3932 1690 2328 2934 1044 1289 1448 2383 2385 4590
1792 2369 4229 4365 1981 4458
1793 1852 5757 5563 1161 3943
1794 188 458 865 998 2951 4664
1795 3929 6295 6499 4827 4967 5125 5208 5410 6072
1796 1242 1527 1844 849 1637 3814 627 3586 6799 2494
1797 81 167 324 304 1655 3113 3062 4194 3143
1798 3042 3283 5213 742 3560
1799 1432 384 792 5024 4419
1800 1106 1688 1837 2600 454 514 2888
1801 2951 5678 1848 2426 3867 4199 2732 2740 3858 6236 2571 1115 2669 3334 3957 4552
1802 509 14 70 4442 304 1684 1981
1803 2120 3194 4008 1789 5704 722 5705
1804 2671 2679 2574 54 1277
1805 188 1106 2527 3387 5110
1806 1973 4697 736 1584 3289
1807 563 1544 2669 25 3354 3362 4628 1292 4922
1808 4759 6825 5311 6171 1103 1201
1809 856 2756 1106 3782 6124 1233
1810 530 4875 2735 4689 6141
1811 204 337 148 245 246 295 167 279 1474 680
1812 1285 2519 5051 6483 6734
1813 11 31 586 1430 788
1814 1582 1704 3194 4125 4126 4694 6146 1638 2184 4689 6484
1815 3339 2460 3030 4187 5224
1816 5111 5346 4595 5173 5313
1817 879 2761 3044 830 2674 3367 2404 6477 4793
1818 2567 2721 2752 4613 5456 5778 5960 5994 6316
1819 3071 6783 675 1650 2006 4672
1820 742 1044 1432 1714 2535 3239 6127 2730 2804
1821 2147 2327 6370 6464 5659
1822 1308 2220 2667 2672 2813 3480 4739 4146 140 3360
1823 1187 2369 4842 2931 4496
1824 1613 994 1252 2047 2662 2792 3580
1825 3234 6179 2327 2370 4122 5570 3381 5990
1826 1223 4489 2183 4965 2580
1827 302 118 928 457 83 142
1828 1055 2420 4225 3915 998 1071 1042 2922 333 546 3708 1633 3239 330 3105 2626 2430 3183 4171 5852 5461 3764 6526 2756 5214 4116 4699 3173 4212
1829 3059 1951 2905 6287 5976
1830 282 2678 4642 4644 4648
1831 987 5638 5852 6165 6101
1832 3837 3118 5917 5350 5266
1833 5232 3234 4956 5563 6260 994
1834 1981 1921 387 607 2451 1813 5118 5611
1835 234 337 400 771 177 465 779 897
1836 2479 5779 188 880 2323 4689 5598
1837 289 103 80 97 142 310 464
1838 2766 1099 2703 3344 4008
1839 558 1190 1706 2361 3988
1840 2663 2132 2383 1530 3194 3383 5258
1841 610 939 1366 382 383
1842 321 5803 6184 5272 5979
1843 95 2632 4289 4627 4712
1844 2744 654 964 2431 2699 1181
1845 976 568 832 939 1044 3655 3783 4367 4947 5512 1178
1846 2073 2619 2669 3511 4291 4938
1847 102 125 178 196 939 2252 2592 4685 596 1544 1921 3904
1848 1120 5380 5530 5881 6658 5116
1849 3445 267 3877 917 1017 1392
1850 84 527 1588 1716 2355 2457 2643 2046 2590 1317 1037 2369 4527 5413 5521
1851 205 120 420 991 1752
1852 2195 267 1432 2327 2689
1853 773 1517 1708 2423 4245 4340 4651 1899 4198 6602 996 2112 3508
1854 4135 178 972 1310 1981 2847 2951 2959 3410 3692 3731 3927 4283 4573 4661 4712 4894 5352 5917 884 1202 2472 3278 3592 4097 4209 6073 2145 2220 546 3277 3864 5478 5852 1328
1855 4854 858 5604 3208 6297
1856 226 2195 527 5926 960
1857 1413 3921 4075 6133 6544
1858 3029 6470 54 95 659 2518 5434 6900
1859 595 5872 4162 4169 5223
1860 710 1787 1186 1405 2369
1861 727 1438 3866 4285 1054 6284
1862 533 1094 4218 2955 3003 3817
1863 4589 5974 627 968 1393 2073 5118 5638 6508 1450
1864 5113 238 772 1508 2090 2978 3121 5706
1865 977 4083 6347 4633 5048
1866 15 1078 2299 2881 5241 5263
1867 4352 1759 4905 2569 304 4101 54
1868 5104 5711 2201 2618 2750 3768 3765 6397 1236 5429 1185 482 514 2569 2976 5176 6339 486 4526 6222 283 80
1869 161 181 250 603 784
1870 610 666 713 3410 5289
1871 2281 1856 1894 2978 4746
1872 4119 4841 3409 4981 4984
1873 186 77 51 66 83 23 171
1874 1278 1383 609 3364 2561 2762
1875 87 4843 113 1199 4944 363
1876 1433 4942 5560 5581 5775 5811
1877 832 1246 1796 2094 2071 1762
1878 2569 3489 4842 5056 5521
1879 2720 5827 1044 1233 3521 512 1649 2674 797 5949 6770
1880 1664 4744 3802 6400 486 1880 6380
1881 1280 5978 3076 4446 2838 2920
1882 2897 740 6431 1446 6323 2320 4777 6385 4539 1887 4227 1653 5862 4874 5707
1883 1093 4466 3025 1249 3372 3583 514 4700 5138 1354 5546 4331 17 835 850 370
1884 420 529 2669 6179 120 917 3159 3904 4689 5085
1885 678 1759 1981 2384 6386
1886 713 869 2481 3359 5484 6610 6611 610 3078 5376 6222
1887 3694 1755 4097 4419 4573 1432
1888 5658 3655 4008 108 2732 2955 3156 465 1106 1135 3347 4198 5417 5484 5560 6004 6603 1544
1889 1810 4905 4441 5193 3707 5878 6822 6791 6319 6995 7021 6990
1890 4483 3758 1759 4008 3351 1233 2050
1891 917 2666 4381 6499 61 5874
1892 641 1804 1827 530 1852 2701 2460
1893 876 282 195 395 2017 2276 2744
1894 1917 627 4347 1084 6202
1895 1494 4695 4315 1385 2361 6119
1896 2510 6479 687 1716 1173
1897 2460 1323 4437 5219 127
1898 585 3587 80 2123 2114 6338 5397 5996 4935
1899 974 1432 3632 3651 3877 4284
1900 6195 2123 2168 3022 3993 4117 2193
1901 3293 534 4625 2328 3911
1902 3507 3184 3756 4193 3758 6344 412 5310 5790 3973
1903 6625 2130 2663 188 845 3554
1904 4901 1835 4317 4437 5543 3836
1905 5849 3342 6611 473 7012 6938
1906 1753 3997 4841 1378 1578 6546 1242 3278 5086
1907 732 586 4375 1785 3647 1571 516 4030 4031 3178 3697 4388 4205 1494 3676 4087 352 3674 3677 661 1909 1406 4342 640 3599 5003 5541 608 3176 5667 553 554 1405 5975 6579
1908 1987 3409 3537 4879 5617 6217 4154
1909 459 1037 2797 3012 3149 3542 4352 5385
1910 437 2250 53 383 772 927 1500 2592 2710 2149 1789 2238
1911 2521 917 1483 1505 2669 3241 4101 4307 191 5795
1912 80 1432 2028 2669 3988
1913 3467 1273 1598 2897 3263 5979 1432 4198
1914 4447 5886 1606 5809 5811 2966 906 1701 6524 3263 3410
1915 6702 2460 2545 2761 4384 4446 5381 5558 4018
1916 188 246 72 423 76 239 118 290 148 414 245 1485
1917 420 674 1100 5469 5925
1918 63 117 192 460 1003
1919 4641 4783 5336 4794 5806
1920 976 2126 3030 3315 5986
1921 2643 2004 2168 4012 5717
1922 627 420 782 1728 2184 537 1044 3929
1923 2478 1728 1383 4286 2920
1924 1057 1622 1666 1852 3194 4148
1925 2908 3543 4714 537 1227 3554 4021 1707 939 261 4491 5772 1159 5930 5602 1966
1926 801 2123 2892 830 1424 1730 3183 3184 5334 2235 3143 5542 5602 5775 6104 1263 2931
1927 5526 401 3056 5629 5638 6834
1928 527 531 2020 3409 5448 4879 2160 4119 4401 5958
1929 769 1293 1755 2749 5077 5825
1930 188 998 3929 842 1328 1508 2295 4365 5056 5706 5979 6215 4712 5574 3933 3183 2473
1931 1394 1659 6225 2541 5106
1932 304 2106 3957 4374 5376
1933 4721 1011 1070 4032 4894
1934 231 246 305 423 90 3 453 51 433 155 300 439 307
1935 120 459 2242 5415 5787 6576 6998
1936 580 1637 1960 1098 420 3698 2443 2767 837 1047 2586 304 3479 3262 2123 505 3570 3446 4385 3968 4086 2238 2824 5266 5699 2661
1937 660 3059 5009 5378 5223
1938 2220 1538 304 3445 4935
1939 4340 4918 4966 5480 811 4173 5130 6752 4965 5474 6213
1940 1236 2899 5093 6292 6446
1941 1706 1106 4124 4787 867
1942 1494 1740 2625 2765 3948 4769 5411 5558 5666 1328 1428 4577 5445
1943 1855 4496 5897 6211 2264 5429
1944 567 641 3203 4359 6211 6213 6888
1945 3782 5867 581 3697 6102 6643 6282 6897
1946 465 1567 1161 4727 3060 5800
1947 1071 2619 5809 839 1106 2460 3928 627
1948 3295 1701 2633 1897 1987 3342 4008 4689
1949 2323 4951 3592 5138 6922 4390 4922 6736
1950 465 830 1432 1897 6742
1951 2093 3615 3655 4246 4762 5740 2824
1952 5415 5787 6755 6899 6773 7045 7012
1953 865 203 401 772 2970 4267
1954 3405 5138 5456 2460 2724 4696 972 3183 4784 4697 1652 5638 6101
1955 186 1334 669 1530 3060
1956 2963 95 420 939 3356 274
1957 923 3161 833 303 4616 5535 4204
1958 2059 6097 6644 6813 6819 1645
1959 1867 1261 1987 3363 6493 5258
1960 4012 2460 2978 2061 1747
1961 752 4193 4253 650 2168 2740
1962 3478 6800 770 2392 4359
1963 1386 6575 2592 3030 6344 6889
1964 954 973 585 1530 551
1965 177 3929 994 1956 5979 6561 4209 1902
1966 52 54 1053 1550 4473
1967 1559 1326 1364 1448 2132
1968 2066 3518 4680 207 2801 4046 1791 1016 593 830 3144
1969 482 1791 1867 2090 2767 4035 5556
1970 3171 3234 837 6120 998 2323 4800 1432 1865 4742
1971 2788 2699 1184 2251 1015 2592 3030 4582 2030 1544 4419
1972 4014 2545 887 3405 5456 4413
1973 774 1713 2045 2838 3783 5339
1974 6438 6447 69 3145 5093 6164
1975 465 2460 3234 2032 1562 3890 5720 2432 1483 2133 2723 4904 5191 6131 5756 5624 583
1976 1194 1263 2195 2792 4705 6642 2593 6478 1815
1977 486 1290 1427 1406 1534 939 1242 1898 4212
1978 88 819 4209 736 5222
1979 177 1071 1754 1935 2476 2478 2046
1980 239 337 927 924 524 517 565 797 627 533 4901 637 1032 1215 1233
1981 1103 1945 2674 4866 3277 838 1003
1982 2206 1740 246 354 487 496 688 772 924 1791 2053
1983 3367 1843 4225 1878 133
1984 654 2560 3291 3214 6824
1985 4157 3960 1597 4290 5768 4505 5939 4696 3012 6103 6406 6762 4746 6540 5209 6835 5003 2237 4477 5206 6587 6654
1986 2325 6298 6325 4696 338
1987 1047 3573 4152 2133 3356 1593 3145
1988 3464 3491 4942 917 3957 6134
1989 135 3531 4625 3143 2954
1990 445 3600 4901 3183 817
1991 4352 1810 4873 4060 120 5417 5489 6539 5849 6663 6117 5876 6904 6523 6961 6968 6977 6999 7024 6925 6956 6969 6994 2094 6565 6772 6917 6859 6938
1992 1884 3183 4368 4661 6099 6162
1993 840 845 934 1853 3071 4749 4938 5197 6105 6179 6295 401 5033
1994 121 832 991 2669 5796 3866
1995 939 1047 1844 2379 2840 2952 3226 4969 5608 3937
1996 1873 4878 763 1274 1440 2183 2907 4562 2869 3347 6523 6794 915 2090 6167 1815
1997 75 77 13 43 41 55 186 438
1998 3280 4164 1815 5346 6400
1999 352 486 545 707 939 1423 2420 2838 2920 3569 4054 4156 4202 1653 2816
2000 2369 6001 2402 3363 4455
2001 3234 3520 3906 1373 6140 2888 592
2002 3276 441 879 1846 567 728 1584 2168 4089 5085 6077 6208 6211 5679
2003 1200 1709 4856 5207 5537
2004 455 1103 1537 2619 4421 4422 4442 4835
2005 580 1047 2250 3183 3535 3878 4689 4922
2006 5060 6977 7006 7019 6917
2007 1011 3717 4442 4862 4965 5091 849 3183
2008 52 500 934 1600 338 133
2009 4838 830 3265 4672 6012
2010 917 3548 3632 3938 3957 5522
2011 3690 2147 1450 856 4789
2012 4137 2188 3233 6412 5130 2678
2013 3348 465 3065 641 2874 2750 304 193 3059
2014 1690 1841 2193 2397 4966
2015 2387 939 2388 6265 1234
2016 4127 4806 5010 1913 4028 4125 2601 127 1987 2323 2572 4008 4340 4351 4475 4825 6435
2017 4129 1956 3194 4008 465 4521
2018 2835 4716 5666 5359 5398 1373 2660 3877 5807 6402 3881
2019 304 3406 939 3964 4052
2020 633 1127 1440 1808 1844 1851 3223 3521 3758 3929 4351 4905 5530 5552 5809 5894 6207
2021 2366 2801 4689 5425 5426
2022 53 659 2880 1958 2218 2838 2986 3183 6135 2953
2023 2888 5895 304 3891 4626 3921 5790 5891 4229 4712 5413 5996 5310 6001
2024 311 2951 3833 3851 6004 5598 5470 6569 2715 2897 5816 5477 482 1047 1392 2122 5071 5485 5558 5696 6571
2025 366 517 1410 4059 6180
2026 567 6323 6507 5070 5015 6676 6729 2808 6795 630 772 5037 5877 6144 6253 6791 2653 6125 6319 6604 6638 934 1309 1935 3342 3132 5408 6117 6812 6946 6907 6960 7006 7019
2027 3507 3929 2871 5849 3192 5850 4712
2028 3342 561 1515 196 719
2029 612 177 354 404 1474 2017
2030 2987 1834 3057 2666 2649 1530 2661 4874
2031 939 1519 1535 3088 5479 5903 2510
2032 548 2248 3370 5574 6640 6729
2033 609 53 1116 1403 3533 3587 3526 4135
2034 459 1791 120 2212 2242 5956 6811 7024 6960 6997
2035 4817 1925 1098 78 2240
2036 1662 2020 2090 2323 3030 4256 2022 2210 3981 4655 6302 1627
2037 1406 683 1397 1123 1927 3026 2798
2038 88 1508 4055 4351 6418
2039 3739 1421 1875 2756 2978 3524 5024 5233 5479 523 581 6476 245
2040 683 958 3184 3984 5223
2041 772 1849 4905 5021 5240 4097
2042 3881 4628 4932 5414 6055 6214 6584
2043 2024 2346 1955 3643 4552 4878
2044 2460 6589 6720 245 455 1867 2340 3243
2045 833 842 939 2988 3923 4842 6135
2046 80 282 2587 4787 6005
2047 1392 829 1760 710 1170 3040 4552 4625
2048 127 3149 2374 52 3653
2049 5283 6364 6664 6977 6772
2050 905 2545 5285 939 4551 4031 5666
2051 1723 5491 778 2598 3175
2052 4857 6137 4901 4893 445
2053 5512 6505 3927 4737 6543 6952 2306 5677 5828
2054 761 674 1273 2952 3410 20 772 1499 1740 1987 2650 4680 3290
2055 3789 514 2220 88 987 5979 5224
2056 1047 1973 352 964 2535
2057 3062 3324 1406 3909 1521 844 5226
2058 188 595 1260 1309 2775
2059 1273 4311 3516 5376 5673 1136 3158 4198 3373 5138 1855 3412 3356 6729
2060 1047 2720 3877 5432 2693 3381 4419 1428 3470 6386
2061 832 1047 2033 2881 2299 1058 939 1755 4298 1329 3047
2062 5872 6160 6294 6311 6534
2063 1526 1383 54 551 830 4879 2616 3979 5537 2266 2664
2064 3383 1981 6114 1214 3365 5157 5412 6539 3030
2065 1290 352 623 625 1064 3018 1495 1309 4702
2066 845 2917 3877 4145 5672
2067 3964 6071 1492 3294 3611 1306 1847 6371
2068 432 2098 542 2546 652
2069 2001 459 1840 5060 4285 4097 6254 6251 5762 6913 6957 7007
2070 3885 1413 3108 3782 203
2071 1436 3512 962 1480 3638
2072 334 880 2180 2354 3398 3248
2073 998 2005 1869 468 938 3141 3629 4101 4727 4729
2074 3716 5019 1755 3964 4012 5821 1588 2641 1887 1591 5309 3874 687 4267 4368 304 987 4967
2075 772 1755 3566 6218 4012
2076 1309 1755 3548 3796 4618
2077 5559 5843 5844 6029 6293
2078 3194 6167 2517 3904 5138 5524
2079 3279 2300 2669 3553 889 4947 5086 5011 6036
2080 1670 2481 3353 4008 4062 1071 1233 125 191 955 1516 2710 3203 4055 4139 345 1309 1483 2460 2715 3502 3544 4143 906 3047 3048 905 912 2184 2668 3515 2686 468 2721 4753 5552
2081 5763 5839 6082 6209 4646
2082 434 1432 2231 5418 20
2083 2732 5142 5433 6890 1009 4152 4619 5563 6567 6887
2084 3453 3679 6647 1759 540 545 1044 2829 2906
2085 4008 742 675 880 1657
2086 4493 2952 246 4117 5034
2087 6349 174 1178 5707 4046 6591
2088 4495 2435 2412 3173 4233 2586 1853 3263
2089 4488 5456 304 5537 2504
2090 1720 1832 3754 939 1969 1438 1676 2027 3306 2204 1226 2033 1449 3256 2322 3851 1867 2174 3936 6532 3362 1756 5397
2091 2908 1759 2450 4817 3214 3365 5157
2092 3317 6181 4425 3316 4723 6407 5395 4003
2093 52 2535 3388 5756 1981 183 5558
2094 1643 1848 1494 304 849 1843 2231 3866 4230 5258 5412 5413 2510 321
2095 1998 3630 3208 4697 5193
2096 2718 917 1891 3222 915 916 4157 2168 1791 5849 6834 6576 7000 697
2097 4111 4756 4763 5729 5914 6215 4105
2098 1075 2740 2951 2778 4118 3211
2099 574 3679 3738 2369 3516
2100 3658 3981 4502 5635 6515
2101 60 833 1566 2571 4229 4552 4573 4712 5164 6104
2102 10 111 188 218 273 380
2103 782 1655 3289 4028 5691 190
2104 35 80 142 155 204 250 1227
2105 3083 3405 3833 3563 4167 4905 6916
2106 1934 1877 1074 1875 1654
2107 2304 3418 3181 1653 2692 2949 3453
2108 939 2545 3072 5044 2272
2109 641 2284 3521 6093 2920
2110 6598 2090 2976 4842 5193
2111 1728 3840 1588 2951 3471
2112 3037 282 3730 3383 844 6439
2113 1227 545 2450 3278 1815
2114 3955 4094 2360 3665 4691
2115 3173 3332 3388 5634 3851
2116 2450 84 6221 5362 5368
2117 106 782 1134 1517 1931 1939 2266
2118 3685 4466 5146 2696 4952 5591 794
2119 2478 1438 2640 2756 2092 5757
2120 4628 5003 3786 5344 6380
2121 188 2797 3789 3853 998 3520 1712 1658 3115 2474
2122 3514 2323 5795 1604 5649
2123 1565 2679 3294 4101 4285
2124 465 441 3913 917 638 3960 661 1653 6500 660 5036 627
2125 673 2618 363 4794 304
2126 4225 1844 5565 4567 6480
2127 907 918 837 526 4689
2128 186 259 43 2589 4831 3834 1906 5116
2129 1178 1887 3032 4964 140 1789 5224
2130 2131 5198 3928 4727 5104 5320 5927 6045 2168 3923 5348 4963
2131 772 830 1709 2061 2951 3738 5922
2132 743 3163 520 2474 15
2133 1362 1263 2741 398 2602 465 3432 3095
2134 297 3513 5387 1870 2369 3832
2135 3361 3375 4625 3379 4627
2136 595 2732 2756 2962 3409 4587 4878 5366 5437 5969
2137 2115 496 3688 1952 434
2138 1251 665 1623 2730 4184 4258 5191 6725
2139 1090 2833 6286 6504 6772
2140 352 630 882 1619 2090 3416
2141 5456 1076 1765 2740 3158 3353 3479 3515
2142 1578 2166 3758 4879 4941 6764
2143 2732 2232 2460 2690 4814 283 502 940 5852 6033 6104 2618 4989 975 3173 2184 2970 5636
2144 1634 1600 1595 1161 2122 6050
2145 3032 3353 3434 4097 4553 4692 5634
2146 1645 564 3675 1921 745 2805 3976 1167 3684 4088 1786 3814
2147 687 5530 5631 5357 6033 6036 5456
2148 5543 6323 6410 6635 3342 6819 6733 6948
2149 318 1161 1242 1728 1867 2756 3488 4154 4578 5621 5803 917 2823 3543 1391 5664 5386 5978 4737 6578 845 1107 1480 3362 3947 6222 102 2718 3396 4008 4145 3448 5617 6561 1844 835 1588 3548 4472 5905 2491 3038 972 1595 1813 2031 2460 6632
2150 4726 6092 6295 947 1998 1480 1755 4072 1047 2327
2151 482 595 1323 1712 1922 3264 3832
2152 3084 3849 3215 4180 4514 3650 5338 6601 5849 6673 6766
2153 3624 3656 4587 5271 5583 6109 992 1701 1892 3372 3783 3862 4185 4450 4553 4983 6212 6480 1044 1838 1887 2353 2857 5996 6188
2154 90 725 322 11 564 1494 2383 1472 958 1852 939 2535 6346 5762
2155 219 296 247 175 270
2156 6590 775 837 1011 1201 1867 4037 5026 5080 5725
2157 11 893 2033 924 2006 4418
2158 2547 1373 2792 2790 5331
2159 692 4175 4437 4868 5598
2160 2838 2593 5112 245 5775 2160 454
2161 54 2152 3457 4993 2195
2162 1051 1469 1595 1753 2193 2426 2838 2976 3077 3095 3143 3214 4036 4101 4348 4628 4744 4841 6284 6364 3263 5600 6279
2163 3849 1791 5070 6662 6576 6812 6798
2164 998 2247 2460 3343 3365
2165 2251 2645 4137 4184 5366 6344 6668 4920
2166 837 2750 939 25 4574 3326 4135
2167 31 1470 1867 3881 4043 4842
2168 304 807 5204 2750 3012
2169 4993 837 998 1233 1701 2813 3191 4977
2170 6227 6153 6323 6500 6315 6978
2171 831 915 1277 2999 2265 2271 1653
2172 2587 2402 4712 1098 5691
2173 1329 2665 3806 4878 1981 2756 304
2174 27 772 1566 1572 5376
2175 1752 1753 2510 2960 3783 4193 4344 4425
2176 3676 5070 6522 6387 6125
2177 1494 2766 1009 1063 1478 2728 3270 2331
2178 1753 2020 3496 4737 5385
2179 190 4032 4152 6460 6777
2180 835 5483 2669 2931 2912
2181 3410 1756 3658 810 6438
2182 838 976 3239 5348 797
2183 1233 1867 2046 2349 5816 3476 2449 2724 6117 5399 245 917 2669 6188 1929
2184 1471 1709 2166 4651 5147 6479
2185 3428 963 4965 5343 6706
2186 2156 897 1597 2847 4317
2187 1219 2834 2894 5438 1516
2188 2223 1809 27 60 1073 4244 516 2970 4642 4649
2189 1655 2323 3030 4706 4808 4941 4977 1106 2976 3651
2190 1702 3489 883 3214 5043 1597 2460
2191 939 1047 1588 3368 3524 980 659
2192 5208 6119 6091 1714 4194 1208 6624
2193 2732 2378 11 1455 2702 2934 3180 3585 4027 5312 6330
2194 1619 1233 1578 2574 386 1690 894 5562
2195 554 1042 4351 4967 5587
2196 2841 3837 3600 4296 3938 6101 6126 6644
2197 998 1132 4026 4979 5191
2198 627 917 1009 2452 5350 2213
2199 1931 2420 3866 2076 2612
2200 2132 2390 54 569 1759 3115
2201 832 837 1202 1207 4307
2202 201 1973 4842 5348 5417 6331
2203 960 1261 300 1047 1071 2774 2806 1720 2659
2204 1787 5418 54 1447 2288 3653 3706 4046 4816 5363 1929 2384 3035 3410 3698 4269 4489
2205 1529 1214 998 2710 5092
2206 31 837 1047 1588 2479 54
2207 1047 2669 5093 6282 6931
2208 4229 4542 4963 5407 5736 4686
2209 998 1233 1701 2713 267 1213
2210 45 1453 4496 5155 6164 4370 4915 3279 4012 6586
2211 177 3143 2236 4492 3362 2572 246 996 546 2838 3144 3184 5541 3370
2212 2027 2231 4712 5296 5777
2213 3264 3560 1044 2170 1004 4938 88 1373 4906 4211 5215 5347 6148
2214 4008 5232 1735 1202 3694 4578 4980 5019 5157 5470 3343 5810 1920 3362 34 1233 3079 80 5432 692 1712 5074 2112 5024 1701 4101 5516
2215 2840 344 476 4342 1864 2724
2216 1432 1929 4029 4899 5184
2217 1293 3461 4100 4144 5209 6135 546
2218 982 1106 1651 2020 3342 5777
2219 2435 3453 3984 4577 4787 5346 6606
2220 4689 1864 90 152 2140 2735 5278 5630 5963 733
2221 1780 1897 2450 2840 3294
2222 4201 6093 6421 201 3874 5723
2223 1622 1625 1712 1830 1530 1811 3764
2224 939 2920 4281 742 2327 2838
2225 5241 6395 3249 5070 5725
2226 185 1432 514 2430 5490 5638 1064 1233 1306 3183 4268
2227 4758 5193 458 4010 6197
2228 1118 1471 3030 3378 3409 4402
2229 4452 2946 2953 664 1135 2090 2356 2566 3397 893 4340 2096 2314 2959
2230 4008 1190 6624 833 2430
2231 1836 2634 2740 335 939 3082 2392
2232 2232 1052 1544 2374 3397 3410 3625 3769 3885 5367 5915
2233 1792 567 1237 2236 2838
2234 2103 4165 4696 4617 3160
2235 1233 5905 1887 4628 5538 6009
2236 83 103 168 81 188 63
2237 225 795 928 608 1475
2238 2183 5344 331 3539 5309 5412 5683 5877 4229 2161 60 4298 3003 1328
2239 1236 1432 1878 2944 3830 246 3365
2240 1867 3453 1919 3263 321 1274 2460 4046
2241 514 731 857 1032 1498 3776 3789 5802
2242 188 1644 3681 23 7011 6761 166
2243 954 2323 3294 3793 3929 4346 4759 4781 6933
2244 1204 906 917 991 1436
2245 670 782 4696 6329 6716
2246 46 1655 2205 5400 5563 6382 6462
2247 4965 747 2838 5629 352 1755 1178 1303 2248 6520 6722
2248 4209 1261 2168 4636 5165
2249 183 201 976 3871 4965 6032 6280
2250 263 1106 1678 1363 1258
2251 80 2054 1429 3383 3611
2252 709 3325 3972 1359 5787 6040 52
2253 78 728 939 4285 5385
2254 6241 1135 4449 5862 5873
2255 1366 1395 1890 2508 2288 1403 2017 713 715 3320 844 3832 2162 2450 2614 3201 61 4873 4748 127 1771 1789 3511 5211 5116 5266 4879 987 5578 5955 5956 6325 5878 6790 6576 6893 6819 6882 6996 7006 7001 6942
2256 492 580 1107 1909 3226 4374
2257 785 84 1036 1865 134 2740 3194
2258 4191 4012 5834 6291 6963
2259 2977 5025 5571 6544 6586
2260 3002 1468 5353 5730 88 2881 4936 5757 6133
2261 2693 4777 3060 5518 2892 2945
2262 1119 1149 1618 2323 3714 4562
2263 825 917 1432 1622 1987 2327 2898 3214 3263 3867 3929 4353 5417
2264 1377 982 3780 2435 245
2265 2487 1047 3952 5307 4212 5638 958 4018
2266 1056 4352 1471 6332 5003
2267 5968 3929 5685 5080 5081
2268 1682 893 1184 1878 2888 3349 185 1234 480 1420
2269 2587 4577 4787 4089 5346
2270 466 437 772 887 567
2271 3264 1037 2026 2678 4419 4692
2272 2507 742 3923 4553 1118 2952 3931 5258
2273 567 647 782 2659 2809 2904 3214 3365 4318 4664 5803 1047 2327 2718 4198 939 4529
2274 2748 5263 1071 1867 3388
2275 5319 2968 4553 675 5925
2276 5097 5689 5844 6004 6489 6503
2277 147 5361 4936 5337 6043 6428
2278 2572 4030 4551 5118 2977 5312 370 6933
2279 906 1432 1483 3512 3048 3076 3957 1813
2280 1592 2817 3554 4522 6115
2281 517 235 774 1035 1247 2288 2716 3901 4816 5663
2282 3288 5689 6391 1458 6321 567
2283 582 675 1170 1200 3288 2714 2715 2718 1207 4626
2284 79 163 3789 6016 4697 5879
2285 4082 2721 3561 5773 31
2286 842 987 3099 3416 5429 6284 6600 6664 6891
2287 504 505 352 771 772
2288 921 1466 3316 4330 4342 5155 5334 5393 3640
2289 2993 554 830 797 1044 2972
2290 1106 2519 3071 2067 1906 4986 474 2543 2844 3833 6579 6171 6812 627 2042 6215
2291 2188 4496 2144 465 6750
2292 320 3343 4510 46 185 1233 1887 2355 4097 5226 2749 2881 5573 6039 5079 5158 5634
2293 1233 1432 2327 2168 3932
2294 2327 1089 1242 4749 5345 5917 6222 1633 283 5200 770
2295 41 60 161 28 90
2296 2548 3932 4351 4355 5026
2297 880 20 334 893 1831
2298 1368 142 332 840 627
2299 1211 2183 2452 2808 2850 3510 3851 5923 6525
2300 1778 4965 6375 2901 3679
2301 1232 5564 334 3143 2147 2327 2732 3289 516 1432 5666 2249 3413
2302 10 77 337 411 457 43 211 1227 188 246
2303 3149 4468 5946 2788 5138 54 2824 4292 5118 454 814 4956 5362 4211
2304 1256 1714 2246 1004 6093 939 2323
2305 4196 603 2235 1841 6104
2306 3294 3929 1047 5800 1633 4446 910 2933 1090 303 14 3184 3638 5873 2142
2307 1927 3689 5844 3383 432 5065
2308 2909 1722 2682 4238 6099 5670 6141 6279
2309 2361 331 2809 3957 630 1439 2323 3244 5457
2310 4329 663 1687 4275 2072 3668 4552 4035
2311 1808 4842 610 3174 5805 52 6283
2312 4738 655 671 692 5026
2313 1867 2195 1714 4450 4941
2314 2952 4689 1233 6507 2511
2315 2600 4012 5 452 1961 4318 5537 148 1233 4628
2316 3348 3429 282 786 2009 4168 4416 4696
2317 1342 2095 3388 4175 4680
2318 1544 2897 2976 5667 344 4562 6505 713 1589 1723 3374 2297 4743
2319 939 1107 1987 2460 573 695 742 923 924 1046 1063 1106 1214 1469 1655 1841 1931 2718 5350 3056
2320 5024 5877 98 915 4952
2321 183 3453 336 6029 2466 2824 4324 5376 4229 6753 7007
2322 1982 2546 5914 1196 6313
2323 1744 1346 1663 2618 6551
2324 1076 2756 4759 4915 5449 1922
2325 2394 3470 5491 5773 6283
2326 2017 897 2427 2505 3448 774 2744 2452 964 2123 627 1329 2449 1712 547
2327 5658 1154 1690 2840 4689 4707 6016 2593 3101 3521 5582 5979 6167
2328 1685 3284 960 1558 1226 1671 1740 2460 3353 4097 5872
2329 710 2032 6222 6503 5021
2330 163 884 5517 6225 921
2331 3929 567 1700 455 454 3295
2332 778 5627 2369 3764 850 6346
2333 607 1509 3106 3554 4227 4680 5823 482 1617
2334 593 1135 2712 2718 3981
2335 4415 1935 3142 3143 3431 4598
2336 1588 2824 3976 4854 840 2756
2337 567 2917 5345 1110 6175 483 1211 2951 3195 3348 4253 939 1112 1137 2807 2817 2952 3249 3448 4193 4634 5456 131 2284 3957 5480 4113 5400
2338 917 1834 2750 2141 1097 1263 3277 5524
2339 1135 5003 978 4298 2977 3515 4292
2340 3562 5140 987 3527 4539
2341 1644 2952 4049 4663 5417 6287
2342 566 3060 3059 3147 4491 4704 4733
2343 735 474 2027 2115 1735 3022
2344 2377 1701 623 939 1044 1706 2146 3334
2345 2020 3441 4490 1428 6744
2346 675 1672 2590 2994 5924 6375
2347 191 595 596 680 2851 1300 1653
2348 602 729 1842 2323 3290 4495 4680 4773
2349 1044 1432 1897 2517 4696 4905 5205 6083 939 1262 4727 4347 4352 4691 3294 4046 3952 2897
2350 1037 725 2909 3030 6539 5251
2351 1570 31 4579 1795 5902
2352 627 919 930 939 1155
2353 998 5456 1233 3076 3957
2354 2750 3344 3781 5055 4720 5282 641 954 4553 4952 5954 2440 5231 5591 3184 4781 1848 5387 4446 5558 633 1756 1819 3388 627
2355 6725 720 1044 3551 5118
2356 3611 514 5558 4250 2848 2220
2357 737 2593 3019 3186 3339 3397 3410 5109
2358 4028 568 1423 1432 2435 4180
2359 573 2526 3444 5148 899 927 1972
2360 4059 4866 2460 5833 6523 3923 5657
2361 366 1640 1535 5224 6241 6539 6653
2362 2308 1533 3951 5307 458 6298 6394 6396 7012
2363 2211 2323 2485 4225 5362 6932 2138 3059
2364 1106 2846 5126 140 3129 4909 6239
2365 4604 5426 3795 4404 3866 5427 5302
2366 460 1516 77 290 416
2367 757 2735 4316 4714 5238 4267
2368 1973 2901 4094 4294 4552 4893
2369 772 941 2460 6068 6215
2370 1759 6539 52 95 990
2371 6666 2168 4680 6736 6998
2372 455 1534 1708 1867 4198 4578 5024
2373 117 248 10 103 9 377 554
2374 1037 1323 1852 3294 6974
2375 177 939 976 3094 830
2376 975 1653 1974 832 2970
2377 6334 5757 1328 3956 5098 6370 5883 5948
2378 3030 5740 530 6278 2168 5125 3388 5011
2379 1250 2901 3813 4446 537 3549 4874 5619
2380 3214 3874 4471 4662 5533 5626
2381 366 890 1163 1279 1440 713
2382 1047 3520 5537 1172 6033
2383 5704 3457 3480 2131 5278 592 1705 6420
2384 4059 1044 2693 2823 3277 5412
2385 202 554 928 10 34 460 312 658
2386 73 2756 4689 424 2901
2387 321 1529 3604 3804 4481 4685 4852 3175
2388 2184 1759 2460 5203 2824 5717
2389 852 713 1209 1047 2249
2390 6564 3553 4027 6874 6752
2391 238 3578 1791 2212 1981 6662 5408 6644 6974
2392 906 939 1494 1759 1843 2106 4578 1819 3448 4318
2393 324 367 188 56 337 239 246 400 420 429 465 219 501 674
2394 667 2950 5925 486 498 3758 3957
2395 4236 2592 2909 4769 5550 283 2956
2396 4003 3149 1762 6481 6718
2397 554 711 529 1462 1277 1270 3326 3026 3851 4696 2299 4776 4380 1875 5537 4844 4990 2598 3315 6361
2398 606 1141 2906 5415 6788 6904 6811 6890 6965 7006 6717
2399 127 251 304 1032 612
2400 817 626 2187 2339 3419
2401 998 1051 1071 1589 1808 3515 4252 4351
2402 1132 1406 4060 2912 666 3208 3119 6799 6215 487 4680 2460 627
2403 1989 3197 1681 4586 4787 5346
2404 321 3783 3884 6478 6556
2405 563 917 1233 1242 3526
2406 535 3929 756 5598 6093 6716
2407 1887 6728 1432 1558 5794
2408 1106 3782 178 474 2168 2193 2572 3030 3976 4229 4294 235 392 634 797 2976 3586 3783 4013 4625 5411 5461 5630 5756
2409 2804 3638 3413 3932 4777 2288 2430 3153 3590
2410 127 492 5112 5411 1981
2411 80 987 1769 1771 3893
2412 11 3268 3889 2221 5187 567 5177 2752 682 1275 3522 5089 1815 5862 5327 2909 835
2413 927 2025 1556 1653 6596 54 829
2414 3409 3751 2377 5367 5872 2213 2606 3339 5865
2415 10 11 80 78 304 164 248
2416 632 2015 483 630 6546
2417 5482 6295 1047 3929 6840
2418 5193 2027 2099 2135 3931 4066
2419 5221 581 4789 1233 3361 3362 5666
2420 1959 2088 2945 4032 6338
2421 136 4686 4988 5598 1077
2422 835 3060 3667 3964 5 2600 2691 5093 5545 5598 5645 812 3328 5762 1172 3381 1598 5086
2423 1929 5418 6073 6596 3896 4708
2424 830 2951 3362 5602 1756 3388 5334 1457 1661 2041 3363 4755 5979 2535 1010 4292
2425 5736 1159 4585 4874 6176
2426 36 279 224 347 3686
2427 1015 331 2446 4691 5425 2049
2428 927 4545 474 1391 4097
2429 2452 2545 2718 3966 4102 4748 5385
2430 688 1063 1064 1463 1550 6360
2431 3025 2469 3469 102 3059 3851 5412 6654
2432 4625 1122 6166 2901 3413
2433 5623 748 3347 5417 2756 4587
2434 88 303 633 4521 5193 2572
2435 396 799 1697 2517 2028 1030 2437
2436 1103 516 2072 2560 869 271
2437 1611 3294 4194 5447 5742
2438 3084 4737 1831 1759 4408 2369
2439 3083 5558 6974 6976 6975
2440 2162 3148 3311 1103 3294
2441 4920 5517 1087 2839 2951 5711 3263 6279 1653 2693 5271
2442 2477 4363 1041 4168 1450 2608 4625 6371 998 2369 3247 3343 1677 2323 3777 5261
2443 4894 3064 282 4019 4394 2024 1544 2702 5018
2444 4357 4376 2976 3434 4607
2445 125 1578 1709 2791 3410 4769 1323 3751
2446 2327 4285 2920 3194 6277
2447 346 3368 2824 3263 465
2448 1214 2115 382 2835 2364 5516 5073 3776 4986
2449 1809 2723 3343 3929 5877
2450 1791 1811 3538 1597 1978 3236 352 2083 3765 3827 4696
2451 337 354 77 917 1047
2452 2346 2479 3156 3761 4198 4324 5074
2453 1494 1184 732 870 1373 2123 1635 2488 5962 1012 4049 5429 3686 2430
2454 1323 20 5690 1347 6658
2455 3388 2242 5809 5812 6253 6251 6504 5410 6410 6790 6665 6576 6834 6644 6745 6819 7012 6943
2456 742 797 927 997 1202 1759 1960 2183 2640 2740 3278 3281 4008 4193
2457 429 554 347 10 351 506
2458 1791 2711 3663 2976 1756
2459 761 3866 4117 5141 4664
2460 2766 4412 4416 2322 6472
2461 1042 1044 1056 1909 2874
2462 414 975 1236 915 874
2463 3263 5880 3030 4207 6649
2464 3294 827 60 304 514 542 557 1450 2299 2602 4013 4589 4590 271 333 352 654 879 1358 3650
2465 1650 5178 5667 3896 4351 5070 6284 2027 4403
2466 742 3871 3929 4012 4888 4458
2467 2568 987 3521 4157 4949 2130 2666 2669 5809
2468 1689 2945 2348 2369 2861
2469 1568 2020 2839 3783 3968 4744 709 2897 1318 715
2470 670 1214 1398 1431 2956 4324 4335 4860 4909 5711
2471 3929 3758 4515 660 2659 80 4635 5221 5344 1591 3272 1881 991 1106 1740 4272 5138 5237 5376 2892 2560 4927 1135 1402 2240 4552 5003 5872 6075 6149 395 4573 5312
2472 352 2478 4212 5287 5757
2473 4097 5987 6493 4193 3416
2474 466 3047 304 4446 1780
2475 188 497 492 1294 689
2476 2414 1827 4578 498 2724 4383 4689 5933 5157 5607 5711 939 2917 4097 4229 5851 6001 1659 5802 972
2477 167 90 813 283 31
2478 279 793 1483 4100 3931 5017
2479 203 465 711 407 832 1796 2001 1996 1876 3594 4773 5559 2851 6337
2480 2543 3981 3986 3099 5706
2481 1755 1867 2038 5024 5733 6474
2482 1359 1588 4146 1336 6539 6596
2483 2323 4370 5212 2242 6286 306 6611 6125 6635 5310
2484 3768 670 2246 2641 2775
2485 3107 5431 3362 4285 1044 2838 6861
2486 867 1754 3263 3382 4587 5572
2487 1213 4513 4855 2881 4365 304 4268 3877 4727 2277 4527
2488 774 1186 4675 7050 2957 4245 4482 5138 5332
2489 105 489 10 115 237 414 460 1227 226
2490 2242 120 1529 486 1071
2491 4939 6512 3931 6696 7023 6997 7002 7015 6916 7029 6967
2492 1500 917 678 4139 174
2493 1002 1274 3397 5093 5345 6073 185 1471 1956 2669 4496 2917 6386 3183 5630 6129 4878 2702 5413 4712
2494 580 1601 2538 2545 2976 3263 3809 4152 4228 4689 5477 5558 6296 6420 4965
2495 4059 742 2775 4285 4344
2496 1329 1638 2650 2920 3001
2497 3871 1923 1 1588 1880
2498 4664 5377 5558 6311 7048
2499 4842 2191 2587 3600 4577 4786 627 3440
2500 2313 4144 4653 700 4263 2701 3183
2501 1006 2548 2792 2788 996 6425
2502 669 1273 3030 3270 3453 5599 5699 5909 3721 6849 850 1135 1151 1424 2565 5086 5361 5638
2503 6390 2055 880 3851 3663 2368 3181
2504 3809 4909 5262 6435 994 6203 1960 3604
2505 545 2976 5711 4 1827 907 939 313 1044 1914 2109 6777
2506 292 5164 5350 5325 1598 6318 2657
2507 742 4689 4040 4097 5325
2508 2288 1653 258 2578 3357 3862 3526 3586
2509 1790 4916 4950 6014 1494 4628 1174 54 95 1653 2983 3226 3516 516 1530
2510 2532 580 906 917 3046
2511 77 3294 1987 3632 4614
2512 6225 2361 5263 5775 1866 4987 5691 5926 5936 6000 3929 5910
2513 1056 905 912 916 830 2563 4097 4089
2514 2644 3019 304 1037 2090
2515 1430 1977 1323 3211 3354 3849 3859 4905 4757 6275 6581 6664 6594 6812 6811 6987 6936 6938
2516 1338 1732 6583 6707 6931
2517 1015 2479 3097 4173 4496 1201 11 178 245 435 455 3217 3372 3387 3564 1929 4990 3364 3538 4707 858 4183 1228 4340 4941 5378 5502 5561 3764 4424 6059 1159 1155 3930 3973 6439
2518 2619 933 2112 2511 201 1827 2657
2519 1284 1394 3387 1283 3060 3964 4208 3586
2520 486 675 1233 1432 2219 5507 6123
2521 786 832 972 1595 1759 2565 2625 5378 5522 5558 641 3448 3458 3866 4219
2522 1894 109 4212 140 1131 1263 3056 5638
2523 2791 5622 1871 1922 6276
2524 1759 1233 3194 835 1057 2674 2780 5138 5208
2525 3214 3050 4419 475 1590
2526 2904 757 1135 3244 3614
2527 1217 1728 880 2517 676 2208 1283 1377 1597 2460 2518 386 1898 5594
2528 610 799 5456 1813 5755 2350 3022
2529 3091 1299 4639 695 3365
2530 1529 1070 2122 2848 5872 303 6349 4193
2531 10 276 438 460 756
2532 5588 185 894 1828 6777
2533 5658 1470 2598 2838 3106
2534 934 2166 5711 5742 5894 2599 3124 2561 3720 4756 6034
2535 5905 5191 6129 1187 3964
2536 3592 3517 3037 2468 5422 2824 1530
2537 2685 3756 5210 5493 3342 4887 4574 6740 6403
2538 1712 1987 554 998 1071 1214 1480 3964 2004 1948 5411
2539 88 177 692 1385 2861 3855 4906 5558 1973 3413 6458 3957 5346 5985 6175 6753 3379 5492 6714 4573 4727 6384
2540 5524 5525 992 3050 3356
2541 629 6227 6760 2975 4373 5757 6500 6837 2157
2542 627 724 756 764 1228 2818
2543 555 622 742 1058 589
2544 735 1565 2622 1591 1914 2409
2545 742 1262 1436 1329 688
2546 1544 1819 2976 3850 4300 4562 5844 6821 6844 6915 258 1127
2547 4614 3451 4289 2345 422 3250 1487 5930 6313
2548 2443 3180 2944 781 2184 4330 1522 5977 6094 5649 3866 5176 5480
2549 3011 1262 4094 2193 1655 3380 3866 4013 5422
2550 691 1544 4881 1755 2134 3401 4507 4562 5558 1063 1170
2551 282 1233 1826 2514 1921 3632 20
2552 1313 2158 1924 2735 3070
2553 646 865 4012 3917 5438 840 476 728 148 163 2838 4133 4272 5106 5437 6160 397
2554 1756 2900 5235 2512 2976 6571 148 201 420 1037 1485 4008 6105 6598
2555 840 1161 2006 2460 2479 3834 4209 6062 6176 6190
2556 4033 835 4089 4803 2652 4589
2557 1015 1852 2732 3692 4859 401 1358 1815 4624 4628 6292 6729 3361 3660 6449 6504 546
2558 892 3504 2157 3733 50 1118 2140 2898 3449 4835 4212 812 1256 815
2559 641 3931 4689 3363 546 3208 4107 6283
2560 4911 772 2232 2731 2765 282 675 4842
2561 6564 226 1219 4434 4863 5814 6395 4842 5937 3610 3506 742
2562 6933 2669 3442 3630 2380
2563 1527 1633 3364 4437 4659 4680 6180 3687 4496 6706
2564 832 991 514 1364 4496 4292 4893
2565 60 835 1473 1887 2999 4432
2566 407 486 11 26 1094 2251 2502 2976 3183 3360 3361 3412 3985 5376
2567 1063 2090 2838 4028 4198 4446 4843 4874 5191 5208 5990 6129 6349 6370 1853 3683 4948
2568 2758 4198 4825 6332 5104
2569 1071 2354 3761 4198 5860 6022
2570 246 868 1013 3180 3351 4198 6507
2571 1392 1083 1531 2250 1847 661
2572 609 2236 1294 1530 4874
2573 3138 1728 2912 304 1271 157 1227 1534 2073 2805 3057 5375 293
2574 25 1714 2881 3929 4689 2193
2575 1712 1921 2323 4132 5118 5362
2576 3204 1242 3132 3342 6219
2577 4359 3819 157 2119 3068
2578 507 1485 2996 840 1015 3240 4163 4404
2579 830 2578 3277 3735 5211 6005
2580 2130 2545 5074 5104 695 2027 5863
2581 1756 2282 3316 3938 4863 5935 6844 939 6831
2582 1432 140 405 526 2567 3877 4285 6680
2583 1015 1956 2032 2090 4335 4631 6033 1701 2909 5817 6811 2161 6167 167 6354
2584 466 2323 4063 4225 4727 5071
2585 482 2123 2583 3030 5422
2586 6353 482 998 3365 4012 5979
2587 839 1149 2908 1728 3266 2208
2588 4404 3092 939 2181 2502 4091 1003 4013
2589 379 1047 4551 5979 4842 5034 5342 6544 177
2590 3208 5615 1843 5407 5993 6102 4
2591 120 300 600 622 24
2592 687 1471 2183 3922 6243 1885
2593 10 188 337 429 457 230
2594 1047 2983 3855 2572 4539
2595 1791 5338 6257 6812 6960 7017
2596 2090 4936 5929 2430 3463 548 5346 5310
2597 1922 5609 1191 2797 4285
2598 3047 4065 1713 3554 3411
2599 52 54 5755 6431 6433
2600 5031 1145 2310 3033 4132 5571
2601 917 5213 5979 6933 4100 4982
2602 2465 5317 4528 5267 6697 6796
2603 135 452 3228 3926 5598 5986 6270 6735 6965
2604 3214 3768 1011 6000 1655 1849 1911 6467
2605 2277 2573 4032 4152 861 1226 2728 6197
2606 5476 6050 1867 6085 6053 6476
2607 68 2952 4198 6264 6754
2608 1004 1340 2174 3012 1450 5596 5823 960 3184 3294 4113
2609 4693 2140 70 3606 4680 939 6126
2610 926 4403 4586 4193 4523
2611 43 10 93 77 208 247 212 300
2612 5736 991 1214 1381 2599 2848
2613 43 558 1090 1091 1344 1590 837 1102 880 2508 2017 3849 459 3929 5480 5056 6153 5836 5878 6282 6527 6523 6837 6893 6904 6788 6915 6882 6781 6998 7006 6999 7022 6772
2614 2657 5705 1432 3004 6028
2615 4201 6575 917 1432 2327 3758 3957 5360 1044 2807
2616 2020 2592 2950 3409 3410 5366 5477 5513 6368
2617 1326 2884 1759 1940 1362 1778
2618 1481 2146 2953 3109 3891 4175 4207 4800 5111 5413
2619 5537 1428 5220 537 3759 2761 6477
2620 756 1864 2369 2555 3866 546 4540
2621 2875 127 2839 4984 4878 671 2001
2622 2723 1567 5255 1755 2562 3066 4726
2623 5 592 1847 2146 6104 6829 5115 1973
2624 304 1393 2395 2659 3381 4294 3554 4152 5221
2625 3363 4581 2288 770 1097 4786 5690
2626 366 790 684 743 52
2627 2333 61 2323 322 1655 3193
2628 3539 4012 4511 246 1728 4689 5838 4851 5628 4340 996 1844 5579 6101 6640 5741
2629 2184 2619 5015 3758 5138 5705 5931
2630 1106 3410 756 1592 17 1856
2631 304 4757 6612 6933 2110 6604 5550 6797 5039 5170 5985 3149 6986 546
2632 1432 3473 304 5349 6740
2633 88 708 917 2090 939 5811 1887 2112
2634 3243 942 4427 1074 6099
2635 3099 3239 2922 5263 6370 6277
2636 566 783 1214 1309 3770 5815
2637 555 903 1233 669 484 2525 2666 837 1310 1833 2246 692 2260 2244 2663 1386 445 1791 627 3931 5879 6815
2638 1260 1544 1578 1942 2572 2034 1952 451 742 1714 1844 2217 2804 763 1878 2479 3472 3967 3904 675 2123 6252
2639 1881 2171 6338 1728 5086
2640 2914 4936 3959 3188 6624
2641 2045 1652 3866 4201 4212 5310
2642 3996 4101 1214 1851 2284 2327 2920 3214 4593 5872 978 2679 5558 5602 1179
2643 379 1790 2182 2852 3009 3571 4057 980 1864 5785 5787
2644 774 6329 939 2689 2701 4482
2645 55 167 1462 1529 1977 2239 2787 3501 344 554 3723 2539 832 1948
2646 3686 1530 4605 6141 5558 6771
2647 466 1867 3934 1233 1529
2648 641 4564 3194 5326 5454 6476
2649 2047 3164 2207 331 3347 4892
2650 2562 2621 3488 3743 5537 5221
2651 77 118 204 327 438
2652 282 627 3472 4653 6117
2653 850 2511 3617 4941 2732
2654 4841 2080 2560 3205 3290 3292 5310 5638 6073 6453
2655 1848 4004 4348 4526 4839 5796 983 1028 2430
2656 5220 991 1797 5571 7000
2657 304 4496 4689 4691 2838
2658 1927 1296 3118 2846 2584 3580
2659 1504 3542 3866 4012 5757 6171 6886 2804 2807 6484
2660 4059 2355 4201 641 1004 1650 1734 3012 3278 5618 482 2612 2796 3777 4490 5598 6603
2661 2017 671 1373 1200 5895
2662 3101 3442 4507 5166 1518
2663 1544 2911 5666 1897 3315 4298 4627 6284 4952 6141
2664 630 1015 1909 3244 5471 5531
2665 1432 278 713 2288 3347
2666 3834 4050 3347 4878 6433 4052
2667 4352 3971 246 4932 6058
2668 474 482 630 1012 2207 3284 3593 5236 4509
2669 742 1973 2193 1047 2477 3214 5367 6282
2670 1039 1100 3022 1063 1412 1064 1494 5872 304 352 4667 1306
2671 4689 5282 1998 2672 3026 4696
2672 3866 5198 5522 3490 4664
2673 6826 6267 6731 1808 5886
2674 1848 4188 832 4193 6245
2675 1251 1792 830 1044 3115 4010 1714 3099
2676 1202 1432 2106 2187 5558 5757 6204 6215
2677 2945 3062 866 2130 1838 4464 327 667 4376 4824 3016 4625 3964 4349 4842 5804 3985
2678 4031 812 4160 1504 3470 5258 2213 2847 3866 6279
2679 3902 2046 3365 3619 4277
2680 304 828 939 2106 1550
2681 529 3203 917 2252 3630
2682 1638 1736 1853 1678 4211
2683 939 2838 2593 3783 5583
2684 1071 1800 939 796 5645
2685 2323 3931 4383 1044 352 1481 2205 5191 5551 5776 6029
2686 1720 2105 4599 4894 5049 2535 2107 4215 4442
2687 2908 4663 5970 321 1464 2897 4049 4153 4198 5003 5021 3929 3931 2251 3401 3833 352
2688 85 789 1358 6473 5587 6018 939
2689 1909 5378 5558 6067 2460 5632 5925 1086 3362 3790
2690 1064 1306 2987 4374 598
2691 2402 3323 2155 2909 3843 3420
2692 318 928 742 189 5412
2693 1319 1802 1935 2710 2719
2694 4942 3519 3707 4939 5803
2695 2881 1797 810 238 2430 998 3891 6098
2696 1135 4209 5653 5723 3184
2697 1755 4365 5529 6505 6620
2698 1791 3294 4340 6141 6177 6697 1925 6096 3295 2460
2699 3427 2923 1460 1884 2391 4249
2700 939 1432 1494 2277 3764 6215 2931
2701 3214 3839 4376 2847 2880
2702 1914 4686 5399 1214 1432
2703 6222 5231 1872 4225 6349
2704 379 3537 52 95 498 5322 6625
2705 3976 5491 6123 4750 1855
2706 1012 1865 3294 3249 5451 1981
2707 1831 927 1383 5401 5833
2708 275 276 224 460 1227
2709 1136 2076 2691 568 2602 3079 2085 3255 4573 3184 95 1266 3363 4489
2710 2437 6342 4864 3470 627 2360 3971 4842 5376 5512 6603 6618
2711 560 938 2548 1151 1385 3526 6283 964 5519 5559 3411 4891
2712 2415 1655 2952 2768 927 1061 3065 1867 1330 25 2430 3862 3183
2713 4028 897 1309 2220 2807 5580 167
2714 5198 893 2232 2976 3233 4198 5366 3957
2715 3549 2881 4965 2593 6681 3845
2716 1651 1864 2431 1313 1438
2717 1236 2460 1759 1606 1432 4750
2718 1122 1720 3690 5395 4342
2719 1073 1328 2144 2369 2920 4229 5511 627 3586 4197 939
2720 3405 2666 2839 2478 2545 3365 3765 4401 2735 3030 4185 1588 1812 4019 2251 3263 4761 3635 3473 1423 1432 1433 1752 2327 3982 4589 459 5346 2909 5509 109 841 2657 3391 4400 5043 830 3323 4552 4046 6503 4546 6540
2721 2765 3896 2510 6517 3339
2722 742 188 1638 1368 1972 1975 1977
2723 335 972 1887 3877 4051
2724 906 972 3362 3957 4628 5812
2725 2478 693 3862 5558 5775 5902 5979 373 374 6709
2726 2669 747 3115 998 3918 2480 3059
2727 1867 627 939 1392 1432 2666 2840 3687 917 1912 4727 5380
2728 177 60 692 1534 1690 1713 1887 3900 25 1432 1965 2327 3118
2729 502 2823 5456 1865 2599
2730 152 641 2766 3449 3733
2731 381 1765 3131 3840 4620 5228 5456 6184 6603
2732 603 573 342 813 924 986 1048 54 3291 5752 6509
2733 1047 3193 4318 1094 3622 3790
2734 4493 5581 5667 3466 1348 4766
2735 3234 5228 5809 5127 5129 4671 2669 4446 6122 6780
2736 437 1902 2405 1233 5056 6149 5469 6168 4156 6201
2737 3009 4744 1106 2453 2238 2862 3624
2738 2109 3989 972 3388 3586
2739 2669 3383 4139 5113 5844
2740 140 2298 2253 2530 1106 3162 1580 6539
2741 167 463 222 304 439 80 120 168 212 337 273
2742 474 136 445 863 960 2381 2452 3957 5263 6130 514
2743 3896 1759 2166 2334 2756 2838 3347 3692 5340 5572 5742 6266 6450 7035
2744 4005 34 2377 4350 942
2745 1966 1867 991 4667 5994 4402 2838 1603 193 6924
2746 10 44 246 275 77 78 118 176 429
2747 1310 3779 4897 6343 4204
2748 849 1764 2130 2777 5192 5223 90 1653 6373 6577
2749 352 2115 3874 4497 1424
2750 2091 2758 4602 4775 5205 6913 6901
2751 795 3512 3630 5537 906 3046 4420 5906
2752 2212 2301 3051 1960 1050 5558 2241
2753 580 874 1703 3365 5673 6811
2754 3470 784 569 4160 4495 6704
2755 850 5540 67 2898 5976 6722 4046 1233
2756 134 245 4168 4672 5121 46 333 514 1051 5375
2757 671 2000 1853 2533 729 474 2502 2730 4251 5347 2756
2758 4539 1424 1723 3932 4696
2759 3662 4494 549 3672 5263 1194 516 4239 1073
2760 474 2562 3593 3627 3878 4212 5413
2761 2304 4524 4614 1924 4239 5021 5777
2762 2279 3278 4697 2787 5453
2763 32 337 324 224 295 417 52
2764 1279 1280 1185 1720 4316
2765 246 1058 1241 1302 640 1792 1117 90 927 968 2744 2766 2982 1494 2573 3622
2766 603 5590 1135 1840 3158
2767 6036 830 3251 4268 6205
2768 2506 4844 3012 3767 1044 2277
2769 579 927 3566 3929 4424 6981
2770 459 2212 2242 5879 6323 6893
2771 1117 1435 1486 939 2146
2772 2323 2598 4968 4990 5756
2773 1513 1998 627 5138 6766 5630
2774 5415 6496 5849 5852 6995 6994 4683
2775 1847 4233 5413 1726 6108
2776 1966 2487 1493 1609 6181
2777 2460 3347 3401 610 1497 2808 4276 4496 6386
2778 696 1227 4352 4560 5097 5965 3022
2779 3360 3362 5346 917 4727 5743
2780 322 1187 2264 2976 3312 4248
2781 4329 498 1855 3059 6253 6460
2782 6180 5205 5417 2689 4044 4089 5520
2783 5197 673 3266 1438 1797 2674 3149 4551 5059 5757 3949 1392 3976
2784 1877 2695 3258 4781 4742 4959 525 3527
2785 1753 5945 1756 4879 6362 2168 5376
2786 3947 772 1595 2976 6167 4909
2787 4883 3668 486 594 968 1114 1393 2070 3004 3335 4040
2788 939 2415 2808 3118 3630 1684
2789 421 1494 1505 2750 3214 1960 2514 3932
2790 2077 2750 2961 3143 4411 1759 4113 4712
2791 3263 5443 6187 3448 5959
2792 837 1544 2221 534 2369
2793 4706 566 675 2974 4551
2794 1927 3180 3348 3964 4932
2795 752 1618 5440 246 3766 3858 4941 3654
2796 465 3243 4089 3733 4626 4952
2797 2946 1222 835 1537 5922
2798 2897 3362 3372 4052 366 3184
2799 837 2444 188 815 1047 2920 1981
2800 2393 2476 2960 3351 4503 4926 5757
2801 1106 3062 3060 4052 2297
2802 2008 2422 3781 5617 6381
2803 3012 1808 2323 2572 3026
2804 1449 4238 4417 4506 3413
2805 2545 1844 5022 831 2746
2806 1811 2318 2347 120 459 965 6954
2807 492 3891 2264 2446 52 850 659
2808 629 804 1133 1544 3366 3758 4008 2809 1028 1658 4730 797 4901
2809 2469 3926 2310 3365 998
2810 1481 4330 5903 1044 2572 3026 3964 5537 4027 4885
2811 837 1085 2838 5413 5851
2812 2032 3920 4728 4730 2193
2813 934 3779 1687 2460 3365 4209 3549 2804
2814 633 1765 2323 2460 2946 5502
2815 1165 837 2046 830 1432 1714 3479
2816 2187 858 1439 3457 52
2817 370 1973 2904 4042 4496 5157 5546
2818 1731 2952 2031 4029 5020
2819 3483 2251 5385 6039 1666
2820 1016 1276 2727 4380 6886
2821 465 1242 5348 1172 830
2822 657 1047 1904 1402 3961
2823 95 954 1003 4568 4680 5024
2824 2907 1727 4663 465 754 2133 3783 5873 6243 5086
2825 1589 1746 4271 5003 5312 6264
2826 3929 630 4773 6283 3932 6750 3239 3469 6361
2827 1693 284 1853 2355 2808 4076 1265 1860 1098 1843 756 1588 2947 880 1831 2065 2369 2507 1438 6105
2828 845 934 1274 1753 3448 5049 4842
2829 3890 4460 5157 830 1887 5138 5432 5925 1323 4285 5552 5570 6071
2830 189 290 711 745 753 1719
2831 5946 6033 1655 5979 5311 907 498 1233 177 3077 5962
2832 2959 3401 2161 115 5145 2472 1842 4455 4579 5517 4939 5138
2833 2779 1198 2115 331 1588 3571
2834 991 2460 2846 4043 5093 6135 6236 5933
2835 1544 2162 1596 3862 245 3217 328 5330
2836 939 960 1047 1107 1855 3062 1106 566 1756 4416 1779
2837 2659 372 4973 2460 333 3226 5531 5905 516 1136 2449 3553
2838 610 1856 1857 1859 5189 6292 6759
2839 1388 2285 1057 2926 2927
2840 998 3926 797 2144 4374
2841 2909 4229 4574 4585 3291
2842 2784 3158 437 1544 2765 797 4308
2843 1349 991 1752 2672 4992 3124
2844 321 3410 3461 4894 5055 5644 1373 2144 5310
2845 505 1492 31 1369 714 1386 3012 3178 3084 504 1026 6070
2846 18 2970 2369 854 6635
2847 2195 3064 3263 4184 5693 2807
2848 1304 4376 6548 6475 1025 2761
2849 784 1770 2676 5684 6306
2850 78 276 6933 897 6585
2851 754 1852 3979 5678 5983 6151
2852 4773 713 4625 5852 610 715 2897 6823
2853 674 837 1847 2718 3046 3663 5014 3047 4406 5873
2854 282 6266 3962 495 5229 5612 1825
2855 1148 2139 2932 4343 5377 6433
2856 657 554 556 1735 1951
2857 3835 3908 4766 4848 5909 516 2220 3783
2858 279 841 2802 304 939 991 1715 5057
2859 374 843 188 2531 2768 3191 4023 677 1480 3511 4525 1214 1981 3141 3663 4527 797 3915 3813 3277 1481 2719
2860 4012 4805 4905 5730 5570
2861 927 939 1238 2126 2168 2479 4209 4689 2430 810 830
2862 379 498 2112 2168 3251 4978 5587
2863 52 4698 849 4743 4990 1358
2864 2123 5623 1753 3069 4185
2865 1714 1200 333 498 563 566 582 630 641 675 830 994 1044 1100 1413 1636 2045 2046 2590 3343 3433 3867 4518 4715 5558 2809 4012 4089 757
2866 1003 3658 2460 3251 3388
2867 4028 282 424 167 939 4689
2868 2669 2572 932 1759 2502 2436 939 1433 1520 2924 1206 2593 1791 4392 3064 1496 2691 1812 1821 4909 1139 4058 5102 1815 4631 5366 3761 1827
2869 610 4398 2090 4419 4534 5258
2870 177 235 5325 5558 3944 2841 4449 4553 4585 4750 498 3470 3931 4758 4948 6238 6651
2871 691 1808 5450 1471 3030 5366 6594
2872 563 934 1526 4664 6931
2873 840 6332 121 634 6179
2874 5287 5409 6021 3742 4012 1588 2323
2875 486 3151 3365 4073 4628 5093 5450 6267
2876 177 631 2352 675 5065 4842
2877 6598 466 1597 2242 2460 5587 5668 5757 5979
2878 34 998 1182 2550 5386 1791 2032 2732 3890 465 1385
2879 3932 3929 486 4097 2032 2220 4229 3335 5627
2880 2426 6794 1164 5950 6972
2881 1054 1704 3365 3635 333
2882 1814 1145 1304 2799 2804 4700
2883 1776 5865 69 4952 5769 3622 140 1077 1639 4953 2090 1122 4212 4402
2884 603 1099 3138 4982 5426 3765 6091 1575
2885 235 674 975 2575 4943 5926
2886 1071 3726 1131 675 5264 5261 498 5638
2887 4257 5310 5642 1443 5863 6322
2888 5118 2908 5004 3410 4256
2889 2976 3333 11 121 673 1236 1273 2356 4012 5379 2460 5897 1164 1591 5308 2665 3369 6976
2890 4554 747 1639 2361 2532 5419 6484 955 3964 3611 6426
2891 2369 4695 2301 2572 128 693 701 1448 1074
2892 5000 1202 1588 2460 3214 5979 6093
2893 52 3786 5549 2339 3494
2894 4987 5979 186 1471 1554 1894 1919 2775 3313 6332 6577 6073 4154 5886 5640
2895 4873 6837 6958 6977 6678 7026
2896 203 2046 2804 5376 4472 4697
2897 756 820 1843 3867 3932
2898 5612 713 2756 2838 3516 4789 5666 2598 4793
2899 2503 1106 1597 1581 1921 1703
2900 1298 1519 1848 4519 1844
2901 1524 1035 344 1298 4193 3131 2580 3076
2902 5172 4727 4835 5526 5848
2903 3049 476 3834 893 3234
2904 2000 2922 850 3388 1981
2905 2020 3009 5705 850 6101 5706 6099 1698
2906 987 1047 2850 4268 4333
2907 3906 715 4912 5065 2880 4696 1597 4209 5672
2908 4402 4408 4574 4585 4737 5245 5292 5480 5939 2535
2909 879 1579 1752 4835 3183 6170 1946
2910 1577 1844 164 1424 1672 2545 2814 5456 1278 2141 3310 4788 4502
2911 1494 3250 4374 4389 4872 5056 842 4097 832 5086 3642 5756 6454 6913
2912 321 1274 4569 4651 4877 4878 4947 5583 567 5777
2913 681 3720 4827 4888 6104
2914 775 1450 2541 54 95 2369 756 1925 4418
2915 1432 6664 3342 6874 6772
2916 2285 3220 4452 6185 4776 3876
2917 4028 15 670 5516 1854 2951 4307 5660 754
2918 1159 1200 2339 3059 3862 4261
2919 3795 844 5349 2251 6279 1273 3410 4285 5056
2920 1453 3294 1285 5800 6693 2430 5358
2921 2323 2912 603 1256 3793 5261 335 1003 1483 1981 2915 4603 4696 5636 6284 6504 6506 5595 5605 6099 6101
2922 3611 4185 5522 2949 3783 4676 4835 5770
2923 1217 1106 2113 2162 3780 2123 3304 3099 3011
2924 2046 345 2569 1298 4360 304
2925 235 4058 2276 2840 3607 1821 6114 850
2926 3069 4980 2535 1373 1542 2678
2927 1003 1446 2592 2974 3365 5190 5468
2928 1338 5157 3273 240 800 1723 5883
2929 747 748 2998 3365 947 2131 1530 835 5360 4573 1097
2930 1373 5892 3861 4214 5310
2931 863 2802 1436 3516 1756
2932 281 10 296 156 54
2933 4877 5376 119 532 807 835 954 1194 1392 1777 2369 2838 5337 5517 5519 6323
2934 743 1106 1291 3713 1815 6491 6805 2161 3783
2935 496 2148 732 1299 2276 4116
2936 1631 754 5308 5309 5536 5537 5612 2657 1729 6908
2937 1263 3263 2804 4152 4496 2745 4593 5176 4153
2938 1703 4765 3586 3790 5558
2939 738 1672 3541 3931 6583 2596
2940 82 235 797 991 1447
2941 5508 4648 5852 3208 3935 5310 2773 4292
2942 2450 2634 3448 73 2168
2943 3929 322 2838 3845 5408
2944 4349 1471 1911 2184 3064 3871
2945 2945 3505 5470 98 3931 2345
2946 795 906 2131 3226 4909 5999 6635 6689
2947 201 2452 3627 4726 1499 4285
2948 756 2786 4318 4360 4444
2949 1056 2973 2066 2862 1894 1316 3122 4697
2950 4012 3118 1242 406 2535 3388
2951 1811 3859 3083 3084 5417 6257
2952 826 1044 2512 1755 2410 1263 1508
2953 2792 3410 4027 370 2788 2794 495
2954 188 222 302 270 276 429 460 612
2955 1226 1435 3949 5190 5808 5997
2956 31 1262 1432 2327 3049 3957 4097 4727
2957 498 304 2838 5050 5138
2958 2184 5979 1190 2090 4446
2959 2052 2881 3521 5537 6840
2960 3855 1428 516 1755 4527 445 1493 2369 4901
2961 880 2112 3515 4940 6099
2962 1428 52 1678 3833 6799
2963 482 1198 2279 1172 1146
2964 1071 2625 4063 4790 1011 1419 1622 1909 3678 5009 1714 917
2965 5580 1201 3610 5537 5801
2966 2460 5323 2300 3280 4475 3343 6135 6228 915
2967 2323 5869 20 627 3370 1200 2477 4298
2968 2756 4027 5759 4885 6280
2969 465 3783 2750 5201 3047 3886 5271 2321 2788 4983
2970 931 1480 1711 1815 2579
2971 812 3343 5638 6750 1633 6397
2972 31 335 1530 1003 1762
2973 5426 6557 4120 5661 5662
2974 4059 6027 2193 4439 4794
2975 2369 1706 591 2618 3924 5128 5517 3240 4789 5666 5519
2976 148 1090 1765 3800 4823
2977 301 51 43 142 458
2978 514 1851 2633 4298 4446 490 4276 5400
2979 2397 4546 311 2840 5248 2535 5571 5508
2980 5512 1273 1899 2839 4546 6106
2981 597 2374 2756 3372 3766 5902 482 833 1848 2323 2740 3517
2982 545 1924 2193 3286 3367
2983 659 5310 1844 2583 3241 6102
2984 880 1016 1455 1570 1987 2279 2453 3233 832 627 3191 4600 5707
2985 1260 2862 2952 3353 4227 2299 2602 1329 4051
2986 892 3080 666 1292 1211 3248 3173
2987 474 518 1283 2041 3915 5163 54 1530 2369
2988 1358 3932 1309 661 2090 2901 4107 4722 4806 3459
2989 3204 960 3610 1044 2616 2806 3506 4296 2054 274 4573
2990 31 261 4625 4970 516
2991 2460 6182 2588 5287 905 566 4231 5721 3115 2249
2992 957 4521 5721 6357 6635
2993 1115 2775 1233 2032 3453 4727 2937 5851
2994 6036 2284 2545 4032 5391 5587 5293 5517 6136
2995 2669 3520 169 2985 3828 3829 867
2996 2147 5113 673 2188 4625 2323
2997 1687 3135 3766 1701 1864 1290 2377 3060
2998 1198 4067 647 1851 2897 1003 2838 3050 6272
2999 1849 2507 3462 1852 185 1198 2323 3365 3853
3000 3614 5843 5966 6283 304 2734 2561
3001 5176 318 1523 3649 4825 1534 1867 3942 4212 5246 5470 6579
3002 641 5661 140 5469 6066
3003 761 924 3929 2693 516
3004 4782 5560 5362 6653 6913 4793 6477 5118 6360 5433 5808
3005 1200 1326 2123 2435 3118
3006 2260 5624 25 5705 6628
3007 529 1524 2063 3487 4451 4822 4938
3008 10 44 155 460 420 188 76
3009 538 849 1791 2435 3768
3010 1670 3239 4001 4340 6412
3011 1150 1964 3012 2065 1423 1432
3012 960 939 3365 840 3050 2556 4789
3013 1007 1606 3553 5778 6255 6907 6908
3014 3543 5788 3931 5076 2323
3015 1652 2165 2355 1358 1455 1863 2931
3016 458 579 1214 1959 2605 2923 2996 1399
3017 1283 2327 2346 2807 5178 2369 5546
3018 2000 1499 2440 3713 854
3019 2988 4785 4978 5436 5563 6826
3020 830 1529 2266 3688 3814
3021 4979 5278 6096 6211 6728
3022 2193 2909 3030 3782 4638 4919 772 3409
3023 2242 5787 6358 6762 6791 6827 6789 6889 6968
3024 647 1144 871 1329 2824
3025 2771 917 3372 5539 1044 1263 6281 6549 2535 3388 4936 3214 3855 3941 5157 5432 5820
3026 596 1360 4007 1432 3701 5138 5573 1480 2383 3893 1583
3027 56 337 756 760 820 960 1165
3028 809 2904 1172 1263 2838 6588 7007
3029 1368 2308 1215 1645 3518 3630 3042 356 3357 6003 5373 2521 633 797 5884 3278 3039
3030 283 3599 1969 1533 1358 2898 4203 5397 5258 6242 5559
3031 84 1049 188 3560 3097 3535 2141
3032 1791 5806 6939 6944 6945
3033 610 802 1462 754 830 1118 1342
3034 5283 5812 6729 3342 7006 6772
3035 26 651 1533 2361 3099 5456 6539
3036 830 2838 3118 1649 5558 235 810 2430 2688 3554 3862 4589 5707 6313 4626 5189
3037 1056 2477 1618 373 3009 3490 885 4842
3038 897 1047 1915 1267 2777
3039 373 108 356 675 1330 1816 1834 2618 2928 4008 4031 4047 1329 3633 113
3040 3294 5205 2147 2425 3064 1373 2004 5517
3041 3688 2535 5118 5188 5266
3042 4244 5757 4056 1563 1759 2361 4156 4591 6253
3043 5666 2146 4412 5667 1172 5872
3044 4664 3174 4796 2934 5307
3045 2781 2978 3361 2745 2780 4623 2560
3046 2465 2738 3820 4744 4791 4792 4795 2794
3047 938 1483 3957 5645 3877
3048 1987 2151 3528 6323 203 794 2369 4579 5206 5245 5601
3049 944 1109 2839 4097 2970 3174 4566 5006 3499 2466 4113 5091 5307 5334 5546
3050 647 3294 3315 3343 4696 5317
3051 2732 1016 1494 4195 3181 5346 3059
3052 2838 2890 2049 6376 6966
3053 395 939 1097 5164 2674
3054 1236 1432 1463 2221 3772 591 2264
3055 1155 3957 4101 5310 5627
3056 1843 2232 3989 4823 2931 1542
3057 1759 1978 2399 1588 336 3525
3058 1037 1847 3543 4922 807
3059 75 290 23 1034 603 784 13 240
3060 880 468 2327 4727 1621
3061 403 1848 2483 5519 4156
3062 5886 994 2976 3453 3745 5021 6711
3063 3085 3676 3396 4413 4842
3064 5177 912 917 4727 4610 4628
3065 169 465 3514 57 2020 799 906 3445 4174 2073 2920 4285 4708 514 3586 548 3672 4543 1044 3600 3365 5310 1221 3862 4046 1936
3066 2184 2323 4012 5965 6242
3067 960 2841 4844 5278 178 482 2945 4495 5784
3068 5733 2183 2365 4781 5192 4144 178 907 1435 1740 2623
3069 2162 555 742 924 90
3070 893 125 482 2479 5598 420 840 1987 3515 5250
3071 2452 4904 1530 2588 2970 5057
3072 627 3850 5357 6268 3078
3073 2954 3200 1072 1653 5441
3074 756 1476 1855 906 939 1451 2565
3075 5838 2573 5195 939 6171 6369
3076 1319 185 510 832 939 1073 3025
3077 2184 3214 5056 5157 3929 4012
3078 4008 5378 5481 4856 4860
3079 368 375 2758 3365 3964 465
3080 245 647 938 991 1494 4049 4364 882 1687 5873 482 1074 1446 1759 2374 3383 5009 6092 5775
3081 2249 3194 3082 581 6720
3082 1226 2369 3947 3965 5464 4473
3083 53 2047 2593 1554 2732 2738 4664 3323 2955
3084 5147 2593 3162 3410 25 1847 3790 5248
3085 482 1309 1452 2323 4603 5065 5483
3086 641 917 960 1233 2718 2914 3957 5073 6410 6481 6796 1044 6420 109 483 576
3087 441 120 1201 2944 1088 2977 835 1493 1884 2985 3550 3741 2271 4672 5545 3278 4590 3357 1508 2404 4489 3423 6017
3088 66 1227 103 36 90 152 303 300 342
3089 715 5413 4589 5105 849 3370 1981 2369 3378
3090 932 1161 2988 5496 6992
3091 4696 5223 1939 5065 373
3092 3553 4340 4357 4403 5905 5979 6278 6580 6635
3093 564 1149 5790 4858 2160 1135 2955 3124 4029 2950
3094 26 905 2300 2775 3049 3214 3721 3957 4032 915 3071
3095 98 1765 2904 4340 4578 420 4383 4676
3096 4020 4712 4895 6086 5412
3097 1309 3347 4461 5244 5583
3098 2988 5076 114 1814 1582 3332 4680 5541
3099 2732 576 1598 2168 3537 3585
3100 2020 5587 348 1010 3294 4246 5268
3101 496 771 1723 991 1856 897 2276
3102 80 998 1956 2512 3059
3103 566 607 1071 1233 2123 2857 3022 4416 4847 4902
3104 772 923 1432 1122 6477
3105 3821 6000 6039 6093 1455 6028 3294 3448 6257 595 3406 4374
3106 140 2479 3365 4489 6099 6105
3107 5527 15 3655 4230 5118
3108 2007 1502 178 796 976 1085 1107 3183 3335 3584 3782 3783 4246 5073 67 598 1537 2460 3194 3610 5784 2535 3226 3388 5018 1364 2369 5414 5454 5263 514 998 4008 5994 2039 4477 4995 3981 4458
3109 1844 3411 5342 3106 3369 3695 3802 5337 5375
3110 1047 1692 1973 3183 3772 3607 1269 1524 1526 4392
3111 3812 1323 1885 2501 2572 3410 3745 4708 4947 4983 5284
3112 6367 5780 6414 578 1734 1824 3373 5228 459 641 4008 6475 5058 5414 5996 6474 4675 5809 6172 3725 5292 482 1012 1135 4197 5919 2835 5694 78 630 1759 2090 6323 2897 5731 6402 6382
3113 2193 3786 6004 127 482 2323 6093 6197 1016 2183 5809 3777 6375 4137 3214
3114 3898 566 4744 5583 3655
3115 1739 1748 379 2269 602
3116 1508 486 3683 4365 6404
3117 934 2846 3139 3458 5242 987 3343 6573
3118 1955 3450 2161 3688 6846
3119 4165 3357 1981 4680 5247 5490
3120 319 1135 1296 1588 2592 3158 3319 2645 3552 2924 6883 5474
3121 655 1047 1392 2032 2100 2115 3929 5056 5456 3372
3122 604 1086 1925 283 1106 2323 2460 2861
3123 1355 3468 4002 4696 606 1352 1987
3124 720 1097 6661 3278 1122
3125 2761 3947 5227 5558 4812 5044 6310 1929 1457 6323 6912
3126 4893 5911 4078 5827 6500 5849 6295 6682 3931 2323 6827 2491 2579 2978 6766 6813 5876 6696 6864 6117 6872 6947 6882 6874 6907 6965 6968 6980 6978 6996 7019 6528 7023 6773 6997 6969 6982 6990 6956 1827 6917 2094 6565 6717 7029 7039 3372 6918 6994 6940
3127 3226 3433 1720 6343 6567 5583
3128 598 912 917 2122 4830
3129 46 54 812 1438 2054 2116 4292 4894 728 3343 5456 661
3130 188 438 460 295 289
3131 23 81 103 1712 114 2203 6550
3132 103 188 220 250 334
3133 1203 1906 939 917 5666
3134 3746 2146 2790 2960 3806 4947 6050 6110 3263 3410 4546 4838 5086 5623 4587 6556
3135 1090 1406 52 2559 2783 3184
3136 426 1048 864 911 339 406 3 1755 919 924 910 1772 3702 722 3633 2327 1768 27 2256 3046 350 905 750 1690 2623 1642 2670 4728 2234 4747 1390 6780
3137 1090 1850 2337 2340 2583 876 1011 2220
3138 459 2242 458 6410 6874 7024 6678
3139 611 1529 5743 5985 681
3140 3945 3362 4359 4793 1662
3141 492 602 3609 80 4446
3142 4628 5537 3372 6440 797 2433 3006
3143 1031 1047 2037 2904 3515 4560 3392 5005
3144 917 1410 837 3864 4784 1927 2171
3145 342 995 434 4370 459 6593 6594 6696 7045
3146 420 593 4781 5293 675 1071 1076 2020 2756 3410 3992 4984 5312 5366 580 1016 1233 1755 3030 3807 2106 4727 1711 3076
3147 1529 1214 3976 1087 2859 5118 4975 5362 2415 5349
3148 3226 5978 5894 991 2838 3964 4496
3149 2132 2920 2924 322 3326 3388
3150 4740 1127 4473 5873 849 455 5220
3151 246 248 250 253 332
3152 4171 4276 939 1159 6382 1071 6224 3181
3153 917 1935 3311 5433 5481 5717
3154 2761 4659 1887 3059 4420 5346 5537 4205 5380 3811 1793
3155 3193 5691 1845 4008 4599 4019 993 1098 1909 2374 3775 3931 4697 5019 5787 5240 6914
3156 2692 3461 5699 6230 6271
3157 1106 1308 2232 2273 1681 2650 2986 4847 4402 6402
3158 551 802 26 2229 2275 2559 1271
3159 352 1948 2205 4318 4935 797 1172
3160 2460 2251 2377 3761 4894 1110
3161 2049 840 5593 6436 1844
3162 144 2978 1787 4117 2646 3326 4426 729 4020 3606
3163 5334 3263 514 5295 5849 4539
3164 246 275 337 400 188 168
3165 4799 5238 842 1198 5695
3166 267 675 1373 2590 2693 2756 2824 3278 4540 5088 2116 5067 6537 3806 6177 4034 6126 5349 1904
3167 1191 1922 2633 2193 5866
3168 272 1921 992 2472 2824
3169 3785 3786 283 627 742 2732 2195 3787 849
3170 1242 1824 2765 2976 4324 5155 352 2238 2279 2380 2669 3047 3578 4447 5710 724
3171 1282 2430 3362 4989 810
3172 651 2976 2392 3274 6177 6822 2565 4366 5537
3173 772 3233 1035 3179 304 6044 2369 6115 6145 5979 1200 4464 4812 6236 6476 6385 6547 6849 486 5086 6211 6213 4564 245 1887 2804 4012 4097 2288 5659 6354 6926
3174 2460 939 1298 1657 1813 3694 4139 4806 6661
3175 1821 2115 4536 3554 4057 4200
3176 391 3059 1369 3496 1242 2756
3177 382 1233 1392 2327 3410 3663 4628 5979 6156 6337 6345
3178 1714 1219 837 84 1786 2545
3179 10 837 1480 2027 1423 5636
3180 2750 3180 837 5556 2203
3181 2410 5346 3690 3216 2195 3294 3831 4828 5587 4454
3182 4325 2797 4933 2924 1706 2574
3183 2838 1179 1787 3957 4968
3184 1998 4906 5866 1588 1218
3185 31 203 991 1517 1578 1075
3186 207 400 337 10 289 460
3187 742 188 1103 1544 1633 2730 4008 4759 5782 245 1115 1161 2797 1588 2478 2838 3758 4225 3554 4922 566 2920 2970
3188 830 1214 4212 516 2144 3561 4298 3183 4543 633
3189 1211 4640 1284 2484 5418 4095
3190 1106 2090 4446 5456 633
3191 151 1550 2888 3239 4552 5055
3192 245 6071 6040 976 4193
3193 3323 923 1071 2931 6506
3194 1956 3020 4250 4965 4989
3195 304 610 2740 1383 1530
3196 46 60 3379 4907 5710 5118 545 2674 4089 1103 6006 3554 4840 3064 6599 1319 4342 5267 6281 6431 1457 3997 4496
3197 2058 1871 2094 1376 1932 496 1242 1778 1047 1358 1226 3995 1285 2591 3994 1787 354 797 1353 1364 1426 1412 1981 2783 3590 4842
3198 763 1887 2907 4696 5224 5471
3199 939 1364 896 192 1432 2164 2095 4755
3200 648 939 1740 2636 1298
3201 178 998 1882 3731 6089 2504
3202 529 3204 101 958 1187
3203 747 1496 6093 6163 6268 4545
3204 188 1103 1348 1897 5757 1755 2754 742 1641
3205 1261 692 725 1875 2759 3688
3206 23 43 127 429 460 928 251
3207 319 3084 459 458 2242 5849 5070 6755 6644 6812 7028 6907 7012
3208 1395 4342 1032 2650 1524
3209 437 2896 5612 5873 2219 569 1861
3210 183 465 1516 606 1832 1811 3012 3359 6986
3211 460 699 991 1432 1474 474 2231 3277 3813
3212 15 915 1331 5470 596 1714
3213 4815 5983 5614 3785 5425 1146
3214 1907 1432 4492 1364 3848 246
3215 1529 3448 4696 6200 6298
3216 2306 3605 4420 5598 6167 6302
3217 3704 4523 5266 1621 3813
3218 6295 1309 1827 2669 2936 3515 4689 5711 837 4404 4791 2761
3219 4014 4471 547 3066 3947 974 4535 1881 2728 1796 3144 4218 5517 2297
3220 1852 147 679 3060 4777 4939 6382 991 5086
3221 1804 1821 3761 3653 1499
3222 1424 2144 3742 603 4217 4355 5852 5884 6065
3223 2757 4743 5092 1136 1201 1921 2281 4445 4842
3224 507 973 1987 2327 910 25 2906
3225 1714 2792 84 2866 939
3226 1301 1833 754 2204 6534 6636
3227 4089 4448 4372 3060 4628 352 3786 5800 1588 1679 3554 4493 283 3158 3530 5325 6566
3228 10 23 361 429 555
3229 486 3162 3856 2160 2157 2952
3230 1335 3550 569 3589 5863
3231 156 246 404 276 326 489 337
3232 1378 5086 921 2592 4143 6412 2839 401 2744
3233 1807 4198 6215 6660 714 830 5931 6312
3234 1306 1496 2572 3203 4353 6337
3235 1054 4965 5530 5498 674 675 1047 874 5963 5711 514 6868
3236 627 1723 2678 2856 3500 4697 5527
3237 5015 5481 6217 1135 1688 2908 3758
3238 2156 2158 2547 3410 2160 2555 4117 1456 3656 850 5942 6539
3239 5193 6567 177 5833 735
3240 5931 772 917 1919 2310
3241 991 1021 2046 4503 5537
3242 535 574 845 1852 2046 2545 3203 3278 3515 3562 3808 3929 4055 4094 4377 4521 5708 1198 3453
3243 401 304 1728 90 1758 2276 1427
3244 4905 5787 6183 5416 5878 6578 6791 6117 6904 6889 6890
3245 997 3948 2797 1856 3060
3246 425 1447 1887 2945 4446 2906
3247 906 917 1432 2327 837 486 1452 962 1262 1672
3248 4871 1047 2460 2838 6400
3249 933 3931 1233 318 4389 5412 4352 595
3250 2510 2940 2133 4212 4697
3251 4297 515 1544 1722 1846 2075 5177 2282 675 2032 2131 2313 4008 6085 6253 6475
3252 3374 3123 3376 3379 1263
3253 818 2185 516 5636 3586 1722
3254 2269 2986 3008 2995 2797 4696 4351 6740 6100
3255 2810 4221 4859 2715 4066 6281
3256 3030 3662 5762 6340 3221
3257 1494 3783 5849 2744 6052
3258 3165 1242 4573 1804 3609
3259 6069 692 727 1728 2669 2718 2962 4689 5522 5822
3260 997 2072 3586 4757 5937
3261 2569 3061 3923 3929 4321
3262 1112 1588 2211 5157 5328 5962
3263 545 2009 2046 2481 4168 5957 498 1588 4801
3264 1070 3263 3776 3962 5073 5903
3265 177 3294 4712 787 5068
3266 1122 1518 2510 3208 4840
3267 1266 4277 2561 2598 3655 3758 3949 4781 1299 5065
3268 2219 3604 5017 6128 2220 4627 4757
3269 1359 3319 3793 1779 2921 3979
3270 304 3160 3849 580 1214 4578 6672
3271 939 2052 2990 4089 4113 4298 4741 5538 70 784 975 1202 2032 2323 2669 3247 3343 3765 4198 455 1591 1887 2369 3118 3272 1194 2122 6283 4080 245 1701 1897 2046 3489 5052 5256
3272 304 1755 3372 4727 6030 917 4012 3227
3273 1636 3234 4637 6259 5619 6104
3274 675 2600 5408 5814 6694
3275 747 917 2146 4552 4914 1481 1755 2640 2973 4488
3276 3609 1688 1116 1544 3101 3896 4191
3277 2014 798 4534 797 446
3278 352 1433 1657 1710 1929 2027 2249 3560 4283
3279 1248 6403 5730 3278 6504
3280 4744 4052 2369 5445 2331
3281 4193 976 2479 647 3234 3142
3282 3343 5176 3143 3183 5086 5456
3283 3168 3526 4496 4686 5979 1063
3284 4635 1530 2758 3413 4965
3285 510 1242 3803 5065 5559 5772 1086 5095 4976 5113 4625
3286 2869 3402 3758 3969 3020
3287 177 4839 1867 2946 3502 4889
3288 5949 31 664 853 1273 1752 2020 2750 5730 6170
3289 4775 46 2106 3461 1530 3183 1433 4205 2846 1078 401 3586 2838 6374 4758
3290 3039 352 818 4230 445 4901 603 124
3291 594 2770 3334 1847 4359
3292 1232 1791 2477 2611 2154 4117 4396
3293 2962 3030 5442 6455 1037
3294 2160 939 996 1185 6243 6350
3295 778 2692 4543 5630 6035 6512 1987
3296 1047 2116 4348 4552 4598 4999 5139 837 858 1767 2195 627 1483 936 3929 4360
3297 3310 3611 465 1897 1987 2046 455 1652 2377 3269 6561
3298 994 2122 2479 2796 3453 4967 6476 6702
3299 2750 1071 5192 6241 1844 6580
3300 1037 2356 2237 6569 2414 4216
3301 1408 3184 3434 3711 4637 95
3302 1124 1303 2680 754 2560
3303 3064 783 6082 2669 3220 1261 4667 2327 5598 514
3304 746 3409 3410 4769 6402 4573
3305 455 486 1844 2946 4835
3306 742 2130 2512 3601 3866
3307 225 1516 572 670 1385 421 3597 3699 3911
3308 596 1293 2020 2161 2978 1746
3309 2460 6180 1897 5004 1701 5905 4246 5348
3310 84 535 1298 1514 3001
3311 2360 3183 3059 1798 2185 1530
3312 1323 1848 2625 2861 2988 3694 5176 5456 5757 401 886
3313 2198 602 2931 4318 5947
3314 3473 1468 3446 3595 1595 1759 1881 3693 3050 4003
3315 2406 3866 4389 3060 3819
3316 2369 1899 4256 3410 3886 3030
3317 2655 741 1862 3610 1272
3318 4267 304 652 1760 2361 2736 4143 4750
3319 1103 2535 2920 3370 3813 5413
3320 457 923 924 1268 60 80 1437 672 2361
3321 1103 5721 6412 842 2377 3611 4696
3322 607 2569 544 3565 3569
3323 6931 201 258 610 1049 1258 1588 1887 2327 4948 5744 5809
3324 1358 1844 3343 3645 1544 474 3130
3325 3020 755 4627 3867 5530 3786
3326 772 835 2970 3116 3919 401 2177
3327 1720 1756 1763 3194 5446 6580
3328 5944 3253 5020 5022 4198
3329 3890 6059 3365 3367 3867 4008
3330 437 2486 2856 3263 6236
3331 1075 1524 1526 893 1142
3332 6385 6092 6085 844 3851
3333 2740 2840 2999 3019 3212 3934 2920 3957 53
3334 90 152 861 1424 2098 2652
3335 3669 6323 5849 5070 6874
3336 4128 6296 4689 5417 6177
3337 60 1815 3465 633 639
3338 78 121 627 2045 459 1011 4335 3167
3339 1968 54 5118 2090 486 4446
3340 6316 6135 835 3183 5138
3341 845 2569 3949 4446 5378 5558 5967
3342 30 300 38 188 301
3343 782 3834 4198 4905 5543 1808
3344 1728 2669 3314 1755 3516 4368 1959 3554 4274 3474
3345 167 691 2756 3294 3348 4584
3346 1064 893 1118 3424 1233 3343
3347 1462 3005 1091 1093 1190 1323 1394 1752 1786 1929 2390 3281 3282 3348 1256 1393 2143 971 2299 2176 3012 4117 1328 4964 740 2073 5410
3348 1044 1432 1499 692 2678 4091
3349 46 1864 2208 2887 3665 3681 4375 4837 4843 5263
3350 2046 4069 1737 5422 830 3789 4156 6337
3351 2823 128 474 524 1653
3352 2045 923 1610 4164 4571 4696 1207 3351 3516 4952 4200 1752 426 2892 3993 955 5047 6298 4194 6540
3353 6226 6635 6766 6788 6789 6890 6942
3354 998 3365 3263 3410 4200 5658 5537 1755
3355 205 2112 2807 5558 5702
3356 552 838 1484 1506 795 879 1106 3353 3366 1875 5957 5939 4122
3357 939 1044 1201 1214 2502 3862 6018 6761
3358 4736 996 1044 1930 5736 1312 6541
3359 2761 2897 5838 6241 34 960 4285 6004 2760 832 1037 5666
3360 1808 3851 188 3870 4008 4049 4198 4496 5135 5481
3361 962 1063 1835 1406 1301 845
3362 353 379 4347 4488 5331
3363 3490 6005 2220 2904 6354 6707
3364 226 414 465 551 199 224 253 303 377 409 430 252
3365 1823 2146 695 1227 1831 3981 4292
3366 378 323 423 694 2517
3367 1211 1232 1385 3193 4399 4821 5299 6141
3368 3431 3585 4352 5810 1140 3269 5230
3369 2719 3261 3548 4894 2384 2946 4085 4446
3370 10 235 151 158 1794
3371 619 669 2002 2478 2323 465 6205 474 1233 2049 4727 5838 2797 5638 4633 4750 5086 4446
3372 177 4026 1655 3100 2123
3373 1808 3520 4055 4351 5625
3374 6051 904 85 2227 2253 4894
3375 318 574 1413 1494 1956 3226 3506 3929 4345 4889 5157 6468 591 1534 3140 3372 3964 4207 4216 4775 4857 5056 5085 5456 6282
3376 267 906 1263 3625 5201 5803
3377 2963 4611 4758 1694 6158 3101 1103 1693
3378 5093 797 1786 1793 4496 5706 6624
3379 4034 4473 6223 6902 6924
3380 2593 3410 3625 3263 5302
3381 3184 3828 4625 4733 4801
3382 400 188 326 457 460
3383 2279 2420 3365 4049 4663 5519 5667 5782 5979 5495 6338
3384 1187 3343 3537 486 144
3385 710 746 837 1455 2726 3030 3822 5004 5176 5583 5979 6822
3386 3042 2020 319 3164 4744
3387 1044 352 133 3783 163 2020 4133 5583
3388 22 1516 177 77 1163 966
3389 3063 3143 4423 4967 6787
3390 1010 1987 3554 3011 5151
3391 4305 5958 1097 4712 6273
3392 95 188 746 1867 2460 3931 4064 4842 5495 5563 6762
3393 304 411 460 622 658
3394 4789 1242 4117 4135 5782
3395 1800 562 1047 1358 1432 3059 4382 3394 661 1653
3396 1233 2597 4667 4873 630 1135 3957
3397 2143 2775 5581 5667 1283
3398 580 1135 1432 2327 4759 5056 5244 5378 1423
3399 3059 567 3964 2888 4257 5086
3400 304 3142 2339 3352 4565
3401 5581 5667 177 3770 5481 1867
3402 521 3158 762 2004 576 3659 833 5295 4774 2144 5516 6760
3403 6264 6789 6921 7007 6989
3404 2550 1214 1236 1544 3012 4142 5602 4894
3405 120 1077 3079 3080 1966
3406 318 1954 1937 759 4418 4712 5409 3396
3407 2376 3278 4066 5513 6672 6725
3408 2572 5135 1172 3470 4989 3184
3409 465 512 514 1122 3026
3410 74 322 648 1655 2288 2760 2931 3054 3396 5118 5774
3411 596 1703 2434 1236 2664
3412 1071 1852 2046 2631 2869 3020 4908 5375 972
3413 1998 4037 3754 5159 5115 6040
3414 356 5153 1824 5557 5443
3415 498 835 1432 1509 2692 2827 3357 3762 3964 4089 5535 6031 6035 6167 6754 6891 3956 4759 6225 6543
3416 939 1789 2301 2369 1621 58 2265 304
3417 4008 944 482 630 2090 2756 3158 3746 4256 5049 595 1263 2146 2323 4193 5072 5224 5456
3418 4376 4620 934 1037 1167 2184 5992 31 352 3251 3521 4935
3419 5055 2625 5096 1258 1534 3252 3964
3420 432 742 2162 3832 3005
3421 809 1623 2976 3526 567 4028
3422 2071 14 527 1215 352 991 4901
3423 3573 6221 1887 2618 6089
3424 3679 4578 4781 5157 5558 2873 3409
3425 1874 1010 968 1393 1588
3426 3001 4124 1432 4712 5938
3427 3356 3363 1122 3173 3240 3272 3362 5127 6903
3428 772 2479 2972 537 595 5138 4697 1263 3184 3764 6219
3429 445 514 824 1077 4901 6294
3430 1987 2512 2976 3890 4054
3431 582 4175 6006 6019 46 1146 3348 6126 2271 4542
3432 868 1544 3410 2899 2958 531 3338 2792 3947 2158 3137 381 1756 1746 3363 5004
3433 587 1759 2572 3365 3676 3681 3909 4055
3434 2432 3768 3795 4454 5456 6177
3435 6042 3546 3877 5239 5523 1261 4072 828 3979 5964
3436 848 1947 2314 5781 5535 2904
3437 1063 1588 1981 3291 3292
3438 388 1458 1639 2335 4567 4359 4566 5145 80 426 1918 2678 2884 4901 1122 3342
3439 1224 815 1506 4901 251
3440 3030 3409 5070 4420 4680 5481
3441 10 686 772 1723 939 3022 2212 6919 6918
3442 2027 2599 2990 4553 6545
3443 1526 1918 4352 5030 5512
3444 545 3353 3543 4439 6258 728 2198
3445 551 192 54 77 291 4664
3446 1718 2438 6755 6522 6635 7024
3447 1956 2232 1010 1106 169 595 3158 58
3448 2672 2671 3076 3957 4628
3449 885 1071 2674 4097 6278 6647 3295
3450 1887 2028 2260 3923 6190 6196
3451 83 184 155 164 99 204 123 342 226 492 581 587
3452 248 167 90 154 66
3453 2572 3783 4496 6345 98 1815 4040 5220 6668
3454 927 928 1016 1103 1514
3455 391 398 591 1104 2824 2930 1712 567
3456 594 1194 2986 5984 6097
3457 1309 1517 1655 1865 3165 2605 5558
3458 1921 1922 3824 3923 6843
3459 593 2500 3079 3365 3317 4065 1781 1242 1329 2460 3214 5456 567 3372 5310
3460 1200 1870 3184 4658 5720
3461 1887 3032 3105 3441 3578 4997 5446 5471 1875
3462 2270 874 3694 5426 5752 6452
3463 1871 3329 3347 3410 3450 3532 4359
3464 2240 2756 5285 5525 1601 3542 5345 2951 5524 6969
3465 222 1716 2249 2369 3901 4712
3466 1070 2090 2495 3426 2088 3335 4291
3467 1201 695 2647 1329 134 3414 3396 3849 4180 2918 1721 304 3391 806 5214 6257 459 6594 5849 6822 6661 6673 7014
3468 279 1142 959 1153 1993 784 3587 4521
3469 2097 4089 6211 6213 6520
3470 797 1202 1844 4239 4402
3471 1037 2479 2672 3795 4098
3472 3026 2460 1047 939 2892 980
3473 1064 1070 1432 2064 3758 4842
3474 192 2059 54 3783 3906 5456
3475 537 2976 793 282 1799 964 1813 1844 2420 774 1432 430 745 1044 907 4095 1122 4227 1395 3410 3894 95 5519
3476 6959 6925 7029 6943 7033 7040
3477 1951 2460 3046 4565 1127 1802 2079 6115 830 2974 3356 3957 6385 6464 6539 674 1813 2450 5411 5772 1358 3020 3448 240 6281 245 1097 2369 3194 5979 304 3891
3478 1086 1529 1044 4082 907 939 2327 695 812 2383 6612 1621
3479 772 1267 2765 3720 939 3413 1831 2785 4026 1187
3480 3076 5756 31 554 713 880 1348 1677 1759 709 6504
3481 4941 352 2168 6096 6359 7037
3482 245 4817 2 4193 4253 5376
3483 686 3698 6581 1242 5310 2389 2390 6883 2678 1192
3484 1249 5196 5838 31 2807
3485 5713 1813 3362 4553 4624 5138 498 7041
3486 3761 2031 3362 6225 2760 2897 3365 6038 5221 1827 3981
3487 972 991 1329 1480 1712 1755 1908 998 1063 1214 1701 2232 2618 2669 3687 4383 4403 4485 4561
3488 5904 2970 4679 5358 2796 3775
3489 2510 304 3410 3964 5796
3490 1814 5690 2484 4448 5413 4873
3491 884 1462 965 3283 2931 812 931 2187 2265 6453 537 998 5137 3391 4911 2692 2823 3586
3492 2754 4063 4198 2732 3260
3493 2647 2276 46 1300 3278 3403 5049 4447
3494 283 3214 4477 4585 4720
3495 445 446 3549 4147 4901 3060
3496 2220 6734 5386 6737 6032
3497 1434 1494 3824 318 1181
3498 334 3213 3497 4057 4426 1627 2949 4374 4624 1091 1172 5221 1402
3499 4228 6087 1233 1588 3180
3500 1728 1824 4012 1047 1636 2598 2692 6338
3501 630 801 2978 1693 850
3502 3149 1242 1636 3964 4552 4789
3503 1037 2945 2946 4446 5213 4735 376 1844 2587
3504 2460 2479 3397 4979 148
3505 127 188 201 507 653 1113 1602 1791 1847 2315 2459 2511 1638 3512
3506 188 2531 3929 1553 5414
3507 4657 906 1653 2193 6378 2996 6119
3508 3834 3896 3929 5056 1740 2193 2194 2812 4097 5480 4673 177 5456 304 2543 4167 5895 6760 4194 5977 6060 6756
3509 4984 4769 3554 4257 4446 4947 5456
3510 127 2468 841 3889 4404 31 830 469 4878 1860 91 491 3635 4668 2888 3109 1047 2572
3511 1956 2130 2300 3214 2460 1171 1499 2452
3512 2250 563 2277 2946 4446 4662
3513 5044 401 6371 25 1170 2598 2763 4198 4833 5116 5189 5275 5362
3514 4591 6465 1502 2460 2870 5979
3515 2754 318 998 3840 4351 5812 2450 4008 976 6177 2594 4285 1847 4292
3516 3482 4437 1009 1470 2460 2648 2780 2781 3772 5085 5411 5962 907 2373 4664 975 1016 1138 1227 1843 2249 2760 2897 2952 3342 3866 3957 4008 4879 6073 4198 149 1711 1756 1759 1875 2838 2843 3358 3685 4097 4368 4573 5346 6448 713 3367 4301 5507 3187
3517 4750 188 2300 4691 6354
3518 4028 1455 1792 1818 4844 897 997 2349 1858 5376
3519 772 1867 2750 4130 4205 4027
3520 46 303 1424 2389 2390 2138
3521 772 1047 2701 1393 3811 3343 797 4390 782 3012 304 1050 3506 2598 3365 1151 5258 5873
3522 538 3364 2454 4776 4691 4697 4117 3336 5603 3981 3658 5224
3523 2460 2232 2789 5674 2049 2597 4475 1077 4904
3524 70 3351 2804 5558 6073 1843 1328 5145
3525 4681 4089 1791 4298 5243
3526 1090 2193 4879 6216 6179 2323 3351
3527 188 707 1831 2006 2804 3247
3528 840 880 1233 2131 5976 6435 2583 4628 5721 4365 4551 1534 5149
3529 1402 4603 6215 5729 3278 3460 5277 5376 6036 6101
3530 188 661 797 972 2579 3277 3339 3397
3531 1821 1110 3112 3640 2278 1544 1779 2092 2450 2756 3062 3957 4132 5339 1071
3532 2020 868 2155 2024 1784 195 2533 3843 4092
3533 1506 1712 1824 1976 2032 2046 2420 2516 2537 3012 3204 3294 1004
3534 465 5757 1759 2460 2917
3535 1263 1853 1303 1981 3586
3536 127 2460 742 960 1255 1752 3365 2264
3537 3883 4121 2096 54 297 3394 5266 3263
3538 1314 5712 2574 5717 5794 98
3539 1756 3145 1544 5024 5607 5819
3540 201 1261 1755 2715 5132
3541 3620 880 934 1071 1313 2024 2327 2460 2477 4719
3542 4954 6096 2180 2032 4363 1496 5895 1844 2621 5132 5817 5877 6716 1261 4778
3543 3327 4544 4672 2072 2193
3544 102 670 1588 1852 2976 3770 4008 4627 4697 1987
3545 3325 829 5705 5706 5707
3546 379 2101 5353 757 424 1920 2869 6452
3547 3201 3884 2129 1118 6688
3548 82 1383 1787 3071 3365
3549 954 2076 2279 4313 4619 5422 1432 939 474 2484 4899 685 258 652 4343
3550 324 142 291 11 188 77 169 246 25 351 340 80
3551 1927 1808 2990 3326 4578 5325 6227 6502 3834 401
3552 1973 4696 3613 4842 5872
3553 44 75 706 43 745
3554 1686 2251 1985 3294 927
3555 127 207 1191 1519 4330 4435 5953 6197
3556 1077 366 5347 2460 3180
3557 1432 1480 2327 3521 5614 5683
3558 5931 5041 2522 6329 3048 4198
3559 1724 4901 1077 1450 1003
3560 1283 1284 3193 2097 3995 3587
3561 1819 2856 4551 4689 5454
3562 977 314 465 1039 1505 1994 590 53
3563 890 1016 5009 250 923 381 1104 1436 732 2019 2033
3564 3768 3294 4010 303 566 3048 4012 422
3565 4360 754 5537 1135 3184 2970
3566 1317 1934 3099 4156 5422 5699 5762 5961
3567 835 3512 830 4085 4563 5225 2301 3115 4013 4527 246 602 996
3568 2909 3007 4959 5004 5831
3569 880 2369 2970 713 3173
3570 3084 3414 3083 4873 6568 6578 1003 6921 6878 6938 7040
3571 188 2730 3560 3931 4012
3572 837 2872 2535 965 1981
3573 1765 2264 4473 4039 6629
3574 223 10 155 275 334 400
3575 3334 3517 1796 3060 598 1562 3684 108 246 455 1076 4432 4879 5284 5352 5379 537 1215 3856 1432 2327 2569 2573 2980 3044 3630 4285 4667 4727 5250 6241 6443 6446 6542 6447
3576 2619 3239 3537 5015 6535
3577 304 2112 2369 4496 4697
3578 2999 3000 517 1227 4704 5296 6005
3579 743 830 563 1233 3346
3580 374 2420 246 3169 3086 1887 304 659 1097
3581 837 1379 2154 3030 3125 972 2920 4769 4828 3888
3582 777 3739 1320 54 474 954 304 3606 627 1373 1530 775 1653 2277 5930 1713 3957
3583 4294 1737 1106 660 687
3584 1883 2384 2386 1284 746
3585 83 115 188 224 252 312 414
3586 1759 2034 2732 2466 3263
3587 1127 1344 1465 1655 1808 1889 2904 1570 1491 52 1341 2274 2250 3073 5491
3588 3248 2493 1047 2268 1493 258 4924 3017 3389 2537 2369 2384 2386 6099 191 2032
3589 3922 1960 2740 2758 1563
3590 2496 1754 972 1199 1940 3184 2115
3591 939 1720 2323 2914 2965 5556 6243 6457 6635
3592 2251 2274 2644 3350 4375
3593 660 1016 893 2756 5886 5516 6469
3594 1122 2151 3453 5979 267
3595 342 924 1016 1047 835 991 962 960
3596 2012 4585 1533 2951 3482 5118 4895 5848 5517 3983
3597 70 2169 3211 812 958
3598 721 447 1190 304 1653 1715 3383
3599 2222 4789 715 2535 6023 4356 5372
3600 177 1634 1919 2289 2179 4275 2184 5312 4620 5840
3601 626 114 1243 3895 370 4712
3602 186 43 78 85 420
3603 566 1165 3226 1847 5164
3604 1956 283 594 2569 6099
3605 1424 1200 2433 2327 4726 1797
3606 566 1814 4087 5056 6349
3607 303 1768 2062 6543 594 3174 4259 2541
3608 2183 3743 4922 6185 5238
3609 1669 1981 3071 4696 4511 2666 5871
3610 627 2776 2865 1298 4091
3611 3569 1283 1791 3507 4647 6706
3612 283 5535 6806 3388 6126 304 2193 4147
3613 2221 1813 3044 4374 759 1939 3846 3003 4194 2829 3496 5258 5887
3614 916 919 2198 2327 2553 2920 3302 3813 4308 674 6606 2917 514
3615 4934 1755 2146 2693 4283 4285 4482 797 1887 5526
3616 2479 1544 3372 3310 871 2061 2738 991 4789 6787
3617 1056 756 5484 1623 2460 2846 4066 5695 5811 2916 1534
3618 926 4826 4830 6487 3929
3619 892 2612 1737 2611 2090 1544 1622 2460 5320 5965 4842 5814
3620 2666 2669 3931 4028 4610
3621 1499 4997 1262 3032 3959
3622 1044 2718 3855 4101 5736
3623 1494 3976 695 3365 3904 4285 4533 1887 3050 3422 4368 1469 1511 4936 3172 330 2204 3184 4415 2970 3173
3624 299 309 324 342 428
3625 5517 996 5470 6435 5742
3626 3217 2135 1544 2100 3873 4620
3627 1780 4675 5962 2261 3343
3628 573 3148 34 1712 2569
3629 1263 2766 2819 2913 3819
3630 496 1090 2261 1129 1760 4696
3631 366 633 2090 2988 3401 3585 5341
3632 2450 3448 5735 996 1740 2470 478 4563 2650 5912
3633 4253 5074 1728 5645 5044 5220
3634 674 3201 627 2448 3862 4129 1273 2291 2413 1650 964 2327 526
3635 304 5873 566 5795 6736
3636 1040 1544 566 2168 3413
3637 1061 4228 178 420 1011 1636 1655 3044 3856 3931 4039 4689 5138 5558 1897 5691 455 1887 1946 4750 932 1077 1078 1479 602 5979
3638 3132 5433 4871 3964 5666
3639 3601 623 1501 2645 2909 4352 4878
3640 1071 917 3047 1922 1653
3641 2873 670 772 4496 1637 2460 2758 3142 4012 2535 5614 2809 6321
3642 5242 749 95 3226 1889 119 1236 5391 6111
3643 3759 4031 1187 5873 174
3644 5525 1134 2560 6163 6568 6975
3645 1526 1037 1217 1617 1733 2348 2384 2427 3387 2203 830 1032 1432 3408
3646 1655 4083 2323 3763 3562 2451
3647 2528 1505 2769 6594 7044
3648 2469 3201 1987 2909 3405 3791 5364
3649 5470 3030 3409 4777 3263
3650 465 1135 1432 2022 2024 2908 3929 4152 5525 5979
3651 2428 2853 665 1385 1981 626 6706 546 5310
3652 43 77 148 325 415
3653 1115 2279 2460 3294 3758 6005 6177 6724 2909 4376 1471 5529 5925
3654 2618 486 861 2123 5154 5613
3655 305 2155 2689 1859 1305
3656 5312 5558 4863 364 3453
3657 433 555 622 928 612 536 627 1471 303
3658 3866 3409 5951 2115 4791 1487 3234 3420 3727 3964
3659 1432 2327 2718 750 837 917 1713 1778 3571 2369 1047 939
3660 2292 648 6393 514 5279 6073
3661 924 4335 1570 537 3322 1298 6740 6503
3662 1753 401 1544 2110 5537
3663 1614 304 2718 4906 4250
3664 1792 46 5484 1716 2569 1637 880 5558
3665 2369 5762 6177 6600 6619
3666 1736 2265 2288 823 608 52 54 95 408 1394 2387
3667 4255 1878 3074 3909 5315 7027
3668 2060 3778 303 2304 512 203
3669 3409 6559 917 2572 4482
3670 1095 1198 1202 3562 627 1104 1289 2361 3580 3623 3632 3743 3722
3671 962 423 1289 766 922 1157 687 923 1462 1432 1511 1028 920 610 797 26 2578 930 2430 3099 1981 2329 1653 850 1550 3466 5217 584 587 5355 2052 2808 6334 3179 1778 6517
3672 975 2479 3793 742 188 2122 1306 673 4106 3085
3673 1038 88 2026 2002 3958
3674 2838 6296 5200 745 3388
3675 4026 748 837 2116 2460 3356
3676 820 1262 610 699 754 1573 2387 817 1511 1874
3677 3030 4184 98 304 1391 3238 3406 5730 692 4185 5565 5528 664 3109 4296 5616 6154 581 3112
3678 2462 4230 352 2380 2384 2386 2472 2666 2963 3339 4490 2277 5535
3679 177 245 1796 3109 2394 793 3026 3786
3680 12 4596 4978 4255 1506 6196 2483 3496 4598 4012 833
3681 1329 2666 1630 1656 3490 5863 6834 1552
3682 474 4049 4663 5986 6280 6344
3683 3379 1135 4452 3764 3891
3684 3365 4672 125 2572 4437 5345 5963 1790 4260 4730
3685 3517 1044 2369 2838 2249
3686 5456 939 991 4689 3315 4551 567 1424 4097 5757 4842 4951 3891 4496 5666
3687 1318 2026 4844 6007 46
3688 1530 1534 2931 5373 6238
3689 1149 5412 479 627 630 1840 2750 3866 6799 3526 5258 3190 3471 4728 4664 4737 844 5759 6464 26 6398 2251 6938 6939 5177 6299 1567 1887 6354
3690 5812 1563 5692 2962 4000 6874 939 1106 3240 3263 3409 3964 4801 6209 6689 6702 6841
3691 379 177 1728 201 482 5193 5379 6396 6827 1867
3692 46 884 1428 1971 2574
3693 923 2168 3202 4743 6215
3694 1791 245 567 4842 6683
3695 177 4028 4696 5074 772 2692 4311 6636 159 465 498 514 2165 2718 2814 3365 3872 3992 4062 4324 5312 6135 6327 6389 5719 6659
3696 2547 2587 534 1142 2792 2909
3697 6760 537 3515 3855 3890 4906 4909 5678 5783 5886
3698 627 1012 4341 2477 5666
3699 378 685 696 1204 1255 1460 2535 4258 6273
3700 3214 5633 2569 4156 4585 6386
3701 1973 4152 4380 2545 365 1047 3793 6029 2099 25
3702 2756 3233 5525 3658 4010
3703 2205 2354 2572 2962 2973 3347 5319 5426 6205 3809 4389 5561 6342 3453 4198
3704 572 379 354 1429 1005 1347
3705 2323 3037 3176 3178 3530
3706 802 2369 3890 4800 5487
3707 4891 5630 2650 5583 6332
3708 385 1407 1779 2035 3192 1996
3709 372 2478 2818 3929 5074 6267
3710 1280 3399 4318 1145 1752 6557
3711 1438 466 2300 3049 4557 1275 3263 4205 4256
3712 5112 2300 2974 1432 6502
3713 830 1044 2435 4213 4737 5414 5537 5796 840 939 2203 4198 4789 5138 5666
3714 320 1568 2592 2909 3290
3715 1402 1687 3858 5157 5558 5644 6259 1081 1309 1385 1789 2184 2323 3100 3758 3775 3931 4545 4578 5975 4275
3716 366 2756 3309 3931 773 3294 2763
3717 2305 6212 4661 3362 3614 6931
3718 633 897 1011 3866 4193 5072 5193 5757 3030 5640 6660 610 4552
3719 3226 4374 5694 6633 6743 6553
3720 418 219 188 75 207 76 245 177 43 167 354 450 2508 2347 3494 5849
3721 4750 3184 3981 5954 1159 4212 1631 1934 3094 5263
3722 24 377 378 142 554 429 460
3723 3192 5138 610 2123 2931 5211
3724 634 1496 2909 4077 5256 6128 1011 5345 6681
3725 454 482 998 1103 1536 1537 2112 2323 3389 4437 5297
3726 4605 893 1922 2187 6022 4487
3727 1925 2032 4841 1753 1956 3895 5118
3728 203 674 713 830 1843 2369 2920 3355 3360 3361 3363 5413 5422 2535
3729 191 727 772 1824 2702 6141
3730 4894 88 537 2797 3513 3560 4832
3731 1227 1201 2572 344 1307 4210 85
3732 1040 1168 1753 2008 2024 2513 5726
3733 661 1653 1950 3973 4680 5887 6771
3734 4578 2460 615 5130 1585
3735 1907 3803 1233 1242 1328 1645 3659 602
3736 893 3191 3203 3204 3501 4697 5703 1522 1813 3262 4648 532 2766 3896 4034 581 2535 4675
3737 5503 245 6385 6092 5388 6800
3738 2992 3628 3929 1233 2723 3007 498 1875
3739 917 1992 3046 3047 3143 3145 5175
3740 25 602 1713 4972 830 4147 6281 1225 854
3741 85 1499 3931 4334 5551
3742 2076 887 1841 1918 1973 2250 2330 3051 3142 988 5104 5157 5484
3743 3061 3347 3401 514 1815 3263
3744 401 974 1432 1545 4097 4939 5466 5664
3745 5545 3776 5064 807 2412 2050 3291 3521 3892 6175 6623 1705 3141 3171 1483 2454 1698 659 1870 4527 6610 2627
3746 574 1309 2160 2645 4878 4983 6156
3747 708 4350 127 555 1226 1306 1517 1831 3721 627 2572 4906
3748 2952 5379 5756 862 2756 3347 3401 3409 4008
3749 1698 2032 5718 1530 3610
3750 366 492 1242 2804 3214 3365 3611 3632 3768 5826 3610 3962 4515 939 2976 2146
3751 909 3077 4727 917 833 1044 2921
3752 537 85 5484 1883 2669 5052 2341 1813 2300 2259 2696 25 4278 6537 2132
3753 2323 4316 3193 4696 1636 5931 3851 998 4803 3435
3754 465 2339 4709 754 1329 1847 2115 2144 2249 4575 4835
3755 178 3143 4113 2897 6591
3756 2592 2793 3622 3783 4631 4935 6345 6429
3757 566 630 2860 492 1526 1309 1424
3758 772 3261 4593 5493 835 3351 3357
3759 2531 2693 3795 4225 4466
3760 3769 604 5258 5310 3026 3339 2115 1208 1653 3973 4067
3761 1320 3366 403 1534 533
3762 2833 3533 5849 6527 6512 6410 3204 6153 6766 6573 3931 6226 6523 6814 991 6850 5918 4022 6965 7023 304
3763 6027 954 5979 486 1585 5558
3764 2219 4374 5525 1609 3214 4032 5484
3765 2399 1957 2130 2528 2804 3444 3856 580
3766 1544 2076 3143 3682 5556 5666 5667
3767 10 186 188 222 281
3768 322 3566 4490 5471 1597 2936 2835 3935 5755 5772 939 5466 4257 1653 5887 4967
3769 1506 2920 4176 4527 4765 4928 5002 5024 6001
3770 90 4375 430 1432 815
3771 1047 2838 4052 4628 5579 6323 3173
3772 3342 3929 880 5086 1870
3773 998 1987 2899 3943 5814
3774 406 1303 3212 1803 5744
3775 627 2108 1588 2548 466 4318 2863 1015 2750
3776 1848 2095 3710 3863 4712 5456 1904
3777 1032 2572 1844 3175 5554 5877
3778 133 627 1536 3178 4012 4335 245 1347 1588 2723 3401 279 331
3779 832 486 1887 1924 2124 3663 3773 1242 2277 5346
3780 2592 54 495 1899 2369 4191 2504
3781 2551 3194 6375 6385 3448 4008 6016 6720 6085 5803 2451 4097 5780 6338 2693 5138 2625 5049 1116 2075 4921 6828 6831 6955 634
3782 304 690 2508 6360 6576 6797
3783 1135 2183 775 1595 2678 3750 4285 4613 4727 5530
3784 3064 1544 1233 5666 964
3785 432 32 313 1862 4556 1507 1293
3786 147 441 675 1047 1935 2574 3351 4900 6167 6475 6614
3787 641 465 5021 5537 6167 7032 7029 5556
3788 458 1762 2298 3496 4922 6734
3789 3584 842 1202 3453 1254
3790 5319 3515 4842 1588 4419 4760
3791 742 2801 2152 2803 1388 3183 1232 191 1288 54 1786 4261
3792 379 546 710 3460 4880
3793 2457 2618 46 88 163 728 1601 3358 3611 4055 3354
3794 2460 4827 5021 4632 643 3758 5375 835 1103 2838 4843 546 810 2600 352 5260 2881 2920
3795 939 2158 3338 5726 5727
3796 5920 852 4947 5681 6800 6483
3797 994 1909 5285 6225 6278 6603
3798 6662 6354 6633 6576 6987 6977 7026 6969
3799 4383 840 1263 1544 2718 2907 3143 3809 3948 4952 5191 5243 5670 5989 3604 4656 5376
3800 282 6117 465 1063 1385 1885 3180 3187 5456 5609 5688 6418 1493
3801 3700 4138 4689 4294 4595
3802 2952 3454 998 4097 4198 5376 5937 11 1867 3183 828 2047 2888 6830
3803 4395 1899 3201 4621 3508 4841 5066
3804 2537 2732 2756 3410 4352 4759
3805 4628 6382 5990 6006 5799
3806 1406 1681 4650 1549 5571
3807 1188 1468 2874 3032 4061 4716
3808 4223 4537 1263 4602 2750 3963 529
3809 3745 1655 2592 4025 4324
3810 1106 1899 1484 1435 3263 1294
3811 1226 1299 1442 4168 401 4625
3812 2057 4477 903 100 4028
3813 3976 4628 5796 6225 794 833 1432 2327
3814 960 2952 6089 2946 5239
3815 177 5411 5763 4691 5638
3816 627 1336 2147 2672 2981
3817 1270 3409 3394 1888 6305 2128 4798
3818 1848 4446 4936 304 4893
3819 1844 2969 3249 4193 5072 5078 5456
3820 621 3220 3415 3804 1227 4734
3821 458 830 1201 2304 2369 2760 2946 4879 5056 5220 5537 5556 5630 5964 6065 6544
3822 4698 2300 2145 3586 2193 6344 5638 6343
3823 203 469 2193 1712 4669 6167
3824 1851 4733 6162 633 2931 3731
3825 2008 3874 3949 4034 4627 3400
3826 772 1217 1824 1682 492 773 1032 1358 3921 820 3121 3863
3827 1651 2449 3557 3900 2823 4389 1030 2598 303
3828 2377 2674 3047 3719 4446
3829 3904 5979 955 5086 6261 6089
3830 401 420 1641 3515 4948 5326 6101 6375
3831 745 1802 352 1032 1534 4625 5285 5346 3244
3832 1098 2896 6317 6451 6766 674 1838 5817
3833 2765 1791 3764 1389 6363 5809 5849 6366 4488 6593 6706 6729 6790 6125 6814 6745 6854 6908 6996 6997 6940 7032
3834 241 188 248 281 342
3835 3833 5518 3894 4344 5441 6751 2322 4805 6457
3836 796 1774 2245 2448 3172 5715
3837 939 1881 4573 4575 2331 3790 4750 4954 2494
3838 1242 2387 2466 2909 5011 2383 3059 4459 5512 6281
3839 1376 2189 1071 1714 1528 2012 2017 3374 3849 4163 3413 5312 5043 5266 6069 2242 4748 845 4873 6251 5849 5416 6405 5070 6315 6834 6999
3840 1261 1920 2755 4008 4496
3841 402 3524 4470 5525 675 717 3348 2329 5987
3842 2838 498 5310 1010 1764
3843 2130 997 4013 4272 6151
3844 1430 781 533 4039 484 6487 6811
3845 5145 832 4246 4324 5819 1407
3846 1309 1015 2300 3453 4605 1172
3847 939 1698 1736 567 1106
3848 4340 1852 1619 3204 4664 6156 6605 201 4965
3849 2323 6716 6930 4696 191 5979 3758 6932 1214 1497 2874 6036 6487 1791 1016 2115 5733 7039 482 4844
3850 203 633 660 1373 6396
3851 321 330 1358 4311 5070
3852 2993 3044 3663 1204 545 2711 2265 627
3853 3007 3290 3650 6099 1010
3854 98 102 595 3249 3758
3855 73 1057 2827 2327 3512
3856 379 3853 6176 710 4940
3857 420 474 1602 2027 2046 2852
3858 130 674 998 1412 3310 4970
3859 595 1015 2702 2908 4068 246 998 1878 1004 3611 4689
3860 546 665 1354 2630 4123
3861 939 5195 2109 1552 4171
3862 3550 4504 4726 906 917 4008 5925
3863 626 2680 2723 3089 5325 5346 5413 5414 5526 5958 6804
3864 3413 1432 2327 939 1233 546 3001 1078
3865 4198 2567 5175 3958 5081 5301 5334 1847 2211 5157 830 845 3947 4881 5052 5344
3866 401 1653 474 4027 5848
3867 713 1847 5501 2109 5489
3868 1257 4633 3194 2807 3183 3645 5510 5838
3869 567 837 2423 4523 4697 5979
3870 5307 2535 3764 5757 6636 1496 1526 1645 3294 3515 939 2578 3658 4374
3871 2188 178 1201 1765 2412 5378 6826 630 1499
3872 3861 1791 459 109 4873 2212 2242 1056 5809 5787 6253 6254 5956 5416 4691 3142 6323 6421 6444 6594 1880 4403 6706 6822 6788 6789 6915 6950 6882 6523 6978 7024 6958 6979 6890 6987 6678 6986 7006 7014 6530 6969 6997 6712 6942 6560 6941 6943 6944
3873 3010 178 1759 3374 4008 4192 282 5979 6491 3507 4823
3874 465 3929 4008 4012 4436
3875 2817 4634 641 3183 3335 4035 4376 4750 5450 5764 6167 6382 6392 245
3876 5118 5711 1103 4322 4327 4404 5278
3877 837 1516 1728 3204 3316
3878 3875 2460 4008 3361 5704
3879 3951 3365 5047 6040 6904
3880 1233 3009 2002 2431 4385 4246 2788 4573 474 48
3881 1579 3470 3474 5350 627
3882 692 769 894 1067 1971 2984 3625 4212 4631 5545
3883 188 882 2460 2745 3976 4335 4348 5456 5796
3884 2261 6104 6543 1021 5346
3885 1214 2593 4046 4256 4920 4947 5512 5583 5606 6681
3886 366 3655 3679 4769 6179 6889
3887 370 454 1530 3001 3363
3888 1791 3765 917 3445 3971 6163 6789
3889 5185 3654 5503 5344 5024 5013
3890 4101 5086 1636 2651 5241 6749 370
3891 4172 3610 6224 1144 1233 2897 3516 4171 4550 4779 5205 6036 6284
3892 1815 2160 3278 3656 4250 4799
3893 5213 5119 5291 1256 3713 3973 6562
3894 3610 3278 893 5559 5835
3895 1432 2494 3377 5517 516 2535 6272 6126 6903
3896 1047 1048 775 669 573 742 928 379 283 453 870 884 2017 1927 3059 391 717 5061 6040 6874 6876 6901
3897 718 917 1432 2327 2718 2750 5449 939 1047 906 3367 4817 1391 1755 4659 1780 6298 1654
3898 837 5481 3026 4201 5816 3655 5270 991 1844 2383 3812 835 1588 2705
3899 793 2756 5253 1037 3101 5191 6129 6591 3248
3900 1285 2144 2843 4156 4787 4711 5835 4185
3901 3635 1151 3788 517 1094 2107
3902 962 641 1047 144 2127
3903 1106 960 1740 368 750 863 979 2676 3351 4339 1555 3000 5346 1197 3239 4577 5620
3904 2732 3339 6093 5058 4496
3905 3378 1824 2046 3374 5973 6512 1202 2323 3549 5312 5757 4368 6323 486 830 2917 998 3310 5537 5570 6129 6281
3906 74 673 837 1811 1832 798 304 4250 1810 5424 6813 6773 6775 7003 6994 6940 6560
3907 1536 1537 3957 5432 1433 3184
3908 4388 5474 6688 4419 4475 5016 5172 5386
3909 4521 4759 6075 6253 4901
3910 1559 1044 1595 2360 3717
3911 2625 5046 5386 5389 1844
3912 679 972 4539 5271 5537
3913 3351 3923 4602 6889 5703
3914 4354 4701 3291 5816 3410 5044
3915 2923 3615 3773 4147 5013
3916 1928 1712 2116 4484 3194
3917 1412 4893 3149 3067 3177
3918 2828 3276 1222 2999 1981 797 3033 5853
3919 3030 3182 4246 4631 6908
3920 2353 2645 3186 3410 3753
3921 305 246 290 342 44
3922 1464 2460 3467 3502 3557 5341
3923 2237 5759 2031 304 4787
3924 991 3214 1389 3183 6337 832 3930
3925 2600 991 1927 1324 1496 1987
3926 884 3194 2329 3576 5180 5711 6099 784 5571 3826 3448
3927 782 802 1016 4012 1071 353 1339 1358 1861 3382 2071 3995 2558
3928 6370 486 865 2193 3214 5346 5422 5852
3929 4198 5432 267 797 1242 1755 1821 1880 1887 3145 3362 4710 5330 5863 4546 3410 3746 6370 840 1899 3030 3655 321 2962
3930 840 1827 2232 3554 3474 2220 3143
3931 1528 313 580 4809 2693
3932 6469 3549 4045 5583 6412 6553 1252 2988 3957 4185 1522 2043 6524 6567
3933 2241 2486 4063 2155 2756 4184 4878 1753 2788 4768 5084 4743 5528 5535
3934 4842 4496 5558 1720 4059
3935 1612 2527 3195 3880 4399 4581 4586 4631 5157 4578 4579 4580 4136 2439 2756 5665
3936 685 640 567 681 1326
3937 790 1881 3516 1159 3310 3825 4212
3938 3226 6016 6964 1047 4404 832 1432 3413 4285 1920 3448 4419 2345
3939 2943 4009 4821 4969 5733 5432 4034 1875
3940 674 822 5379 5442 6418
3941 23 252 342 246 198 224
3942 2143 4789 1647 2724 4257 5118 5362 5527
3943 760 1505 398 1118 2878
3944 1274 1899 3448 3809 3929 4587 4947 4984 5340 6885
3945 2017 4894 3263 3924 4419 4573 1097 1690 6491
3946 1047 4689 939 1690 1179 6472
3947 2730 4689 5026 2669 5138
3948 112 121 1526 4287 3635 46 3416
3949 880 1100 1795 3786 3790 3798 5512 5456
3950 3568 533 6506 5157 4578 3410 4587
3951 1233 2672 3758 5003 5429
3952 1809 1135 2756 4259 3983 6848
3953 1464 2323 4781 660 1535 1536 2147 2450 3434 3611 5345 5378 6321 6727 516 2674 3294 4159 4789 5012 5537 5910 6071 6073 3183 3448 6177 6266 1881 2728 5732 6213 4422 4626 6409 566 4115 6924 647 5675 6782 2382 2390 2391 2678 3359 4284 5504 5601 5707
3954 1273 3079 3631 2194 3048
3955 1726 1797 2053 4365 5618
3956 482 2020 2756 3263 3730 5176
3957 3947 772 873 2147 2844 5113 5118 6526 5055
3958 1852 2631 53 927 1146 837 1233 2168 610 1755 2514 80 1383 304 1815 323 2978 3047 654 1063 4211 4205 157 2433 90 958 2191 2264 3768 4113 2254 695 1201 3294 3134 6716
3959 2138 5065 566 1530 1791 2147
3960 3622 4238 4552 4625 101 1301 4888 5146 5711 2907
3961 1183 6301 6535 5271 6302
3962 2460 4052 4540 3479 52
3963 2551 2384 2386 3601 6629
3964 4842 282 2038 188 88 772 1135 1427 1438 1588 3266 3515 4496 2460 2618 4689 5425
3965 1015 2636 2327 2323 2411 4233 6637
3966 1135 2511 3457 3890 6059
3967 492 1735 2501 3349 36 2650 5400
3968 169 1265 4063 1438 304 3367 939 1653
3969 2600 25 185 2001 2921 1870 1620
3970 4842 6298 6706 1196 2329 6204 6234 6402
3971 2193 633 1015 610 3238
3972 597 1100 2460 4800 434 991 1588 1695 1851 2323 2951 3234 3515 4012 466
3973 726 4697 3360 3363 4743
3974 627 1071 1165 2300 6725 4564 2565 5600 6098 6621 6361
3975 127 352 954 3715 4905
3976 342 2904 1044 1200 3001
3977 92 1144 4260 4798 5691
3978 534 2573 3434 3841 4852 31 1928 2299 6449
3979 1263 1745 1781 3388 3776 4402
3980 2840 4359 4291 3560 5777 4602 6595
3981 465 1222 2353 3308 3401 4121 246 5376 5887
3982 4733 1546 2063 2912 5346
3983 4873 1791 2242 6573 6125
3984 420 817 2147 2429 2478 3853
3985 1016 1063 1338 1402 3929 5074 5312 1791 3931 5056 5480 1178 3698 4889 5363 1780
3986 1396 1989 2147 54 6693
3987 641 1107 1544 2760 2897 3750 4794 5046 3143 4889 3509
3988 633 1479 924 5209 947 991 1786
3989 4383 1219 1202 4446 6035 5196 5809
3990 4031 5804 4470 5584 5957
3991 3625 3929 267 1107 3949 2221 4097 4618
3992 282 2427 3259 1707 3890
3993 1063 1591 1791 1867 2420 3272 95 1655 1263
3994 3507 4402 4473 5340 5404
3995 1735 3342 1103 2001 2477
3996 2750 3190 4868 2260 4747
3997 2032 3272 5390 6420 315 3758 1214 1319 2718 3373 3506 6474 4432 6256 6891
3998 127 455 3396 3131 3567 4265 1238 4949
3999 4453 5502 2237 3020 6164 6208 2951
4000 6617 1432 4414 2460 3356 4459
4001 3655 4737 1815 3030 6320
4002 129 529 309 420 142
4003 3060 4758 5620 6589 2758 5432 5852 5948 1011 6321
4004 2314 2323 3294 3515 4028 4547 5757 1867 1887 3343 3573 5537
4005 1462 1791 1839 1855 2833 998
4006 379 334 4352 5507 675 2756 2824 835 4238 3149 5349
4007 933 2460 3679 4538 4991
4008 2351 2352 1259 2965 3620 4348 5085 5474 5086 505 835 1548 2225 2904 3139
4009 3018 2115 2766 1780 2631
4010 2327 496 1047 2028 3676
4011 85 5321 691 4252 1546 2583 2999 5962 6617
4012 250 409 10 193 1153 712 5931 5741
4013 1881 1308 1756 4319 2294 54
4014 3957 245 2504 3251 5376
4015 3374 1350 3143 3867 4311
4016 3536 1712 2669 3541 905 2031 3479 2586 1044 3144 3780 2198 4143 5022 514 1868 5558 4922 333 4874 52 95 2985
4017 2509 1362 4458 3173 615 797 5703 4184 4878
4018 4129 201 4894 20 6930 1385
4019 902 1391 1755 2197 3548 4157 4495
4020 4488 6662 6522 6682 3931 6604 6610 6788 6789 6782 6976 6985 7029
4021 6745 6772 3372 6874 6994 6938
4022 2777 4039 5269 5423 4193 567 6884 5411
4023 1156 3150 1802 1994 21
4024 2457 169 4139 3511 205 113 1707 797 2572 3300 4113 5636 5600
4025 1283 1740 2143 5510 46
4026 2168 4544 939 4294 979 4143 964 54 4418
4027 1655 5884 5614 5630 6065
4028 761 1677 2108 140 1179 1432 3115
4029 2114 991 780 852 2359 1271 6539
4030 1711 3216 304 496 2578 5542
4031 2517 3758 5873 513 2901 6180 482 4292 4779 6578 1003 1904 3342
4032 2807 4200 4309 939 89
4033 3410 906 960 348 625 2327 2992 3667
4034 1791 5070 6860 6890 3124 7015 7002 6785
4035 4681 5003 5630 401 5456
4036 584 844 3580 651 1106 1791 2071 2095 4428
4037 3515 5996 6036 6235 6344 6490 2249 6211 6213
4038 1047 5339 1432 4750 6044
4039 379 3731 4209 527 3263 4049
4040 177 3220 441 545 6753 6804 1044 5238
4041 1516 120 46 2193 2205 2881 4489 1100
4042 355 3943 246 1154 4848 179 4403 3557 4776 4795 5560 5666 5979 6963 6965 1752 4097 6211
4043 1811 460 924 1432 366 580 791 2833 238 905 1791 3931 5415
4044 1622 3929 327 4896 2797
4045 3337 2960 3339 4045 3751
4046 839 889 4065 4067 5312 5816 6875
4047 4193 761 1455 1618 4012 4374 5204
4048 3009 1206 1214 2602 2981 3340 3971
4049 3064 3214 3353 2483 2767 3856
4050 3193 6084 6143 1063 1973 2439 6332 6018 1634 1759 1385 1756 2599 5979 6331
4051 2323 2692 5598 5039 5088 1887
4052 4690 4308 1720 840 5409 5201 5512 5583 6478 6567 6726 2161 2909 4631
4053 1012 1219 1959 5455 4418 1258 581
4054 44 100 109 129 280 492
4055 140 267 1432 1480 2327 2587 4097 4934 5093 5138
4056 2244 2276 758 113 739 1753 2435 3690 1534 2592 3410
4057 627 939 727 1438 1885 4132 5471 6733
4058 5471 3343 5176 580 976 3156 3448 5309 5693 893 1309 1544
4059 530 1385 2832 5312 5636
4060 4305 4539 4564 4935 5609 3931
4061 633 3506 3895 4493 3383 4289 5517
4062 177 1115 2756 2988 5470 5905
4063 3113 1309 2702 939 2469 1377 2421 356 4407
4064 974 3367 3401 3783 3894 5583 5757 6005 6177 6478
4065 482 5558 1653 1631 1242
4066 581 2184 4065 4320 6135 5356
4067 1391 1432 2758 4156 4691 4746
4068 4087 742 4351 4354 1852 420 1251 554 1323 1432 3087 3520 2901 2920 5537 6518
4069 4356 724 828 6234 6383 1432
4070 4351 742 1542 3445 3957
4071 312 337 553 600 1166 28
4072 603 630 2131 3398 6462 4272
4073 34 1214 3278 2446 5559
4074 514 856 1151 2195 3795 5349 5778 2052 2193 3099 3388
4075 203 2422 4362 4461 4008 917 6338
4076 10 242 429 243 347
4077 2587 2815 4218 1760 4712
4078 1106 3354 3357 3361 4623 5312
4079 1789 5632 5742 3839 6883
4080 2305 5971 4409 140 991 3183
4081 3842 5039 5579 5794 191 597 830 1959 2183 2973 3006 3672 3762 4502 4874 5488 5862 5902 6452 6501 6740
4082 1268 56 1713 832 1097 1050 1269 784 603 1003 1124
4083 1655 2251 3182 3401 3410 3450 3510 3783 4186
4084 2327 537 1104 70 2921 639 1050 2276 3580 4051 4444
4085 673 2160 2593 1161 1165
4086 73 1432 966 278 772 1071 1260 1560 3688 3963 835 1358
4087 808 3783 5334 6179 3263
4088 1221 1496 1683 2099 3087 3101 3517 3716
4089 347 1979 354 318 4117
4090 1260 2020 3263 5484 5711 1328 1842 1913 2449 2460 3734 991 3948 6556 728 3416 3809 4510 4582 6721 2951 603 738 784 1025 1116 2300 2795 4781
4091 3896 1457 1956 5240 6540
4092 23 304 341 464 727 1550
4093 554 1015 1714 1973 5193 5759 830
4094 3929 5074 830 3662 5176
4095 43 251 460 661 128 813 5293 84
4096 3242 2575 2693 2696 3396 1093 2790 654 1806 2698 2699 3363 3122 4135
4097 43 159 202 246 301 30 304 464 252 213
4098 7023 6529 6531 6772 6994 7032
4099 727 2765 4020 1159 2535 6617
4100 762 2888 3939 3965 6197 6900 6549 6832
4101 669 699 3277 1796 4106 4696
4102 420 742 923 1852 3445 2951 3430 1392 939
4103 6283 939 4842 5112 5432
4104 3670 3878 2132 3960 127 3374 3455
4105 119 772 1211 1529 2380 3077 4697 4829 5199 6135 4044
4106 190 3643 6579 4008 6330 4602 2838
4107 4037 2915 3294 5411 6253 6512
4108 4355 4789 4826 5617 2185
4109 6332 747 994 1688 2951 2952 3233 4008 5015 5044 5135 5311 6295 486 537 742 897 1071 1309 1973 2116 2279 2692 2823 4065 4496 5157 5353 5756 5978 6071 5053 6512
4110 2478 372 4225 865 1879 2084 4510 4912
4111 5876 5599 4450 6292 4119
4112 482 2511 4012 4340 2323 2948 2950 3463 78 6093 2966
4113 1909 2357 2452 5386 5456 4908 6761 6923
4114 2017 2265 2412 3038 3214
4115 304 2006 3957 5359 6160
4116 2020 2592 3409 3410 4631 6356
4117 699 4414 4906 1391 5587 6136
4118 563 1720 1313 4817 304 2679 3370 4625 5351 5368 6346 4555
4119 4664 5946 907 3193 3790
4120 818 3964 5443 2856 958
4121 3362 6278 6338 5790 6223
4122 2242 845 6314 6706 6664
4123 695 1198 1202 1927 1588
4124 2567 5138 5135 6135 6780
4125 613 1047 1383 2772 1887 3332 4803
4126 6179 735 792 1655 3032 4965 5500 5898 6672 6736 6751
4127 1606 2765 1403 2792 370 2909 292 1499 1762 1764 5258
4128 2329 4070 4318 5414 5558 6745
4129 992 2239 73 2750 3273 1536 2112 4689 1653
4130 486 5611 1391 2806 3214
4131 3172 1399 2909 4952 5116
4132 2376 4383 4875 437 5558
4133 813 891 1358 1604 893 6339 5234
4134 830 2433 2616 4835 5822
4135 2511 3890 466 1040 352
4136 3034 659 670 1518 4777
4137 1455 6253 2222 877 2363 3948 2350 6864 800 6512
4138 630 2809 3158 5531 4760
4139 523 573 1494 1655 1847 2569 2767 3233 3540 6171
4140 1129 1544 1931 755 3193 1539
4141 761 820 46 109 514 1385
4142 4026 514 1055 3247 6823 6742
4143 837 1306 4087 3202 4117
4144 728 3311 3365 5797 987 1973 4079
4145 641 4198 2479 5647 6071 610 424 537 1200 4282 4437 1044 4851 6543
4146 1900 3030 1218 1887 3401 4131 5093 6479 5290
4147 61 4129 3866 4193 4252 6111
4148 120 459 109 2212 5543 5879 6854 6860 7017 6994
4149 905 918 1638 2669 3520 5971 5537 3364 3367 545 983 4198
4150 267 1106 1200 1987 2460 3675
4151 1688 2917 3384 3434 6115 5138 2320 5666 4690 991 1844 4793 5381
4152 3923 1392 25 1383 3047 1808 3327
4153 325 482 939 1135 1529 1740 1824 2323 2601 3266 3374 3489 3938 4012
4154 893 994 1037 1655 2732 3625 3769 5980 6648 7038
4155 603 4982 1544 1756 1778 2565 2052
4156 26 2193 3748 3783 3976 4311 5941 6691
4157 1044 79 379 2756 5464
4158 1074 527 566 981 1824 1832 1975 2537 16 709 1172 4446 4956 4039 2931
4159 3214 484 939 1798 2460 3365 4956
4160 1755 3543 2711 4028 2183 3401 210 4519 5572 4737 2168 4826 5472 6982
4161 962 903 905 1763 3426
4162 1599 1759 513 2082 1534
4163 3468 939 762 4349 6016 3874 4963 4789 2128 3679 4793 5808 3941 1457 4874
4164 3745 5252 3030 6156 6971 6991
4165 3353 2633 5241 493 520 1849 1728 3813 5805
4166 420 1037 972 4579 6065
4167 320 2466 2904 3030 1373
4168 148 2756 2790 2952 3339 3783 3809 4894
4169 3679 4552 5530 5718 246 5448
4170 1464 3082 1539 3226 1250
4171 2872 1079 1878 2970 3383
4172 743 3079 3572 4539 2692 625 498 2168 4430 3007 3912 5610
4173 960 1106 2479 3146 1323 537 4696
4174 641 1440 3173 3278 3383 5292
4175 793 1706 2562 3174 4010 4101 4714 5484
4176 2730 3432 2434 3158 1037 1720
4177 2730 3214 2619 830 5263 583 6067 1358
4178 939 2979 36 1875 5118 5362 2310 2415 2904 4089
4179 1323 1622 2834 2917 4573 4901 6038
4180 2622 2750 3149 3660 516
4181 2369 4450 4781 3143 4179 5332 2251
4182 1253 1755 3409 3663 5345 5756 5816 6417
4183 3248 1959 2006 3243 4383
4184 2237 2674 567 3386 3855
4185 757 4998 5666 6720 6814
4186 968 1393 1556 170 1210 1966
4187 1135 1211 1741 2512 3012 4340 4783 5667 5782 5979 6511
4188 772 1103 4335 4605 4789 5766 5782 4614
4189 383 2952 3409 4097 5579 6418
4190 1368 1975 1484 1979 368 733 473
4191 939 991 88 196 2572 5809
4192 6208 6323 6476 3554 3278
4193 2284 185 4143 2888 4523
4194 1712 2612 3025 3203 2611 545 1528 2481 3521 3370 3921 3753
4195 240 1432 1844 1893 2354 2415 3194 5707 5795 1254 2582 3348 3813 4283 4419 4464
4196 22 155 47 72 204 229
4197 736 1232 1349 3851 797
4198 939 1096 2132 2327 3964 3060 6126
4199 1172 1259 2350 3848 1106
4200 412 1814 4317 441 905 1196 1701 3383 3548 4193
4201 2750 1106 3560 2992 4879 5912
4202 5056 5455 4012 1437 906 1432 3046 3047
4203 5024 2115 1232 3263 3761 3030
4204 691 3234 3928 5807 5905 5157 4454 3851 4578 4689 78 4946 1513 3515 4285 1714 5343 5666 825 1015 2128 3679 2032 5964 73 4496 3374 742 2376 2823 5408 954 1233 6253 4198 6177 3877
4205 1149 1494 2130 2479 3247 3365 3764 3928 5614
4206 5417 5015 6663 5876 6812
4207 790 2121 2146 3342 3410
4208 1438 5476 6583 366 535 595 1064 1085 2375 2393 2451 2692 2952 3448 5378 5962 6174 6277 998 73 1935 2481 6175 1637 2168 3064 6042 4454 4227 4496 5638 5851
4209 486 1856 3448 4628 4879 5601
4210 3637 2048 1887 352 2667 842 6164
4211 911 483 844 4664 770 1082
4212 2917 1373 4019 5571 5651 1851 4013 54 95 3158 5310 6215
4213 304 429 904 5399 4344 3884 4685 5627
4214 1791 5283 3849 6527 6662 6664
4215 1509 1635 3245 4703 4784 5072 5400
4216 992 4632 4889 3694 304 5790
4217 1056 60 5146 5899 1884 3059 5872
4218 793 127 925 1952 282 564 893 1453 841
4219 2367 1849 2460 4789 5782
4220 1566 4128 1438 2450 2720
4221 535 2 3162 3410 5965 193
4222 756 820 822 1530 4135
4223 3768 2353 974 3030 5258 5979 6770
4224 2657 3459 3761 1710 452 840 1821 1830 2090 537 1379 1528 1867 1909 1963 2030 2526 2877 2992 3076 3385 3430 2155 604 2442 2513 2733 2988 3379 3810 245 674 486 754 2997 3143 3982 4101 4649 4008 2718
4225 4283 2715 1047 267 3183 3440 3942
4226 3694 478 641 1867 3758 3821 4833 4879 5558 5560 5667 5782 5992 6241 6457 4783
4227 711 1236 165 445 486 566 1796
4228 1002 1103 4360 482 2220 4842 5872
4229 3030 4285 4376 4951 5021 4122 2706 3795 4407 4539 4935 5571 661 2041 2479
4230 1009 3922 4726 5039 5321 1262 3066 5480 846
4231 2545 695 850 1483 5647 6521
4232 436 409 234 304 411 90 420
4233 43 49 77 167 188 273 289
4234 304 401 602 782 837 1373 1922 2920 3180 3365 3852 3871 3998 4959 5471 710 3105
4235 1720 4496 5456 4874 2976 6608
4236 4874 743 5795 683 3291 659 4680 1054 6171 258 3890 5757
4237 1123 1325 546 1190 2339 4496
4238 2027 5721 3294 6375 3048
4239 544 2645 2807 6386 4508 5446
4240 322 1951 1893 2039 2700 3072 3073 1106 1796 2109 2582
4241 1634 2988 516 5807 972
4242 1044 3739 1714 2386 1648 1977
4243 203 1864 3290 5562 1653 3183 6279
4244 573 612 829 2155 2791 3293
4245 5000 5064 6685 1723 4814 6759
4246 5520 4789 1211 4627 6267 4794 5988 6474 2 6731 4368 1 4667 6499 833
4247 5383 867 1358 1855 5873 5902
4248 2908 2569 2327 2049 6011 6279 2160 6439
4249 6167 2096 3656 4154 4878 5905 6328
4250 1191 5520 5591 5666 5517
4251 1759 2643 3409 3410 6354
4252 3705 1712 2193 4495 446
4253 674 3400 3348 968 3423 3672 5118 5362 6279
4254 6314 2920 3149 5413 5206 1384
4255 1063 1714 2090 5074 486 1432 4117 5086 4447 3954
4256 2587 375 661 818 1559 2582 3277 3410
4257 627 6069 5971 2380 5376
4258 3712 6263 998 1534 5243 5284 5986
4259 1044 1843 46 1202 5985
4260 3453 4573 5157 3184 4365
4261 986 802 1937 2886 1334
4262 189 669 109 342 1499
4263 1385 3065 4067 4839 4760
4264 578 3441 4037 4828 5099 5378 5902 6241 458 1529 4837 11 2323 2460
4265 692 3630 5212 46 304 5275
4266 1770 2432 4008 5278 5963
4267 851 80 1107 1720 2184 3251 3362 5114 5376
4268 1260 4007 188 2453 2804 4873 459 5346 5417 2212
4269 177 2654 128 997 1327 2301 695 842 1211 2279 2452 4335 420 2918 3238 4404 3148 1205 3060 5772 5791 729 1423 1814 4680
4270 33 1588 2418 3686 4696
4271 1339 1770 1771 2153 939
4272 2024 2251 2300 4737 5290
4273 458 2242 5809 5416 7024 7025
4274 3263 597 4803 3500 6433
4275 1063 4578 537 1922 5937 5207 54
4276 3530 631 1633 6518 1260 3277 6126 2241
4277 1931 4225 1591 3856 4954 2541
4278 4302 3355 2642 5729 6323
4279 906 1867 3957 546 1433 1446 1887 2235 4460 4527 6768 140 947 4101 6923 245 1290 3357
4280 1647 2756 2882 3143 3401 3604 3769 4551
4281 4892 594 5490 4552 2806 6415 4664 2938
4282 1432 2693 545 2266 3510
4283 4327 2510 3862 4209 3560
4284 2929 3162 3410 3783 4045 4086 4385 4612
4285 772 879 1201 4052 1233
4286 2364 1623 4842 3957 3959
4287 1516 3010 3822 4781 4879 5701 5815
4288 1844 3425 3730 3912 4025
4289 2024 3548 4689 5138 3364 4052 1887 5085 6313
4290 4758 3656 6556 6670 2020
4291 2168 2197 1044 2605 1065 972
4292 1263 1391 3592 6167 6298 352 2761
4293 2399 2001 1367 1261 4717 974 710 800 1227 1545
4294 3449 88 2908 1544 1850 1851 4831 3897 2031 5751
4295 5312 1791 5812 458 109 2242 459 5787 6251 5849 5015 6822 6729 6611 6117 6974 6978 6907 7011 6969 7023
4296 778 2416 2692 2841 6307 1499
4297 401 192 149 601 2898 3984 5537
4298 2968 2854 2281 2892 770 5562
4299 784 894 90 907 2528 1514 1791 1675 1525
4300 527 5378 5757 5903 6672
4301 6766 2027 6241 6365 5138 4896
4302 1424 3874 1849 2604 3620
4303 2523 4006 4156 830 520 985 6651 5424 6801
4304 4374 5442 178 1142 3861 4578 5021 1471 5093 5094 304
4305 279 286 298 566 5258 5310
4306 5132 787 5638 3669 2327
4307 1815 2582 2587 2839 4769 5796 5851 5979
4308 3164 3625 4184 4400 5437 5512 6424 6681
4309 939 3351 960 961 4285 5386
4310 5176 6029 812 2284 2756 4082 4285 4496 6395 1573 4631
4311 2279 5587 498 2904 2616
4312 2353 2376 3263 3410 1873 836 4031 4336 4966
4313 893 3676 1851 2950 3348
4314 1432 2450 2669 3957 4065 4488
4315 3791 704 2277 2877 3342 2583 6691
4316 434 1847 1925 2006 2099 2315 2545 3396 4013 4028 370 4209
4317 772 2758 2444 498 3673 4146 3172 5334
4318 1373 2122 2432 4702 5093
4319 763 1055 4164 4697 946 1879 2323
4320 549 578 1915 2637 5390
4321 2514 2797 2205 1086 330 514 2430 4842 5530 5711
4322 4666 2006 2079 2226 3396 5176 573 1714
4323 6269 6267 6365 6363 6296 6358 6361 6706 5015 6664 6822 6610 6847 6976 6958 6625 7024 6798
4324 1242 2274 2300 2450 4393 4789
4325 546 6133 3214 4573 3961
4326 1149 1544 2024 4038 498 3809 710 5115 1987 2744 2659 32 2112 2572
4327 648 1273 2978 3372 3803 245 717 1239 1640 3245 3863 4133 4146 4230 5118 5362 3655 5936
4328 282 2842 2308 832 1424 2001 2039 3059 5800
4329 226 482 1588 2009 2323 73 595 2841 6071
4330 10 80 246 427 460
4331 1071 954 2301 2774 3118 1185 3183 939 2820 3343 3448 4034 5465 5803 6407 6414
4332 4750 60 1853 2383 2482 6574
4333 2807 4229 4363 401 2976 4046 4489 6386
4334 1568 2020 2250 185 1452
4335 3993 4367 742 832 998 1432 2046 4628 3866
4336 555 1927 640 556 4697
4337 674 4065 245 1864 1358
4338 2349 5041 4845 3153 6229
4339 364 3980 4566 5207 5255 5340 4025 4637 3856 5638 5704 5790 6834
4340 2460 420 648 1851 4152 5524 5905 5756
4341 1159 5587 5636 4166 5266
4342 2572 2891 3856 4008 5263 6028
4343 5810 3365 5205 3348 3834 4207
4344 2036 1233 1638 1672 3049 3448 4509 3424 4268 1179 5413
4345 1466 4935 5456 1181 5962 1242 2535 3964 3813
4346 482 641 4083 6454 245 917 6226 6230 5881
4347 735 772 897 2232 3401 3448 5366 5757 6636 80 3929 6393 2593 3625 5583 6162
4348 274 2323 3764 5033 6177
4349 2237 5809 3923 3343 4055 4736 3912
4350 627 1753 1860 2976 3901 4841 5138
4351 1037 2975 3526 4156 4965
4352 379 2147 4193 2679 3462 5537 1122 2970
4353 939 1047 1232 4942 5664 5666
4354 1672 2168 2740 2804 3925 5379 5612 401 1170
4355 1406 258 1723 3862 4874
4356 327 421 4724 4144 3364 4011 3354
4357 379 4012 1309 288 1703 3351 4149 4716
4358 445 5118 5123 641 1302 1550 2688 4194 4200 4941 5120 5791 1853 6194 1392 6040
4359 5477 837 1359 2027 6348
4360 1200 1853 2250 3560 3824 4198
4361 3748 3894 4400 4685 5201 2593 3409
4362 611 1011 2450 5598 6332
4363 282 492 1058 4696 837 2663
4364 3191 4139 818 4144 4352
4365 1460 2824 4086 140 5118 4947 5155 6054
4366 2460 46 1415 1723 4230 5376 5539 6001 14 546 972 1044 4205 566 3586 5635 6265
4367 1526 3098 4545 5172 2352 5240 5538
4368 1214 1598 1862 4289 1004 167
4369 7025 7018 7019 7021 6531 7004 7015 6916 6994 7029 6772 7002
4370 994 2514 3050 2288 1263
4371 3536 3184 3348 3788 6472
4372 3783 3894 3885 1815 2593 4479 3615
4373 5520 1214 1720 6067 2625 5742 4890 6754 6689
4374 1323 3214 4905 5003 5937
4375 970 1269 812 1243 1446
4376 31 442 969 1047 3607
4377 906 994 1701 1867 2628 4374 5386 3929 4689 6295
4378 2779 4298 3239 1688 4817 6761
4379 695 1438 1529 2147 2242 2907 2951 5757 6341 6890
4380 1791 4027 4324 1987 2183 2237 4120 6420
4381 553 3199 1830 1406 1901 1881 3184 1701 4894
4382 991 1034 1480 1921 2827 3217
4383 2323 2116 2300 3679 5312 4181 5873
4384 3084 6257 6309 6814 6994
4385 581 4068 1653 3915 3012 3180 2520
4386 2976 3240 5411 3835 5022 624 245
4387 3868 3938 5756 1841 512
4388 1470 3103 3585 4200 4696 675 2693 4044 3705 1746
4389 4055 3758 2572 1565 452 548 807 2970 3560 1808 2838 6788
4390 1571 300 1799 148 2276
4391 4154 2343 2376 5144 4153 2471 5100 5456 1597 3180
4392 379 1468 2161 3461 3583 3904 73 335 785 1529 2593
4393 5209 5722 426 991 1047
4394 3214 1904 2235 3373 3375
4395 713 718 2249 386 561
4396 389 2473 1020 1832 5113
4397 46 971 1283 2272 2369 4113 4212
4398 4486 3170 1047 2369 6215 441 4680
4399 1630 865 923 1016 2797 3779 4152 5074
4400 1015 1022 1525 2671 3524 3890 4221 4823
4401 5015 5304 1998 2168 304 1373 1653 1966 2083 2085 3360 6640 805 1887 2718 3516 5265 6467 6639 6873
4402 1865 373 735 830 1044 2147 2478 4628 3574 185 304 1256 2098 3789 546 6688
4403 893 4374 4764 4842 3410 4501 5138
4404 95 445 2881 4712 4746 4842 4901 5075 5964 6265
4405 5097 4701 5331 3249 3263 3458 4256
4406 474 2125 2712 1191 1480 1921 2689 3364 4285 52 177 2231 2327 2775 4842
4407 2288 5310 1003 2593 849 3030 5895 6439 797 1214 1591 3365 3783 4647 1063 1588 3829 4724 2839 4539 2146 3356
4408 5508 5637 5638 6254 6493 5456 6252 6253
4409 939 1358 2193 3060 6215 6281
4410 4789 1464 5557 5769 6216
4411 2597 725 2304 1544 2971 1721
4412 2351 2983 5449 5854 6296 5638
4413 784 1543 4089 5191 6544 5418
4414 1861 2555 3060 1358 5777
4415 1432 6005 1044 832 972 5491 5362
4416 80 10 78 246 259 1494
4417 25 191 3194 3679 5530 5721
4418 545 5979 4800 6180 4097 6135 6175 673 757
4419 1029 1813 1106 1494 625 1697 3599 3211 725 2420 1645 1161 3733 4209 4921
4420 1448 1581 1123 431 2434 2888
4421 527 1149 1385 2897 4507 5167 6117 6242
4422 3409 3001 4571 6544 6493
4423 391 871 2001 2389 2027 5559 4551
4424 1103 3561 4008 1107 6136
4425 710 33 2691 2336 4734
4426 2136 3214 3647 4419 4548 5263 6107 4712
4427 304 840 3050 3408 3851 830 1179 1588
4428 1381 2595 4976 5115 1424
4429 3059 4285 1063 3469 5870 6464
4430 5202 3354 2532 1122 6011
4431 55 880 1514 3353 3833 1212
4432 1281 991 3267 1747 837
4433 4362 5511 245 304 486 1844 3081 3586 445 837 5827
4434 188 235 312 109 117 414 118 273
4435 179 246 1598 2057 3002 3600 4680 2920 5114 837 5590 1653
4436 2618 5852 5114 6162 54 882 3713 5307 6126 80 2931
4437 6040 495 772 3231 6464
4438 178 1309 1544 1867 2756 3822 4040 5581 5778
4439 6601 5849 6673 6766 6904 6117 697 7010 7041
4440 1881 2897 4034 5292 5664 3630
4441 125 3917 621 127 3923 6061 546 1021 2009 5346 4505 2762 4113 488 4708 4901
4442 2505 2515 1597 3066 3900 3276 2046 695 3375 2174 4117 976 2132 60 79 445 1791 3369 4133 5287 5577 5120 3273 2615 1745
4443 879 880 919 2460 2596 2920 4842 5517
4444 713 5796 6089 2187 4648 4922 5281 5349 5443 5707 6099 6624
4445 214 25 250 253 312 341 54 585 5119
4446 5338 5787 5260 5416 3184 4307 3342
4447 3277 4179 1791 458 5417 2242 6268 6706 6638 6773 6781 6772
4448 917 3076 3965 4942 6593
4449 304 2669 5275 54 6695 6176 6580
4450 2823 2718 3372 2502 2978
4451 1233 1887 4702 5404 5541 5966
4452 1791 4920 7050 4246 6578 6662 6885 6733 6890 304 26 6773 2094
4453 1047 1027 573 742 1388
4454 2032 4698 5877 5401 5869
4455 5627 6332 2669 742 6635 5233
4456 346 537 1161 2976 3601 4298
4457 2659 4043 4194 4696 6810
4458 4915 5693 4689 20 465 631 1650 2489 4759 6569 85 201 1319 1741 1867 2761 2951
4459 2512 2756 4711 5944 6059 6138 465 1135 3101 6172 6689 5905
4460 486 1998 4614 2130 2272
4461 1293 2376 2460 3365 4922 5021 5443 5456 5812 6870 537 3180 4829 6114 6217 6323 1956 1855 2721 5398
4462 4585 666 4542 6767 441 4421 1779 5345 2988 5104 3915 203 713 5502 5632
4463 196 955 2572 4351 4727 5138 5612
4464 3251 5895 3783 4450 5856
4465 1045 1438 1544 2369 2897
4466 5656 1650 6538 1867 5976 4008 7007
4467 498 6662 6677 3931 6789 6811 6733 6907 6469 6988 6967 1136
4468 546 610 2105 2605 4442 5809
4469 2109 2291 3115 5400 5870
4470 352 3365 2555 3362 4743
4471 203 2031 2380 3516 3667 3888 5802 5987 1507 5051 5208 5376 6508 4031
4472 842 1283 1284 2931 5706
4473 366 595 2981 4412 5594
4474 125 364 1012 1016 1071 1330 1914 2735 2871 2911 2912 3506 3634 3866 4067 4942 5838
4475 267 5086 5093 5094 5138
4476 6268 5956 6323 6412 5849 5879 6573 6664 6791 6789 6857 6864 6965 6733 5778 6976 6979 6437 6969 6916
4477 2453 5069 1887 3012 3765 4220 4540 4373
4478 1262 4285 4725 546 1044 2671
4479 566 667 917 924 1391 4789 5111
4480 444 939 2689 2955 2956 3783 4335 5576
4481 5229 812 1328 1621 4581
4482 841 883 1972 2112 2515 2516 2854 2860 3294 3430
4483 5975 1177 2405 5148 6253 5741
4484 4008 6316 6762 4640 1964
4485 1003 1023 1701 4407 3962 2880 6799
4486 598 670 2592 3410 837 2909 4457 1578 1070 4104 4646 5762
4487 196 454 2535 2664 3388 4797
4488 2453 924 1530 1925 4318 797 4008 3617
4489 954 1867 3806 4702 4949 5456 88 2386 3786
4490 1071 1169 1701 1326 1857
4491 2065 2520 4193 2188 5456 5648
4492 4750 2102 3640 2888 3855 5558 6105 6194 1057
4493 660 1855 3413 4827 748
4494 3278 1307 5789 713 3263
4495 4264 5362 2906 2962 4190
4496 459 1791 5415 5809 5787
4497 1481 3930 4082 5610 1483 1506 5906
4498 201 1115 1597 2460 2168 3795 4750 5759
4499 1544 2730 2946 3543 4008 203 2723 675 750 906 1481 1688 1759 2566 2732 2904 4461 3351 486 830 1289 1432 1690 1755 1813 3755 3896 4727
4500 1542 1819 3949 4094 4225
4501 1142 1588 1645 597 6128 5050 626
4502 6578 1003 4193 6941 6944 6945
4503 4899 149 401 754 6382 6441
4504 2670 420 739 3416 5074 3406 516 3092 1428 4212 5371 6073
4505 318 3676 3678 4062 4782
4506 1064 2551 3468 3694 5389
4507 772 2512 4209 77 3365 3607 6579 3964
4508 245 1685 2813 4154 5673 5397 4257
4509 3468 627 5558 924 5812 2184 4556 6295 1283 2193 5422 6121
4510 267 420 2377 2460 2718 4284 4527 5821 6167
4511 1655 3901 5717 6687 907 1323 2050 2122 2838 5537 5986 6729 2618 830 2823 3560
4512 2599 3348 1384 5086 713 4567
4513 44 460 224 167 429 158 377 66 128
4514 906 1432 1740 2669 3251 4100
4515 1817 1428 2512 2998 3972 1433
4516 2032 6679 537 1808 2609 6036
4517 5716 6486 1047 1887 4482 814 6706
4518 2641 842 2897 3078 6086
4519 426 679 849 1795 6507 2934 2976 5844 2758 6393 3174
4520 2790 1539 3068 2095 4762 4963
4521 747 1170 2643 906 1576
4522 1851 4447 2329 6879 6886
4523 4161 4758 4769 5271 5816 6991 1274 2396 3030 3292
4524 755 1012 3747 4711 4917 6694
4525 48 3339 1139 3410 4344 4279 4510
4526 2112 3310 1711 2410 2881 2981 3764 5886 3710
4527 3931 830 4551 4836 5838
4528 4026 3890 581 627 959 1867 2976 5157 6720
4529 2211 2486 1070 4966 728 5085
4530 1283 2904 1513 4782 5667 4117
4531 282 1319 1618 2327 4101 1242 595 972
4532 3200 4086 279 973 2175 2323 5176 5749 6468
4533 1881 5167 2750 2168 4340 5206
4534 2028 2327 3194 3758 4105 5456
4535 5113 4000 3843 4924 5312 5581
4536 2380 4908 5856 4104 5118
4537 6534 6890 2092 3263 6820
4538 1840 2183 1494 2840 5177 5380
4539 1389 1753 2460 3201 5726 2139 727 1378
4540 1106 1154 1502 1759 1954 3226
4541 1676 1887 4089 4117 5085
4542 358 157 393 1328 5413
4543 747 4198 3384 727 3365 3696 3912 2761 2617 3253 593 1202 1690 1988 4628 1428 4490 4284 2720 6123 1032 2970 3357 4438 5038 567 1209 5053 5096 6558 3993 4626 6734
4544 623 3079 4821 5767 3526
4545 906 917 1044 1263 2827 3077 3548 4188 4689 5039 5688 5985
4546 5402 5873 6554 138 6398
4547 379 3560 164 3679 6267 1047 6292 6973
4548 2281 4947 4257 5251 2801
4549 554 3012 3448 70 836 1791 1842 3210 3144 3439
4550 2248 6410 5015 6822 6125 6827 1285 384 6811 6912 6998 4298 5979 7033 6250 4110
4551 947 5516 2265 5634 6705
4552 455 808 2412 3855 5743
4553 4984 723 1107 3189 4736 5971 5978
4554 1227 1818 1795 2401 2409
4555 109 80 4008 2518 6219
4556 2217 1844 1494 2822 3505 3741 3055
4557 2908 796 5061 2909 6643
4558 6177 832 2452 2514 4420
4559 917 3101 4012 4936 5086 6279
4560 304 2398 3214 143 4574 2443 1494
4561 421 582 675 1391 3715 5530
4562 3726 2024 2094 3451 3852 5074 1063
4563 654 1063 1464 1526 1588 3866 5191
4564 3413 5878 6193 6958 6980 7029 6994 6878
4565 2790 4612 5030 1194 5376
4566 1440 3554 6232 6341 6567
4567 924 1853 2478 4225 4712
4568 383 610 1044 1638 1833 2265 3590
4569 1097 1461 1543 5451 765 2426
4570 563 994 3214 4193 344 3465 5422 3588
4571 4552 925 4344 5489 6242
4572 3370 3466 840 177 3329 3143
4573 5376 4833 6283 6289 1887 794
4574 1412 2479 6099 1544 6215 54 580 1392 3515 5738 602 864 1432 2129 5114 4880 5442 595 2767 1172 3896 4285 1703 1530 1867 749 2590 5378 420 514 844 939 1563 3631 6760
4575 2184 3561 4198 5814 5955 6167 595 1922 3416 5481 6990
4576 57 66 117 187 237 265 275
4577 177 201 282 775 1424 2501 2710 5737 1201 3870 4675
4578 366 3345 3184 3554 5873 2546
4579 2908 2951 3294 3758 3941 1242
4580 120 1761 4198 4812 6758
4581 304 1432 5558 6490 6714 4989
4582 5004 5782 2368 6036 4605
4583 90 10 44 43 278 188 236 109 312 103
4584 1044 4624 6306 6359 31 1135 1622 2838 3851 4857 5003 5037 5456 6299
4585 291 429 481 198 380 554
4586 595 641 2266 3251 964
4587 1897 1432 1047 4024 5506 4268 1606 6011 1949
4588 379 1519 2460 2775 3065 4352 5089 5495 6252
4589 57 81 103 164 176 68 77 59 222 287 506 248 310
4590 4154 5684 2038 2693 6008 6125
4591 3294 5205 6135 5248 6505 1509 4743
4592 458 6064 6085 6522 6573 6594 6604 6635
4593 411 2337 2203 3586 1242
4594 4225 1598 3717 3611 4936 6729
4595 34 127 492 555 2130 2750 4037 6579
4596 917 1432 3548 267 2327 905 906 910
4597 4109 1432 5694 998 5332 6635
4598 1464 3267 3272 6199 1012 812 3946
4599 599 1106 2024 2477 2976 1629 6698
4600 1110 2460 2760 4228 4267 455 3575 2676 4205 4862 6588
4601 1608 3224 2880 1261 2550 6360 4308
4602 5312 1282 3362 4154 6338
4603 880 5096 2838 4482 6338 5948
4604 43 88 537 1563 3560
4605 1094 3164 1547 1362 2280 4920 4401 4712 627 1653 5442
4606 1865 2460 2732 1047 3066
4607 1740 2377 4791 6055 594 2380 3362 4628 4951 6729 2031 4892
4608 1172 551 1284 571 606 2326 3106 3263
4609 1242 2020 2460 2592 3929 4856 5432 3910 2141 3886 4985 3410 4631 5422 1471 3783 5112
4610 6349 78 610 915 1432 1553 2838 3145 4348 5645
4611 1866 2611 735 6306 6397 6812 670 691 1497 3971 5385 6735
4612 3925 4702 1843 742 4951
4613 1897 492 2030 3592 2487
4614 420 4094 6171 5809 5946
4615 1097 1395 6906 1815 2909
4616 1261 3867 6421 6546 483
4617 761 178 3214 3125 994 1363 2491 1378
4618 3166 3624 3705 2481 4400 3108 3202 3783 1932 203 1847 4577
4619 939 1544 1745 3547 5157
4620 1654 3492 4800 6725 597
4621 2669 5852 1973 5929 5293 6706
4622 4368 3367 876 1328 4573
4623 3863 567 994 1470 2620 3296 3891 5535 5843
4624 2350 802 928 30 1474 608 288 470 1106 603 797 558 575 581 959 3414 3533 1791 459 120 5849 6954
4625 976 4193 2501 2460 2907 1655 3179 691 4842
4626 742 1670 3064 939 1396 1992 2327 2718 797
4627 2548 3052 2792 3194 3449
4628 677 3898 1235 2327 293 1621
4629 487 772 1063 1605 2038
4630 3354 3849 449 2315 960 1480 2827 455 245 4916 5849 6662
4631 4037 630 1135 2809 3158 3285
4632 6128 998 1076 5244 2232
4633 1987 916 2579 1685 3278 1790 3474 2109
4634 641 1867 2323 2460 2478 2527 5456 6344 6650 1518 3030 6386
4635 893 2132 3387 1391 4614 1172 3263 4241 6136 1106 2469 2962 4352 2956 2948 6036 6171 1653 6071 1804 3761 474 1815 856 5248
4636 920 1973 3263 4225 2807 5490 5706 4152
4637 342 447 480 197 939
4638 4028 687 907 3785 5146 304
4639 2611 4752 4908 4366 906 1432 1740 2671 2827 3663 3949
4640 633 960 1847 4689 2485 4376
4641 324 554 54 401 619
4642 1013 1161 2756 3365 4046 5471
4643 379 1544 2323 2460 3809 6004 2184 5979 2873 3144 3342 3834 4198 6268 6766
4644 6020 2950 1812 5908 6485 5051 6580
4645 1016 1042 3929 727 1385 1714 2279 2528 3012 3709 4335 989 4008 677 991 476 1106 3217 5111
4646 6281 671 1929 3698 1263
4647 4844 364 801 1257 1755 3295 6213 6518 6520
4648 3676 3833 6601 5849 6673 6766 6904 6968 7044 6859
4649 6536 6538 6125 6864 7001
4650 627 102 1432 1987 1373
4651 1512 177 4823 6844 308 963 6781 6908 3758 2868 5979 6199
4652 267 1432 611 2237 1480
4653 1529 3858 4494 4724 5964
4654 781 939 2460 3189 4071 5099 5228 5980
4655 5362 5377 3082 6432 6491
4656 178 840 1544 3874 3931 78 1242
4657 482 2323 3347 3389 6268
4658 2520 5667 3821 1780 3677 4191 4857 5782 6281
4659 1047 1943 2654 3188 1255 4537
4660 4713 321 3263 3347 4891 5412 2838
4661 1825 177 1135 1159 4991 4665 4578 1394 797 2838 5757 6066 6236
4662 3101 581 6474 2740 4734
4663 5110 238 1159 1211 3278 4297 498 1450 2193 2404 3866 896 1106
4664 6476 1867 2940 4849 458 1507 939 2761
4665 4376 34 554 641 845 915 934 1044 2004 2672 2947 3045 3157 3765 3912 4052 4198 4628 4836 4839 5104 6040 4689 2051 842 1446 6292
4666 325 2565 5984 6706 6114
4667 1047 4689 6282 3744 4567
4668 1920 3194 4573 4813 6271
4669 1202 1815 2569 2909 3339 3586 4250 4324 4878 5309 5676 5740 6427 2450 4587 4947
4670 3783 4393 924 1311 2736 2959 3182
4671 1011 1391 1648 1721 4117
4672 797 3211 2446 3388 3412 1824 603 258
4673 374 2477 4695 2184 5485 6661
4674 1565 2804 4689 5838 6241 6418 897
4675 880 1233 1382 2155 2369 2086 3360 1633 2875 102 1714 1808 5809 6361 6687 3585 4028 6648 6700 3442
4676 5544 5574 6210 5370 134 2329 3589 850 3530 6644
4677 1309 196 1370 1432 1672 3076 4832 4906 921 4285 2678 4660
4678 145 1016 1588 3183 3931 4008 5138 5378 5510 5587 6452 1755 3957 4285 2345
4679 998 1106 3833 5456 5499 2978
4680 4345 1015 3560 4650 401 830 3362 4628
4681 1536 2112 2746 2920 3283 3633 1432 3891 5872 6283 434
4682 500 1438 471 991 1107 1319 2797 1653 3408
4683 6182 483 4703 5895 6291 6302
4684 991 2622 2744 3077 3180 5606
4685 2450 3813 2323 5721 4168 5757 6160
4686 939 3687 1653 2904 4194
4687 1517 3885 1779 4963 6929
4688 742 4198 5525 5901 5 5952
4689 772 914 3326 5376 1206
4690 1071 3851 3813 6336 3806
4691 1389 4657 1887 4272 5751 5874
4692 3715 1047 1481 2327 1044 2450
4693 177 1122 1544 2659 2951 3247 3461 4198
4694 3928 4096 2840 4250 6525
4695 6152 6350 5074 4198 6158
4696 835 5093 5138 5696 6432
4697 3902 1800 2962 4848 3030 3618 1242 2122 6 5527
4698 226 574 995 3038 5967 805
4699 1063 2750 5645 4697 3019 6623
4700 2692 3929 3964 782 921 1432 1808 2760 3078 3112 3957 4154 4285 5157 6084 6278 6457 1798 5126 1464 2121 4466 4097 5811 1328 2132 5868 6537 830 3941 5334 5638 6438 54 5728 2435 3685 1653 6176 3306
4701 2319 1796 3184 2975 1122
4702 1887 2049 3687 4681 5587 726 1349 6000 1258 2168 3758 1672
4703 5526 1047 6545 54 3957
4704 3103 738 1688 1712 3929 4131 1457
4705 60 1887 2412 2920 4267 4421 5805 3461
4706 2020 169 465 2987 3263
4707 127 233 492 685 77 1237
4708 2251 5021 6096 2592 1639
4709 674 1063 2702 3517 4697 5554 2756 3050 3931 5558 2052
4710 772 1956 2281 2897 2274 4121 3844 991 5755
4711 772 1149 1755 2460 3887
4712 5624 1422 6828 267 692 938 2678 5039 5985 3183 2974 4073 5085 5086 6923
4713 742 829 2200 479 602 1875
4714 1455 4012 186 1223 5211 994 1297 1956 2232 2479 2756 3765 5905
4715 1130 129 3064 3165 3539
4716 762 1106 3295 6279 89 5638 6013 1303 537 1107 1844 2797 3025
4717 6273 1054 2146 3866 4890
4718 4898 1233 1909 2301 2230
4719 2184 2663 4736 73 333 675 1200 1853 3277 5346 6270 70 514 837 1044 1432 2099 2105 2193 2327 1436 1507 954 2950 3722
4720 23 627 837 927 2201 2775 4287 4545 814
4721 2951 3454 4365 4727 580 1887 2393 5838
4722 710 6357 6734 6443 3194 6177 6970
4723 6580 6661 3089 3921 4589 5499 835 4712 4940 6088 4590 6541 6279 1653
4724 6323 2473 2130 692 2749
4725 1791 459 3551 845 4863 6412 6729 6264 6576 3410 6908 7006 7014
4726 2477 3831 3832 1791 5787 6637 6864 6117
4727 4510 2032 6268 2981 3537 1309 5809 2183 6507 5199 5575 6402
4728 352 360 5949 6194 6454
4729 3809 4121 5366 4011 6386 4308
4730 6660 6809 2730 4147 1588
4731 3515 3683 6539 1756 5721 6580
4732 747 2908 349 1122 2128 2756 2970
4733 917 1436 2904 3506 525
4734 4496 6271 1655 3154 4340 6571 5985
4735 46 4586 5743 2127 4911 3973
4736 3460 6215 5535 5940 5942 5943 5706 4874 5775 4456 770 1209 1669 4567 1428 2598 4092 5334
4737 181 1071 2460 4676 2823 1786
4738 4540 4336 1690 3834 5667
4739 917 1919 2325 2393 3338 3514 3624 3955
4740 1847 1848 4486 4694 972 1862 5537 6185 6382 6392
4741 2929 3579 4842 1530 238
4742 1998 4028 4489 5667 567 2460 3214 3683 4922 5093 5157 5544 5560 5812 702 835 880 4412 4879 5666 304 352 5534 2532 5776 1856 1859 2110
4743 2945 687 907 845 2823 5985 1752 3591 2919 5698
4744 4 3636 1402 5402 5098
4745 1513 1544 3294 3365 4741 3357 3361 4623
4746 5240 4842 537 2377 3877 3957 4383
4747 5148 2235 1639 1856 4623
4748 3401 1432 4156 641 2377 2724 5517 6693
4749 374 1878 179 527 761 802 1323 2017 1179 322 1861 5097 820 1517 1841 3326 923
4750 3251 5668 6141 4496 4052 6420
4751 2255 4590 4589 274 6644 6979 6801
4752 315 1222 3442 5522 1012
4753 2563 3516 4894 6443 3508
4754 109 3824 127 3899 3527 3931 5266 1875 2323 6733
4755 573 734 1564 792 469 964 1268
4756 691 920 1214 1295 1687 2243 1357 4383
4757 3778 411 896 2770 1714 374
4758 2378 2951 3263 3409 6386 5087 5334
4759 883 1701 3830 3506 3851 4503 5814
4760 31 1360 1432 4833 5782 6748
4761 321 2501 2876 3263 3514 4769
4762 235 2512 5456 3611 830 5873
4763 1044 5138 2535 3173 5997 6126
4764 747 2829 2976 3263 3758 3874 4397 5598 1238 4376 2659 3487 5138 5617 6096
4765 1233 1416 4219 5224 5549 6522 6716
4766 304 627 1106 3006 3007 5706
4767 2904 1097 3961 4892 4965
4768 3554 5118 6554 3522 5248 6732
4769 820 760 761 3324 52 84 958 1090 1329 1813 1853 2277 2433 2765 2775 3277 3593 3755 6548
4770 3932 138 1008 4842 803 4712
4771 314 420 460 246 188 415 467 658 213 1341 2535
4772 2920 1690 1973 3354 1299 516
4773 1135 3264 3302 2090 5638 6509 6525
4774 6180 2517 3184 3843 5310 5958 1981
4775 434 3342 3082 2487 4929 3848 5516 5600
4776 207 127 782 3086 3929 4318 5296 6540
4777 4352 196 939 949 1176 1502 2545 2669 2732 3194 3227 4553 921 2450 3448 4105 5359
4778 1706 5312 5469 3050 4166 6740 6129
4779 1944 2055 2775 2833 4267
4780 235 2535 2841 3388 4402 5346 6126 6314
4781 420 458 5809 4012 6353 5849 6594 6125 6864 6733 6996
4782 135 830 1497 3914 4294 4296 4558 4769 4013 283 698 3351 4603 5422 5434
4783 2112 1791 2838 6225 6300 4101
4784 927 1588 4664 1063 2364 2750 3220 1262
4785 533 1844 3143 4373 6764
4786 973 3194 4008 4063 5979 6005
4787 1432 3026 2450 4445 3957 1025 4437 4672 5617 5811 3272 1063 2838 6289 3194 5702 25 5138 5205 3287 2718 4789 140 486 4365 3329 4540 4205 6382 4058 4641 6385 3279 5208 514 2807 3822 3762 1358 6058 5326 3593 4626 3580 6544
4788 719 3319 2644 3968 2535 4527
4789 50 1044 2669 3830 5175 5396 5454 5558 6093 6283
4790 5558 5621 1242 939 1672 4889
4791 2861 5136 1064 2194 2601 2909 3409 3586 666 1306 1309 2645 2827 4521 6483 563 917 1047 3030 3193 3326 3957 4097 4504 4553 4587 4965 5238 6343 6344 6425
4792 179 373 374 1904 3713 5602
4793 4304 830 893 2535 5076
4794 4799 4941 6353 630 4083 5195 1544 2897 1853
4795 465 5666 3365 5278 1200 3372 4432 6806
4796 88 1844 6417 1323 5386 6625
4797 2824 5310 1239 2970 1159
4798 1636 2900 4068 5019 5227 5589 1097 2710 4809 6351 127 832 3560 3702 3989 5412 6204 4490 2970
4799 3516 627 1584 715 334 5833
4800 85 466 163 1725 3419 5638 5757
4801 4689 1588 1728 3957 4205 6181 6476
4802 2228 459 5503 3342 6834
4803 3117 3478 73 2004 6170
4804 3718 5380 6631 2288 3305 3655
4805 318 2224 3280 4697 5975
4806 1003 54 674 1544 4928
4807 599 1393 2642 5160 54
4808 2175 274 2412 4542 6533 6402
4809 2869 4008 4351 4533 5502 5749
4810 3362 675 1586 3929 4689 6579 5
4811 742 1095 1381 2232 2596 3790 4006
4812 1187 1530 1595 3577 4250
4813 2193 304 3298 2195 5872
4814 4642 4643 4646 4647 4649 6689
4815 1359 2461 1290 3832 2265 6578
4816 2818 2819 2820 2871 2911 2912 4386
4817 2300 1058 1972 1975 1526
4818 1201 580 1202 3214 5157 5809
4819 4415 2501 3096 3248 627 3716
4820 1440 3791 4460 2922 352 840 1588 1760 2132 2809 2904 3286 5164 2288 4212 6219
4821 5667 6926 4087 5780 6402
4822 1565 2599 1701 3680 5653
4823 2966 2337 2823 3524 4696 4455 6525
4824 188 1311 2893 420 2722 5456
4825 2020 1227 2550 2034 3529 402 1129 4895 5015 88 1127 3365 3376 5591 2334 2411
4826 887 924 2184 883 1867 2003 3118
4827 3448 3627 5051 6287 6864 6875
4828 192 594 5312 6766 1432
4829 140 956 2721 3078 3795 4951 5645 2846
4830 2838 4689 4752 31 3842 5164 485 6217 6241 681 2720 4879 5353 2369 54 3435 1432 2384 5682 6108 4091 6336 6022 6685 2416
4831 2404 2920 988 1598 2041 2213 2277 3515 3931
4832 1637 2953 3461 4894 6034 2898 1432 2666 2897 2976 3627 4198 915 6457 5340
4833 6040 1623 1624 2101 2365
4834 4318 5598 2507 3087 5378 5515 967
4835 1056 2527 1740 2797 1015 1688 2537 3191 1588 3627 4083 939
4836 1251 1809 610 2038 4473 1122 2970 5346
4837 201 514 580 634 1442 2323 3515 4881 6059 1759
4838 1643 2741 3050 4207 6067
4839 351 154 459 972 948 177 56 85 923 891 1606 797 90 698 661 3782 2792 1899 3162 761 26 2323 1161 4193 482 789 976 1150 1981 470 1494 3383 3164 2974 3783 3339 1530 3061 3676 1242 2840 3677 4412 5667 3457 1856 6349 5887 5362 6805
4840 4 854 5182 2914 3805
4841 917 939 976 1056 2168 4031 4250 6167 4054
4842 1946 2106 4430 578 4211
4843 6808 641 1323 2538 2760 3214 4749 5877
4844 1786 3929 5234 1544 2897 6180 1499
4845 625 1703 1268 1432 2892 5093 4118 1916 4540 583 188 4689 6099 4564 4935
4846 641 1309 1791 2024 2517 3405 3411 4044 6090 6066 6185
4847 1044 1759 4193 4750 5873
4848 4718 1037 2460 3803 2569 3783 3030 3551 5585 2976 1071 1630 3263 3552 5177 6092
4849 4488 5070 6536 6662 6677
4850 1016 3065 1070 2006 3734 3369
4851 52 3220 3606 4712 5468
4852 5008 834 976 5481 505
4853 1150 4495 1227 812 3866
4854 5137 2648 4783 777 3090 757
4855 2838 4789 5558 5666 4360 5926
4856 292 551 1323 257 832 1706
4857 4488 6503 6410 6682 6847 6908
4858 675 455 1257 1650 1701 3448 4330
4859 559 998 2710 3101 4518 6033 5695 675 4628 5773
4860 5378 5505 5525 6144 1340 2486 3214 6358 5524 6476 976 2323 3180 5537 835 3605 5231 1920 1187 5765
4861 203 675 4909 5386 1759
4862 1568 2860 2092 3263 1908 178
4863 2618 1510 3359 3799 3011 2962 3843 3594 4950 4317 412 3838 403
4864 792 756 2808 238 570 742 1204 1319 1044 84
4865 2740 3239 4229 4880 2949 267 330 522 6030
4866 2897 2952 4394 5312 5505 6551
4867 3679 2020 2055 2756 2839 3625 4139 4144
4868 907 267 917 2482 3877
4869 455 537 793 1597 1633 1725 2225 3183 3434 3858 4033 4627 5312
4870 5411 660 1064 1442 1513 1519 2758 2951 3365 3851 3877 3929 4198 4284 4894 5074 5157 5177 5558 6129 356 845 3214 5191 5312 5691 6179 6323
4871 80 2210 3379 3545 4065 5665 4438 6382 1371 1373 1838 6493 3363 2758 1929 6252
4872 465 554 1071 3365 4027 4689 4782 4790 5608 3929 6629
4873 1480 1618 2383 2946 5903
4874 321 1602 1899 3409 3751 4851
4875 1529 625 219 513 3621 4103 69 4891
4876 169 1809 88 1075 975 5705 5706 5707 3843
4877 598 1297 1455 1843 1844 2232 4008 4117
4878 3957 939 1432 3835 6295 6728
4879 1728 5521 3758 4404 4154
4880 2195 2583 2598 3668 4664 5894 6765
4881 420 2074 2657 245 3060 370
4882 5558 5903 3263 67 6533
4883 6422 4910 5478 6571 6393
4884 557 443 2948 3310 1317 3007 5706
4885 1201 1202 2354 1922 4655
4886 2211 3866 46 659 958 5221 6279
4887 4056 675 1867 2710 3543 2405 5414 6135 2534
4888 2170 484 1021 1438 1887 3078
4889 5641 998 1741 2184 3177 3666 4065 4311 5903 1201 1728 1922 2138 2669 3307 3362
4890 3519 2046 1791 3758 5598 5756
4891 745 3229 3411 6017 2756
4892 2904 1653 2870 3184 3315 4734 5211
4893 1588 2032 3071 3149 5088 5699 5811
4894 5426 5177 364 764 1328 1829 1844 1853 1855 1912 2989 3250 5379 6373
4895 1727 2970 3370 6268 6269
4896 1796 2237 4579 1959 4878 5236 5463 5525
4897 4608 2765 2976 3896 6461 5807 1887 3060 6141
4898 1106 2756 4001 5142 5556 5030 3959
4899 2266 3668 90 5706 5707 5558
4900 793 1063 1103 1484 3586 3858 5347 3294 4152 610 4068 1720
4901 177 458 2242 3044 2535 4285 6507 6938
4902 3519 710 4551 1328 5634
4903 1227 10 176 188 224 236 295 312 461
4904 3263 3279 3613 4246 6380
4905 830 4562 3506 6332 6840 514 1621
4906 3505 5556 2962 2024 4052 5696
4907 567 1415 5176 960 3848 4689
4908 53 530 122 4114 4671
4909 2130 34 3024 1383 1056 696
4910 2897 6460 2304 2760 4183 5563 6202 6349
4911 6143 1467 1923 4538 5782 6337
4912 830 1145 3351 919 4102
4913 5196 2006 3243 3343 3374 6553
4914 5276 3981 292 2970 5527 4257 6126
4915 411 500 2117 770 982
4916 3448 4825 4911 6040 2374 3194 1293 3034 3101 4173 6175 6499 2669
4917 245 830 1423 1639 3006 1567 2761
4918 4822 2624 554 437 3409 2290 2481 3516 1755 5165 2450 1778 2517 1641 5312
4919 567 2090 897 498 803
4920 1156 915 3754 1597 1547 3184 3363 4624 3360 3361 3516 3144 3383 4696 651 715 782 1655 6313 5465 5979 1746 2373 5435 3834 6639
4921 1959 2345 3409 4965 3263 3410 2909 6176
4922 282 1242 3149 5667 5782 398 4842 5560
4923 3365 3373 6004 1222 3537 5775 2596 6762 54
4924 580 1142 1214 3452 3668 1909 3343
4925 3761 835 2031 3845 6656
4926 535 1849 1853 3030 3339 4676
4927 1201 1856 54 1756 3388
4928 1588 2184 5581 5667 5782 5873
4929 6412 2908 5979 5021 6711 5205
4930 5196 1442 1752 5058 6135 1987 2573 5202 4545 917
4931 185 695 745 797 832 1044 1201 1216 2046 2669 2797 2807 5449 5491 5619 6006 6304 6410
4932 304 972 3822 5003 5198 6167
4933 120 275 290 470 612 250 409
4934 1339 524 2058 2220 2904 2011 2019 1283 893 2875 304 4664 6154 4031
4935 4067 122 494 1284 1931 5711
4936 1808 2418 3079 3304 1227 2255 282 1233
4937 567 747 2599 3151 6302
4938 6155 592 1887 3521 3973 4900 5346
4939 2420 3945 4594 4595 4597 4599
4940 4690 60 6028 6385 7047 784
4941 5895 282 1016 2032 6200
4942 5341 1063 2897 5408 6268 2976 1011 4578 1466 2640
4943 1047 1728 4198 4320 4922 6197 6472
4944 5193 728 2132 2801 4435 4451 5220 5559 630 1106 2325 2945 3073 3449 4318 3663 6931 880 1135 5347 5530
4945 61 1931 2732 837 880 976 1742 1468 595 1703 4167 3214 1525 1887 5417
4946 2592 3263 2277 3656 4661
4947 3337 3409 4246 6429 6885
4948 554 1016 3861 4966 5285 6286 6339 5070
4949 2276 5705 5269 1875 5921
4950 3537 606 2775 4551 5176 2369 3069
4951 4331 370 2032 2450 6167 6175
4952 1248 673 2945 1489 3713
4953 880 2874 3142 5193 6828
4954 4468 2033 1503 6026 5331 1923 2251 2824 3339 4546 6577 2158 3732 3111 3809
4955 956 641 2193 304 1378 1430 1200 2755 84 830 1159 1317 2669 3713
4956 887 2593 2756 3186 3263 4631
4957 127 924 998 4353 4573
4958 2142 3277 974 3498 1875
4959 1494 2220 2843 3345 4253 6266
4960 2168 2442 2522 5510 1044
4961 674 2460 3309 5525 5540 5576
4962 1813 4348 1714 1759 2636 2985
4963 3485 566 976 987 2160 2792 3976 4450 4628 1825 5019
4964 267 1385 1483 1713 659 917 4052 6364
4965 148 246 342 429 656
4966 3194 4258 1729 2678 6841
4967 2956 3339 283 1533 2056 2824 4105
4968 5792 1122 2587 3194 3983 5905
4969 801 3305 6323 5808 1643 3901 5996 5546 6729
4970 859 1990 2884 2107 5941
4971 2067 2533 5998 293 2160 2959
4972 2976 5345 1016 1442 1517 3065 4842
4973 872 2432 3353 5389 5894 6270 6323
4974 567 5456 5317 4657 6493
4975 2788 1223 2908 5160 201
4976 2745 1033 1040 3347 1557
4977 1190 1196 1755 2976 1187 2329 3554 3594 6287 6491
4978 624 998 3964 4352 627 1659
4979 5161 5631 6419 5162 2460 3278 3775 1244 4175 6565
4980 772 897 1016 1373 1662 2147 2184 2838 3809 4922 6242
4981 3339 3410 4778 5093 6135 4587 6658 687
4982 3559 3702 3217 3474 4212
4983 2669 3071 1274 1899 4198 5979 6368 6710 6874
4984 467 2834 459 5086 4901
4985 2045 274 3184 4567 4952 5412 713 4204
4986 3169 3929 3914 4202 516 2693 54 3586 514 893 4568
4987 4836 4855 3901 602 1759 3365 4734 5994 6281 5558 2535 3388 5310 5979
4988 1639 3957 3964 121 1698 6017
4989 727 1011 1103 1638 1714 1867 2125 2305 2926 3923 4315 1984 2758 4656
4990 2139 3929 631 3019 3874 527 2807 5014 4712
4991 1184 1588 1853 2593 3201 3263 1071 5525 3554
4992 3560 514 3410 5366 5872 5525 6326
4993 2224 2019 271 563 975 5306
4994 4376 6357 3463 3972 3970 4945 4494
4995 1385 2750 2874 3032 3539 917 1047 1588 2327 3548 3560 6507
4996 108 1233 3964 5666 5829 6385
4997 480 882 3891 5844 678 2632 1310 1588
4998 3957 352 1283 1402 1550 3592 2389
4999 2432 2765 5458 1122 2412
5000 1263 1283 2123 2976 3759 4539
5001 283 4201 498 1544 1698
5002 4152 4439 6267 4518 5435 3156 6211
5003 567 2460 4340 710 2377 5979 6742
5004 621 2460 4524 1882 5491 6575 5905
5005 2147 2904 3086 4152 747 1706 1809 2106 2572 2922 3734 1827 3277 3294 3365
5006 645 1598 1813 2004 2046
5007 455 681 2382 1110 1306 840 1894 2383 2564 3272 939 749 2354 26
5008 984 1432 3560 2467 3630 4515 1927 3050 2265 4266
5009 25 918 1254 3047 3957 4727
5010 824 6729 3487 6611 6651 3342 6789 6788 6965 5812 6706 6733 6996 1791 6956 4624 5250 3839 6938
5011 420 465 2323 1483 3046
5012 1886 4072 5196 5614 5928
5013 594 1321 3239 3660 6609 6029 6520 6897
5014 545 621 1170 1513 3077 3343 3888 4008 4094 4161
5015 4741 2071 6128 1413 6547
5016 2029 1688 1438 3947 4659
5017 1530 1761 4489 4667 2748 5222 5822
5018 304 1648 2323 566 880 1003 1530 1620 3383 2383 3366 3687 195 445 815 1491 4212 86 522 3148 1242 1982 2829 2288 496 3469 4696 1715 2846 1981
5019 917 2443 3031 3102 3515 3858 625 793 1214 1494 1844 1921 2147 3101 3462 5294 5353 5356 140 1922 2593 3995 5070 5312
5020 3775 2925 2852 90 1719 4404
5021 772 937 3388 1047 3658 465 3143 4837
5022 992 837 1161 2368 5414 5542 6543
5023 352 994 1296 1956 2649 4699
5024 784 2350 832 1452 2123
5025 492 669 685 887 998 1058 1106 1486 1973 1980 4982
5026 304 830 2477 3353 3929 4117 5744
5027 1405 681 1388 1530 1311
5028 5517 2179 1639 6104 1875
5029 5163 5346 322 1071 1790 454
5030 1997 2460 1759 3274 1909 2548
5031 4002 1358 3115 1868 2657 1791 4426 6099 6101 830 4386 5853
5032 1077 1078 1187 4037 1722 6512
5033 4842 1881 3332 3959 1161 5525
5034 3031 2792 2704 2705 3339 2644 2958 411 917 383 1161 2407 2693 2904 2706 207 1044 2327 1106 14 884 713 4567 3193 2986 5639 659
5035 1071 1954 3920 742 939 606 2750 6661 4560
5036 756 1848 2193 4065 5634
5037 5975 2460 833 2075 5088 6161 6225
5038 2560 5088 2780 4840 5138
5039 1753 3952 5329 2946 3448
5040 4168 1360 2652 4171 3072 3831 5071 5084 1046 5723 6073 5245 5525 5888 1242
5041 863 954 4405 5284 5908 6834 6889 6994
5042 3143 2 2460 3047 5522
5043 1044 3759 4225 993 163 1172 1754
5044 2486 2184 1135 4446 5450
5045 1947 132 1705 4972 2329
5046 4774 246 996 4530 3082 4431
5047 1159 1436 1684 4212 4689 1432 3512 3687 3703
5048 1410 1631 3026 3170 1530 2759 4193 3355 3388 627 6098
5049 1791 3118 3251 3633 4418
5050 1135 1837 695 1071 1198 1954 1958 1988 2514 3126 4110
5051 4584 5670 3672 2369 4585 5456 6101
5052 2131 3030 4721 4875 4873 4965 2730 5088 3020 3655 3658 4625
5053 1081 3515 148 2756 2804 3453
5054 149 1373 2840 3396 3524 4980 5892 6175 6314
5055 3034 845 1064 4594 1015 1233 1728 2283 3457 4066 3630
5056 747 1047 2997 3876 3210 5686
5057 757 5678 4047 4483 145 2576 318 352 3012 5353 4027 6599 3099 4490 6976
5058 1617 2093 4466 1576 1867 2323 2808 2997 3545 3562 3834 5062
5059 4147 5456 6328 6150 6539 4170 138
5060 5680 3272 5687 5376 5792 6398
5061 627 651 1063 1242 1306 1392 1848 2881 2893 3356 3465 4292 4954 5118 5433 5638 6822 2807 498 5304 1044 1134 1200 1263 1755 4894 4929 5312 5478 5636 6972
5062 991 1935 2450 3964 4008 70 884 1134 1440 6075 4299
5063 627 1047 3025 3923 2199
5064 304 991 4420 1051 1189 4815 5253 2597 3591
5065 3779 3354 4046 4891 830 1973 2790
5066 893 2112 3822 3939 5232
5067 1688 880 4318 3278 5593
5068 3381 4693 2016 514 6127 1516 6539 3251 3048
5069 727 5312 4343 1631 1047 5537 5630
5070 1250 3053 185 6298 602
5071 594 3541 3560 3630 5521
5072 1850 1887 2022 2024 3095 3374 3451 4081 4841 5021 5157 5456 5558 5793
5073 3023 1106 95 2790 3607 1701 2460 4052 4749
5074 2116 1226 6089 6090 6402 4101 6747 6813 6745 1432 1450 2758 6851
5075 2090 3263 4996 5312 5548 6067 6069
5076 939 3959 5873 3891 5558
5077 3409 4027 907 3410 3584 4482 4873 3401
5078 5844 4924 1821 2657 3199
5079 1227 318 622 627 1090 1835
5080 2170 669 991 1375 2289 3713
5081 694 1500 3602 3804 1063 2031 3713 2560 2598 5582
5082 1972 3026 2929 1792 3983 3694 2533 2474 3643 3630 630
5083 3278 4335 2798 4963 420 2356 5444
5084 855 3059 5760 1373 2715 1319
5085 4559 6421 4754 1883 2432 5272 6337 6414
5086 188 1323 5378 6789 6618
5087 630 939 1037 1135 1233 3663 1851
5088 5456 1589 4458 5507 89 3632 1303 6526 6554
5089 203 579 2724 2761 6071
5090 4627 2183 1015 2572 1808 840 4942 879
5091 186 43 120 573 352 2017 5849
5092 2339 5034 5539 2971 5843
5093 2372 3766 5021 1103 1227 3789
5094 664 3416 4466 4648 4794
5095 465 991 1887 5086 5376
5096 897 1857 2742 4803 610 2592 1661 5446 6473 2294 4769
5097 151 283 313 579 3409
5098 894 966 1759 1468 2846 3108 906 2469 1432 3047 3427 3638 1184 2146
5099 6143 3586 583 1151 2931 6080
5100 452 1646 1759 1799 2220 2666
5101 2746 1044 2529 3342 610 627 1358 3981 5825 3506 1712 3929
5102 2756 4860 201 960 3410 4856
5103 5679 2631 4596 4696 5258 5379 5810
5104 1011 4994 4892 1502 2900
5105 2460 282 1598 1897 3766 2502
5106 1135 2090 3795 5376 6736
5107 3823 2748 5425 3524 3378 3082
5108 998 2861 3294 4842 4905 6267
5109 1015 1201 2236 1202 3214 3278 1107 1755 3000 1813 3853 1043 1469 1981 1982 3290
5110 998 1081 6635 6675 1730
5111 901 4111 148 1179 3372 3451 3796 3940 5027 5028 5191 5537 5599 5777 6129 6290
5112 1368 1516 2731 193 2323 3183
5113 1441 1789 2300 2847 3365 3372 3949 3950 3164 5118 4587 5392 1438 1899
5114 6148 606 3150 3928 201 6648 102
5115 735 2477 2478 4360 6267 3922 5193 6512 554
5116 3291 1192 2157 3339 3450 4740 5116 5362
5117 77 246 18 50 148 252 197 3 218 43
5118 3316 3667 3874 4012 4808 5987
5119 32 669 1368 1824 2288
5120 5809 2369 4573 5775 4712
5121 756 1677 695 899 2946
5122 304 5312 3588 5520 6233
5123 675 3263 4878 947 1004 3180 5952 6228 6479
5124 650 1138 1532 4424 5109
5125 4194 6211 4800 4734 5904
5126 366 1432 1688 2460 2689 2693 3174 3453 4464 4684 6175 6433
5127 5895 4346 4052 5861 2460 1256 5961 845 1889 3739 4194 5418
5128 1630 3866 5432 148 2569 5757 939 3877 5224
5129 6522 6664 5058 6814 6816
5130 3030 2593 3394 4212 5942 5977
5131 1636 4556 4793 5666 6208
5132 3929 595 3434 3323 1829 2095 4645
5133 796 3862 6165 2996 3753 4766
5134 178 329 1941 3269 4664
5135 486 4727 5537 2719 4752 1044 5821 6128 6204 659 6203 5729 6338 4298 3358
5136 1655 1047 5863 1044 1851
5137 3291 2873 4054 498 5530
5138 1672 3190 987 3291 6623
5139 874 5278 5663 1759 5014
5140 1194 2881 3586 3886 4048 6127 6447
5141 5242 112 782 1071 1565 1607 1622 1827 3261 3679 4851 5814
5142 783 2369 4008 3364 6180 4788 3507 4193 1655 2808 4523 1824 994 1518 1856
5143 188 249 413 428 304 1762 3239 5938
5144 5619 5759 6273 6459 6703
5145 25 1122 5879 6536 6822 6954 6986 7012
5146 1015 2439 4488 5563 5777 6050 6271 5560 6748 532 4842 6824
5147 84 197 103 22 105 477 310 417
5148 3010 3029 4759 6124 6669
5149 235 280 553 101 1129 1972
5150 1373 2857 5224 835 2581
5151 4050 1824 3263 6414 1883 2898 2949 3065 3347 5924
5152 1825 1588 1655 4712 5413
5153 2155 1363 2615 4857 5363
5154 927 1791 5148 5946 282 6033
5155 1969 782 1655 3207 4166 5312
5156 915 801 1544 4118 627 3432
5157 860 1802 660 837 3214 3758 6468
5158 889 1755 4578 3311 4543
5159 10 23 429 813 628
5160 664 1037 954 1003 659
5161 46 1159 1649 1722 4292
5162 4634 73 917 1588 1655 1853 3044 4553 4936 32 2217 3010 3413 4697 1044 1319 2718 4628 830 4813 149 567 797 832 610 2432 3370 2689 4635 1458 1194 3357 54 95 2073 4428 4260 5258 754 1116 3277 4547 483 2807 3922 5348 5422 6332 6477 6570
5163 3448 4894 3142 3059 6281
5164 4353 2242 5889 6405 6576 6969
5165 924 1677 267 2679 2718
5166 2550 5346 4901 1001 3357 3827 4929 5106 768
5167 4253 1198 3557 4318 3931 782 465 1633 3761 2636 2674 5312 1015 1864 3726 2978 1713 1887 4044 835 3362 121 245 754 5164 514 2081 3046 5263 673 1220 3184 6325 306 1013 3822 3963 6391 5228 5995
5168 2846 4089 4628 5450 6374
5169 153 250 304 197 173 689 1183 2359
5170 2897 2761 1756 6034 1442
5171 1438 2216 2249 3586 3083
5172 1063 1432 3957 4285 4520 3932
5173 1106 3583 4852 331 1778 4682
5174 4540 1720 3059 6014 7050
5175 3214 5157 1006 5664 654
5176 52 1222 2651 3342 5546
5177 1864 4977 2877 5558 6234 4233 304 516 1424 2198
5178 563 1588 3179 1687 3806 6022 1987 1187 1884 2369 2557 5873 136 629
5179 1802 3866 3929 4008 5157
5180 94 11 37 57 66 118 142 184 228 265 289 299 309 342 35
5181 2279 304 5567 4347 566 772 4076
5182 840 962 1405 1703 2589 4859
5183 4696 4842 6005 5349 5816
5184 3452 3964 961 1383 1636 1713 1987 3022 3379 3687 196 465 554 627 1165 1588 1809 1909 2270 3314 3934 4147
5185 459 782 2315 3061 3135
5186 488 5337 6299 2844 4162 1159 4212
5187 4212 648 6799 3799 5304 245 6617 5777
5188 4531 5069 2315 1981 5508 6342
5189 313 5539 4628 5917 73 5380
5190 1650 4198 4250 1233 2106 4715 5049 4573 5316 546 1433 5851
5191 3923 3050 4055 2898 493 810 2109 498 5593 1172 2541 2542 6398
5192 601 897 2222 1205 2713 2946 1929 811 1423 5627 3804
5193 999 4525 1054 80 537 5086
5194 634 1848 4198 188 5563 994 5980
5195 3015 2930 311 797 5698
5196 1714 2184 1530 6586 833 2970
5197 431 373 202 277 669
5198 498 1309 3524 4817 5450 1047 3904
5199 4817 2669 2678 917 3901 4573 4731 370
5200 323 832 1044 339 1255
5201 627 1146 1759 5278 5849 6822 6729 6226 6573 6766 6827 6904 6117 6965 6889 6890 6968 7011 6994 7039
5202 2908 1309 5357 4967 6708 5170 6908 3335
5203 3601 4031 6409 6898 6335
5204 1391 2944 2168 140 858
5205 742 5056 113 554 1588 2485 4022 4700 4590 96 2299 4260 4935
5206 646 3418 4368 4958 7050
5207 1106 1298 3389 3931 710 840
5208 485 1290 906 1432 1681 2123 407 1445 2454 334 2256
5209 1650 2038 4176 6138 3247 4402 5086 6065 797 6504 3811 5178
5210 1144 2147 5167 1 1308 1455 3486 5495 5607 3409 3665 6717
5211 603 5376 6225 4596 5456 830
5212 647 5480 3356 5527 6338
5213 2513 2969 1714 939 1719 2693 2696 4260 1759 3001 3865 4463 4370 3521 4008 5278 3607 6793
5214 2969 610 1887 149 1970 4234
5215 160 218 247 59 63 75 76 109 120 169 177 217 304 329 414 9 42 168
5216 458 5787 5849 6117 6904 6969 7023 7012
5217 772 1391 4173 3343 2535 5432 4026 4551 5558
5218 5400 3554 455 2046 647 2249
5219 4633 3192 3194 1802 6720
5220 1090 1453 899 1495 492 5949 80 185 4696
5221 6315 6637 6901 7031 6967
5222 3060 2765 3021 2668 5164
5223 1052 5694 3228 915 1765 4691 4752 5386 5946 6512
5224 1468 1465 264 1588 1742 1831 880 3368 975 1660 130 498 596 1103 1190 1701 1855 2266 4664 333 1073 1530 659 2813 4037 488 3611 4629 304 830 1694 1864 5872 5757 245 939 1844 1867 5137
5225 1006 2090 4882 4894 3869 2150 5068 830 832 4888 5865 5954 6537 2327 5091
5226 2074 2797 3530 5117 6379
5227 46 830 972 4628 5418 6211 6213 6392 4403 5746 4558
5228 1251 962 1759 2305 2732 754 4637 5738
5229 4546 4351 742 997 6267 2988 3864 939 3965
5230 3554 70 824 80 2029 238 1653 2908 5104 2054
5231 2 772 998 1887 5615 6868
5232 31 1003 1392 1815 1108 2262 1670 3366 1494 2767 5559
5233 2985 4789 6514 3988 844 54 465
5234 772 5005 6723 1844 3957 5555 6635 6804
5235 2168 4617 1070 2115 3326
5236 4667 5826 728 3554 6264
5237 754 2761 5847 4567 901 6176
5238 3514 2329 2532 4965 6126 6391 1981 5057 1328
5239 4026 3549 5982 2 1319 4692 5360 566 2109 6903
5240 1633 1855 1867 2049 3356 3362 3658 6088
5241 1473 1428 3388 6023 4799
5242 1071 1597 2460 3448 4028 4052 2299 6010 3667 401 2049
5243 1756 2702 2569 2827 3809 5056 5414 6748 3388 3956
5244 1890 6748 2761 5777 6843
5245 3451 526 2267 3890 4187
5246 177 3800 4966 5485 5756 1227
5247 991 2129 2338 3020 3183 4625 2333 2455 5215
5248 947 953 3657 4626 5954 3105
5249 1283 640 92 4419 2369 627 5493
5250 73 2103 2374 3226 3490
5251 1878 2315 924 1037 3353
5252 306 767 5176 2517 3322 5638
5253 1179 4430 5803 5904 2671 3078 3376 4905 5250 2968 5093 5537 5764 6759
5254 595 1106 2897 4452 1428
5255 321 641 1054 1598 1701 1987 2909 4546 5366
5256 1432 2481 4579 835 3173
5257 56 120 127 184 204 250 219 171 430 64 438 216 155 245 301 342 480 266 707 957 1157 606 1233 4664 1832 2347 3012 2017 3849 5116 458 5879 5097 6882 7011 6773 6969 6874
5258 4905 5849 6766 6834 6530 6531
5259 352 1077 1226 4919 5224
5260 710 1277 1517 1924 832 958 1070
5261 532 1127 1701 4010 4093 5525 6186
5262 801 1991 2803 2920 322
5263 3957 3654 3334 5086 3658 329
5264 3566 746 3294 4828 5617
5265 1756 2175 4752 5721 6279
5266 4381 4387 649 654 1242 1887 4712 1236 3589
5267 1306 1824 2032 3448 4198 4808 2491
5268 178 880 4825 3480 4965
5269 939 3362 3570 4029 4624
5270 103 309 188 239 400 317
5271 2248 4437 4900 304 2590 4945
5272 1606 529 3281 6192 6477
5273 3044 4864 3128 905 3632 5515 6148 742 1221 5809 5810 4310
5274 1780 592 5485 5530 304 1791 5756 5873 6354
5275 2732 2795 2593 2789 2790
5276 1904 659 3813 3814 3815
5277 6407 379 1135 1791 1804 5757 308 795 1198 1616 2331 4077 4435 5390 5980
5278 90 997 75 1814 4625 3180
5279 5287 1544 2626 4579 740 4427 5602 6221
5280 1047 4922 5872 304 1122 3060
5281 5242 675 1063 1306 2203 2479 3434
5282 594 1756 2560 3263 3833 1887 1965
5283 2797 3866 4351 4764 5196
5284 1953 2572 88 165 1653 3222
5285 920 1289 2040 841 3065
5286 466 1759 2323 1848 4008 1693
5287 4028 4698 6227 303 4168
5288 3618 1701 2032 3060 6373
5289 6421 1808 5599 6033 6362
5290 958 2815 1425 3036 304 2582 1690 6136
5291 4634 5598 1273 2046 2690 2839 3012 3041 3101 3263 3462 3753 4324 5271 5583 6163
5292 423 772 1237 1260 1531 2078 906 939 1690 2327 25 831 920 2116 3757
5293 2188 2450 832 4082 73 1914
5294 1330 292 353 1090 1755 1813 2369 3115 3863 5160 2646 3814
5295 284 795 4012 6093 6824
5296 352 1436 2032 316 1071 496
5297 998 5250 5711 6067 6079 4605 845 1831 2701 2823 3348 4667 4879 5191 3115 4285 5118 5862 6477 4101 6349 6913
5298 1309 4804 5518 6242 6332
5299 423 939 2667 2712 1097
5300 3365 188 1824 1865 2952 3373 4008
5301 1592 3226 1588 3964 4229 5917
5302 994 1236 1762 1826 2612 3852
5303 5020 1299 3334 1652 3115 311 5022
5304 998 1755 2028 2432 2460 2640 3295 3461 3834 4842 6359 4833 5062
5305 3219 5275 5852 6065 3181
5306 1267 3929 2807 306 5429 3183 3246 5319 5411
5307 893 2750 3386 566 3911
5308 188 1071 1872 2511 2731 2732 4202 4352 1973 3413 5540
5309 2904 1438 3486 1047 601 4724
5310 1931 3457 3806 4139 4350 4442 5678 5056 127 998 2323 5107 87 3180 4156 5446
5311 939 944 3635 1047 2672
5312 148 22 43 77 218 878 163 1423 1752 1791 3012 2017 3083 3861 4179 5089 6387 6772
5313 855 1412 1599 1960 2004 2044 2168 2944 3368 3740 4404 1107 3066 3515 5085
5314 2117 2708 1661 2041 1097 1504 4706
5315 3898 5772 784 3149 2081 3757 6073 2975 1896 6491
5316 5074 641 1016 3071 1063 3339
5317 4942 960 998 5615 742 5414 5762
5318 4344 3226 3347 5176 6156 1120
5319 80 94 211 188 334 521 958 957
5320 734 2888 3026 1233 1694
5321 2323 939 1011 2861 2447
5322 1359 2195 4905 5354 5609
5323 987 1755 2749 3957 4285
5324 383 1603 1784 2089 2252 2689 3183 3230 3262 3356 3361 3475 3685 3996 4031 4460 4482 4625 4844 5138 5146 5209 5250 6135 6225 6338 6728 6729
5325 80 301 5949 302 1123
5326 772 3234 3515 939 6441
5327 1588 3374 4097 4252 5558
5328 3298 2863 4488 145 3462 5773
5329 159 893 934 1103 1106 1466 1853 1865 1867 2323 3274 3537 5032 5979
5330 2159 2160 2161 4086 6024 6025 6026 3201 4370
5331 5787 545 1119 1791 2867
5332 994 3263 3453 5417 6635
5333 1071 3841 4767 5203 3457 2032 1825 6003 3973 6526
5334 5426 246 482 927 4999 6197
5335 1159 3357 4712 4730 5645 5873 4095
5336 331 675 991 1563 2710 4010 4285 5386 5796
5337 620 1270 4842 4883 2331
5338 188 342 413 460 310
5339 1740 3543 4285 5924 1791 2920
5340 304 1714 4117 6033 6884
5341 2760 2976 4484 5312 5480 5525 5921
5342 972 1044 2715 3400 3828 4101 5565
5343 998 3060 919 4425 2758 177
5344 1699 1706 1432 595 1214 2978 3278 1852 2069 4772 6211
5345 747 2417 4340 4437 5015 5335 1871 4602
5346 1056 1060 2479 1166 2279 3118 5484 401
5347 977 5262 897 2450 563 742 1831 1852 5661 4551 4936 5873
5348 2226 5560 2838 4175 4879 5579 6117 5017 4689 1423 3809 6835
5349 3929 954 1688 1838 1122
5350 1122 2970 6431 4359 6249 2597 3069 6433
5351 3226 4468 3521 3610 4442 4620
5352 2369 3260 3989 4238 5413 5731
5353 2976 3605 6242 304 1433 2026 1756
5354 1721 3586 1870 3688 92 3056 834 3613 698 2564 4194 1283
5355 1320 5706 349 1102 1853
5356 54 2756 5345 6512 5857
5357 2157 1648 2662 2741 1271
5358 2904 998 15 3467 2110 3343
5359 10 39 275 460 341
5360 566 1015 1172 1432 1450 1841 3512 3786 837 304 627
5361 2296 1011 1872 1733 2097
5362 3372 3692 3357 4489 4625 5905
5363 6418 4416 1309 6827 6917 998
5364 1135 2460 5530 1665 2090 3365 4521
5365 4764 1887 2511 3972 5614 4808 5048
5366 1233 5024 6490 1887 4695
5367 1905 3924 52 1263 3891 6539
5368 188 304 782 1015 1195 2145 2430 6337 5629 2032 4109
5369 3327 3554 5272 5346 886
5370 1300 523 148 1522 3000 3713
5371 282 1712 2094 2607 1532 2004
5372 3233 4662 2491 991 6209
5373 156 127 458 201 304 342 573 68 1227 380 465 1294 1242 1376
5374 452 992 1432 4008 1759 582 4567
5375 1844 3851 5757 5540 5749 2290 6323 1317 4842 6594
5376 2526 3658 3981 4046 5376
5377 5014 90 1530 4113 4167 5638 5873
5378 3717 4437 5052 5556 5389 5540 5963 2024 2877 3947 5670
5379 1831 10 389 647 1494 2723 1864 2304 5557 514 705 1301 2474 3725 4426 4894 6640
5380 659 709 1393 2072 4298 4567 3383
5381 2323 3585 2460 3060 5691 5987
5382 2066 2304 627 1453 1728
5383 3562 3896 6375 953 1074 3363 4203 3994
5384 4695 89 3627 4874 6101
5385 34 179 631 3558 6139
5386 1550 4833 4452 2032 4825 6398
5387 3860 3969 4613 6442 3152 1140 5378 6866
5388 250 404 167 460 1227 429
5389 622 4060 2242 2212 5417 458 5787 5416 5849 6729 6889 6968 7011 6969
5390 2189 3142 127 2450 391 1307 1335 1606 2384 2888 5204
5391 2466 2750 3063 3204 2090
5392 3410 6344 4246 5070 4744 6556
5393 420 1047 1071 1432 2838 3251 5537
5394 4908 5688 1431 4781 4794 5664
5395 1602 3627 5820 5983 6840 6970
5396 1303 1855 2600 4874 2535 6101
5397 3516 4052 465 530 5979
5398 2323 2569 1740 4602 5135 4740 3964 4482 3184 5376
5399 2755 4338 2585 4156 974 4902
5400 4739 634 5706 1416 3248 3515
5401 3023 3915 2250 4148 4182 5451 5625
5402 177 660 998 2323 5757 3929
5403 1227 1887 4336 5432 5796 3109
5404 352 1432 3592 4285 1540 2797 812 3737 5638 395 3776
5405 132 364 2005 2316 2932
5406 5191 836 1728 2669 6610
5407 3809 391 5784 1914 5720 850 4874 1233 6100
5408 1242 3804 2313 3783 939 1544 3145
5409 1795 1717 2678 4725 3863
5410 610 3060 3251 4097 5467 5584 5816
5411 186 553 802 1047 1142 1261 352
5412 1106 2328 1062 5376 1432 551
5413 120 569 2938 4780 5532 6619
5414 630 1887 4230 5001 5652 3448
5415 4209 1595 1706 1844 4159
5416 4193 3069 2705 2583 2723 1535 2573 2897 939 3362 3887 1813 2962 3902 4944 3401 4628 2460 304 598 3995 3214 3255 958 3257 3698 3655 1378 1544 1618 4697 3359
5417 906 939 1516 1016 2826 3047 3302 554
5418 1368 405 658 995 1038 1227 1904
5419 1227 1233 2327 478 1753 4841 5858
5420 1446 1298 420 674 2479 2625 2946 4014 5474
5421 840 927 1233 3607 3713 3794
5422 177 424 1852 2323 2460 2861 2888 6569 1432 3922 674 2749 6476 5721 5979 6465 6760
5423 352 2011 374 2415 3866 2152 3291 1159 138 3688 6366 6450
5424 4197 4471 5464 1412 3770 4551
5425 3578 1070 2750 1432 2528 907 3060 5800 54 965
5426 1056 3786 4764 530 879 1939 5417
5427 1824 5456 5577 2976 840 4442 2710 2106 1588 3662
5428 2 580 624 1577 1887 2460 2669 3766 4193 4894
5429 1161 4311 1824 3929 537 1309 763 2323 3214
5430 3534 3649 5530 5040 1956
5431 127 246 880 2250 5411 6707
5432 178 238 2775 3352 5952
5433 3183 3557 6338 3184 4787
5434 3383 3575 5556 5873 1791 5485
5435 3366 3601 4937 5224 3679
5436 492 998 188 1012 3118 3176 2759 1588 754 1200 997 1122 4491
5437 3466 6332 2626 6022 6189
5438 1116 4639 4696 1636 1665 2761 6073
5439 2460 1518 3339 1063 1255 2304
5440 1342 2090 2915 4496 6217
5441 597 1233 90 2832 363 4455 2532
5442 420 742 1622 2269 5456
5443 3678 2479 5191 5537 5979 6292
5444 1313 1140 3340 3368 6093 6451 6683 4567 5414 6073
5445 599 834 1289 1519 1735 1954 1992 1999 2477 2634 6176
5446 742 5174 5931 3630 3957 5456 1755 3610 5612
5447 2839 3453 3362 6225 2075 6279
5448 674 4238 1847 807 6180
5449 1402 5764 5932 514 6187 6264 6753 2583 5619
5450 6669 356 747 888 977 3343 5886 178 203 772 1922 4496 1778 5711 4777
5451 3039 1181 80 1110 4536 6603
5452 1106 1496 3858 3928 4014 4097 1432 2920 3059 4419 5413 90
5453 224 427 612 430 354
5454 4154 1827 4052 4850 5711
5455 4942 3757 1494 2049 3469 5149 344 674
5456 6126 1187 2114 3363 3813 5602
5457 1400 5593 5454 1829 95 4867 320 1338 3585 4027 4853 4856 5437 6635 4184 5030 5331 6139 6478 6556 6769 4744 4947
5458 4012 2369 4901 1329 980 3205
5459 707 939 991 1142 1316 2362 740 835 1430
5460 526 755 1044 2084 2327 2460 2672 3294 3957 5566 1187 1214 3512 3549
5461 633 3496 4724 3263 5809 3030 6784
5462 177 3554 1419 3489 1678 486 546 568 674 754 830 1401 3047 4551 4580 1653 659 1010
5463 754 1826 2669 3546 3612 4139 4144 4713 5133 5231 5831 1257 5579 6135
5464 4097 6460 1159 6029 3414
5465 1373 3114 3374 4842 1935 5721 6912
5466 533 1377 1628 958 1814
5467 2130 6627 4012 4675 4817 5216 5803 4412 6271 6807
5468 554 5861 1132 774 1025 1594 1929
5469 2598 5296 678 6215 2847
5470 1847 4097 4173 4696 1432 1987 2327 5149
5471 77 253 295 337 342
5472 4012 2032 4024 5003 304 1843
5473 3439 3702 3007 1192 5258 1543
5474 201 994 1798 2032 2952 5335 6402 6841 6914 6915
5475 2693 2234 3877 505 3185
5476 2740 3180 4052 1513 3251 793 2892 3115 4628 5560 283 3780
5477 3745 4587 5366 6675 6981
5478 1106 1752 4628 5329 5757
5479 3596 3949 4737 5231 754 5872 1756 3644 4000 5989
5480 3372 1759 2482 3363 3479 5939 4965 5177 6409 1881
5481 764 4093 3929 5013 2369
5482 710 1042 4335 984 2535
5483 772 1161 5419 6074 125 196 749 1519 331 595 1728 1853
5484 574 746 954 1883 6871
5485 5965 5429 3560 4750 4599 6033 2193 4842 987 514 640 6141 6294
5486 1090 939 1037 1071 1107 1432 3024 671 1211 2770 3237 1633 3817 4207 3512 3964 4208 4727 3365 235 3486 4498 6126 498 2976 6255
5487 1926 2684 2953 4615 3252
5488 942 757 2090 2897 4543 4996 6625 5442
5489 2477 3676 3761 3609 3652
5490 492 772 880 893 934 2460 2750
5491 2353 2460 4947 5312 6757
5492 81 898 4104 3550 554
5493 401 797 2560 2587 4154
5494 1701 3465 455 5742 1887 3460 2692
5495 530 1047 3184 1358 2052
5496 692 915 1233 1752 2327 2669 3353 4708 5558 6030 331 917 1432 2721 4727 5039 5555 6135 6209
5497 1813 1047 2951 3510 3965 3998
5498 1629 1958 1362 1484 3237 6703
5499 1047 4712 6535 52 1358 3353 3410 4292 5546
5500 157 972 3233 5148 1274 3746 4400 5512 960 1755 3099 1057 4256 4625 4658 6093 4587 4947
5501 188 527 2459 2643 2804 3149 3618 4211
5502 304 1044 1233 5051 5537 6324 4624 5316 6338
5503 4008 5950 4334 4521 633
5504 1159 4786 5445 6147 6167 1201 2676 5516
5505 1623 3025 998 3562 267 5239
5506 486 1106 5138 5234 6335
5507 563 1201 1335 1202 3026
5508 80 1047 924 998 304 1759 2514 98 4513 3071 3365 596 939 4619 1493 5112 5762 1793 3765 5627 5730 2598
5509 1106 2778 2129 2711 4119 3349
5510 4509 2775 4384 4839 6018 6179 190 597
5511 1385 4207 687 1236 2950 5484 6553 6723 3034 4065
5512 516 1393 1432 3020 3294
5513 1232 1338 2861 4611 5220 991 1612 1991 2512 2567 2952 3758 3890 4553
5514 555 1106 594 4344 4136 4680 5035 5258 3343 5942 5036
5515 939 1813 1998 498 840 4723
5516 203 603 1283 6283 1009 5138
5517 807 1146 2598 3222 1853
5518 517 6677 6226 6921 7008 7045
5519 1047 2022 3226 3566 5902 2116 6441 972 1044 4794 5191 4685 4754 598 746 1428 3179 4488 5862 6375 830 2288 5769 6855 6897 6728 1929 7036
5520 5714 1791 1852 5456 987
5521 5946 883 4008 1513 2775 3400 6292
5522 149 939 1777 2838 3757 1044
5523 509 366 579 837 998 2337 2460 939 1233 2221 147 185 2168 3215 3254 3343 4124 6358 5634
5524 4890 1415 2801 1588 122 1855 5818 6686 2678 1424 4298 2546 6719
5525 3821 4306 73 578 1214 3214 5256 2220
5526 779 4006 120 5338 5092 5667 6408 6407 5879 6538 6663 6812 6872 6875 6980 6773 7022 6969 7015
5527 1204 2798 3044 3220 1712 1047 1178 884 2445 4021 1433 2678 1887 539 1815 2095 3396 893 6135
5528 43 1095 1832 2318 2347 2636 2017 807 548 3890 3413 5873 5809 5787 5416 5849 6789 6819 6904 6996 7022 6801
5529 3617 781 4205 820 1211 3468 3660 4307 6386
5530 795 865 2076 2415 3714 5328 2300 5627 188
5531 381 382 383 704 832
5532 1242 1402 2332 304 3667 1146 447 4317 5887 4734
5533 974 1496 6010 3445 853
5534 2893 2365 4285 1755 4521 6170
5535 1250 3661 5257 872 4977 1912 2184 4065 545 1588 3667 3758 3928 203 2724 1844 2946 3525 5757 835 6127
5536 733 2460 2621 4882 4567 5636 3050 3258
5537 2112 2032 4611 1544 2479
5538 2583 1179 1470 1544 1973 3343 3698
5539 1125 1924 773 3694 1021 1438 3773 401
5540 582 1122 1455 1586 3772 4097 1746 4412
5541 1588 1855 2327 4139 4370
5542 1131 1233 2751 2760 2976 3505 3813 4632 5399 6299 4690 5839 6242 6580
5543 1779 1861 2319 149 3030 2450
5544 4311 4710 5015 5480 1511 3185 3369 4624 5527 5877 6075 1371 2265 5231 5335 5516
5545 1106 304 1125 1832 1658 3359
5546 5304 5305 5306 6701 6741
5547 1494 4139 1701 209 3981 6279 4648
5548 2327 1013 2601 5036 3851 6245
5549 420 1047 938 535 1016 2420 1765 6868
5550 3291 4344 5583 6344 6539 6929
5551 3537 2513 5858 6107 3363 4439 4899 675 801 3813 2632 2970 5546 6265
5552 893 2084 4193 4253 4858 3142 5413
5553 2377 553 2105 2364 3308 3044 3896 790 1025
5554 447 412 440 1190 352 19 3845 26 551 4664 54 1072 1030 539 1053 803 186 1718 335 1967 2601 3391 6601 1424 6673 6766 6834 3306
5555 1486 386 2808 3967 2712 3007 3569 3474 163 850 2446
5556 3180 1518 3098 3301 5508
5557 2232 2162 3121 941 6257
5558 627 3949 1328 3118 401 3090
5559 3790 1227 3833 5986 5844
5560 2460 4922 5176 5335 5456
5561 5824 6093 6136 6345 401 3034 4856 5531 5551
5562 4383 1391 3834 4089 267
5563 765 956 2821 2528 5691
5564 6858 2852 3194 6850 3054
5565 4545 3491 2479 1432 5784 987 1635 5930 6012 5413 5760 6001
5566 1780 3030 3339 3544 3929 4768 3278 3965 5894 1240
5567 3365 3929 5325 1432 2988 4012 4672 4759 6580 2123 6358 122 4227 4298 4925 2288 6398 4257 6349 567
5568 1991 2429 3671 3698 831 4631
5569 1432 1701 5149 5303 4551 5537
5570 177 2450 3466 4285 4727
5571 795 1071 1504 3555 4769 474 4316 2909 3018 2112 4564 6580 2863 850
5572 1516 4689 5937 424 2091
5573 580 3549 4147 6306 569
5574 659 778 1337 5802 5895 6273 3586 4901 1218
5575 5849 6594 6729 6766 6530
5576 3084 6070 2773 6165 6410 6490 6663 603 1981 2095 6934 6941
5577 3564 2843 2415 320 5640
5578 4353 352 2193 5384 5396 5821
5579 956 1672 138 1078 3745
5580 958 209 1887 2460 2466 2553 3581 3843 4460 4657 1653
5581 998 1809 996 2510 3333 452 647 5456 529 691 420 3991 1044 6766 6058
5582 118 167 188 429 185
5583 366 527 6358 3226 5975
5584 1232 2861 3653 4462 95
5585 5587 4905 5311 5529 5811 772 630 2090 4008 5056 1079 1864 2026 5985 6348 991 3359 5501 124 4787 5884 6490
5586 2952 3472 3965 3966 4592 4652 4794 4943 2846 3950 580 3867 282 1544 4759 5104 5666 1880 2259 387 675
5587 1297 2454 2473 3929 5198 896 832
5588 1056 1791 459 5283 4863 4873 5480 4905 3831 5375 5982 6275 6364 6323 6350 4488 6527 4298 5410 6822 6766 6811 6827 6838 6893 6733 6965 6523 6872 6957 6969 7024 7031 6920 6925
5589 3232 4189 5913 4067 837 1037
5590 5400 4185 996 1471 2031 3502 4048 5138 5888
5591 167 812 3981 5263 5469
5592 2951 5510 5967 6390 2193
5593 1117 670 1253 1703 5009 2689 2696 917 918 920 761 1227 1569 2693 1426 58 1940 679 2187 3291 2152 1499 1530 2235 6282 1321
5594 133 191 5215 1161 5809 2184 129 2350
5595 1385 2874 4176 4578 5680 6050 6722 6724
5596 458 706 1202 1207 2433 4008 4329 1480 4480 5928 1706 3561 3795 6850 4815 2535
5597 954 2460 4097 5476 2537 1047 2047 1423 3343 3411
5598 2775 1843 2091 2947 670 1135 1847
5599 1544 2460 4628 5903 4573 2369
5600 2378 5021 5103 5386 5389 563 2775 3226 3251 3453 5138 5376
5601 1588 1853 2901 5131 6354
5602 318 840 2846 3410 4889 5243
5603 268 279 689 898 965
5604 1529 2242 4430 6179 1867
5605 179 1047 1808 2841 6636
5606 354 383 381 3587 3862
5607 1553 6019 177 1867 1098 2116
5608 2882 3849 4164 5849 6958 6938
5609 379 2759 1463 2328 4506 2593 567 647 1467 1645 2186 2340 2659 2830 3263 3392 3813 4012 4256 4324 4838 5904 865 1233 2450
5610 630 2090 2594 5104 5929
5611 553 3678 4841 5581 5667 1428
5612 45 482 1824 2323 5074 3315 3947 4894 5494 6035 1701 1063 304 1755
5613 566 2861 2117 3214 4154 728
5614 1015 1016 1117 2318 444 3084 2073 3931 5417 5508 3849 2242 6360 6578 459 6539 6536 6633 6594 6805 6872 6946 6968 7023 7026 6775 6969 6936 7012 7032 6801
5615 383 991 1599 2880 772
5616 1741 3365 3400 4008 4125 4176 5412 5451 5976 6167 6268 6451
5617 1381 1759 2350 3419 3448 3610 4052 5950
5618 1501 2770 2799 1899 2158 84 2887 2045 2782 3068 5676 2270 5362 3713
5619 1233 1507 1759 2180 2184 2273 2517 2823
5620 4561 2090 4447 2833 401
5621 1135 1159 1653 2106 3059 4789 5530 6270 6624 6684
5622 630 675 5314 5474 5820 6135 6818 3938 2032 4817 6864 2052 6779 455 1263 5138 3310
5623 921 3182 2158 2472 2715 2774 2294
5624 4198 5587 4337 6381 1385 4792 6028 6356
5625 1588 1131 1616 1494 551 638 2650 3302 5550
5626 611 1070 2193 3059 4423
5627 3069 2881 5413 5638 5979 6170
5628 2090 5157 1578 2689 4482 5935 905 6549
5629 17 445 2650 812 1869
5630 991 1364 1796 2041 2698 627
5631 5627 647 939 1480 1844 2313 2692 2711 5495
5632 1567 1756 3515 5502 1852
5633 1598 5520 996 2597 5606 4456 5429 5584 6323
5634 1958 5640 2750 288 3477 2327 6096 5659
5635 880 3326 1394 3312 4712
5636 5224 491 559 1097 1060
5637 2226 3204 3410 4694 5814 6412 1899 5784
5638 6692 939 4936 274 2129 3132
5639 939 991 2338 2805 4595 6694
5640 304 401 1358 5130 1636
5641 917 2242 3630 4485 4331 185 3929 6430 1706
5642 619 742 219 2000 2195 1321
5643 78 906 1082 679 3981
5644 3950 2464 4193 5191 6129
5645 5193 5456 843 4351 4905 4909 5809 6469
5646 454 4422 514 2598 245
5647 2460 1172 4680 2950 1044 3855 5757 797 6448
5648 10 304 342 482 685
5649 954 1207 2897 2976 5195 5312 5979 6937 6963
5650 2557 3737 4952 6281 3193
5651 4842 4991 4008 6184 6205
5652 810 1793 2193 3226 3327 4458
5653 3109 4117 1897 648 1464 1728
5654 167 197 198 301 429 460
5655 1815 2409 2966 3515 5230 5632 6280 1740 2284 344 1047 1589
5656 3929 4411 2807 4540 627
5657 4245 333 670 1385 3032
5658 1973 2840 3947 4640 6177 6875
5659 2242 3642 6807 73 5756 6686
5660 2750 4496 167 1432 2569
5661 2116 4376 6368 3347 5376 5312
5662 531 1815 2792 2839 2960 3446
5663 732 2123 603 832 1981
5664 5667 483 1633 3677 370 2920
5665 1891 3277 3342 4536 5581 5921 6962 6564
5666 1455 492 1638 2184 1162 554 2460 1373 5146 2502 1530 3388
5667 1117 1387 742 1994 2132 2265 616 3474 2073 1981
5668 2126 1078 89 1319 2608 2969 3364 5638 1044 1135 1211 1417 3060
5669 917 2715 3627 4097 6375
5670 2185 2332 2970 3450 465
5671 459 2242 6523 6907 7024 7023 7011 6994
5672 627 3700 4696 2460 2904 3342 4922
5673 2420 2144 2287 1106 2801 939 3149
5674 4342 5226 1547 3255 939 1544 5667 2903 3145 5003 5617 3707 5543
5675 1530 1673 284 4827 4828 4416 5617 976 830 2249 2369 2657
5676 46 661 2195 2416 2846 3060 4560
5677 879 3142 4823 5191 5517 6073 6129
5678 454 667 1103 2377 3197 4389 4696 4886 4986 2273 2435 2460 2535 4402 6126
5679 10 42 77 90 94
5680 1759 159 595 646 691 1161 2432 4850 5386 5389 5558 6129 6163 6418 6766 1455 5220 1135 1887
5681 2450 2460 3032 3353 3448 4383 4739 1292 4524 1497 1704 4997
5682 5325 458 932 1467 1536 1538 2107 2112 2450 2573 3448 3635 4008 4429 5045 6498 5914 1779 3278 343 5630
5683 926 4198 5979 5985 6135 2565
5684 167 1804 3278 4730 4842 5258 5275 630 1135 2106 2946 4067 5607
5685 976 2167 1555 2162 4852 2592 3761 1729 5736 3608 4058 4920
5686 2527 1787 2760 5355 2405 5232
5687 3481 4324 3656 3263 5486
5688 1060 3080 3174 3175 1588 4801 997
5689 1438 5999 3856 4667 6699
5690 1432 2375 4689 6435 3183 6691
5691 1480 1759 3537 3940 5395 5632
5692 1714 934 1637 1728 1778 2758 3896 4192 4605 6010 6117 641 5169 6403
5693 907 3519 924 2172 939 4438 2535 965
5694 1516 2160 4605 3450 5979 6015
5695 546 824 5168 3481 4194 812 4159 4929 6294
5696 906 2327 2718 2593 3277
5697 2021 797 2978 1385 1471 1683 2369 3048 3263 4697 5224 3768
5698 2235 4573 4575 4585 4482
5699 1219 2775 3256 4008 6618 1638
5700 3467 5243 2348 934 6667
5701 662 2365 2460 4012 6093 4880 4269 930
5702 2092 1009 3294 2838 6323 5088
5703 1201 1836 1998 3084 3243 3783 6277
5704 879 1048 401 976 1023 3134
5705 1575 2070 3626 3638 1107
5706 208 279 326 10 11 1227 68 117 1153
5707 1071 3365 5045 5941 6030 6713
5708 2846 3964 4207 4208 4922
5709 3061 3780 1907 5317 6711
5710 939 2962 3030 4553 6570 6757
5711 188 281 186 183 289
5712 1323 1728 4791 5470 6253
5713 1883 2253 2426 3306 3830 4198 4842 1134 3066 5775 6480 4555 6291
5714 4616 5506 5652 4940 445 812 1445
5715 3358 5534 5796 3573 4267
5716 1394 2962 3186 3339 3410 3310
5717 1740 2146 1598 610 603 1544 1714 2460 546
5718 370 3867 5417 5738 6089
5719 747 1988 2046 6131 6222 2605 5537 1331 4052 4664 267 4376
5720 939 1103 2327 6241 2976 3343 2313
5721 191 845 939 1740 3662 3663 4236 5757 5906 6136
5722 4117 3729 5778 4839 5357 2046 2374 4442 4618 5044 972 6321
5723 3806 5104 2551 5133 519 4963
5724 826 1544 2065 2773 3383 3713 3901 4573 5112 5394 633 1756 3088 4879 825 2513 4201
5725 2466 3339 1368 1714 3242 333 1227 832 2133 754 1207 1747 797 1044 177 3278
5726 1106 645 1759 3180 4760
5727 1956 3548 3819 4249 1990
5728 4024 742 906 992 979 4187 5401
5729 954 3928 95 1588 3686 3790
5730 3945 4197 4429 4471 3764
5731 1388 3022 1525 3194 3804 1171 4117 5769 1494 2765 3052 3368
5732 1765 2090 2353 2914 3515 3679 2093 6777 2166 2981 6177
5733 537 2479 2838 3012 6093 4268 5851 401
5734 1791 671 3099 3369 2200 322 1588 445 6379
5735 1554 3199 4355 6296 2598 3655
5736 6287 4853 4878 226 6464 6643
5737 2315 1728 1739 1387 1714 2574 917 907 1805 267 2327 1015 745 3687 304 2059 2698 1084
5738 1315 3217 6727 321 2718 4141 4631 6953
5739 10 38 1081 2184 5481
5740 4821 735 482 2323 3214 5345 567 3046 5080 5081 3372
5741 960 3560 1796 1233 976 1496 3138 4363 2193 992 4490 3964 4844 4759 524 686 1044 3240 2535 1003 1530
5742 2779 3066 6295 4510 4996 6203 3479
5743 2476 2478 3193 6178 6115
5744 917 3281 4108 3548 3077 293 880 4542
5745 482 4194 1415 5895 2090 5019 4894
5746 2515 364 3520 5598 5827 34 1283 1835 3929 5456 5503 2323 4282 5963 1530 5873 6088 6471
5747 1739 1748 3716 4760 1588
5748 1813 1987 2806 3665 824 3799 5324 2341 4201 4572 1465
5749 1518 1847 1864 2372 4120 5044 109 1328 5412 5626
5750 648 756 937 2477 579
5751 1120 3225 3676 866 4412 1801
5752 177 4779 4039 4169 5873 2546
5753 1392 1373 5558 1643 5703 6011 5852
5754 1759 4340 4467 4751 5220
5755 3713 2027 1122 5475 2323 2756 3877
5756 306 1320 2207 3394 4317 5772
5757 140 193 469 549 1326 1915 2266 137 209 628 832 987 1034 1452 525 2276 1747 1328 4227 274
5758 4750 5425 1929 2533 972 3099 4369 583 1539 5459 6012 6099 6610
5759 852 3856 3874 3891 5079 1851 2183
5760 5517 2376 3521 4485 1044 1589 5525 6348
5761 1357 80 954 1505 3687
5762 625 840 2818 2836 3457 3872
5763 1959 4032 4557 5344 5185 267 6721
5764 39 411 496 1871 1637 633 1618 1931 78 2788 2200 2275 1635 2644 3382 442 840 867 1981 2164 3912 2027 534 2219 566 2035 770 3834 6202 1456
5765 303 1601 1920 2232 4229 4941 5264 61 3614
5766 6393 4549 441 4965 2450
5767 1065 3322 2298 3794 1893 1663 3126
5768 742 2201 1504 3957 4971
5769 2460 3251 6337 3378 3758 917 6179
5770 3316 3413 797 1908 3359 3437 3941
5771 2659 660 4062 441 313
5772 266 1227 342 2777 3149 5119
5773 3057 6977 893 1633 3964 5217 5256 800 5502
5774 646 2702 3809 3961 4850
5775 34 188 465 879 887 1909 4374 4515 3032 2874
5776 2840 883 1598 2377 3719
5777 10 103 188 42 1161 1790 2147 2516 3284 3485
5778 6992 580 1851 6135 5312 465 1432
5779 4551 939 1494 6129 595 3783 5366 6477 6479
5780 486 4625 5587 6206 1007 4476
5781 627 1480 2618 4285 1058 4523 3348
5782 201 1792 2242 2511 3018 3627 5866 6660 2793 2794 4631 4768 4947 6556 1815 2644 917 2160 6578 579 1755 3409 4072
5783 1831 5812 5787 6790 6980 7041
5784 2094 3065 3778 4083 3184 4956 4611 5247 5697 5747 2084 196 1078 1875 122 953
5785 582 627 873 893 1044 1071 1200 3516 3891 4193 4935 5072 5113 5279 5480 5811
5786 498 1740 1636 5638 5508
5787 2838 4816 912 1373 1583 4922
5788 528 676 2156 2157 2159 2178 334 3450 304 2176 2593
5789 191 4012 4689 4697 5558 939 5052
5790 1672 2187 4292 4956 2507 1053
5791 832 850 972 1044 1200 3710 5537
5792 1044 1373 3365 4285 5537
5793 2211 2323 2485 3822 4789 1037
5794 4114 1887 2329 4879 1517 2833 6204 566 3143 3366 4012 4894 5335 6463 1935 5049 6593 2831 2692 6978 567 840 5666 6461
5795 3896 5757 323 939 1389
5796 3358 3410 4295 4883 1178
5797 482 574 2323 5502 4240 178 2300 2679 3957 784 1161 2756 5413 2193
5798 140 391 710 4804 6225
5799 832 1483 4368 5346 5997 6265
5800 2313 537 1202 539 778 1438 3866 5933 5378
5801 1765 1956 5450 315 459 994 3226
5802 1328 2565 3543 6288 701 1242 3059
5803 4102 4727 5039 5985 797 6109
5804 3066 4413 3394 3348 3707
5805 15 784 884 2608 3845 4712 5400 54 396 5771 2938
5806 3805 1752 4017 1814 3194 3343 3357
5807 31 756 1103 2112 3690 6284
5808 61 960 1158 1485 2826 1071 2545 2750 3234 3929
5809 4703 1544 3339 3047 3472 3611 4185 4985 6180
5810 1909 2049 2545 3365 5386
5811 1 3409 5071 5157 5524
5812 4696 1622 3962 2572 2540 797 1745 6126 185 1432 2663 3060 3278 4697 5387 6506 6749 2477
5813 1554 4046 4385 2593 3409 3383
5814 934 3841 1670 3876 523 4139 4187 2756
5815 1070 2583 4089 1752 2560 4412
5816 1452 962 2803 972 3122 58 3890 939
5817 969 80 628 925 1059 313
5818 4012 5537 167 1881 4697
5819 65 224 90 24 305
5820 627 2452 5348 185 5485 2762
5821 1097 4346 516 2193 5524 5526
5822 3056 4212 4294 772 6337
5823 2158 2880 3514 2958 321
5824 3205 4210 370 1761 3059
5825 2976 3410 1273 1504 1544 2096 2109 2158 2193 2412 2960 3030 3032 3342 3347 3631 3756 3789 3866 3881 4046 4185 4567 4744 4840 4879 5012 5030 5224 5331 5517 5520 5583 5727 6091 6332 6552 1494 3440 5258 1973
5826 1299 610 2502 203 3121
5827 2450 3294 991 2756 4008 5861 3030 4276
5828 3676 4782 5589 5645 5433
5829 5810 5809 2569 4219 5456 6445 6389
5830 3409 1313 5257 2852 1563 5667 3839 3790
5831 205 1002 1424 5322 6118
5832 1809 1811 2825 55 621 699 2004
5833 1524 4343 282 1135 1242 2823 3758 3922 2858 304
5834 2184 89 4523 6170 6539 754
5835 3905 5417 405 1207 304
5836 727 4352 2904 4209 3459 4809
5837 989 1522 2088 2409 3765 3521 4689 5168 5875 6501
5838 44 291 175 429 460 458
5839 772 3358 5157 5312 448 498
5840 1688 2666 917 2327 2674 955 1760 4852 4404 5756 3921 4025 4882 2546
5841 60 185 2876 3813 770
5842 934 3226 3294 4042 4376 5049 4228 5552
5843 3342 4068 4565 2085 850 3764 4929 5573
5844 2968 5180 1032 1415 1263 1672 1759 1847 1922 2479 2535 2951 3343 3365 3878 5279 523 6100 2666 3594
5845 1568 2775 3783 4701 5352 455 1752 5047 5978
5846 4820 482 1350 148 179 1242 3065 3506
5847 939 1304 2146 5436 46 401 2985 3343 5308 6279
5848 6134 2913 3866 2871 5222 5484 4764
5849 840 849 3294 5197 5978 235 709 3590 4212 5371
5850 952 2138 6376 6377 6656
5851 939 3783 2510 3347 2792 388 4185 4981 3162
5852 1653 148 581 3929 4941 4951 5979 840 2184 1847 5376
5853 418 986 713 2970 12
5854 1844 2861 2951 3387 4198 5453 5946 4229 4777 5707
5855 4297 567 1309 1446 1815 2592 5302
5856 1987 4814 5240 5456 3923
5857 97 415 290 309 325 342
5858 3891 2184 3142 4858 3693 4777 4794 2946 4800 2904 5151
5859 2514 3654 3680 4922 5282 5581 5667 6175 1285 1391 1549 4956 6505 797 3184 6448 6497 861 4298 5653 5747 1848 4360
5860 498 1063 4496 4605 4966 1056 3897 4262 887 927 1765 5074 5838 1233 2807 5422 2299
5861 2280 3286 907 2830 5278 6126 6608
5862 4879 3248 6332 6822 2575
5863 792 2179 2232 3365 4318 5845 540 3049 4136 4889 5239 641 961 3923 4466 445 1063 4936
5864 455 1843 2122 4399 4628 482
5865 2765 1505 3244 3287 1358 4212 1530
5866 3410 3589 5098 5103 3261 4416 4312 4324 5041 2838 3022 3453 2816 3993 6386 1533 1887 5617 1107 3339 660 1446 6659
5867 2117 4564 5412 1759 1901 1134 4178 6428 6543 4177 4322 810 4156 5488 5530
5868 2593 3263 3274 840 1016 1112 1416 1517 2238 2323 2765 3448 513 1170 1815 2160 2909 2955 3183 3592
5869 2277 4419 6008 2618 3194 4232
5870 431 68 899 4664 589 1547 2319
5871 4697 762 1037 1063 1791 2203 2474 3263 3449 4931
5872 1191 1201 1499 1798 4330
5873 459 458 2212 5417 6812 6960 6889 6968 7012
5874 2987 2237 3632 1363 3372 4260 4011
5875 563 2376 3453 4611 4823 3144 1222
5876 3343 4567 5964 4625 5630
5877 1023 304 2409 3238 1428
5878 84 1365 2361 5451 5537
5879 994 1135 2966 4008 6350
5880 2154 2162 2299 854 1402 6540
5881 70 726 784 896 3251 3547
5882 3402 1655 2106 3214 5157
5883 563 595 2756 3111 4262 4640 233 486 4952 4097 514 917 1233 3077 5259 4230 1339 1917 3184 4573 5138 5624 5954 830 1263 1887 2792 4257 6386 6473
5884 2116 2710 2732 4072 5372
5885 5905 2460 2750 3030 4008
5886 1692 2260 3948 4097 4748 2718 5630
5887 773 1633 2756 3508 6280
5888 830 832 1044 3365 4794
5889 5470 5477 5666 6062 6489 6723 1544 3957 318 1219 4808 5159 554 6565 4152 545 2210 5054 6356 3453 5051 5448 6237 4469 6914 4485 4551 2115 3378 4889 5873 6884 6537 4527 4750 3435 670 6210 6382
5890 10 736 3746 2663 2909 3656 2535
5891 482 998 2732 3866 4764
5892 212 246 460 289 377 118
5893 4198 4879 1723 1844 2904 3586 5706
5894 514 1417 6273 3929 6619 3326 5851 5948 6001
5895 148 1714 3182 3410 3858 4878
5896 1899 4255 5302 876 5740 6427 3483
5897 2323 5481 6190 2952 6113 321 1149 1885 1779 5135 6302 6602 3516
5898 1809 4506 4204 5223 5626 6206 6163
5899 420 245 399 400 417 460 120
5900 1991 2833 4873 6405 5849 6965 7033
5901 3360 109 120 5417 5809 3931 857 370 401 6729 5559 5408 6117 6947 6874 6979 6999
5902 482 1135 1843 1848 3429 3859 4005 998 1701 1759 1954 2513 3610 1791 2486 4008 4156
5903 2123 1791 2948 846 1499 2539 6222
5904 306 1361 6085 6105 6574
5905 820 1652 4625 5762 6503
5906 3059 4013 817 304 4724 4814 652 4212 1303 1343 2454 2293 3521 5638 6270 6504 5711
5907 1107 50 828 1151 2976 4851 2881 5118 1459
5908 167 1836 2750 4352 4744 833 4229
5909 5786 3399 5328 5904 6306 6290 2237 3020
5910 927 3304 1063 36 554 1786 2635 3687 5239
5911 2592 691 797 1135 1263 3554 3872 4046 4489 5530
5912 789 962 2514 797 970 1393
5913 4760 1170 1190 2491 3858 3923 5872
5914 2907 5666 1116 6676 754 1373 2758 3809 4215 4300 5176 5221 5979 1759 5003 6382 7027
5915 1414 5569 641 2184 2936 4352
5916 2188 4094 4851 964 1147
5917 994 4024 4648 5413 2052
5918 271 627 837 1544 2327 1655 5768
5919 434 999 454 4352 1713 6267
5920 169 675 31 420 4260 1618
5921 3467 3183 1057 2838 673 4398 4437 4452
5922 709 80 1863 5134 6539 6360
5923 302 347 224 312 219 337 4548
5924 282 641 1878 2765 2861 3448 4041 4378 2032 4816 3929 2792 4647 3367 5363 5421 5422 3059 3184 4448 52 4938 6221 581 3745 6681
5925 2146 5718 939 3448 4216 6597 6858
5926 3065 487 1755 2838 5346 1483 5164
5927 3822 1759 2329 5429 2723
5928 954 998 5431 6135 6143
5929 188 492 1688 1759 2184 2240 2758 906 3027 3171 3500
5930 4805 1713 6142 4757 4257
5931 318 420 3561 4808 4969 687 1391
5932 5101 906 917 1529 516 89 797
5933 630 2090 5197 1633 2449
5934 630 1217 1427 1633 4446 6437
5935 627 861 6655 824 4587
5936 3071 4201 4229 5907 2050 2829 6105 4680 6503 201
5937 2945 3517 5114 5215 5862
5938 1430 917 919 920 921
5939 3543 5691 6943 6945 6951
5940 1526 3001 3948 963 4166
5941 627 1400 864 1364 2747 426
5942 1138 1851 1929 4298 1227 897 2900 5362
5943 5443 5827 5230 5392 5814 6603 2593 3409 5312 793 2032
5944 1299 4285 1432 5485 2385
5945 1804 3180 939 5849 6543
5946 1808 3214 3584 582 1516 304 495 1385 2199 2678 4089 2639
5947 957 1762 365 1543 828 6799
5948 2040 3988 1918 1716 3841
5949 3527 1653 2691 2692 88 6603 1200
5950 4000 1597 3554 5118 3060
5951 127 2479 3059 3365 5111
5952 2946 3761 745 2740 754 4695 5113 4113
5953 3410 2740 2750 1191 2594 4334 4769 2065 5138 4580
5954 2106 2952 3030 5138 984 1032 4750 6281
5955 3076 4475 845 4285 6167
5956 1885 5416 5297 1285 1359 5293
5957 5524 5525 2124 5527 5537 5249 5759 6580 346 2949 2976 5176 5379 5386 5389 5563 6826 6974
5958 1222 1728 4245 2535 4636
5959 939 1719 3866 1819 4806 5376
5960 2193 4089 5109 5525 5633
5961 2452 1200 2146 2572 1328
5962 1631 1973 5449 6191 3940 4930 5346 446 581
5963 760 761 3113 1887 2288 4659 5456 5984
5964 3544 5021 5397 3226 5422
5965 830 1044 3044 6582 5413
5966 3383 2007 2377 3719 2746 986 6128 4470 1263 6766
5967 185 802 919 1015 2046 3402 4095 6037 3973 6273 3607 6160 5120
5968 2251 772 1016 1112 1217
5969 1867 1920 4021 4230 592 6448
5970 3548 465 5224 4929 3782 1142
5971 465 1161 4329 4179 5485
5972 117 250 275 413 404
5973 830 2416 3180 3586 4628 4909 3685 3059 2541 4573
5974 11 1486 2425 2479 3461 3822 4592 2047 807 4141
5975 2904 4028 3801 110 5511 2680
5976 2112 200 459 496 998 2500 5376
5977 772 1791 2240 3505 5021 6332 4825 3144 4624 5519 4481 4340 5579
5978 1364 4528 4581 4788 4657
5979 1544 1622 2760 2027 1714 917 2148 4350 3632 1314 1655 4193 5229 907
5980 4164 2123 3004 3881 2304 4146
5981 5691 2432 2992 2995 1837 4378 4467 5481 5832 6050 6203 6381 5803 3515 5110 6684 2219 3695 5945 5959 6354 2075 2676 4750 4097 6715 4058 4081 2561
5982 80 603 4842 5168 964
5983 2048 2690 3739 304 2344 2838 4364 6550 5051 602 1191 6525
5984 3901 4751 3410 6135 3208
5985 54 807 1103 1567 3370 4577 4786
5986 5456 4217 246 1815 4404 4723
5987 4087 1636 5575 6062 5116 5666 5432 5433 939 1631 5855 6142
5988 4336 6483 641 3347 6633
5989 3369 4995 4976 5118 5593 6787
5990 6264 6745 6969 7023 7026
5991 1790 2460 2960 927 954 1709 1233
5992 1047 4010 1425 2479 4979 5963 1561
5993 441 634 1011 1791 2420 2600 3315 4049 4176 6198 6707
5994 401 4419 5954 194 274 2680 4816
5995 177 1813 6049 6335 6839
5996 1222 4307 4367 5743 6543
5997 5138 2756 992 6321 6323 6881
5998 429 501 265 458 188
5999 109 291 111 295 622 46 143 246 438
6000 39 299 81 97 301
6001 5020 4710 5524 1534 5551
6002 178 482 2952 3505 3610 3611 4374 4379 4800 4908 5278 5285 5756 6115 2193 4479 4659 5979 1103 5630
6003 1575 3182 3409 3339 2592 4556 6077
6004 1025 3957 486 591 1003 1759 2004 4308 4789 5666 5310
6005 113 165 968 1197 3845
6006 710 498 2113 3615 3515 283 5489 1530 1868 770 2383 3256 3621
6007 2264 3006 3502 4661 6390 6603 6724 6445 6484 670 5345 6497 2775 5442
6008 2027 121 3365 3699 4654
6009 509 4096 1703 4842 4454 1821 3184 6989
6010 1116 1544 2538 3726 5078 742 1047 1172 3263
6011 2044 3410 3782 465 3194 3783 4400 1494 1701 2251 2792 3894 4762 3401 3809 6029 2130 2839 2909 4246 4324 6024 1071
6012 2237 4785 5948 3066 3343
6013 454 1103 1791 2377 2756 4504 5223 2881
6014 10 188 202 204 481 436
6015 1759 4808 335 466 1575 1824 1853 2027 2099 2103 2323 2601 2945 3065 3765 4201 4318 4770 5386 5482 6136
6016 2989 2327 6461 6100 835 1621 4229 5812 5873 6931
6017 177 3783 4878 5331 5513 6268 2743 3929 6676
6018 188 1650 3692 6105 6672
6019 2513 2020 1040 1699 2094 2336 4997
6020 3929 288 1701 1867 4052
6021 177 595 1110 1177 2008 2479 3214 5077
6022 3031 601 3917 588 3877 3636 3663 4286 882 5104
6023 178 465 2393 2466 3616 5678 5814
6024 3451 5890 3142 595 4967 3809 2024 1522 1759 2988
6025 610 2838 3076 4936 203 4283
6026 998 1095 1720 1811 2184 4044
6027 2511 2284 3294 4804 6487 6466 5135 5493
6028 1702 1741 2324 3030 5502 6390 6579 2669
6029 690 876 1917 494 3275 2463
6030 465 6674 67 1200 2894 2915 3101 5535 3943
6031 3453 6141 6760 6970 974
6032 761 54 517 2806 3687
6033 1438 3574 4879 5051 6766 4894
6034 2750 73 1507 1536 2168 2721 4419 4468 4844 5094 1998 549 1481 1755 5782 842 3351 4922
6035 2897 1373 3372 5021 6181
6036 224 188 342 309 250
6037 145 2452 3030 3263 6579
6038 1497 4997 6264 6490 5116 4664 4842 5168 897
6039 78 201 793 3406 3515 3536 1720 3264
6040 5680 1198 2349 5534 6423 3834 4300
6041 790 3071 4068 2738 2593 3710 4007 1881 703 1681
6042 246 4040 5015 6291 6891
6043 3949 4599 3214 466 5056
6044 5217 3694 4008 5056 954 5326 625 1920 3943 4519 80 4226 178
6045 1712 2122 2447 2635 1319 1713 2827 3357 1982
6046 2852 1847 3214 6447 6519
6047 52 63 95 177 1659 4664
6048 566 2265 2323 1423 3776 1107 4035 5634
6049 487 1759 2160 3030 3401 4200 4385 1521 1026 6360
6050 893 555 1898 2276 1402 2244 4331 3383 6491
6051 939 1112 2517 5230 5
6052 1273 3835 5556 5357 1432 3834
6053 3277 4655 479 6211 6213 6214 6520
6054 1595 4168 4883 304 830 1011 3060 3074 3506
6055 1376 743 951 1242 5800
6056 1508 3270 3308 2106 3611
6057 6310 1740 3183 5093 5138 4567 5558 567 4551 4452 6449
6058 245 3278 4237 4035 4842 770
6059 3566 4061 5216 5521 6177 6445 6211 6213 6438
6060 4943 4781 5617 185 3310 4581
6061 1544 3409 2462 2669 5574
6062 2884 3320 4323 4842 306 4643 4646 4573
6063 127 1106 2792 2961 2997 2112 4573 3090 138 2560 5189 5373 5873 1283 1717 3621 454 1779
6064 4496 5961 6137 163 5443 90 1063 1071 2027 3715 6915 7049
6065 939 2075 3078 2674 4419
6066 1359 80 1301 1855 3342 712 1288
6067 1849 4488 4941 5086 6594
6068 4691 5826 6042 5039 6313 6493
6069 772 1298 2900 4095 1526 3758 974 2723 2168
6070 245 865 2908 3112 6477
6071 163 2083 6952 5961 5553
6072 603 2369 2541 4631 6567
6073 4262 2082 3173 5401 6298
6074 5 454 514 1172 1283 1323 1723 1853 4437 4750 6088 15 46 267 991 1655 1838 2299 2323 3183 3263 3512 3663 3985 4008 4044 4285 4298 4551 4992 54 203 1786 5851 5873 4487 122 1741 3672
6075 246 445 244 566 5949 3319 3206 5720 3923 1071 5787 2467 465
6076 1973 6202 1544 2022 4689 5970 581 5039
6077 482 840 939 2090 2092 4553 6271 3310 4046 5756
6078 98 3586 3997 4146 4841
6079 6889 2247 3030 3409 3514 4769 1899
6080 2130 2232 2775 5946 2324 5386 5551 3294 2921 6439
6081 4028 2460 5002 191 687 872 1318 2183 4008 5283 5335 5414 5979 1821 3045 3416 267 905 1755 972 5346 3359 6753 140 4419 6544 4733 6272 1870 6449 6640
6082 4706 5879 6498 6875 6981 906 1262
6083 3404 1130 1414 840 5074
6084 1201 1597 2624 2750 3405 3923 1588
6085 304 3951 333 4477 5266 5520 5835 5634
6086 2678 769 5873 6512 4929
6087 6364 6412 5956 5849 6604 6573 6729 6851 6904 6782 6817 6907 6974 6998 6999
6088 4197 6931 6171 6773 7003
6089 1217 530 1355 1655 1427 2701 3372 3386 245 1151 2723
6090 284 3694 82 880 1790 2220 2984 5456 6400 775 6926
6091 1578 2251 832 2177 306 490 3903 3937 4619 6030 1432 5334 6404
6092 1597 70 516 4212 4901 5800 6073 4974 5224 4485 2917
6093 1227 2460 2833 1810 4441 5345 304 4842 459 5508 2322 5168 5543 6070 6040 1107 6361 455 4097 4936 634 803 932 1537 2430 2650 6633 6766 6895 3354 6304 6913 1250 3762 401 6644 3124 7006 6901 7043 6715 3355 6874 7027
6094 2902 4697 5376 5558 567 3554 1194 1516 80
6095 1173 772 991 2880 4636
6096 4554 465 960 2323 4318 5026 3917 5234 5598 3278 1998
6097 3020 3351 3758 4979 5711 4515 6038
6098 3531 3388 4078 4955 5634 6102 6380
6099 1019 3334 3713 486 675 3173 4994 2770 3022 4022 1652
6100 4003 866 1889 5756 5507
6101 1233 2369 4292 4585 6544
6102 5024 4806 1959 2096 675
6103 308 1009 3966 4143 1412
6104 54 2265 2959 3200 523 5707
6105 127 1922 4052 6105 6665
6106 2738 546 132 1912 203 955 2137 2840
6107 75 711 1071 1847 2453 3107
6108 1780 3754 2466 2753 3809 2593 2839 602 3262 1380 1769
6109 1286 1311 1826 3962 1812 2824
6110 1047 3512 2666 6387 4614
6111 4250 4106 4553 6637 7032
6112 530 595 927 991 998 1808 2460 3516 3960
6113 246 747 4689 5357 5417 5435
6114 1293 2460 5378 3073 2369 3453 6594 713 3790
6115 246 630 1135 1544 2088 2976 2194 2195
6116 1844 4117 4696 3073 4413 5373
6117 1026 3413 4727 5049 5759 3361 4272
6118 177 3679 2951 5017 5074
6119 4097 1698 2027 3099 5395 812 5490
6120 930 3174 2824 3182 3342 4046
6121 3653 402 3229 1917 4359 6321
6122 934 5980 1187 5542 603
6123 1792 614 2548 991 1047
6124 2838 567 2919 3115 627 1236 1493 4627 5312
6125 2323 334 2845 4361 2211 2731 3515 34 1878 1921 1922 4374 1791 1438 675 917 1713 4689 185 1641 5114 654 1097 6001 6294
6126 907 939 2535 3947 3949
6127 1938 1438 4253 602 729 4680
6128 177 3466 1655 2323 2669 203
6129 3334 670 3387 2265 3854 4205 426 10
6130 140 5925 1392 5527 6321 6438 5653 5954
6131 379 318 2065 4475 4662 5182 5453 1672 2756 3059 4083 5873 5979 5085 90 2678 5961
6132 304 346 2536 177 6719
6133 3694 1106 4657 109 483 687 1025 2030 5320 6870 919 5070
6134 401 830 939 304 486 3249 3487 817 1644
6135 4207 5980 6086 6182 6486
6136 5895 5408 5547 4842 6035
6137 2806 673 1544 1853 3612 4083 5517 3460
6138 127 660 907 2823 6136
6139 3768 4628 6225 1432 3586
6140 2379 4989 5695 2976 3515 3923 6036 6477
6141 937 4012 4521 5378 3409
6142 1255 1755 3605 5769 797 5852 5911
6143 3205 3991 4689 987 2564 4105 4298
6144 994 1703 411 1849 4842
6145 3263 482 647 4173 1755 2945 4403 4844 4298
6146 674 675 3981 2880 626
6147 492 1135 1523 1525 2004 3813 3974 514 1759
6148 486 514 647 1813 2669 2911 5086 6273
6149 4689 2168 4144 4496 5905
6150 25 274 1303 2369 5413 6129
6151 3184 5527 4922 6480 1424 6411
6152 2211 2486 3929 3931 994 1261 2628
6153 1315 85 610 641 1044 1296 1633 1881 2121 4060 4081 4841 5852
6154 2927 4008 1481 2669 32 3867 1956 2716 1752
6155 635 1138 1182 4823 4910 6105
6156 691 1201 1852 2952 5530 5666 6035
6157 4264 6105 3263 3357 5346 1960 2502 4814 5788 837 2327 2976 5677 1186 1534 1913 3183 303 1146 1884 2020 2597 3397 3409 3741 4324 4631 6135 947 2129 2665 3627 850 1283 2160 2306 2839 2909 3783 5997 6215 6340 4723 807 1481 4335 5814 5816 3291 6219
6158 6767 1054 1655 4507 5024 5814 6570 6476
6159 1688 2968 2969 3328 3712 5333
6160 1448 563 1149 3549 5295
6161 1690 1849 3034 2944 3069 986 4585 4769
6162 4256 1109 1480 4530 3340
6163 2627 960 1588 812 1703 2137 3499 3601 4806 6448
6164 5491 185 842 1214 832 967 6321 5311 1201 6512 6493
6165 776 2449 2976 6612 4944
6166 5617 1242 4416 2460 5666 6168
6167 114 1651 1752 3388 5093
6168 991 1047 1383 2636 2944
6169 610 728 955 1099 1827 2004 3373 3448 4790 5192 5312 5406 5558 5872 6299
6170 814 1043 976 581 3499
6171 5138 2380 5314 514 1127 4482
6172 5217 245 772 1714 3938 5666 5050 4426 304 2327 705 3964 5413 5537
6173 5621 1765 5798 6513 6177
6174 2103 2135 5034 6236 140 1586 2593 4631 5220 5692 5816
6175 5417 3448 80 1888 3967 5737 6117
6176 486 675 1424 3105 1302
6177 419 4005 4106 4353 4349 120 459 5491 6581 6315 6264 6733 6912 6772 6916
6178 1136 1616 1759 6767 1481 1483 1728 2951 3194 4008
6179 801 939 991 1813 964 4143
6180 2835 2894 5445 4078 4079
6181 3143 3643 4032 5019 6929
6182 177 939 1987 4193 4252 5014 836
6183 466 888 1182 2478 2550 2749 3515 4089 4225 4877
6184 1567 2724 975 4935 5463 2970
6185 631 862 1704 5340 5775 5979 6323 6389 6402
6186 1047 3115 4097 2535 6305
6187 735 2478 3866 1987 2193 2372 2460
6188 1138 2513 6035 3866 5976 6353 6583 5812 4268
6189 779 1015 2048 2449 1071 1524 566 793 1591 1261 657 939 4590
6190 127 2812 67 1544 2460 748 1816 1813 3184 3622 610
6191 1203 2144 2386 5949 3059 3353
6192 4941 5666 6078 1789 2874 4187 5900 2327 1588 4727 3251 267 3388 4809 1171 5520 665 5994 5539 6393 830 5086 3495 6267 5192 1652 5416 6407 5878 6408 6406 551 6421 549 2482 6410 6790 1303 6606 5954 6125 6400 6101 6766 6576 5602 6733 5014 6782 6976
6193 1010 2265 3182 2593 3149
6194 939 1515 1824 354 1791 980
6195 2692 4496 5481 6353 6354
6196 52 53 1848 2042 1711 3689 2824
6197 2636 3849 3354 2146 2277 6251 6407 5849 3342
6198 1430 3976 4628 4843 4936 6361
6199 2732 2460 333 713 1396 1655 1759 370 1305 4392
6200 1678 3553 3580 2824 3711
6201 5889 6542 1227 3567 6132
6202 691 4774 1755 120 4055 3535
6203 1090 1092 1474 3530 1514 2942 1224 3849 2833 3599 1453 4353 459 5543 5911 5787 6298 2184 6365 641 1762 5756 3214 5157 5416 6193 6286 5172 6353 5849 6594 6596 6665 6766 6361 6576 6733 6920 7023 7025 3526 6938
6204 354 772 53 1187 797 939 2882 5849 6407 6834 6857 6954 6733
6205 770 1743 2134 3290 3458 6725
6206 242 307 438 224 56 554 204 275 10
6207 3128 5557 772 1298 3373 4198 4829 3277 4628 2383
6208 661 3354 3410 4965 3175
6209 6109 1432 5366 3888 4878 4256 5894
6210 2032 3929 1233 1887 4338 5792 1327 3857
6211 379 3697 705 3294 3220 3929 527 1242 2659 2669 2710 4097 1063 4697 3795 2031 3786 322 5376 6246 14
6212 3516 4038 5777 465 2106 4340 4605 4996 5470 5976 6626 6707
6213 3071 3278 3515 4193 4785 5821 6295 6502
6214 4560 2327 2649 830 1001 5514
6215 727 3067 2829 1578 5124 178 624 1527 2090 3554 955 2094 3388
6216 1987 2805 3183 833 5413 5638
6217 899 3365 1713 2184 1623 1631 1663 2761 2937 3572 3610 5065 5432 6234 3964 4585 3060 835 2304 2692 6432
6218 5412 627 4849 5164 5303 6129 6310
6219 1539 1568 2020 2909 3397 4046 4878 2592 3410 4279 6890 245 6279 6889
6220 2899 3851 595 1009 2183 2898 3364 927 3754
6221 2323 4346 5366 5598 4184 5979
6222 1224 2965 3486 2798 2517 1106 1383 2191 2782 866 420 3667 1998
6223 493 3115 6073 6181 6273 633
6224 95 2824 3973 6089 6126
6225 11 2300 3365 3385 907 2469 4383 2182 2460 3270 3957 4144 3726 3923 939 2479 2062 14 1358 4574 1904 6634 1661 2041
6226 1848 2548 2323 3515 3929 5074 2220 5666
6227 770 1493 304 991 4916
6228 2420 939 5214 3217 6585
6229 974 1545 3614 5104 1180 2210
6230 772 917 1262 4175 4689
6231 57 83 167 246 280
6232 710 3153 4769 5598 6045 1415 2049 1480 3512 4727 1432 1848 2026 5366 5814 4909 5386 6028
6233 14 1327 2713 3689 1652 3891
6234 1522 2288 4589 1544 5942
6235 1135 424 1136 3286 5057 5408
6236 3126 2432 2756 2850 3566 4329 6284
6237 761 1677 2904 3319 3554 5402 1004
6238 5070 2761 4621 5534 401 1194
6239 1926 196 744 2052 627
6240 3469 3632 516 4172 2691 498
6241 5217 4276 5406 5675 6770
6242 203 5363 1844 4261 3963
6243 621 2669 1177 1922 4285 5756
6244 4848 5803 5864 5155 1423 3143 3758 5157
6245 3301 954 3202 627 3203 7048
6246 927 928 1047 696 445 627
6247 1887 5650 713 1884 2557 516 810 1371 6526 89 514 812 856 884 1328 3942 4212
6248 1009 5205 1103 5138 1122 3362
6249 2511 3463 5345 5880 4707 5535 5538
6250 6296 837 4052 191 1313 554 939 964 1063 1071 1106 1432 1922 2323 2460 2897 3214 2839 5378
6251 2756 2909 6412 6672 6681
6252 455 3143 517 633 3363
6253 905 917 1432 4141 4285
6254 466 2093 4467 2537 3387 4247 3184
6255 331 1056 1263 2129 2625 2705 2740
6256 177 960 1037 2323 3851 3931 5598 6093 6184
6257 2061 1784 15 3238 90 2303 3687 2216 2632 4901 3388 1981 3359 4473 4627 2535 1226 2369 4481 4498
6258 2116 1552 1650 5778 6819 5954 6537
6259 1759 179 1529 2667 3280 3818 1834 2625
6260 379 3414 3237 5986 491 3060 6360
6261 148 939 1655 1848 4351 2045 2046 3394 3786 5310
6262 553 791 1047 1592 994
6263 1544 4372 2750 3019 2897 3803 2031 3252 2288 6485 4212
6264 4224 73 4619 3334 814
6265 4835 3013 192 797 5310 6273 567
6266 4065 4338 5481 6107 3460 424 2184
6267 3249 370 712 331 2017 618 3390
6268 1242 1924 2930 2804 1099
6269 246 962 1261 2512 687
6270 189 409 238 565 1005
6271 3413 6581 6663 6822 6226 6635 6935 6960 6999 6437 5924
6272 1578 2786 527 2861 4612
6273 1844 3457 3679 3734 5886 6636 2300 2493
6274 1759 2130 5711 1233 1704 2232 4689 6253
6275 765 5503 5911 6275 5878 6251 3060
6276 1021 3030 3339 1863 4922
6277 3940 5648 4231 2252 3310 2593
6278 757 3450 3871 3896 5408
6279 1690 1815 1903 2672 2909 3929 4320
6280 968 857 4973 3184 3594
6281 837 1385 3719 4578 4895 6295 6306 5093 5353 5379 5671 6136
6282 939 5292 5344 5598 5373
6283 1634 3723 4823 4951 6036 6648
6284 2123 304 2389 2649 627 3362 4648
6285 5976 3728 6290 3685 6135 3198 4922 4154
6286 2175 3453 4828 5558 6992
6287 441 1233 2460 2669 4799 5525 6476 6561 6589 6969 2761 3022 4551
6288 1429 127 263 595 69 586 3688
6289 2672 379 1453 2668 3781 4963 4447 4783
6290 4028 1355 630 6927 2657 3102
6291 6005 1001 1779 133 3246
6292 570 2031 4773 6283 46 3831 6197 3315 968 1003
6293 2723 4551 4667 5615 1097 5376 5413
6294 680 1718 3410 4325 955 3782
6295 102 727 1098 2026 2116 3345 4488 4676 4696 5215 5946 5975 6033 6096
6296 3881 2479 2593 3263 3624 2976
6297 2084 3064 5785 5787 6005 6177
6298 917 1263 1432 4198 6179
6299 4352 4842 188 222 509 849 1808 3345 4724 5224
6300 772 2535 1881 2724 5556
6301 1227 534 1242 2756 6164 535 3263 6099 6101
6302 4738 2881 3586 2231 5310 6634
6303 3347 1591 3263 1887 5412
6304 5517 4460 5602 5068 595 6705
6305 1322 6096 2765 3653 4253 5558 5979 5290 2665 4285 4750 140 1706 2669 4419 5072 2920 675 5543 1261 6864 6477 5877 6104 5508 5844 6793 830 797 4626 3891 2807 2187
6306 2976 4040 907 4485 6891
6307 1977 554 3203 4163 5188
6308 182 10 57 306 337 399 44 223 251 3342
6309 2968 4835 4836 4843 4845
6310 445 583 4901 5485 1653 1904 4680 4734
6311 496 2460 90 4696 3868
6312 1309 1956 2055 2460 2481 3453 4012 4469 4475 6512
6313 3064 4248 2765 3249 3251 991 2598 3865 2692 5311 52 3173 6084
6314 1554 3263 3347 3783 2951 5176 4185 5711 2956 4399 6689
6315 2575 4916 830 2553 3360 4212
6316 1530 188 1720 2355 6359 6375 842 2666 4285 4496 6419 306 4267
6317 2478 54 3594 1588 5310 465 2732 3765 6115 674 5979
6318 1283 5757 2123 4901 5642 4298
6319 1578 1821 4320 5985 2897 3351 5138 2168 5664 5 3022
6320 687 1432 3776 5733 2144
6321 3589 434 3442 2323 5787 420 4218
6322 3347 3617 5521 1809 6478 5510
6323 224 413 497 340 4247 2463
6324 2090 4759 376 1071 5456
6325 331 2373 1063 1949 2193 2195
6326 1625 1283 36 1114 370 6401
6327 1688 2147 6327 6603 3743 4689 6818
6328 739 2190 2191 2571 2598 3964
6329 1467 3586 4317 1305 5059 5698
6330 282 654 914 2308 2276 1403 4362 669
6331 3466 466 3353 5297 2454
6332 733 6393 5058 6387 6788 6882 6985 7025 7022 6925 6956
6333 915 1638 2469 5816 5877
6334 4750 2672 6180 4352 6655
6335 1071 4430 4680 5390 5789
6336 1301 1453 2244 2276 962 5815 5176 6029 1584 3685
6337 2032 3698 4889 6036 498
6338 73 549 917 3060 304
6339 1218 4842 5312 5756 1020
6340 998 203 3203 2925 5093 1678 853 1786 1848 5756
6341 742 1056 1987 2477 2750 3410 4012
6342 1242 2758 4793 2572 3272 3506 4351
6343 906 3194 3254 3846 5266 2147
6344 1098 1438 2951 2966 6476 203 5696
6345 2450 3115 3605 4986 5593 1264 1804
6346 806 906 2479 3365 4614 73 5703
6347 554 840 3113 4309 3121 3010
6348 401 3722 5134 3973 3360
6349 850 1347 1653 2144 2853 3290 3757 5690 256 1861 2555 3181 3363 4105 4195 4452 6099 6806
6350 4267 2339 4953 4957 5894
6351 906 1432 2122 3047 4801
6352 1867 3442 3758 5757 6159
6353 1691 3354 6834 6960 6961 6997 6774 7012 6877 6994
6354 1106 699 1800 2017 939 1227
6355 962 1763 3144 2535 917
6356 3768 4842 4878 4894 1242 6350 2976 4781 5147 5952
6357 1219 1373 3064 3468 3505 3566 3679 1047 2246
6358 322 2115 2759 2880 831 4552
6359 2132 4285 4750 5239 6544 1530
6360 2193 806 352 1887 2168 3351 3356 4696 1573 4690 1861 5530
6361 355 1385 2327 2858 2863 3463 4229 5757
6362 177 3036 3388 3506 5201 2788 2165 3781 5012
6363 1677 1107 2946 2399 4760
6364 1135 1392 3239 167 939 1427 2545 2638 3194 4409 742 1526 1871 1977 2368 2875 3912 4025 4595 1518 2144 2491 3467 3864 4147 4315 4814 5983
6365 1605 1651 1047 860 1453 1747 1157 1302 3607 602 5056 12 3286
6366 98 4752 5481 5757 6167 6724
6367 5296 5333 246 1791 2046 2951 4012 4980
6368 1072 630 1135 713 3601
6369 304 2389 2583 3637 5522
6370 424 3158 3765 5531 1236 5117 6672 191 6721
6371 4596 1015 3194 939 1205
6372 3397 3753 4587 4631 6885
6373 3560 1387 3201 3401 3809 3885 4045 1146 3803 761
6374 178 1133 2952 1607 3162 4393 3506 3036 3676 2314 3050 3993 4789 4794 4298 973 5581 4352 1106 3030 2775 5804 4412 5667 4326
6375 1107 2183 2351 3848 3795
6376 70 5873 1867 3506 5118
6377 1251 1387 1813 1063 382 685 1227 388 3118 998 2718 955 401 555 2491 2105 2598 2824 3025 54 659 994 1785 2323 3383 4373 4418 5666 5554 977
6378 5443 894 6357 6408 2514 2910 6512 6610 6264
6379 806 1929 5371 1483 4054 5363 713
6380 1503 1728 4100 420 5537
6381 2570 3106 3855 4063 5413
6382 2482 2384 2386 3495 5659
6383 628 3321 3650 5108 5766 3832
6384 4193 512 566 641 1633 2976 3343 3912 4025 5074 5525 6079
6385 465 842 972 1044 2838 2970 4152 4153 4368 5537
6386 1944 1964 2055 3193 1214 1302 3906 4697 5852 5413 5884 6099 6101 5958
6387 3849 6791 5876 6893 6892 6712
6388 458 5417 2242 5956 6676 6665 6808 6864 7028 6890 7043 7040
6389 793 2318 590 496 2191 3012 6539
6390 3353 2162 2758 3278 4152 4808 5525
6391 5512 31 2031 939 5065
6392 528 840 1316 2704 3041 2833
6393 1438 2460 5535 5570 523 5626 6233
6394 3410 6928 1361 1432 1844 2756 4059 4631 4769 5835
6395 369 1887 2369 1386 2558 4582 1347 3343
6396 184 188 294 295 362 1097
6397 3780 1778 2314 677 1681 4743
6398 474 2440 5977 602 6521 2300
6399 201 2084 2354 3030 3263 4409 6260
6400 177 4924 5739 6067 840 3809 4198 5832
6401 795 1818 4999 5044 5716
6402 2020 1362 2699 3144 4712 1653 3608 4720 4582 3363 4840
6403 977 897 1959 450 2239 1629 1427 1602 2735 2574 651 3357 1622 3475 4863
6404 4111 4783 6225 6292 6307
6405 634 1715 2808 4317 4854 5530
6406 3887 4400 5856 6106 6347 6906
6407 80 991 2804 3059 3621 4010 31
6408 1003 2231 571 3383 955 2351 2449 4008 4335 5427 5711 5863 972 4404 4664
6409 674 1233 1438 1740 3945 5138 939 1887
6410 304 2345 2972 2933 4370
6411 735 1536 2460 4807 6389 641
6412 411 998 2112 3520 3758 458 1750 2483 2032 5590 4020 4824 784 4621 2518
6413 379 2460 5517 4521 5442 5520 5598
6414 4245 3834 728 6505 4243 5021
6415 4063 6155 1233 2849 5422 861
6416 379 840 1671 3696 4198 304 1340 3340 4416 54 2545 2602 3741 5509 3901 850 4888 5807 3764 6903
6417 143 1408 2203 4888 4906 5811
6418 3711 1599 2473 2031 4024
6419 3537 4519 3849 1790 5312 5294 5266 6729 6766
6420 102 5101 5195 5285 5379 5775 1909 2874 1703 3032
6421 3061 1783 1870 2666 4997 1966
6422 1897 5049 1103 1227 1742 1849 2082 2949 3278 5409
6423 1588 4900 5015 5074 5812 5831
6424 306 514 1172 3300 5551
6425 761 648 1200 1656 1706 1737 1987 4514 4360 95 422
6426 5655 6681 3679 6217 6350
6427 1227 3028 3101 2187 830
6428 5999 3929 2083 6283 3278
6429 1973 3315 3688 3891 1041
6430 188 202 304 438 460
6431 2874 3012 1047 2583 1201 2750 2892 3118 4524 1284 2105 939 1643 4997 3985
6432 883 1356 2032 775 2271
6433 542 4180 1810 4873 5873 5214 6594
6434 558 745 1922 2910 3108 4183 6390
6435 3006 201 1026 2748 3466 795 6707
6436 784 896 1309 3867 4012 6257 1135 2354 3158 3263 4152
6437 972 4013 3214 5453 1310 3077 3194
6438 641 869 1567 5622 6268 5379
6439 2085 2495 3030 3339 4852
6440 2758 4648 4662 5207 5537 3184 3453 6505 5155 1438 551 4412 4168 3174 5006
6441 847 3804 1494 865 1906 3929 2208
6442 88 568 2240 2480 2710 2827 4330
6443 2334 4174 1626 375 3687 4524
6444 167 2545 4628 4901 6512 3586 2430 4759 6167 2446 4689 5593 5977 4712
6445 3468 1309 1958 5672 6647 7004 6875
6446 1215 5987 6447 797 4891 5707 6208
6447 742 2089 3688 3263 6380
6448 738 4198 4842 5044 5778 5979 5995 960 1544
6449 3142 6772 832 939 1217 1283 1728 2750 3201 3400 6382 1522 3973
6450 2232 3824 5711 5733 4439
6451 465 726 2460 3071 5122 5160 5903 4097 4236
6452 1728 2750 2897 3524 772 1015 1106 1544 1687 1791 1809
6453 1753 2945 4270 368 1063
6454 742 960 1047 1998 2248 832 1107
6455 102 1455 2020 2466 2592 4631 5310
6456 1211 3142 3061 2437 1432 1329
6457 3929 1756 5807 6210 894
6458 10 246 32 2073 1786 1463 1106 927
6459 1996 1207 3560 3452 1499 2806
6460 869 4623 5308 5564 6338 6641
6461 2502 1393 1053 610 6159
6462 1203 643 1670 1766 3663 1207 1595 2356 2536 3334 3554 3688 3703 420 924 2211 2845
6463 2705 534 1219 3339 4046 745 3183
6464 2460 3437 2332 4505 3343 1856 3184 580 2391 3375 6680
6465 2220 2792 4185 4852 5694 1844
6466 1044 1392 4782 4789 412
6467 432 3193 4894 917 1849 5240 2354 5392 5456 6295 4967 245 5886 5044
6468 333 998 1015 1865 1977 2951 2976 3294 3365 6635 1161 2460 3758 5905 6167
6469 145 1079 1475 4518 4825 102 1887 2369 2761 3180 3730 4114 5965 5295 6250 2430
6470 545 807 2450 2946 3026 4660 4689 5193
6471 3778 906 1178 4259 5873 6503 1939 2090 4446
6472 1484 423 2759 1972 3268 1263 3963 567 5753
6473 4691 2004 3586 4215 4963 6294 1862 5851 6810 5224 3183 775
6474 5968 69 543 797 6336
6475 4147 5160 5462 917 3365 3805 3878 6609
6476 1075 1706 1791 2146 4562 5125 4198
6477 2032 3317 4842 4963 5798
6478 1071 939 1387 1066 1386 1968 382 3004
6479 1385 1887 2028 2920 3183 3663 4482 5231 5471 5693 4008 4566 5096 6208 6501
6480 1236 1588 54 567 318 2451 3143
6481 2309 2625 3273 3343 3453 4037 5088 5768
6482 2512 755 3830 885 998 1687 2046 4808 5812 6635 6021 939 1202 5607 6578 6141 842 1044 3142 4628 5534
6483 5317 4878 5583 4932 3614 812 958
6484 163 2193 3299 3684 5176
6485 2 1175 1650 4038 4665 420 1309 4696 3957 3964 4894 6652
6486 2750 2197 790 2967 6453
6487 1207 1258 2028 2504 3977 4218 6399
6488 5411 4052 3298 4113 5401
6489 2154 2479 3060 4038 4371
6490 1613 2020 1896 1756 4947 1067
6491 2278 713 830 1032 3030
6492 1227 2174 2765 2834 1897 2304 2698
6493 5667 5782 526 5135 5979 6357
6494 3100 2808 3781 937 3214 4627
6495 1611 4675 5292 5293 1749 4225 6128
6496 4035 4417 1810 1638 4185 4667 4878 333 1518 1753 1802 1921 2379 2435 2648 2883 3263 3268 741 5346 5061 3931 5837 5509 5416 6500 5879 6253 6360 6295 6596 6536 3715 6125 6604 6813 6733 6872 6874 6875 6523 6903 7006 6530 6531 7030 7029 6941 6944 6945
6497 1619 3379 743 4792 5601 6126
6498 1254 1432 3877 4728 6495 6861 6177
6499 3694 5617 2160 3719 4381 4472 31 654 5459
6500 627 1099 2301 992 3721 3759 4625
6501 2288 1242 2176 2067 3023 1451 3134 4413
6502 2187 1417 1135 3244 6396 1852 5379 3965
6503 379 1735 1219 2130 352 4084 4266 6603
6504 901 1740 1752 3183 6631 424 630 757 304 4097 4285
6505 2893 4032 5481 6040 6362 4365 2761 4844
6506 5021 90 934 1865 1973 2351 2460 3728 4715 3553
6507 2598 5675 3015 675 1887 4318 5303
6508 517 1881 2582 1494 235 5559
6509 997 366 2470 2834 2897 4374 4402 4469 4376 4607 3194
6510 2979 6835 6229 4257 6606
6511 465 1042 1204 4883 2369 3012 1644 6826
6512 3753 3902 3856 3184 4658 633
6513 2513 184 727 2689 2758 4437 5376 5979 6076 2193
6514 483 3718 3719 5495 401
6515 3461 1044 1432 304 3208 5894 6746
6516 6981 465 1134 3562 5048 6932
6517 1416 4634 5069 4789 6787
6518 148 563 830 1200 1973 2460 3347 3627 3655 4628 46 2839 4230 4205 2412 4359 4566 5367
6519 1135 1296 1297 1563 6105
6520 555 2324 5750 6141 4525
6521 573 379 5150 333 1909 2032 2988 4329 4900 5903 5809 6826
6522 1081 1242 2793 2904 3844 981 1240 2450
6523 3686 6033 2938 4976 6360 6699
6524 2160 2161 2157 3200 6085 3201 6476
6525 2345 2460 303 3030 4765
6526 212 167 188 301 305
6527 4187 4697 304 1432 3115 3915 1423 5224
6528 3929 3149 2946 5799 6265
6529 1996 245 1190 1904 5619 5912
6530 120 460 314 186 43 458 962 923
6531 23 103 150 208 377
6532 482 1161 3515 4965 1170
6533 5221 2888 4679 2907 4168
6534 1566 1753 4540 1263 4538 3059 6695
6535 3142 5481 5422 5429 6167 2482 5492
6536 1810 4060 459 5061 6078 5836 5043 5878 6504 6339 6503 6594 5410 6676
6537 615 163 713 1132 3153 3406 4564 5281 5558 5638 6204
6538 837 974 3929 1851 4794 4782
6539 1068 2096 3748 3888 4393 5513 6025 6046 6341
6540 1283 687 812 1621 3056 4708
6541 5366 6757 6722 6827 6885 4184 3410 4400 4587 2959 3745 6559
6542 183 1139 1316 4370 6140
6543 991 1309 1044 797 972 3342 2466 1347 2151
6544 2007 437 2981 3469 3731
6545 3410 5091 5676 4741 4567 1329
6546 1042 4061 835 3124 5551
6547 998 1309 1638 2813 6445 1617 6339
6548 3414 3708 639 1308 1588 1824 1849 2240 2535 2813 2946 3515 5227 5962
6549 1006 1531 3761 5111 5346 3677
6550 2211 4562 735 2693 3078
6551 826 4718 4781 715 5118
6552 431 290 459 637 1778 2815 2334 3143 4204
6553 2761 2976 3949 2481 4980 5721 654
6554 4529 537 1987 4578 4584 5227 5312 5739 3020
6555 5317 1233 1728 2517 4198 4628 4715 5335
6556 756 927 2415 2526 2952 73 1145 2668 2808 2966 3236 1559 3494
6557 6289 812 2707 5559 6503
6558 509 1198 5524 1161 3562 4870
6559 2544 1526 864 3501 4108 3776 4097 924 4816 2720 2183 2517 4835 1834 4815 3645 4102
6560 1190 2248 3365 3388 5618
6561 148 792 4374 5691 4195 1309 4675
6562 2545 2569 2732 3765 4012 5678
6563 830 1887 2369 4628 5618 6001
6564 641 2864 6215 1829 5546 1341 2931
6565 632 3475 4741 5614 3356 4589 6176 6489 6574
6566 558 5977 6283 5411 5558 1604
6567 939 1127 3030 4842 5500 420 2032 5312 4712
6568 4353 6578 6319 6925 6956
6569 6191 3509 3840 6302 3064 6479
6570 830 835 972 3863 5349
6571 31 905 2277 3632 4951 5907
6572 3106 3343 6141 6684 1887 2329 2454 4523 4750 5775
6573 299 246 400 6875 2013 119 3090 7003
6574 1016 1791 5901 3515 2131 956 3524 5192 5833 3374
6575 4438 4586 4787 4577 5346 4664 5266 2043
6576 78 482 1134 1588 1867 5598 6173 4546
6577 2191 5517 5670 5873 573 1714 5191 5047 1016 1747 3891 2692 3964 3356 7041
6578 1106 1184 939 1599 1813 1924 2132 3121 3183 4008 5112 830 1319 1740 2129 2691 2802 2887 3817 3855 4527 4940 1641 4970 2288 3981 4490
6579 2981 2972 124 445 4901 293 3586
6580 3537 2846 2600 6398 4113 3184 2386 1747 4593
6581 2472 2045 2439 3635 3144
6582 3022 4189 2310 5115 304 3855 6121 5397 5118
6583 1576 3064 3364 3539 1588
6584 2951 3772 3834 6203 840 830 3603
6585 3152 4791 5666 6299 4793
6586 5558 5559 1856 1857 1859 1920 2823 554 4750
6587 893 1040 3834 5104 6551 1700 4795 6209 6433
6588 2500 1847 4842 5570 3378 4051
6589 998 3199 4533 5768 545
6590 3448 3786 4979 5750 5958
6591 99 1012 5503 6093 1853 1909 880 333 537 1222 4610 6477 6620 4205
6592 939 2669 773 3592 610 3361 3877 4579 4368 3310 4746
6593 6217 382 713 917 4389 5312 5335 5376 7036
6594 1808 2804 864 2572 1530 3874
6595 4553 6763 2327 2775 2838 6171 6175 6344
6596 2263 185 1993 283 5192 5274
6597 3496 4496 4147 4689 4965 5205 6212
6598 188 465 670 1106 1848 1432 2476 2964
6599 2512 1161 6057 3774 3388
6600 640 6373 759 3866 6471 1530 2584 4419 6472
6601 1906 4123 5301 3874 5232 4122 167 1791 6354 4749
6602 1876 3655 3732 2909 2193
6603 2523 113 203 304 1791 3686 4513 1611 5742 2460
6604 1149 1857 4146 5146 1756 5520 5872 6541
6605 73 830 907 917 3362 3789 3877 1855 2264 5422
6606 1851 4446 6557 1198 1701 4495 4696 3957
6607 2889 786 2998 4402 1940 3302 2474 282 5634
6608 1867 2374 5070 5814 6179 6766 6907
6609 1852 2420 3753 5376 4031 203
6610 754 1098 566 1469 3241 3378 1190 2294 2978 4402 5413 5800 1453 2760 419 4465 5852 1187 1300 1631 1653 1887 2050 4388 4734 5602 1097 1151 6509
6611 62 103 68 28 5849
6612 13 35 41 43 57 59 77 78 104 107 127 102 7 65 159 161 171
6613 4117 226 485 1827 4773
6614 492 1526 1972 1975 6749
6615 2211 420 474 2578 3804
6616 226 994 1107 1236 3929 3932 2881 3214 3845
6617 1815 537 1759 1887 3981 5220 5116 498 5516 3973 4637
6618 191 840 1636 2904 4198 4354 5408 5979 3022 235 514 1720 2838 5376 803 2329 5088 5667 5998 5666 6537
6619 401 807 2998 4567 991
6620 1494 2765 5977 630 5134 5605 6126 6127
6621 102 2376 3451 4038 2032 4065 6264 676 6728
6622 947 2672 3798 4518 5663
6623 3874 379 2926 2669 955 2281 2931
6624 4352 545 791 1352 5167 1464 4938 1588 4934 583 6942
6625 2823 5689 6766 4794 5463 6382
6626 3351 4834 5074 2545 4362 245 797
6627 939 1135 2387 3816 3858 4189
6628 2885 1184 5979 837 6344
6629 333 749 1219 2111 3502 3766 4389 4839 5470
6630 4828 701 1534 2237 683 4489
6631 2193 748 1161 2020 3409 6385 5713 5478 5894
6632 752 5072 5440 3548 5290
6633 837 2524 1405 2399 1631 1262 3027 3730 3434 364 416 3929 4712
6634 1513 5298 5299 1650 5756
6635 4507 3520 3957 4225 2869
6636 2109 2535 3589 3764 4880 473
6637 2562 849 5537 304 546 917 3026 4437 627
6638 1791 5346 5457 5417 5812 458 5283 2242 6257 6416 5416 6153 6314 6596 6706 6581 6226 6264 5876 6736 6834 6904 6644 7007 6998 6925 6772
6639 917 1071 1253 2146 2251 3066 3416
6640 3929 4308 2460 6120 6295 4165 4174 6253 2627
6641 11 46 516 972 1723 1755 2807
6642 5141 482 2323 5814 2193
6643 998 1044 1211 1214 801 1687 2925 1960 3611 4008 4335 109 455 548 580 960 1015 1107 1499 3730 4368 1432 2399 2801 3519 1713 3632 4870 4896
6644 1762 3060 1233 1924 2930 3142
6645 191 3180 3888 5782 6349
6646 1192 3506 5118 5362 2991 3786 6448
6647 366 595 2090 3485 3895
6648 593 1808 2032 2479 2572 2756 3071 5056 5809 692 888 2676 3263 3472 3545 4097 5224 5357 6436 682 5653 6472 282 1752 2184 2288 3359 4139 4198
6649 4298 4241 4901 5249 1020
6650 5638 603 1056 1094 2823
6651 1714 4625 823 2432 2479 5077 5225
6652 2807 566 1248 2528 6933
6653 998 1438 4008 3351 3916 4922
6654 215 265 103 83 171
6655 1313 1423 2109 3653 548 3672 4437 6275
6656 498 954 960 2976 3913 4908 465 1759 2765 3365 6004 5024 5209 1054 1867 2460 2572 2756 3768 4209 4446 4627 4794 5696 6318 1214 5157
6657 3761 4279 5118 5206 5362
6658 668 1600 1907 542 2073 797 4944 1498
6659 10 47 208 224 246
6660 2020 2761 1638 3194 5138 936 2560 6984 4170 6479
6661 5433 5157 1116 3707 5588 695 2468 5357 5826 641 1867 2757 2758 4964 2678 1723 5376 676 6046
6662 5 70 303 4299 835 972 6962
6663 4200 2709 3475 3562 6535 5433
6664 445 1042 1539 3365 3406 4022 4383 4625 4928
6665 1459 2476 492 906 917 1261 729 2128
6666 2903 4374 1572 2824 5186 6162
6667 1363 1327 4165 4175 5450
6668 603 52 852 958 939 2177
6669 1356 1373 2483 973 2226
6670 1595 5044 5721 5817 5081 2195 3985 5413 6065
6671 579 3158 1855 2168 3022
6672 4471 3012 675 1283 2474 4539 4564
6673 964 138 939 2032 3104 583
6674 1150 2605 3639 1190 4257 4491
6675 954 1167 2369 4545 5224
6676 1106 1273 1756 2020 3018 3745 3746 3783 2756 2788 2839 3410 2705 3886 4185 5583 1516 5890 6180 3295 4154 4482
6677 496 1531 1808 554 772 837 970 2063 3012
6678 3560 516 927 4387 1588 2300 4205 2046 4146 25 6572 4374 5323
6679 2041 2279 3554 5819 6073
6680 595 4764 5756 554 167 2460 2203
6681 5417 6822 6665 6812 6996 6999 6936 6943 7040
6682 246 981 802 1038 54 2128
6683 333 1468 2181 2334 2696 3079 3538
6684 5003 1476 2116 4614 2123 3342 2588 1934
6685 554 4355 2109 602 5775
6686 2521 146 627 803 890 1227 1280 3433
6687 80 660 3044 3173 3838 4307 3803 3842
6688 2585 3941 4198 5575 3874
6689 1406 2024 880 1927 3688 1544
6690 1111 2824 2257 3277 2265
6691 2455 3060 761 3674 1530
6692 1687 2418 2797 4335 4866
6693 840 1260 1333 1621 2143 3516 837 1179 1358 5263 1867 1989 2931 203
6694 2109 2921 5852 6065 3813
6695 756 936 6014 6187 179 664 1565 2622 4437 1308 1848 4012 4360 5049
6696 2460 2743 4383 4404 4909 5750 6454
6697 1791 3929 3537 4631 6344 6463 6619
6698 1355 1105 980 4194 4696
6699 2460 3971 452 1693 2511
6700 742 1177 1565 1728 2168 2669 3630
6701 3929 5056 5666 4781 830 3754 5438 6310 2160 2839 973 1494 2147 2323 2766 3030 4298 4792 5011 5334 5406 245 304 2369 4664 6449 6099 6101 5706 6303 4113 4793 6215 6706 5520
6702 4868 3989 4201 4430 1481
6703 1142 1815 2109 2961 3175
6704 3768 1323 3401 5420 4335 4404 1106 3234 188 3532 383 4129 917 3180 939 3342 6228 1385 1037 1851 5530 750 1755 5881 5620 5635 5675 4033 5123
6705 1349 283 2078 271 1044
6706 185 1238 1294 1946 2887 4064 1172 2195
6707 1159 3724 5638 1654 520
6708 1237 690 1262 1436 830 1821
6709 830 916 1380 2750 3909
6710 1432 2457 4354 5609 5786
6711 606 4503 5232 1591 4012
6712 6837 1728 2122 2478 2976 3343 4012 5711 6036 6067 6237 6735
6713 5985 4968 1432 3078 4101 905
6714 318 2188 2356 4008 5560
6715 2460 5560 4093 1711 1720
6716 149 401 972 1358 4579
6717 2908 6141 1233 4496 5378
6718 177 939 1807 627 1922 6691 5777 132
6719 54 4955 6279 812 3060 3326
6720 2452 3637 2162 2201 4147 5455
6721 5284 1791 6275 6397 6662 6790 6822 5550 6797 6745 6802 6852 1966 7006 58 7007 3355 6939
6722 2740 3922 3931 782 3065 1844 2112 2304 3073 4446 5422 6477
6723 738 2146 2702 2897 4521 4722 5812
6724 3263 3913 420 4971 5424
6725 1056 483 647 3367 1063 1852 2824 3132 3896 4560 4638
6726 420 939 1987 2168 3758 4490 4863 4922 5224 5589 6040 6507 6515
6727 379 338 2440 2350 4198 1201 1987 2351 2669 3931 6874 486 1135 1259 3158 3610 3679 6428
6728 625 1037 5428 1257 772 1135
6729 492 564 3294 2433 3653 4202 3154 1085
6730 896 3537 3931 4689 6141 6167 5691 5699 6295
6731 4360 3194 3519 5273 5612 1064 3381 5537 6297 6279 3921
6732 1402 4454 5156 5033 6313
6733 567 4578 2775 3957 4664
6734 789 3388 4402 5634 4625
6735 5208 832 192 321 1172 5593
6736 3383 1618 1973 6457 6332
6737 627 784 603 188 300
6738 3859 6286 5849 6506 6651 6954
6739 10 430 253 295 460
6740 1432 2750 3889 5082 5088
6741 2345 2460 4905 4564 5609
6742 1047 1106 4959 3030 3263
6743 31 455 1922 2377 2909 6390 6538
6744 943 2469 2775 1383 6360
6745 2696 856 1861 2555 2147 6273
6746 2908 4578 5157 3143 2976 6175
6747 337 948 829 1358 2973 6762
6748 692 742 1254 1593 1984 2184 1706 2732 5499
6749 1922 749 1306 1791 2092 2026 3241
6750 1432 5901 4696 5021 245 830 972 1652 2339 2430 5191 5414 5571 5743 6834 2642
6751 639 754 2200 5989 4056 511 979
6752 3514 4768 2152 32 2677 2181
6753 304 833 1769 2052 3957 4052 4619 5630
6754 1071 1070 3410 939 4152 5257
6755 492 5456 2190 4862 5347 304 4759 5455
6756 1044 4628 1712 54 1383
6757 1064 5266 3026 4178 3531 5991
6758 342 409 428 10 340 351 536
6759 2489 4065 4449 3272 6767
6760 3515 4346 6204 1481 2823 3851 3929 4404 5196
6761 1136 2089 2091 4089 6225
6762 4514 5410 6125 7006 7025 6969
6763 2955 3347 2251 2592 3602 1072 3625 1489
6764 3868 3947 675 2460 3965 4089 5464 6487 6537
6765 865 1194 1242 1544 1563 2999 3012 4628 5433 2702 6005 5191
6766 2184 1544 4828 4842 3858
6767 3200 4861 1870 3409 4587 5704 5705 6165 6390 379 1097 5118 5362 5606 3856
6768 1044 633 5922 5982 1720
6769 4808 2750 1184 2965 3012 25 1631 1791 1814 2038 2369 2452 3554 4690 5324 246 742 1233 4697
6770 6173 140 713 4117 4628 5191
6771 456 4533 4712 6688 293 454 2674 6499 5649
6772 2460 2968 2031 1714 2277 4145 754 2711 46 594 4870 807 2479 5310
6773 2643 4879 2323 563 641 2765 5200 2304 5138
6774 1149 120 2046 2251 3451 1923 2027 5298 3866
6775 4753 1226 4089 5086 5299 5775
6776 1524 4390 5587 5876 6005
6777 555 66 204 400 611 958
6778 2102 2104 1044 4691 5126
6779 4466 3294 4829 2701 5954
6780 3409 3931 1471 5512 5583 5675 3783 3184 2096 2478 4316 735 954 1711 3234 5626 5378
6781 96 356 1445 5176 5486
6782 4697 1929 2249 5743 3973 2970
6783 102 2973 537 1394 2024
6784 1106 4030 3060 1308 5803 1373 6382
6785 1009 2914 3516 5470 5512 6338 6448
6786 1625 563 1598 554 1405 4771 1759 3362 830 3413 5293 4208 3203 4552 1263 1541 4842 6539
6787 1026 1209 2771 1200 939 725 610 677 2323 2288
6788 691 727 1392 3660 4495 6373
6789 441 987 3249 4089 4628 6289 6773
6790 842 4842 5456 5979 1064
6791 1096 3193 5544 5696 699 3659 5551 5655 5760
6792 466 2418 4770 783 6243
6793 3405 939 1653 2116 1385 3011 5491 954 4043 2502 4874 6348 1840 5508
6794 1262 4607 6345 5302 4947 894
6795 4096 4617 5069 1161 3479 4590 4976 5263 4075 6279
6796 2750 1701 2456 2460 1712 1533 4901
6797 904 1628 998 545 1536 4482 5093
6798 118 126 202 219 224 246 296 301
6799 1037 1534 1710 1714 4207 4052 3964 3763 99 4389 4209 2988 568 1006 2242
6800 1071 3929 5056 203 2184 3726 832 998 1044 188 2598 6092
6801 2861 3856 5481 674 1588 5140
6802 61 1006 3278 3501 6033
6803 4521 4573 4859 5414 6418
6804 574 185 976 1283 5530 814 4239
6805 954 3929 6211 1047 593 6494 1299
6806 73 4019 1808 3060 4704 5669 5775
6807 1071 2175 2460 3261 5386
6808 5979 3730 2 5806 3285 675 2032 6736 46 1636 2049 3073 3361 3370 3874 4672 5410 5483 5508 5934 6170 6313 6314 6639 6729 6732 811 2678 3412 3460 4539 4750 5386 5852 830 4624 245 498 3278 3610 4421 5199
6809 6779 2615 3359 6729 6766 3060
6810 5666 2224 3908 4552 6313 3666 4793 6626
6811 634 1749 1818 2966 4096 5679
6812 4764 3630 4842 1146 4963
6813 1756 3156 1578 4196 4186 2964
6814 627 1047 460 966 1063 1090 1106 1125 1392 1429 1016 919
6815 3521 3663 1838 4737 3105 4296
6816 2115 4198 837 3078 3957
6817 44 167 188 1227 611 429 270
6818 2702 4055 2193 2237 4963 6279
6819 742 1099 1505 2582 2583 2162 2880 5118 5772 1192
6820 483 3156 905 1149 3251 4178 5456 3718 6697 830 1779 6974
6821 3138 4432 109 132 452 2523 2718 2827 537 4393
6822 2158 2160 2159 3200 2161 6025
6823 2168 4065 4285 1242 1887 5873 1438
6824 718 2279 4777 4963 4965 4947
6825 1792 954 962 2806 3205 52
6826 102 260 23 460 520 1715 618
6827 3059 3823 5925 1044 1047 4083 3866
6828 5683 109 577 2479 4965 5456 6132 6647 5784 2220
6829 201 2528 53 1870 3214
6830 1712 4740 1887 3049 3347 3894 2792 3783 4450 4744 4983 3357 3516 3769 4625 3845 3981 4003 1759 2949 3294 6068 3460 3006
6831 1233 6036 2801 2460 6213 6222 6225
6832 1467 2116 1098 2460 2946 4789 5782
6833 657 1047 710 2318 95 3277 2579 3687 5849
6834 4179 459 2242 5417 458 5415 5787 6069 6286 6496 6857 7006 7043 7012
6835 2123 5537 1255 4408 3843
6836 3364 3357 5873 6361 193
6837 1015 1791 2477 2597 4195 4374 5386 5389 5411 5778 5810 5836 6348 6412 6461 4759
6838 4599 5777 6635 2541 6075
6839 2791 4446 5196 6033 6172
6840 802 831 1042 1198 1330 2514 3889 4425 5471
6841 54 465 1107 3931 6579
6842 4026 727 2450 4942 5278
6843 1522 3704 101 832 1887 2469 3310 3598 947 1751 3294
6844 454 1207 1271 1725 4307 4473 4862 5976 6127
6845 4842 1170 1588 2383 3659 3893
6846 3201 4105 4195 4253 4759 403 4374 4905 5345 5540 5803 5979 6167
6847 80 2938 3059 3357 5070 5606 2283 939 1759 2184 2453
6848 3252 283 304 1588 3457
6849 2730 2733 4618 1037 1044 226 454 1106 1248 2479 3149
6850 2615 5104 6281 822 4833
6851 654 1407 2024 530 3226 3234 3448 5025 5484
6852 46 514 630 1432 1766 2133 2596 2917 2945 3305 3957 4527 5224 5413 5417 5645 5883 4623 5226 634 1904 3460 3370
6853 627 1759 3449 2006 2976 3263 1711 5310 3656 6180 4497
6854 2640 595 3308 3431 1047
6855 3193 1309 1438 2460 3307 4535 5293 5413 6129 6413
6856 1233 4599 4032 3260 3957 4395 641 4396 1037
6857 496 830 1214 1514 2327 2801
6858 4966 5346 3567 554 1544 4203
6859 245 2304 2960 3733 3755 4400
6860 709 1662 2147 486 5208 5312 3554
6861 1413 3776 514 4212 1122 4481 34 982 1287 1423 1887 4308 80 420 692 1233 1494 2304 52 95 334 1106 1214 1544 1808 1841 2533 3025 271 733 793 812 1073 1472 2479 3001 394 267 3342 4466 3470 4460 4935 335 2110 5559
6862 690 1831 11 703 303 1641 2769 1783 3089
6863 279 188 314 337 341 554
6864 5537 4446 6331 6403 6675
6865 365 772 833 1323 1356 1391 1586 1865 2046 2168 2184 2450 2643 2669 2710 2721 2722 2827 3294 3365 3560 3566 3866 3922 4421 4689 5138 78 318 379 454 927 1009 1071 1688 2237 2323 3026 3295 4008 4784 122 2449 2678 3194 3448
6866 4873 459 5345 2212 5491 6253 420 6366 5849 6738 6895
6867 5558 5998 3918 2921 4269
6868 529 354 429 637 969 813
6869 482 595 897 1385 1495 2323 2765 3931 5631 5897 6390 6635 6672
6870 1494 3794 3118 544 1678 3060
6871 1720 4781 4856 2838 5525
6872 2838 4439 304 713 4936
6873 246 845 3931 6136 6720 6795
6874 537 1424 304 2323 4743 5456 5619
6875 2220 2323 2548 947 1790
6876 1006 1512 738 3582 5873 6322
6877 1314 2202 2479 445 4094 5979
6878 80 83 148 18 221
6879 245 283 486 3060 3469 4628 5456 4710
6880 2450 6323 188 1432 2460
6881 5902 3226 3772 4193 1285
6882 1290 3923 5480 972 177
6883 1037 2479 3140 3432 4560
6884 917 1289 3047 627 647 2450
6885 909 918 5080 5081 5873 907 915
6886 131 690 492 695 2242 5809 5908 6325 6393 6360 6500 6578 6503 6596 5849 6491 6857
6887 1137 5232 515 530 563 1960 4299 5630 5873 5086 535 401 6390
6888 2020 2115 3615 4039 5118 6506
6889 1274 3101 4769 4877 4954 715 3410 5942 2193 5232 6740 6810
6890 1102 1715 52 3022 3326 3353
6891 4764 6421 2775 3180 3836 1518
6892 527 998 1489 832 991 1499 3319
6893 3799 4539 5570 2664 2970 3701
6894 1942 627 837 1024 1713 745 832 972 1044 1326 1769 1928 4486 5311
6895 459 2242 2299 6662 6872
6896 267 750 1432 2027 4727
6897 1208 1841 3351 2535 3342
6898 917 3049 3950 4193 5666 4631 2327 3809 3030 4947
6899 177 483 1175 1532 3065
6900 1728 3448 3627 3765 4518
6901 2923 1813 1325 1623 3937 6313
6902 5281 475 830 2598 6547 953 1565 3142 3357 5362
6903 68 191 772 1484 1013
6904 3932 2750 998 1844 3874 4097 1242 3964 4193 4208 4257 1793
6905 401 679 870 1454 2195 4944 5116
6906 1929 2631 3973 5042 6138 6623 6930
6907 88 4353 5666 5952 3208 15 797 972 1299 2329 2369 3586 5094
6908 6178 3901 6598 2907 3528 6579 1712 2758
6909 403 934 1098 2032 2460 3064 5556
6910 465 1494 2165 2997 5100 5138 5528
6911 5088 2775 2838 5445 5660 6616
6912 2099 2289 817 907 1824 4894 1712 4568 3737 1312 2043 754 5334 5985
6913 3183 3575 5877 245 3984 5039 5463 5839 5775
6914 2341 4905 6179 812 972 3931 4730
6915 3062 3342 3537 3506 3993 4035 5570 4473 1464
6916 2692 3278 3817 1211 4763
6917 772 641 2572 5021 3263 4625
6918 1753 3560 3720 5493 5813 34 1687 3343 6399
6919 560 999 969 420 1484
6920 3867 2951 3939 5815 1385 73 119 145 313 579 808 1202 4334 5525 133 87
6921 983 1887 2692 3050 4089 4097 6495 6625
6922 674 865 1650 2874 3482 4808 4915 1021 5412
6923 630 3777 1415 2327 3957 5474
6924 756 1938 1037 1762 1903 3678 4489 5338 3682
6925 1029 3383 1597 2460 4097 149 5456
6926 1563 6561 5570 6832 401
6927 575 1165 1430 1441 2020 2401 2403 3114
6928 140 2389 4283 4934 5418
6929 177 1735 3448 3888 2116 4628 5062 1777
6930 935 1323 3968 4460 4627
6931 6252 3263 4117 5666 6479
6932 3383 3274 5432 3644 932 2112 3434 6177 6605 2640 5554
6933 5730 2420 2638 3278 3378 5762 4777
6934 2479 4379 2150 1740 1815 3012 4211 4832 3765 1447 6075 5706 3375 4543 5446 2971
6935 998 3851 4387 4941 5243 5794 5988 6633 545 5979 975 2838 4066 4097 6358 6700
6936 973 1155 6603 1956 2775 2988 4475 5471 483 900 4173 6328 6675
6937 996 1481 1483 4951 5165
6938 188 10 57 305 429 377
6939 10 309 380 414 429
6940 46 5086 5796 245 2435 2471 2945 3586 5241 5530 5638 6290 6480
6941 5125 383 1813 4211 5811
6942 5956 6512 5015 6410 6822 3931 6696 6893 6949 6523 6961 6959 7006 7043 7016 6918
6943 5411 5909 1588 2132 4879
6944 2420 2758 3374 4509 6388 6304
6945 537 545 1499 1759 2168 2355 2572 5059
6946 3067 840 6075 2976 3247 5756 5537 127 1227 3012 3183 1424 2195 2946 4193
6947 3765 4383 3931 2951 1161 2479 5255 691 2323 3929 5312 6720 3809 6468 288 6067 863 5615
6948 537 4498 830 4513 2342 2345
6949 1047 2128 3194 3877 4089 4689 5086 907 1898 4542 5325
6950 2505 2840 6370 318 832 1044 2369
6951 1178 511 4906 5596 6534 5050 5484 1855 3316 3874 5549 6177 6761
6952 5521 1279 991 5386 3334 5822 5800 6937
6953 3303 621 5809 1222 5886 3294 1595 6375 972 6443 3451 2565
6954 742 927 1998 2808 3046 3965
6955 360 906 912 2904 3343
6956 148 1214 4335 5679 5711 2609
6957 2750 3030 3183 3196 3263 3294 3365 3448 5220 2370 4905 5525 2897
6958 1544 1648 2665 2868 883 2585 3452 3069 3749 3975
6959 282 318 1831 2107 3214 3233 3761 4035 1408
6960 3783 1228 6681 6840 2856
6961 1391 3676 4577 5653 6073
6962 1688 1721 1432 6202 5373 95
6963 5136 2327 1432 1413 3931 3964
6964 527 1222 1921 2690 4279
6965 1346 1655 782 3179 2955 3234 4460 641 964 1790 1867
6966 6452 3233 4490 4457 3948
6967 6114 1911 67 2956 4965 5886 2128
6968 1813 3447 4166 4569 6438
6969 4349 4451 120 459 5193 5415 5787 5543 6269 420 5956 5416 4488 5879 5849 6295 6633 6822 6315 6815 6264 6946 6907 6908 6965 6920 7049
6970 2109 2976 3247 1544 245 675 6348 4446
6971 2846 3493 3912 5711 2406 3515
6972 1765 2460 3333 4900 5381 5979 1432 1588 3630 4008 5759 2901 5758
6973 1799 1952 2361 2931 4880
6974 6178 5860 1047 4193 5015 5386 5625
6975 738 3204 6484 938 4965 5138
6976 1800 1775 3895 2857 3995 4901
6977 352 1386 353 2574 762
6978 2323 2592 2593 2756 3069 482
6979 1303 5220 1698 3000 5005 1302 1530 6891
6980 2840 6566 3485 6455 3929
6981 4689 2797 3619 5450 6150
6982 3929 1759 4421 4995 1887 4446
6983 835 2031 2572 627 939 1016 2315 4192
6984 756 927 2750 3543 939 1480 5949
6985 5144 1588 1443 5329 998 2861 3867 4677 5064 775
6986 246 4465 5530 5949 5433
6987 188 304 761 1677 1922 2572 4266 177 352
6988 660 2981 3940 4090 6117
6989 648 927 2827 514 832 487
6990 4847 4857 4498 5938 4418
6991 5366 3032 3842 2474 4756 6284
6992 1862 2939 2993 2994 3534 3740 3951 4085
6993 634 2251 2593 3949 4278 5648
6994 774 2522 3175 3932 6805
6995 676 1936 4203 5484 5310
6996 3367 5386 2952 4089 5525 2323 5093 830 1428 4156 5118 5397
6997 5517 5535 5666 3392 4496 4578 6253
6998 596 745 3891 1014 2817
6999 4028 917 4054 5358 5476
7000 354 779 998 85 813
7001 642 939 1503 80 2750 1283 5304 4646 4016
7002 793 845 1644 3715 4395 4900
7003 3648 2226 1692 2112 2571 3118 2561
7004 1544 4049 4897 5873 3653 4566 5408 835
7005 4712 52 558 2753 5057 5258 1939
7006 31 1644 3765 4789 5666
7007 4389 2201 2861 3096 844
7008 352 1755 3715 2460 1891 6160
7009 180 2046 3194 3448 4199
7010 5587 6179 6807 4117 3515
7011 3536 5142 482 3294 5578
7012 284 4351 151 4210 3192 5189 830
7013 4049 2122 3506 3516 5428 5473 832 5289
7014 802 855 1061 1596 3730
7015 1211 4496 1106 2775 6346
7016 304 3453 4663 5537 4089
7017 837 2436 1967 2288 149 3014
7018 4691 5852 3521 5708 4935 6803
7019 1004 2024 3929 5802 5417
7020 1330 3619 44 1334 939 1653
7021 2045 2084 5378 1047 1488 1740 3989 5598 681 4808 1432 4193 2187
7022 1987 6268 927 998 3931
7023 1791 2212 6766 6904 6968 6994
7024 1109 1233 1328 1560 3614
7025 994 5070 527 5534 5539
7026 1703 6035 647 1255 4675 5444
7027 1650 4878 316 674 3201 3409 3611
7028 2415 73 772 1058 1202 1817 1954 1960 3314 923 924 3448 3537 517 578 1211 1507 2337 2449 2708 4496 369 2049 2746 3043 3906 4060 4236 120 991 2491 2884 203 2220 2678 797 1797 2920 5326 2649 4516 26
7029 1973 6620 2838 5666 6654
7030 923 1500 221 19 2750
7031 177 6004 3365 6163 527 939 1191 6561
7032 772 1047 2046 4664 1233 784 812 4367
7033 60 674 4374 4979 5456
7034 772 1343 2914 2949 3243 3516
7035 1655 1746 1887 2780 3585 4285 4539 4551 4841 5088 5537 1432
7036 276 10 295 409 1047
7037 1432 1299 4899 1303 4842
7038 527 587 923 1985 2466 2732 2839 2951 2952 3291 4769 1494
7039 1954 3144 14 292 3516 5065 2761
7040 2908 3733 3655 2889 5575 2838 4739 844 3143 1875 7048
7041 2544 1825 837 4453 3574
7042 279 137 342 622 987
7043 4446 201 2952 6035 6311
7044 996 3928 4782 6360 5849 6048 6576 6117 6801
7045 4164 335 1530 3383 5098
7046 5491 5529 5756 6283 6493
7047 191 1015 1517 2735 3044 3924
7048 337 379 429 361 3506 366
7049 1593 2220 2327 2976 6211 6213 6214 797 102 3012
7050 198 239 307 337 1227
7051 109 459 5043 5809 458 2242 6323 6496 6507 6573 6644 6934 6889 6968 6956
7052 3508 4482 5138 1545 2594 774
7053 3981 934 1118 1956 2369 2599 2693 3424 3694 3780 4008 4847 4911 4953 4957 370 3988
7054 3136 3406 4279 940 3347
7055 455 2460 3912 31 5584 6384
7056 1262 4799 5125 188 917 1935 3855 3922 5537 5654 6742
7057 6005 527 627 991 6479
7058 679 5013 5208 5220 1096 2626 5589 1887
7059 1813 870 2121 1285 1736 5183
7060 3064 245 1309 4193 5873
7061 5456 4352 1712 6005 2644 3183 3339 4760 5877 6544 6692 3410 4246 6427 829 5335 3762
7062 2910 2932 3521 5157 5482
7063 2102 6420 5686 5378 3554 577 6071 6753 6248 6786
7064 120 459 458 2242 5415 5787 6269 5416 6762 5876 6745 6789 6811 6889 6969 7026 6772 6994
7065 2750 4244 4655 1981 2880 127 2377 5498 6826
7066 2507 3941 2884 5138 2277 4099 715 3363 3685
7067 2106 3711 2043 3248 4813 5873 3921 4730 840 1765 1849 3929 5256 5456 6395 1631 2107 2674 1588 1913 5965 2808 2906 6128 2390 5433
7068 887 1787 73 612 1438 1597 2221 3477 492 1972 2545 813 1791
7069 3201 2160 3200 4086 6025 2158
7070 1779 5581 2839 2907 3078 4119 1580
7071 761 527 4667 5844 5542 4789
7072 1135 1136 2887 3158 3244 5065 5531 6053 6700
7073 2669 4340 2184 4065 1262 5065
7074 1792 2193 2714 867 1258 1797 4808 5547 5598
7075 91 1481 1765 1913 2183 3232 4067 4360
7076 4152 1638 4154 5702 4632
7077 288 486 1263 1003 1209 1815
7078 203 580 1122 3548 3929 4011
7079 6209 258 1103 5534 3862
7080 1191 2038 5670 6126 4696
7081 3112 793 89 525 1522 3550 4230 1555 4128 2067 5508 1240 5023 5558 6699 5562
7082 2825 3410 1759 3339 4852
7083 939 563 1373 4374 4156
7084 263 1006 3065 4193 6553
7085 4198 4205 6135 5067 6321
7086 102 876 596 517 916 1242 991 1534 2558 3711 797 5449 2904 5413 1765 6473
7087 3866 4946 5284 284 4201 4316
7088 2323 3294 1897 3102 5257 5838 3059 1201 1756
7089 5865 3496 2369 5414 6129 4382 5037 3845
7090 486 675 1373 6282 5775 3682 5777
7091 2863 3263 4759 1922 5812
7092 3214 6580 178 3834 939 1385 2692 3144 3406 5547 743
7093 177 2756 3243 6180 2 1106 3026 1544 1844 4209 4696 5809 939 191 2460 5537 482 3862 6338 5413
7094 2716 3632 5782 5958 6636 6654
7095 4623 537 2479 5093 6274 4579
7096 709 4951 5016 5905 6796
7097 5631 4460 5021 6105 2988 3758 5493 6569 670 5544 4482 329 1742 4205 5368
7098 5157 52 4214 4712 1159 1194 1759 3367
7099 334 80 186 290 458 460
7100 1669 4317 52 54 95 4540 1530 3123
7101 304 1383 1588 1921 2355 2472
7102 3586 4857 5954 6411 6471 6770 3437
7103 179 1779 1875 3434 5809
7104 410 702 5371 1904 3060
7105 2671 1432 1778 5693 835 3177 4390 5698 1438 1844
7106 761 304 2535 2978 3388 3690 3710 5757
7107 262 906 1831 2233 2460 3653
7108 903 482 761 1004 1939 2323
7109 641 1844 1867 2485 4219
7110 2548 5968 4614 2260 4869
7111 2203 784 2144 2288 2304 4712 955 5930 6272
7112 865 939 2674 2676 4759 5714
7113 3889 1815 2572 4496 4553 5194 1855
7114 1494 1633 1792 2327 3506 3687 4783
7115 772 5357 5420 6807 633 998 1135 2669 2718 3584 3760 5757
7116 1849 3823 3866 1634 1696 3970 4496 4951 5537 5968 6253
7117 2954 2956 2959 4045 1789 3019 3118
7118 4873 5849 842 6954 6782
7119 465 1432 1927 3521 4348 5852 5853
7120 10 57 86 186 77
7121 998 318 1544 2430 813 1787 1968
7122 3453 5960 6809 580 6390 4724
7123 77 204 239 253 290 367
7124 3931 1127 1588 1831 4001 3630
7125 669 1673 2460 5568 6726
7126 652 2535 3388 4211 2377 3718 4194 6055
7127 918 2323 3630 4551 5447 5873 5979 5826 6898 1853
7128 4673 1496 5677 3627 6754
7129 4520 5294 2824 6219 5371 888
7130 366 997 1515 1988 1468
7131 5471 3226 4496 3277 6011 5626 5638
7132 1429 1712 3023 539 5525 4368 5654 5638
7133 4575 5164 4581 5035 6219 4070
7134 1701 2 455 742 1544 2517 3758 5205 1867 2756 5756 681 1793
7135 4557 601 610 1493 5911
7136 5136 1483 2674 6543 3554 3378
7137 2090 5333 1824 2976 3515 1432 5157 4625 6471
7138 2122 421 4360 4664 6060 5511
7139 2440 4962 5877 1864 3957 5666 5747 6073 5954 2354 6216
7140 726 869 6189 6190 5379
7141 3369 991 554 2453 3586 1077 5795 1971 4491 2059 2824 3255 4581 5852 2369 4266
7142 5118 3383 3184 5397 6539
7143 1692 1788 2196 3118 4097
7144 4712 5664 2976 6177 994 6172 1098 4319 3183 6760
7145 1106 17 1621 2169 1499 3136 2486
7146 4236 3388 5800 729 5916
7147 1903 2832 1122 849 3607 6718
7148 21 1051 3871 4094 4353 1484
7149 31 4146 4193 1720 3822
7150 5738 5993 6395 1742 5966 6073 5508
7151 674 675 1598 2032 6196
7152 1701 1759 2193 2481 1159 3475 4696 4664
7153 2123 2435 2650 2892 4879
7154 893 2460 2653 4209 3779
7155 1242 4066 5378 6028 6267 4376 5044 3758 1044 1432 5537 6009 4661
7156 2981 2573 502 3586 4203 403 713 3056
7157 4313 3062 2838 4152 3047 194 5777 6253
7158 4696 772 3311 4318 4198
7159 3012 1064 840 954 1219 3064 1810 1113 581 4321 5047 5346 5508 5911 5837 5977 6500 6353 6314 6295 5015 6689 3929 6790 6838 6977 6990 7031 6967 7039
7160 3322 4018 4964 5039 5814
7161 1653 3961 1904 5930 2535 3954
7162 1672 1755 1887 4147 5831
7163 201 545 1202 1288 4606 4896 5896 6128
7164 352 353 2369 3044 6506 710
7165 4873 109 5346 5489 6594 6596 6527 5410 6729 6822 6854 6117 6576 6889 6979 6969 7023 6917
7166 2804 3164 1047 1494 5537 3149
7167 1097 1762 3915 1266 5424
7168 2598 3184 3516 4737 5346 5459 6409
7169 2061 2702 5980 3315 3449 2246 2432 3384 4457
7170 120 1161 1921 2112 2020 3162 897 6532 3624 3663 2806 3757 2541 3995 4082 804
7171 313 527 1044 1809 5347
7172 634 3866 5437 5486 6905 4587 4631 5512 6344 6345 6556
7173 1219 3220 3409 6344 5979
7174 43 120 148 251 266 280
7175 304 980 1998 2288 3558 4117
7176 1185 934 8 483 1092 1759 1927 4339 388
7177 785 1323 1744 3347 401
7178 1639 5853 5278 5584 174
7179 2257 3251 1544 3363 1242 4012 5813 1753 5228 4889 6539 1432 4285 4564 5809 6545 746 3653
7180 3079 3100 4037 34 566 1516 1956 2460 2572 3020
7181 6067 1956 1601 2597 5209 4842
7182 5376 5875 89 640 2601 4298 4842
7183 2383 2460 3798 4221 5021 1056 5347
7184 4193 4842 5782 6184 6953
7185 5865 1071 2036 5366 1927
7186 5873 1756 2193 2535 2897 4194 5547
7187 4793 5645 3948 5086 1172 1122 5446
7188 3993 4574 3030 3523 3264 1457 1472 1678 5619
7189 1568 2020 3753 850 4868 54
7190 2194 2669 5474 5942 6733 6154
7191 201 2027 2184 3931 4941 6197
7192 627 2840 3554 4036 4212
7193 1468 3214 4689 917 991 1233 3183 6349 2195 3047 4420 5157 5386
7194 2460 5137 5782 6004 5513 3748 4185 4393 3347 2490 5666 6167 6344 2962
7195 246 301 420 461 250 341
7196 1056 4198 2510 3401 2 728 830 3010 3929 5456 3184 5413 3554
7197 1476 1728 1821 2886 2386
7198 772 1833 4185 4894 5537
7199 1597 1172 1292 1309 4374 4566 566 1308 3995 2024
7200 4706 1440 1517 3515 5711 6451 6725 6187 6766 2838 4560 4496 906 2674 5587
7201 68 118 164 250 301
7202 73 2369 3067 4696 4768 5065 3030 5570
7203 3143 1759 939 849 5378
7204 1200 4622 5378 5537 5979 6006
7205 760 1340 2323 3261 5925
7206 282 1226 1492 1302 3059 5914
7207 318 1690 1887 2669 2760 3298 3372 3856 1044 2678 2761 4285 4828 2666 2970 3363 4257 5017 5422 5800 5556
7208 3119 3768 4285 4775 5833 411 1064 1987 3929
7209 6568 6125 6638 6733 7021 6985 6998 6774 6939
7210 880 916 2892 445 2435
7211 1927 4250 4351 4873 5345 120 4060 5667 5508 2212 5849 6406 6581 6865 6881 6925
7212 830 1178 3143 4031 6382 6164
7213 366 865 2323 2735 4383 4913 4219
7214 4578 4146 1713 2881 4696 3263 5172 5397 6281
7215 3263 3410 4538 4651 4878 5366 6556
7216 2756 5431 2669 994 1852 2976 2660 801 2479 4502 647
7217 6553 1107 1711 772 3938 4652 6241 674 1922 6117 6211 6213 6260 1727 2450 4523 6753 2009 3655 6520 2329
7218 2369 2596 3115 4553 3963 837 997
7219 1927 1610 1832 2162 2359 18 1393 4899 5117
7220 401 520 2208 4260 4742 4935 5664 6458
7221 833 1797 3695 5310 5620 5772
7222 4318 3053 3642 4327 6163 1318 4819
7223 1182 3401 5201 4401 4769 3894 6424 5583 177
7224 2740 3409 4209 4847 738 6513 4902
7225 2756 4198 190 1728 3249 3957 5956 6557
7226 1530 1586 2195 3891 3949 5114
7227 610 149 797 1543 3060
7228 3825 5074 3152 5292 3156
7229 240 598 1063 2211 2460 2659 4675 4941 6034 4193 4253 5232
7230 2401 2403 2587 2689 2694
7231 2618 702 852 2122 2143 2460 4787 4942 5378 5558 5979 1509 3006
7232 3891 5843 6283 6540 6787
7233 120 109 6504 6522 6662 6677 6863 3562 6788 6733 6997
7234 6864 845 5863 4180 1135 3154 3877 4727 5757 5551
7235 1852 5199 3096 3507 3784
7236 812 3299 4268 1907 5427
7237 1655 2479 3012 4711 5176 3183 4038 4416 4448
7238 1016 1100 3470 3561 3929 4067 4547 5720 5978 6103 6136 4000
7239 5745 1071 1517 4823 5227
7240 6507 1432 2194 3758 6337
7241 6368 2868 6188 670 6340
7242 1852 2323 2951 2976 4521 5587 5746
7243 553 1775 2696 3957 610
7244 304 595 596 597 2342 3118 4415 5640 3751 4276 4877 1899 1924 2160 2593 3409 4546 5512 3263 659 1242 2161 4324 4587 4947 5553 579 4256
7245 641 4444 5802 2723 1283
7246 188 411 537 1687 3026
7247 1765 4063 2831 3364 4518 2988
7248 2797 1655 2861 4318 1071 1952 2046 2386 3862 713 5638 6013
7249 1433 452 3130 5697 830 3363 6766
7250 282 922 3268 907 6233
7251 148 4942 3351 5431 6107 6175
7252 3060 4398 258 2430 5872
7253 3679 4028 1373 82 486
7254 4010 316 5468 3843 5690
7255 1158 2084 1987 4963 1544 5522
7256 5147 5658 5816 745 4011 6900 6766
7257 687 5462 6475 1922 3520 5493
7258 2460 4178 3607 708 1204 2342 3158 2718 4374 5393 4
7259 4982 5515 1202 5517 4056 5991 5630
7260 12 4879 5873 3335 498 1711
7261 2756 1004 1440 939 2412 3342 6386 6579
7262 555 4008 675 1694 1887 5093 5663 5894 1194 1442 4891 5346
7263 2571 2677 4415 1358 3506
7264 10 11 120 234 36 440
7265 2184 3516 4808 60 3351 3458
7266 987 3278 1424 4662 445 1433 5275
7267 907 939 420 2535 1141 3106
7268 3548 5335 5526 149 6370
7269 2824 3425 3356 5706 370 3357 3359
7270 6209 2823 4922 5138 6030
7271 3716 3866 5443 4008 6487
7272 3263 817 2155 5824 5340
7273 5691 2692 5556 5575 2791 1756 2756 5526
7274 5021 6913 1233 3050 4794 6944
7275 893 1544 2514 3516 3347 4760
7276 3995 3422 1753 2872 4717
7277 1044 2517 4152 2141 2587 687
7278 840 610 842 954 5092 3363 4194 5018 2105 4418 6094
7279 2885 2168 5908 1149 1373 1503 2327 3417 3448 1858 3183 3758 4365 5086 1475
7280 4233 6684 5180 6661 936 6675
7281 1425 1712 5224 5425 6596
7282 3082 4971 849 4972 3697 2004 6540
7283 4615 1130 1990 5764 5765 4441
7284 2323 4340 5699 5782 5809 6653 939 6227
7285 842 2517 2598 3310 3465 6505 6913 3475
7286 2455 754 863 2920 2776 3689 58 5350
7287 420 631 1398 121 2792
7288 2187 2258 4171 4240 4809 4901
7289 3294 2220 3661 3115 1097 6830
7290 939 2160 2252 4631 5157 5757
7291 2232 3060 5451 5844 6654 772 5112 6540 554 7034
7292 27 845 4007 5782 5985 2676 4053 5537 1655 1931 2323 6071 2976 3183 6215
7293 2789 2795 3030 3347 4358
7294 1512 2976 3144 5312 567 2603 6666
7295 5581 46 322 812 2379 5635
7296 329 498 1530 1544 3092 3675
7297 379 2460 5239 6591 1653
7298 802 1641 3855 5086 5087
7299 748 5645 591 3957 5711 5894 2920 54
7300 3453 4658 4893 5413 6840
7301 451 925 1379 1544 1554 1703 1779 1824 2346 2653 2726 3030 3307 3720 3821 6050 6217 379 994 2321 2767 2792 3263 6179 1867
7302 1759 3623 1442 4745 5965 1385 6005 4372 5177
7303 742 2300 245 1887 830
7304 954 2323 3029 5376 5442 2351
7305 2303 627 4473 4362 5518 5188
7306 1830 33 1759 3183 4734
7307 282 442 924 1047 1789
7308 5809 4374 5345 641 1067 5070 6676 6522 6790 6665 3342 6976 4935 6565 3355 6938
7309 927 1051 2027 2327 3931
7310 496 2460 1707 2986 4891 245
7311 322 352 2721 222 1097 54 1004
7312 743 1808 4351 4759 4905
7313 75 43 81 251 77
7314 2469 3351 4149 3958 603 2626
7315 5995 5994 6097 2116 5564 4535 5147 5237 6747 6815 6816 6818 6820
7316 1063 2251 3430 3446 695 2571 3968 1999 2299 2529 1846 2053 6312
7317 311 4842 5456 5558 6283 640 5624
7318 1056 1063 1909 2537 3294 6124 5947
7319 1021 2838 5787 832 4060
7320 31 1145 1283 1284 1509 1875 2922 4300
7321 6419 837 5587 1887 1432 3078 4697
7322 5225 1701 3610 3284 482 2323 3348
7323 797 4084 2420 1135 729 5772
7324 1453 583 886 5106 1077
7325 840 1753 1885 2775 3507 4844 5793 6320
7326 2640 4403 1987 6269 3050 3059 5291 6358
7327 357 4627 1779 359 5555 6177
7328 4696 5065 5429 976 2116 2249 2266 2329 3964
7329 2741 1071 2420 238 1428 2386 3527 43 2572 4458 4229 141
7330 670 889 1824 2450 2460 3834 4336 5386 5389 5534 5749 5814 5863 6167 6306 6674
7331 482 1338 3467 795 474 515 3233 4525 3758 4664 1973 2120
7332 124 659 1347 2535 3411 4516 4547 5002 5310
7333 641 1588 2238 2460 840
7334 5116 3059 3837 4052 4516 4031
7335 1047 3047 3724 4551 6300
7336 4789 3608 4281 594 2642 6747 6667 370
7337 1154 1735 1760 1887 3164 3635
7338 1903 3026 1261 2827 3486 772 4276
7339 329 465 4168 6533 675 991 2006 4137 5227 70 1077 1097 1884 2299 1446 6573
7340 495 3698 3734 12 1981
7341 458 742 3560 2284 2710 2715 4139 73 1529 3929 2168 2545 3520 4316 5926
7342 640 1621 5422 1383 1987 2669 4591 4696 3012
7343 127 641 4193 5756 563 2220 4252
7344 1071 1588 2505 1103 2146
7345 1032 1207 1760 3222 2904 2981
7346 482 742 905 917 1432 2323 2917 5563 3101 6454
7347 893 2904 6340 6113 2763
7348 2240 3758 282 3502 6666
7349 1106 4833 5485 3789 1283
7350 839 2460 5882 772 3941 5868 1493
7351 675 998 2023 3368 5003
7352 1347 5930 1271 1814 4496 5558
7353 3193 3530 4224 4313 5671
7354 227 855 1533 3057 5522 1043
7355 1432 2750 4540 2718 546 5869 5911 364 1508 2838 6126 3877
7356 5775 6751 2485 6084 5844 2052
7357 4163 563 3562 2132 1328 5558
7358 1155 1847 2546 2881 5310 6386
7359 684 25 939 1083 5546
7360 311 1151 2703 5374 5485 4298
7361 102 2106 5696 6270 6792
7362 2460 5505 5525 1631 880 1496 2988 5630 6099 6101 4363
7363 1233 1559 3372 3984 4147 6302
7364 772 880 2530 2990 3867 3030 3447 3968
7365 742 1051 2775 5500 5666 6071 6472 4691
7366 1818 1848 2131 6419 6524 5959
7367 192 659 1285 4298 5349 383 387
7368 3758 5085 2168 4008 3493 5086
7369 1105 1785 2277 654 492 1050 4087 4121 459 274 120 5312 5509 5417 5266 4046 6506 6503
7370 1981 3173 5537 5551 6624 2535
7371 939 2323 610 3099 2430
7372 148 665 935 991 1770 3350
7373 835 1077 1078 4906 2598 50 3586 4700 4298
7374 742 1309 3046 5002 6648
7375 1432 1698 4589 3137 4929
7376 3768 191 2775 4276 4357 5176 5405 868 3409 3410 4521 4631 4769 6356 867 2168 3502 1573 3030 4374 90 3660 3932 5987 5414 6225
7377 10 24 47 64 80 103 207 221
7378 3354 3363 4625 5977 3356 3016 3365
7379 482 2147 2693 2847 2948 4642 4646 4655 4685
7380 3263 3655 4259 5340 4412 4833 5255
7381 2358 3227 3767 1518 4139 2914 4889 1752 3263 4089 4628 6094 4929
7382 792 1538 1628 2279 2619
7383 3149 127 492 527 2740 2797 3234 26 659
7384 1432 1679 1861 1122 2369 3554
7385 5215 1469 2569 5413 4691
7386 379 2395 3635 4163 3607 5304 3581 4937
7387 134 1146 1588 2629 3158
7388 282 554 1308 1923 2838 4240 4414 4787 5074 5408 5778 6229 6233
7389 1759 2797 3274 4842 1044
7390 6033 335 2354 5157 5631 6553 6672
7391 201 3409 1274 5606 127
7392 10 80 481 1024 2017
7393 127 591 1317 3702 5334
7394 4374 3934 939 992 1756
7395 1887 5537 238 1973 3077
7396 52 54 454 3843 4212 4680
7397 2976 5756 983 4052 4468 4686
7398 772 1951 1435 1824 1260 1759 2697 4292
7399 304 3682 4311 5560 5844 6566 6624
7400 1544 3220 4148 5217 6570 6908
7401 188 239 246 327 400
7402 994 1187 2064 2881 5635 6835
7403 5667 1047 2146 2693 2659
7404 4437 3164 4587 4640 2970
7405 1913 3506 1706 2088 1720 1791 3354 3944 4192 1818
7406 1480 1755 3027 4217 4725 3590 4365 4527 2917
7407 321 3517 3809 674 917 1015 2920
7408 1543 2663 2187 2650 2763 4696 1758
7409 1440 1588 3194 797 2626 3862 874 1146 5525 5553 6664
7410 1929 4968 121 3929 4435 5815 3679 4082 5378 5500 2380 6105 6177 1791 70 886 4901 5125 4205 6714 322 4893 3440
7411 709 2315 555 602 628 4724
7412 2485 2940 4806 3343 5157 5312 5540
7413 669 2315 2636 1204 4211
7414 208 163 1966 3290 3783
7415 108 191 595 597 1107 1233 1973 2669 2946 3452 3665 3931 3957 4008 4207 4641 5311 5312 5366 5413 5666 5820 6213 6236 6278 6462 6534 6672 6711 6845 6876
7416 4335 4764 5821 1171 3938
7417 234 296 167 45 2460 5378 1566
7418 1777 2954 4889 5159 5516 835 1534 2096 2693 2846 3932 5118 5294 370
7419 5667 2024 6290 1597 2161 6913
7420 1598 1824 2449 2775 3439 3679 5021 6114 3727
7421 3078 331 3867 1899 2670
7422 1015 1106 2470 5112 3901 4712
7423 998 2112 4008 4012 4376 6845
7424 379 4008 3715 1097 5853 1904 5189
7425 5597 1595 5838 6035 6931
7426 4391 482 4777 3548 2323 5613
7427 3059 245 482 3363 3506 3932 5638 5795
7428 4488 5070 3241 3559 6729 6610 6651 6125 6904 6816 6266 5771 5638 6918
7429 967 5981 1207 695 842 1929 2482 5637 5643 6254 3012 5508 6493 5456 6252 6253
7430 2693 1044 1856 2095 2976 3460 3891 4473 5559 5706 6219
7431 859 3619 2693 3654 4482
7432 3560 3822 5224 1172 6374
7433 3855 695 1655 1848 2976 3756
7434 5456 321 687 4627 5104 5812 5857 167
7435 1309 4812 6578 4508 4590 6014
7436 1759 3365 2028 6127 1855
7437 1106 2511 2535 3205 3388
7438 1578 3187 5007 6431 5493
7439 2846 3848 5385 5587 2978
7440 879 1313 1588 3157 3912 4864
7441 4231 3858 4723 5485 4793 5873
7442 3901 5660 1597 594 3060
7443 4275 1233 3058 4937 6466 1009 5243 4044 832 2565 401 5402 25 352 1668 3912 5088 5484 6050 6384 6549
7444 3929 1544 2119 6045 6823 5620
7445 5417 6253 5214 6323 6855 6914 6915 6733 5778 6976 6907 7012
7446 939 1241 1242 1484 1644
7447 4697 5043 2023 5003 5879 15 514 5586 3522 5710 1509 2416
7448 52 418 880 850 394
7449 379 20 210 1316 1490 2415 321 915 2680 113 54
7450 1981 2531 3106 3136 4260 4429
7451 6005 1242 4711 2574 3667 830 1293
7452 537 545 641 5811 4689 5449 80 498 546 917 1867 4905 6140 4285 73 1202 549 939 4482 2235 4097 52 304 1847 4562 5557 6590 303 2369 1358
7453 610 3401 3607 4976 6676 5637 6007 5456 6252 6289
7454 2096 3684 4811 5015 5191 5502 5685
7455 2031 1187 5410 3822 3831
7456 2093 2756 3971 5905 6798
7457 3329 584 1122 6379 2816
7458 916 92 640 860 1494 2535
7459 4168 4700 738 1544 1759 2460 674 837 1016 1233 2106 2327 4067 3143 5444 5554 4697 5963 6295 797
7460 5345 459 5214 6576 6969 7026 6772
7461 710 3064 3679 1106 2908 4242 4583 5297 5832 6268 6435 998 1308 1496 1959 2976 4008 4152 5905 6583 1717 4278 5312 6486 6753 1424
7462 1440 1442 1977 4182 5821 352
7463 5525 6268 742 960 3695 5243 4454 5757
7464 1406 2221 3780 5006 3143
7465 627 2032 101 558 939
7466 1720 1787 2905 3834 3587 1618 2160
7467 611 681 1405 1531 1735 3099 5138 95 4712 1358
7468 3549 5711 6605 6648 6177
7469 3618 704 2096 3410 4262 4488 5513 4565 1361 6840
7470 1808 1848 2147 2572 3890 4008 6071 6145
7471 125 595 3585 4625 4257
7472 1416 973 2946 840 5177
7473 6122 3241 3786 884 972 4883
7474 3730 5499 1565 2393 11 1847 1044 1283
7475 1373 939 3311 1432 1480 1789 3761
7476 5105 120 4082 938 5845 617
7477 3143 4437 5157 5721 1855
7478 761 3866 1438 6553 606 1435 3692 5905 3272 4551 1103 5193 1987
7479 3030 3263 3803 4445 742 4010
7480 1171 1232 537 1212 842 6716
7481 1187 1855 3060 3786 3819 5422 5987
7482 3263 5915 2469 6832 675 830 901 991 1263 1563 1740 1815 3101 3663 4466 4992
7483 1221 2099 2428 1262 4650
7484 554 1145 4092 1393 584 797 985 5994 5258 2204 6127
7485 1764 1758 797 1652 2073 2693 3527 4129 4935
7486 5352 1161 4352 3929 3022 2925 1844 1852 1502
7487 4037 4446 3825 4104 4158 5873
7488 1294 2236 1529 1530 5257
7489 1814 3290 321 3410 4246
7490 5348 6670 4279 6180 6478 6026 2593 3410 5218 6340 3200 6235 4651 5905
7491 682 1876 1362 3091 3263 480
7492 1202 4407 5413 1044 3862
7493 2754 5425 3485 3184 6374 6259
7494 3166 4042 2572 2321 6211
7495 66 62 212 81 123 42 162
7496 3024 4009 5278 1755 2537 1583 2693 2618
7497 627 4383 4822 2111 806 1199
7498 3168 3957 6253 2678 4246 5635 6054
7499 5830 2302 2811 267 514 1432 3133 5741 1170 1741
7500 611 879 2660 2897 3184 4227 4922 5850 6616
7501 580 3448 4285 4585 4894 5191 5413 5717 6129
7502 4695 441 563 3949 4922 1924 4368 975 2356 6305
7503 845 6363 5958 6504 6863 7015
7504 6129 1047 1235 5191 5962 1299 5964
7505 853 6680 1633 3343 4055
7506 4696 1930 333 3434 2625
7507 1094 3184 3935 4842 4243 4664
7508 458 1138 1182 1507 2550
7509 1042 1755 4873 5049 5798 563 4445 630 1135
7510 2437 3018 1131 3363 1283 5708 6104 4154 3826
7511 5967 6222 2144 5413 6128 770 6473 2970 3981 4626 15 2299 5638 246 1287 5689
7512 77 102 127 214 228
7513 284 2269 707 527 2897 802 982 3051 821 598 2219 3131 747 2624 2951 1991 1298 1713 3353
7514 872 3284 3866 5423 627 1432
7515 627 880 1044 1830 2327 2466 2663
7516 1782 3562 420 595 1530 5224
7517 1596 2600 1260 2049 3841 3957 3004 3074 1193 2545 2636 2981 4894
7518 1943 863 3281 3667 4085
7519 627 3866 6107 4782 4789
7520 2228 2460 3929 3931 1516 4008 4601 5811 6180 3796 3945 5702
7521 4827 5025 352 5469 4925 900 2288 5639
7522 830 1146 1162 3922 4278 5223
7523 939 729 1544 1731 2560 3585 3730 4264 4016
7524 531 2792 3410 4186 893
7525 486 3380 4144 3291 2888 2970
7526 1701 2032 3515 4052 6561 5708
7527 1509 5630 972 1546 1573 1037 3370 1457 6398 4786 4874 6927
7528 1233 3143 1544 3008 972 475
7529 3851 5271 2072 3041 4046 3803 1371 5238 797 3907 6285 5438 4733 4696
7530 4867 3515 1227 458 5529
7531 120 794 5849 6665 3342
7532 304 4991 5437 5791 4156 1714 4569 6667 124 401
7533 2669 3046 3517 3547 4449
7534 2833 2288 6539 727 1544 2931 4131
7535 420 553 606 802 1037 492 1530 1153
7536 1232 2409 452 1202 2323 3698 4084 1144 6377
7537 108 3671 5495 2904 6036
7538 1391 1987 3922 3931 4022 6501 4750
7539 658 255 90 3118 177 3246 3586
7540 177 1099 2323 4545 5174
7541 2569 3265 3521 5312 5464 5818 6320 6065 1412 2280 3651
7542 6484 924 5957 3284 3365
7543 4598 5002 6357 3922 6163
7544 4065 3976 3987 4348 4659 5012 5784 2132 4731 5172 987 386 426 1847 4957 6063
7545 1047 1044 5604 6283 5551
7546 32 441 3723 3856 245 563 1600 1792 3277
7547 660 2582 3667 6066 6135
7548 2387 1392 5949 3814 2433 4298
7549 865 1004 1849 6069 6079 6590
7550 1672 1824 2702 3929 5032 6316 687
7551 304 420 2327 2838 3295 4097 4697 5095
7552 3931 3929 4395 1863 5736 4842 1432 3004 5872 2412
7553 2028 2676 4727 5024 6177
7554 1976 4315 4557 4680 5456
7555 429 148 118 217 304 460
7556 1336 1655 1843 3922 3929 4008 5056
7557 2840 3214 6579 1202 2032 3294 6868
7558 370 2193 2756 2823 5814 5816 6252
7559 2535 3388 4261 2027 4643 4842 5725 5422 6621
7560 2839 3615 3912 4025 4324 3164
7561 371 2575 3012 4822 6516 3026 5537
7562 1015 1494 1809 2732 2735 5558 1588 482 852 1171 1565 1808 2378
7563 134 1816 2730 2732 3550 4913
7564 4152 120 710 1214 1313 2300 3180 3244 3294 4193 4253 4769 5386 5456 5500 5897 6284
7565 960 5821 2193 2838 4733 5619 6279 2532 6493
7566 690 1438 2277 743 3335
7567 3062 2904 4789 844 1653 1155
7568 2242 5787 5416 6504 6676 6573 6904
7569 3410 1621 1273 1518 3561 4198 138 514 3263
7570 78 188 492 43 118
7571 3319 924 4952 235 3131 6185 6397 6984
7572 530 2775 4844 2323 554 906 5787 465 122 4551 3059 482
7573 2959 2793 3633 4908 5251
7574 1303 2645 780 2122 998 1214 6838
7575 1308 3166 880 3149 3184 6127
7576 352 2808 3505 4696 5537
7577 465 482 1293 2118 2183
7578 568 749 1385 1909 5630 2144 4308 6912
7579 1261 1728 1853 1939 2498 3765 5979 6397 6466 6716
7580 5115 710 2604 3536 2624 4193 683 5072 5258
7581 4280 2790 2839 3753 4324 871 4631 4769
7582 1423 3183 4739 551 1044 2693 2920 3108 3294 3783 3910 4393 4744 4808
7583 191 2460 6260 4608 4117
7584 395 2750 3872 991 3020 3450
7585 6298 11 4628 6689 349
7586 1385 1034 1779 1673 2750 3214
7587 5667 1233 304 3834 4696 5560
7588 595 772 5903 527 3180 5583 1847 2598 5539
7589 3951 5285 178 4451 109 459 3061 3730 5480 1404 120 5086 5346 5971 5849 6507 5070 6662 6651 3342 6812 6733 6889 6890 6908 6976
7590 1071 1596 1865 4696 1987 2669 3294 3345 3071 3365 3676 3946 4894 1103 245 3561 4143 828 830 2133 2369 5666 2195
7591 1233 5456 3343 3758 3932 4298 5558 5638 6227
7592 179 2111 4148 5456 366 4198 4930
7593 83 148 188 211 28
7594 287 743 1359 1120 5113
7595 2715 2838 4490 6273 4747 5868
7596 2220 54 1668 1716 2895
7597 742 998 1201 1759 1979 3008 3160
7598 2659 3214 3694 4703 5004 6264
7599 893 2241 4394 5757 6181 2110 2652 5852 78 4582 3226 5979 6672 2242 3766 2517 2978 4234 4602 6842 2974
7600 4500 2455 3566 2961 6194
7601 837 115 1232 1338 2453 3080 1202 1956 2112 2130 3560 807 2324 411 2808 2944 1678 1480 1538 3630 6631 1019 2806 3568 2710 972 3211 1044 998 1380 5071 1181 2670 4013 3921 157 1870 2650 797 185 3012 2482 4887 5412 5307 729
7602 1650 2242 4062 3542 2327
7603 2007 1599 120 2981 4419
7604 3625 5756 516 3030 3263 6344
7605 561 830 1393 3490 3929 3060
7606 3957 1650 5093 352 546 1433 1768 2724 2909 5711 6135 6903
7607 404 3836 3859 5503 6354 6834 6954 6773 6969 6918
7608 2535 2560 6126 5286 2326 5281
7609 955 1847 1896 2859 4604 5666 820 2464 5634
7610 4446 4875 5254 5757 6167
7611 1630 3929 2858 4965 601 1309 1432 5720 5085
7612 2525 1813 3328 651 3964 2578 2931
7613 1391 2153 2669 5869 3059 1303 856 3586 6012
7614 127 81 148 224 155
7615 31 917 1383 3049 3077
7616 459 5417 6522 6762 6822 6855 6982 6775 7004 7012 7045
7617 939 238 534 830 1358
7618 1644 3641 3696 4930 1233
7619 5664 78 1016 1309 5312 2856 5357 820 3627 1588
7620 187 204 361 417 436 244 314
7621 210 1728 2184 3263 3627 3694 6268
7622 13 22 104 186 57
7623 2237 4125 4207 345 4208
7624 1559 1094 976 2461 1718 729
7625 1499 3699 722 4229 4747
7626 4042 5447 2220 2645 5376 5530
7627 1791 6325 6500 5849 6766 6904
7628 1298 1759 1887 2168 2450 3694
7629 4253 772 3107 3348 6349
7630 186 224 314 1097 2039
7631 2154 5864 994 2908 4755 6180
7632 148 4308 4316 6586 5985
7633 4065 4284 695 566 3388
7634 1303 1760 3099 2288 3082 5602 5460 5780
7635 1427 1907 1107 2162 3129 1962 6693
7636 54 3622 1973 1875 6541
7637 3365 3679 4476 4672 5530 5138 5157 6323 567 4089 6222 3022
7638 2397 2645 3114 3352 3518 3843
7639 1604 4712 659 3291 5690
7640 5433 6022 1424 3183 4242
7641 1273 2147 2540 5152 2085
7642 527 487 1283 3059 4840
7643 2827 5151 6410 5613 5682 5983
7644 1260 1330 841 2920 1432 1755 3002 2195 4227
7645 2082 3357 3485 4261 975
7646 832 975 1149 1493 2123 4110 4833 1494 5782 1856
7647 480 2230 1437 5800 1653 3469 2970 1786 5411 69
7648 1792 469 1477 2227 3537 4038 4198 3251
7649 304 5221 5418 6281 4712
7650 282 624 669 3211 2496
7651 167 3030 4097 5234 5366 6370 401
7652 2587 1538 1838 2112 4097 5172
7653 2708 2951 1308 1740 3964 3350 4614
7654 111 280 332 553 351 461 343
7655 867 3012 2242 458 6257 6811 6957 6986 7007 6999 6997 7040
7656 595 597 3032 4360 6725
7657 404 5278 1222 2946 4592
7658 996 1044 1135 1759 2251 3050 3201 4037 4700 5558 2574 3149 3535
7659 1006 4067 1824 2479 3365 5312 5802 6079 5863 5495 5442 5366 3124 3980 4021 4368 2663 3605 5465 6135 1323 1455 1517 3263 3976 4205 5540 6050 6356 5146 5044
7660 1016 4540 893 1973 5378
7661 899 2460 994 1135 1802 4152 5193 5540 5893 5999 6006
7662 379 5264 3531 6102 6539
7663 235 1108 2351 2386 3479 3995 4517 5310 5651
7664 3249 5493 5680 5976 6200 6311
7665 830 939 1759 2090 3326 3851 5530 5537 5814 6510
7666 140 1755 2327 4097 4971
7667 2331 1171 1844 1847 1425 3981
7668 2175 1526 2025 756 2234 2750 2021 3560
7669 1211 2838 807 4025 5998
7670 167 188 248 43 142 97 245 462 341 5070
7671 28 36 43 75 103 186 187 211 289
7672 46 958 4609 797 1242 6479
7673 610 832 838 1373 6760
7674 746 4768 5572 747 2868 3769 4812 5553 4031
7675 3244 1402 5413 4712 1966
7676 269 10 188 326 365 400 420 1227 198 208 428
7677 4697 554 5615 5782 1233 2574 3896 3343
7678 1467 3194 3515 5160 5379 4965 5910
7679 554 409 142 429 460 772 1530
7680 374 3957 939 906 1298 3073 849
7681 1926 1903 4152 1780 3679 321 4631 4986 713 3866 1752 5624 5954 6073
7682 6421 178 1051 1103 2112 3875 4521 5587 5711
7683 580 1168 5978 3957 4402 6558
7684 2477 391 1856 2276 2430 2535
7685 2377 1092 2502 5452 714 95 3988 1868 1093 3342 3357
7686 1391 4972 4887 3737 4733
7687 420 1187 1310 2756 5378 1013 3809 4406
7688 3809 2279 3030 3263 3794
7689 998 1037 2371 3294 4008
7690 85 325 2514 3240 4950
7691 923 1852 560 1980 2694 3065 1987 3929 4008 2222 4729 3313 3560 1047 3630 5283 5848 6038 5863
7692 1066 2758 772 2572 1172
7693 2271 2970 3814 3815 3173 3657
7694 735 5426 6163 3864 5450
7695 1662 4562 5209 5665 6332
7696 1383 699 715 2806 4156
7697 177 2633 3445 1588 2038 3184 6505
7698 75 76 164 155 224 247 81
7699 813 1952 3342 2112 2046 2624 1690 2674 3923 3829
7700 1573 2193 4479 5818 6262 5246
7701 2690 554 1161 2479 3304
7702 117 496 710 755 995 3721 1761 1878 318 620 741 2132 36
7703 939 1727 616 837 1885 2276
7704 1799 2064 4118 5480 724 5312 7038
7705 958 1187 1402 3059 5558 1534
7706 2838 4847 5118 5278 5630 5963
7707 34 906 3567 4226 5792 4207 4475
7708 84 3453 3694 5449 5553
7709 631 6386 727 747 1929
7710 5297 2193 5221 5627 6281
7711 772 792 837 840 1990
7712 307 80 2141 5128 6058
7713 3357 3360 3423 4281 4576 4626 5346 6539
7714 530 3030 4689 5366 5525 6971
7715 4285 4579 2277 2931 3413 2195
7716 591 2233 2234 3251 4394
7717 465 3066 4198 5378 5525 5830 3956
7718 2115 6242 3947 5979 6393 5466 80 5937
7719 314 337 893 1364 731
7720 2550 3822 5832 1099 1518 4843
7721 3030 1565 6668 595 6760
7722 167 695 1175 1201 1471 2570 3604 3765 5617 6168 5917
7723 527 2804 1037 5530 591
7724 1742 3105 4793 356 3372 4624
7725 1832 77 1811 2833 2273 3359 1226 4283 5550 6808 6788 6789 6965 7009 6772 6941 6943 6944 6942 6945
7726 3929 4905 1623 4284 5036
7727 674 1759 2162 55 3881
7728 2532 3813 5541 335 633 2358 3383 5559 6114
7729 1496 3809 4154 403 597 2375 2908 3766 1047 6840 3226 4482
7730 2042 927 772 1728 2131 2115 31 1121 3238 423
7731 5217 1544 1843 6323 498 5389 5456 5756 2541 3730 5558 5638
7732 2565 4743 5387 6337 304 2574
7733 939 1219 1973 1875 6360
7734 1044 1200 657 3238 4160 352
7735 570 1375 1227 54 52 53 2699 804 385 2533
7736 998 1325 1432 3044 1740 2010 202 1261 2663
7737 3287 2677 4545 937 4979
7738 1809 2672 3521 3694 3929 4066 2838 4271 5003 1032 4112
7739 5787 1755 6038 2676 3797 5191 6740
7740 1791 2386 2276 370 2369 699
7741 893 1016 3806 482 1313 1373 1711 3489 2268 3758 4702 177 4637 5215 4375 5381 1544 1000 845 1714 6177 4043
7742 2819 2913 4386 4357 6498 6647 3142
7743 3515 4066 998 4174 1563
7744 748 5886 3375 6332 1759 3376 1385 3365 5905
7745 5040 3684 4901 4514 1358 2131
7746 756 820 1897 4789 4945 3611 3642 1202 545 6037 1853 3356 6126 822 3363 6204
7747 3665 1200 2716 2897 4089 5093 5554
7748 2572 897 4008 5516 1432 2667 2717 4154 692
7749 2273 681 899 2031 3198 3690
7750 5159 1019 1759 3001 5088 3405 1721 3353 6104
7751 304 1447 5098 5495 1720 3238 3366 2851
7752 2232 2032 406 1680 1772 2039 3782 4201 3877
7753 1047 3233 3931 939 174
7754 1106 2569 2718 2721 2827 1198 2583 5796 901
7755 6242 6243 4783 4924 6182
7756 34 1529 4433 1368 3929 4280
7757 706 159 1087 454 5075 125 2323 1432
7758 720 1711 977 3410 6370 6655
7759 3056 627 4097 4008 651 1802 1731 1457 3531 6373
7760 2216 1170 1172 1285 4894
7761 1837 1838 2625 2920 4590 4750 5431 6415 797 939 1887 2168 4964 6261 267 917 1591 2823 2904 3928 4082 4352 4873 5085 196 1106 1432 1440 1716 1759 1827 2758 3228 3315 3520 3856 4354 4781 5059 5587
7762 3456 630 1138 1198 2357 5232 5233 5304 6542 3758 2535 6126 6323 6409 6558
7763 188 832 939 1047 1233 1306 1432 2450 2750 3012 3278 3537 3758 3877 3949 4001
7764 4631 4768 6062 3410 3783 3922 6478
7765 1655 1107 3060 4628 4685 4697 3397
7766 3142 5304 5305 5306 6370
7767 1119 2020 2430 2535 5371 5559
7768 2300 832 3885 4043 4089 4479
7769 1037 2001 465 889 994 997 2377 2460
7770 3137 4941 6623 5211 5693
7771 3144 3394 1819 2560 4734
7772 991 1467 1559 1277 2176
7773 2750 3406 5228 1242 6518
7774 148 1103 1606 3372 5444 5925 978
7775 1470 2926 3164 3720 1274 2807 4355 483 3409 3118 3410 3858 4093
7776 466 1896 4975 5559 6293
7777 124 1544 2184 5107 4048
7778 5268 2245 109 4150 4151 2302 4008 2811 4120 5894 3330 1202 3642 2870
7779 379 1232 1438 2897 3143 2962 6791 5258 627
7780 4374 3715 4042 4727 4831 5075 352 1703 4097 6226
7781 1009 2168 4556 4680 6167
7782 4040 4202 4976 5279 2460 3079
7783 6216 2549 2045 2788 3585 3745 6143 6742 2052 4238 6449 1201 4117
7784 2754 2309 4586 5628 6219
7785 1682 185 734 31 32 688 1334 2029 2087 149 1588 2042 1163 842 684 1655 1785 4664 1047 21 1331 2842 940 1020 602 1328
7786 121 3311 4110 4712 6472
7787 211 219 797 1786 4944
7788 939 975 4209 6386 1418
7789 4420 4820 3448 5443 1364 5425 5810 927 5224
7790 807 5544 2535 3172 3753 4786 5774 5775 1457
7791 1299 1898 4712 6313 4734
7792 2624 4333 868 3074 2640
7793 31 939 420 1432 2521 3566 5131 5711
7794 6512 4551 6249 516 4268 6005
7795 1412 2904 2952 3353 4012 513 810 4573 5351
7796 976 1050 1180 2109 3406 3614 4389 5104
7797 4016 6674 3950 4081 6477
7798 1334 1763 1974 2223 2285 2286 2287
7799 572 857 1832 4163 5047 459 5060 109 120 2212 5787 5812 2242 6527 5014 7026 7025 6969 7012 7046
7800 5709 742 2517 939 2277 3564 5221 5505 4292 4625 6448 1557 676
7801 379 4965 5233 4154 2460 366 465
7802 663 19 1135 3244 4589 4113
7803 1258 4878 456 2323 2846 4193 6179
7804 1066 905 3105 3133 5345
7805 6583 5754 6252 873 4143
7806 446 1044 1047 1048 1691 2010
7807 1233 2187 2290 3758 4311
7808 178 196 1769 4172 1025 3999
7809 1146 1360 3759 3768 4219 5664
7810 120 580 892 1158 2112 2131 2691 3012 3389 5521 5553
7811 4562 46 3115 2541 2542 1321
7812 772 3830 917 1432 5074 907 2718 5093
7813 6583 5561 1405 3627 6815
7814 25 1338 1557 4743 4625 2970 5119 3326
7815 3194 3694 1242 4233 988
7816 595 597 4578 5157 6725 1283 1898
7817 4136 2761 546 2847 4133 4540
7818 4259 994 2600 3758 6289 2760 5086 4359 4577 2560
7819 6160 5759 4160 2295 724 5936
7820 87 2743 580 997 1529
7821 4418 633 2511 2545 5736 203 5741 3006 6477 6099
7822 135 1963 1402 1550 1724 5371
7823 641 245 5503 6085 6474 6928
7824 4551 1432 4963 5868 6619
7825 2592 3291 3543 3753 987 3175
7826 4696 352 1351 1835 5872 678 3059 4872 5558 15 2395 4117 4211 3607
7827 841 3682 3683 1827 3372
7828 1512 3609 6173 3664 670 3964
7829 1975 2139 1194 5373 5986 5258
7830 4346 3128 203 4381 5714 6477
7831 1759 2160 3173 4335 5508 5502
7832 201 630 1135 3233 4578 5044 5530 5816 6171 5928 6006
7833 567 1881 2999 4097 5796
7834 1780 1827 2317 1812 3609 3321
7835 1999 1273 3410 4587 5559
7836 2310 1373 1678 2759 391 3600 3059
7837 5743 6274 1200 1824 4402 6410 6903
7838 1000 2382 2825 3813 4748
7839 2945 530 537 3026 3895 6386 839
7840 401 1813 2892 3791 4794 5003 5466 486 1468 1759 2877 2878 2897 4795 5328 5375 5711 5288 6249 6431 1069
7841 1526 32 4352 4361 949 3615 4185 5734 2611
7842 893 4689 5456 881 5124
7843 1183 2875 2952 2353 167 2183 3410 6281 2643
7844 5331 4697 1494 2088 4238 5195 2832 410 2541 124 882
7845 185 830 1904 4712 686 2090 955
7846 191 3294 3586 3718 4012 4126
7847 178 2804 3409 5426 6681 6716
7848 3742 1309 6445 1233 2329 2988
7849 735 1011 1359 1865 2351 2356 2572 3858 5462 6278
7850 974 6330 845 6843 4760
7851 772 5155 1752 3034 5093 5372 5711 5979
7852 3528 3707 6195 6450 6470 2121 5377 5433 5666 6062 1438
7853 939 5130 5014 2597 6293
7854 2130 2838 3529 4636 2482
7855 48 352 725 2293 2806 3819 4233 4973
7856 1518 3060 4889 4967 3604 4748
7857 3524 1313 2004 3927 4403
7858 899 1098 4535 5237 5292 5995 6096 6097
7859 11 4880 2468 1987 1541
7860 1592 6111 3319 3896 3929 4689 4842
7861 1981 4723 4105 3553 5685
7862 2310 1204 3342 3525 709 996 1678 2669 2698 3310 3554 1653 5543 3851 6490
7863 110 1636 2428 2950 6148
7864 3177 5824 991 2474 5093
7865 267 2876 3192 4012 4226 5150 3047 6751
7866 2323 4318 101 2518 4418
7867 797 1948 3342 4136 4124 1077 1320
7868 580 2376 3766 5456 6477
7869 34 772 1765 2193 3929 4089 5150 6290 5196 6422
7870 3072 1368 1108 1172 5827
7871 3278 1015 3064 4374 4875 5378 5442 5812 840 1293 188 465 1591 2946 3273 5176
7872 738 1302 2430 5221 6298 6623
7873 2327 3060 1480 4419 983 4655 3277 1713
7874 1242 90 203 2265 2271 2978 1631 2558 2841
7875 3699 598 3627 6445 5088 5983
7876 595 1245 3397 830 5606
7877 95 267 1391 2838 4147 5924 6553
7878 34 4184 4185 4853 4905 6478 6659
7879 5214 3506 761 3204 445 991 6264
7880 916 4881 3064 4052 5344 2032
7881 177 939 1435 2322 4417 4810 5873
7882 492 939 2452 1623 3629 2045 3278 4724 357
7883 1344 917 4099 4962 835 2068 2873 1823
7884 5589 557 827 5757 1837
7885 1824 2946 3064 3947 78 127 178 1523 1849 3180 4501 4697 5386 4148 6244
7886 4028 1071 4894 5598 5777 4496
7887 2360 1090 3064 6074 127 752 5071
7888 6342 1508 4110 1457 2859 3874 6029 2761 3222 5158 6544 2248 3059 4623 4888 4922 6431 6729
7889 3630 2083 6089 2237 6222
7890 4318 304 1924 3073 939 2881 5211
7891 3388 4826 6751 1226 6264
7892 5706 2052 2277 3863 5304 5638 4891
7893 934 939 3034 3145 3604 4101
7894 2739 2367 1222 1321 6166 25 5254 6499
7895 1424 2652 5853 6493 5081
7896 5470 3630 6143 6234 36 3050 3896 4194 5156 6331
7897 2980 4042 4899 6296 752
7898 1849 5757 3367 4008 5744 5955 691 3374 4198 954 6766 1136 6716
7899 3061 5432 2482 4582 4298 1242 3183 2369 5188 6931
7900 939 998 1432 1728 3931
7901 3720 5367 2377 4168 4877 3655 3717 455 1187 2479 3365 3718 3890 3611 4046
7902 1568 2412 3030 4577 4662 6848 1252 2597 546 3498
7903 4853 6423 5849 2146 4198
7904 4847 5003 5410 5509 3214 3506 245
7905 772 837 1306 1849 1909 2479 2775 2976 4008 4374
7906 1071 2735 3263 865 2908 2898
7907 2376 3679 3723 2288 3656 6540
7908 995 2017 6506 6360 6361 6594 6954 7012
7909 2211 5057 5258 4754 6010
7910 4013 2009 344 3030 405 1929 25 2960 2160 2593 6344 5104
7911 4232 4670 4920 4947 6109 2593 3410
7912 65 657 4789 6325 6500 5014 7012
7913 955 1544 1332 1881 2032 2125 3555
7914 10 80 167 409 460
7915 5524 6519 6520 534 6211 6385
7916 601 1333 401 3911 4696 5157 1438
7917 429 897 923 924 1016 1778 1779 2040 2624 4012 939 1047 1759 3342 2028 2444
7918 605 1435 318 924 1047
7919 3483 331 6340 6804 31 4046
7920 1044 1122 3173 3183 3627
7921 1047 3118 2369 148 1217
7922 2861 482 1078 1358 2888 6373
7923 304 567 1070 4247 4689
7924 6799 3963 3851 5503 6222 837 833
7925 939 1424 4097 5537 5558
7926 3630 2144 2597 3411 6390
7927 3334 544 1041 1373 1596 3538
7928 4663 1313 2168 3928 5799 6654
7929 177 483 42 1844 2494 1445 3680
7930 379 2090 4447 6298 2132 401 2934 3343
7931 1881 5138 4741 5535 6222 5851 2916 3912 5210 322 3050
7932 240 1741 3374 3966 282 1047 1856 3957
7933 2339 3658 4696 238 3277
7934 2807 3449 2908 4471 4872 1723
7935 4210 2457 3560 4012 3388 4402
7936 352 848 1026 25 603 1299 3788 1112 4014 4028 837 1090 1701 54 95 4061 1544 1809 2049 5114 5224 840 882 1513 4381 2343 5177 5411
7937 1006 401 3505 4648 5670 5935 6049 6584 6619
7938 1650 3030 5525 5838 6291 6389
7939 1015 2538 4374 5157 5379 511 3896 2460 5903 3142
7940 1765 2284 3761 4093 4130 4624 713 887 1173 3507 4089 4922 1688 4637 596 4257 1795 4212
7941 1188 2531 5785 2224 3653 1496 6544 5535
7942 3782 3894 4045 4185 4877 5030
7943 3326 1756 5964 6117 1009 1494 1759 2565 4889 5157 5312 6292 3957
7944 1037 3519 1047 4065 1432 486
7945 4089 245 1122 1396 4793 5560
7946 880 3028 3563 3951 4180 3537 1810 5118 5056 5887 5837 5334 6286 5849 6578 6504 6152 6594 6539 6410 6729 6790 6766 6788 6834 6523 6881 6893 6934 6733 6948 743 6968 6889 6890 6528 3388 7012 7039
7947 2790 3047 4704 647 5116 6160 1815 3409 2282 3347 3410 3866 5193 5841 6268 3526 2827 3543 3566 4198
7948 2323 4098 4145 5227 3877
7949 88 196 4008 5812 1433 6400
7950 792 1791 1932 2423 3022 6799
7951 3562 1588 1618 2046 2221
7952 4594 4596 5173 5175 5628 5360 5353 4409 4411 3194 3448 5435 4141 901 2665 4097 4102 4482 5937 2028 5800 2283 1935 2449 5684 6209
7953 2649 1428 1747 120 997 2806 420 1987 2750 4689 602 939
7954 2972 5723 4947 6479 3589
7955 1303 2395 5530 5586 5777
7956 1500 25 386 2123 972
7957 325 2732 3550 3561 5352 134 3553
7958 6251 6635 6808 6814 6834
7959 1424 2648 2883 2916 4496 5422 5559 5873 6503
7960 6142 548 1457 4623 4874 5636 6022
7961 454 1202 1897 1962 2323 2460 3615 4101 4496 5598 879 1755 3263 833 2238 830 1063 3731 3783 3858 3929 3931 4344 5874 2792 4965 304 849 3184
7962 347 492 874 658 939
7963 3676 980 2203 5312 2880 1653
7964 2678 5775 6336 163 991
7965 60 5508 5851 4527 6840
7966 3081 3462 3979 4457 2637 4463 5475 1087
7967 2115 2804 5018 3642 5138 80 1493 3347 5638 5862
7968 2702 3545 267 3827 4818
7969 2622 3472 1159 3245 1981
7970 78 127 10 148 173
7971 3365 4602 3180 4592 4786 5445 6793
7972 951 1292 1965 2510 3335
7973 2173 691 1106 3037 1316 2323
7974 4028 25 2669 5584 5992
7975 3874 3306 3721 3365 4624 6338 6762
7976 879 441 550 5649 814
7977 4139 4481 5514 6023 6595
7978 537 1740 2032 6766 4028
7979 4008 240 3585 3779 5632 5825 4049 6033
7980 686 2417 2892 2085 5254 6242 6558
7981 1453 6691 2323 3030 3822 5011 5208
7982 1529 3913 1752 3740 145 2208 54 1755 1759 2195 793 905 2132
7983 1440 1776 2093 2368 2024 5378
7984 5543 4488 6507 6594 6644 6854 6974
7985 3294 893 1198 2460 3291 4446 6565 6566 3047 6477 6386 2598
7986 972 1711 2193 2824 4298
7987 1090 1095 470 837 954 919 423 80 2503 95 672
7988 1973 2671 2756 4008 366 1025 1309 3194 3643 5165 5902 5970
7989 32 420 460 1016 1064 1719 442 1048
7990 6331 2952 772 5449 5176 5366 5378 5583 5814 6093 1081 3651 3748 4856 6158 1063 921 1971 3660
7991 3549 2641 2735 6754 3099 5610
7992 1009 2160 3263 3783 3809 3929 4507 1178 1194 1321 2678 5430 2294 3264 4278 4299 4929 6165 1428 1450 2906 3357 4901 401
7993 85 599 691 52 2162 2909 5503 5417 459 6286 6506 5070 5410 6733
7994 4397 1897 4442 4094 454 5510 5873
7995 2597 5396 4142 127 4140 226
7996 5 2923 3077 112 1789 2475 3047
7997 2045 188 3543 2035 2702 3142 5667 2404 4204
7998 844 5517 5705 5706 5707 6332
7999 939 3753 3068 3069 5315 6180 2031 4402 5558 6211 6213 5964 6434
8000 25 1107 2933 1242 3803 5363
8001 11 1100 1678 2427 570 681 685 905 917 920 939 1173 2132 2656 188 337 400 892 2382 1803 2276 1858 2361 1106 5138
8002 558 4731 1762 830 5914
8003 1290 4138 654 58 2054
8004 1494 2569 4049 4663 42
8005 6430 845 2946 5427 6233
8006 531 1759 3353 4727 4410 2079
8007 3851 2161 2756 2897 4152 4625 5046 5525 6135 7050 3258 3625 4631 4947 5052 5344 2904 3401 3548 5118 830 1233 1631 2545 4808 5085 5339 5376 5519 6073 6188 6261 6321 6686 6687 1887 5039 5221 5643
8008 2572 3895 2962 3409 4401 3594 5258 5666
8009 1791 5345 459 2242 6257 6662 6729 6738 6733 6994 4469
8010 3291 2430 2288 1981 2248 29
8011 1653 1973 729 2758 4789 4793 3424 4556 627 2329 1159 1097
8012 1653 2901 3677 5350 6114 1814 3059 5666 5667 6719
8013 840 409 1047 1837 3365
8014 146 1360 2027 1687 972 1044 2857 3077 3360 4143 4842 4943 5534 6225
8015 3412 6197 991 1759 3448 4229
8016 634 1759 5312 5558 6653 6778
8017 2448 3853 1424 3313 5681
8018 498 1330 1687 3874 4706 6622 85 5587 5667
8019 3194 4008 2657 4499 5839
8020 5157 5250 6953 1844 2024 5312 6698 6721 6766 1323
8021 1378 1578 1776 2466 3030 2488 5258
8022 2220 5 2006 5138 3676 1432 5826
8023 684 909 1242 1261 1322 1390 1726 681 2285 2286 2287
8024 1038 6074 806 1633 2432 3611 4008 1047 6665
8025 6382 1881 3050 4122 4719
8026 2090 4446 3191 924 907 2723 2807
8027 1533 2248 2281 1100 3383 661 167 5116
8028 177 2241 3945 3949 3957
8029 3338 939 1750 1668 3366 4712 4113
8030 54 1811 1832 2438 2045 2508 121 4225 3193 459 5047 1791 755 1880 2122 109 4154 2624 4942 1015 1298 4774 5193 2517 2242 3926 2212 5837 2841 6275 3490 4595 6396 6507 6314 6581 6729 6048 6195 6092 6523 6745 6736 6872 6874 6875
8031 896 1066 991 4008 960
8032 2032 3128 5456 3060 4989
8033 4403 5172 1022 3984 2605 4835 5088
8034 807 1493 1781 2838 3689
8035 4859 5318 2775 3549 6594
8036 1830 2438 2249 2833 2175 1382 950 2694 837 135 1480 1857 3703 3849 3596 46 4178 1302 5312 5266 3707 5809 6079 6268 5992 6365 6267 6394 5787 5878 6408 6593 6596 6195 6662 6791 6604 6125 122 5876 6895 6978 6998
8037 4093 906 2288 3891 5334
8038 1011 6503 78 2517 6422
8039 460 185 715 802 832 983 3768 1623
8040 177 621 1221 1791 1843 2183 2732 1973 1044 3571
8041 3383 6071 4024 5376 6358
8042 907 939 2215 627 2017 2369 2288 2339 3951
8043 1182 2452 2692 2809 3922 4405 4829 5456 6131 3291 4097 4157 5965 4349 1217 1427 1845 2032 3251 4447 4454 3757 5344 1652 1929
8044 641 1716 2188 4515 5237
8045 6394 4947 4889 5775 304 2349 5561 6479 837 6334
8046 1838 2681 1960 4906 5538 1209 1302 2038 2053 2095 2881 3173 3580 3586 4212 4935 5413 5884 4901 5638 1003 4489
8047 917 2672 2032 2112 2834 6177
8048 3990 1371 4368 75 1808 561 3592 3278 4719 2213 3377 95 2535 4704 4712 5634
8049 4198 1222 3852 5783 6141 6167 6627
8050 1701 3610 420 1537 2112
8051 1714 1979 1987 2399 2857 3535
8052 3663 3901 1201 2459 6273
8053 1398 737 2195 2493 4396 1779
8054 2162 2198 4146 4704 3115 3363 1875 2288
8055 2355 2499 2501 3948 4157
8056 1170 6821 4259 5570 6055
8057 762 960 4724 1650 1054 4430 6082 742 1748 1755 5551 3372 5537 6292 4027 4527 998 6595
8058 3878 1268 1314 3025 964 1813 917 1505 2801 837 352 3901 4230 830 2946 5289 919 2127 2840 6042 6349 5741 4582 6380
8059 6253 147 2369 3315 3327 4551 2756 2028
8060 808 1455 1596 1921 2683 3346 3671 3733 4744 1016 4067 5777
8061 2376 465 2875 5587 6180 3650 1516
8062 492 660 3343 4340 5216 5521 203 6171
8063 1015 1232 2323 3367 4303 4318 4894 441 604 998 1201 4868 1887 4473 6127
8064 705 4454 6167 692 5950 5088 1887 2598 6307 6385 6241 6868 4787 5921 6495
8065 2962 3401 5766 6180 917 1502 1813 3488 4008
8066 6690 1578 3891 4476 6445
8067 2952 661 5258 5558 6273
8068 6177 6253 3831 5522 1047 6976
8069 2732 3726 1570 4006 6470 3143 6056
8070 1327 4909 420 1755 2869 4229 5638
8071 3761 4353 573 1987 1507 4370 4942 4349 109 120 459 5346 5212 5480 5491 5508 5787 5955 5543 6253 6323 5958 6496 6503 6539 1821 6410 6682 6791 6733 6819 6908 6979 6920 6956 2094 6942
8072 502 5206 5207 3174 713 972 1209 1433 3363 4787
8073 2909 3882 372 1006 1959 2364 3442 3866 5525
8074 98 1071 1273 1867 2351 2460 3767
8075 4889 5021 5159 4044 5982
8076 38 76 299 22 380 228 266 377
8077 630 1135 3158 1076 5010
8078 203 564 921 3727 401 3109
8079 1636 2323 3127 4523 5598 6172
8080 243 2869 1146 5800 4143 5507 713
8081 46 1172 1538 3348 3586 4842
8082 1033 1075 1172 1544 1815 2020 2593 2659 2794 2820 2824 2839 2909 2952 3030 3143 3882 3950 454 6079 6260
8083 3867 5778 2122 2908 4376 633
8084 2636 3084 2481 25 407 911 2452 939 356 991 2770 4164 245 1075 1319 3184 3849 5415 5954 6040 6099 6101 6286 6500 5878 6504 6635 6125 6789 6819 6874 6875 6995 7023 6907 6978 7006 6775 7003 6772 6998
8085 2206 1073 12 1301 1349 3342 1759
8086 5895 2084 2460 2897 3451 3471 3730 3964 4193 4253 5015 6067 897 1740 3467 4376 4689 5243 5456 5757 1373 2032 3413
8087 5456 6580 304 1054 4351 4956 6241 2168 2873 3159 2109 2669 3374 3716 5054 939 1852 3549 4564 6440 1853 2847 5157 5310 4496
8088 73 3585 458 2597 4507 2486
8089 3030 2090 3611 6589 1042 1047 5840 5979
8090 2592 5370 2593 531 4570 3890 2840 1870 5334
8091 1201 1328 2593 2839 3995 4279 5085 5412 5558
8092 817 747 4679 1194 1445
8093 477 245 345 400 203 183 164 420 204
8094 1529 2460 2750 3976 3280
8095 1137 4226 1713 3990 3546 917 1233 4194
8096 188 342 463 304 270
8097 1323 5146 1200 1887 2678 2985
8098 6113 1328 2129 4992 5310 5342 5039
8099 499 1336 288 998 685 452 165 387 2369 447
8100 554 1494 3849 3859 3861
8101 1841 144 2265 1981 108 2075 3448
8102 1791 458 2242 6676 6951 6994 7008
8103 2874 4345 4454 5590 6375
8104 1348 4067 5768 4012 3774 5407 728 4258 5386 3059 6409
8105 1392 2341 3184 4580 5068
8106 548 751 812 4239 5346 1194 3332 3677 3683 5368 5851
8107 1274 2788 1815 3410 4701 3182 1088 5310 6449 73 313 4150
8108 2460 3434 3170 1328 1530
8109 679 837 3006 3184 5235 410 2897 1629 6849 6599
8110 2940 3022 3837 2946 812
8111 1591 1424 514 1755 917 1282 1285 5986 1522
8112 6004 595 2756 2804 1703 3030 3655 3751 3886 5070 5238 5271 5753 5890 6290
8113 332 259 169 457 147
8114 2300 2460 3586 4116 4212 1210
8115 1987 2715 3855 4504 4832 5085
8116 3759 1447 4691 1987 2726 3586 4362 6296 6475
8117 4551 5195 31 4013 4690
8118 4829 6349 1107 1283 1881
8119 60 222 690 2666 1981
8120 582 2260 95 2294 4542
8121 5194 5800 2806 1543 2369
8122 797 2433 5025 6479 6991
8123 1071 2702 4057 4640 5108 1821 2024 3038 3775 1759 2389 514 2542 4496 6544
8124 321 323 1544 2978 4011 6126
8125 939 1323 2675 3333 2887 3079
8126 1212 1518 1753 2883 4840
8127 4193 2750 5481 3929 6692
8128 2765 3896 4889 3214 5157 304
8129 992 1044 2112 5493 356 533 905 910 934 1202 4781 5465
8130 966 2032 596 1759 203 3621 5380 6135 5286
8131 1755 2569 2669 797 1424 5822
8132 113 804 1215 3530 1300 2560 1200 3365 2255 1544 1122 2090 744 2472 3605 6328
8133 4453 4863 5680 2450 4008 1650 2629
8134 596 985 1071 3383 1891 2460 2560 5286 6874 6236
8135 517 812 2692 3059 5180
8136 13 103 186 294 282 168
8137 5947 1507 3294 1373 2478 2323 5868
8138 3005 343 671 1863 4567 1469
8139 6602 6774 6776 6840 6896
8140 3690 713 3518 2395 4443 4235
8141 140 1755 2573 3295 3772 4419 4842 4857 6027 3839 802 245 5570 6419 6480 2598
8142 591 251 338 3348 2142 3460
8143 6521 6539 6647 5490 5696
8144 1762 2183 3930 4067 4749 6451 5614 1204
8145 616 812 1437 3369 1097 2394
8146 120 459 1791 3817 3351 5193 458 2212 5415 3435 6085 4540 6268 5956 6275 6267 6412 6507 6504 6295 6490 6594 991 6961 6979 6773 6994
8147 538 2992 498 685 1213
8148 905 830 2806 4194 554 4470 4117 3465 1544 2277
8149 601 793 973 2838 3858 4284 2082
8150 994 1824 2046 2323 2898 2976 3295 4789 4842 5160 5581 1534
8151 3948 915 2946 3090 3370 4624 4625 5086 192
8152 3710 1347 6380 90 6167
8153 1759 595 3409 5863 3372 6477 654 1432 2220
8154 924 4117 4696 5406 6884 520
8155 927 1893 2659 2989 4437 4495
8156 4765 4527 5948 4097 4727 833 5164
8157 34 77 742 1057 1202 2106 2577 2592 2605 2619 2730 3515
8158 2898 3132 4216 1373 1471 2469 3201 3263 3413 4185 4827 5873
8159 4152 5525 3180 6708 6710
8160 1752 6844 43 2242 5346
8161 641 2358 102 4315 2300 2765 3698 2460 1867 4008 4572 835 6569 5449 3556 4922 2466
8162 567 1821 1898 2535 5520 6084 6114 6922
8163 1597 1428 3157 3061 3803 246 1471 2115 2790 3071 3357 3393 5093 5346 3644 2625
8164 1753 3557 6433 2204 4841
8165 204 281 299 37 246 59 72
8166 4778 1367 2931 3290 3291 6836 1530 4101
8167 2479 4689 5346 6476 1755 2881 4046
8168 4083 1808 3451 6871 6875
8169 2525 3065 3544 857 1841
8170 352 4101 5072 5088 6040
8171 352 546 939 1673 3348 828 4212 5558
8172 31 559 599 939 2730 3108 6532
8173 2 527 4669 3758 6150
8174 763 31 420 568 772 1676 1887 2146 2350 2352 2668 2676 2746 3064 3348 3365 3379 4513 4602 5254 5278 5666 6072 3231
8175 1273 3537 6222 2892 939 2032 5274 4567
8176 6337 1653 2517 3594 3851 3620 4602 4927
8177 4842 3506 5411 832 939 1044 1200 3839 4628
8178 4092 4724 2099 5029 5562 2962
8179 432 2176 3359 445 775 2636 1934 6540
8180 1712 1728 1756 1267 1550
8181 1574 4808 6325 1536 3766 2483 3226 2846 5413 6281
8182 2358 6711 482 595 633 1006 2732 3488
8183 80 742 1494 1824 3450 796 3679
8184 114 695 2535 2645 3263
8185 1867 2219 2611 3454 4628 3994 2968 1904 4573 2127 759 2147 5266
8186 1368 2329 46 683 3378 3388 5412 6096 715 1756 4874 4989 5118 1453
8187 2904 6477 4489 1413 2027
8188 1273 4926 2479 3409 3426 3618
8189 2439 2750 3347 4557 5162 5645
8190 1702 939 1047 209 1104 1755 1834 2718 2720 780 1124 1653 1533 3291 53 304
8191 670 954 1070 2460 2702 4159 191 2183 2090 5508
8192 4075 4335 4373 3819 4418
8193 1786 201 3549 4937 474
8194 6324 4749 1588 2565 5464 5906 5146
8195 2718 46 1077 2299 3845 4295 1423 5375
8196 10 103 150 250 1227 22
8197 2329 3368 1428 2650 3184
8198 1847 2046 3866 5433 1492 2914 4702 4605 4922 1371
8199 537 1210 1662 1753 2367 2970 3356 4097 4140 4626 4691 4793 5263 5706 6282 6391 6402 5460 5728 4712
8200 2988 3445 3582 3758 5284 5345
8201 6655 728 627 4926 4933
8202 692 95 3891 3973 6283
8203 2180 2618 2723 4544 4840
8204 4062 1598 698 1258 2450
8205 127 742 998 1588 4008 4614
8206 2376 3630 5071 5741 6868
8207 5893 5422 196 2856 4549 6230
8208 1847 5803 2147 3339 727
8209 203 10 37 97 176 301 324 443 472 56 98 500 310
8210 2609 4198 2291 2327 3194 4764 5510 5558 5917 4894
8211 80 426 1150 3230 4227 4803 4959 1678 4365 4015
8212 4117 4695 1530 1588 1762 3072 4035 1804 4496 5986
8213 3218 3851 245 815 304 1530
8214 3052 3979 3984 3987 3361 3658 3240 4559 4623 4841
8215 178 3809 2705 2955 5271 4805 1850 3017 3030 5270 6478
8216 954 566 3607 4842 6699
8217 2374 5273 991 3855 4335 5346 5711
8218 6783 5716 1554 4190 5193 1063 6236 6826
8219 4922 2756 5973 6241 6712
8220 567 333 2593 2431 2790 2699 297
8221 1391 4842 167 514 772 884 1306 1853 2908 3059 3554 4401 4662 5043 6099 1273 2857 3449 3733 4117 4400 893 2302 2323 2931 4712 5456 4901 4470 70 3410 4948 4737
8222 3214 1172 1933 2643 5112
8223 4695 179 1012 1015 2950 3648 5666 5708 5816 6418
8224 77 189 669 802 915 954 1027 147 304 958 1560 628 775 1527 653 998 1738
8225 2386 3060 3064 3315 4156 5520
8226 772 874 1720 1987 2147 2477 514 906 401
8227 513 810 1432 4212 5852
8228 3562 1171 2545 2808 2914 6734
8229 1779 1927 2323 4908 5598
8230 4059 127 1688 4915 5456 5584
8231 177 276 5484 633 1987 6702
8232 5104 2300 4089 4215 6477 6173
8233 1297 1591 2232 4431 1855 3665
8234 998 691 1432 1887 4073 425 2827
8235 4012 6579 1 2847 6736
8236 188 845 2569 5622 6186
8237 5266 6913 1170 1481 5796 3891
8238 1987 2672 2279 3365 4553 6384 5156 5376
8239 5667 2478 3834 6402 742 840 1728 3448 3929 4553 5136 6226
8240 490 994 2714 2253 4888 6719
8241 226 882 2046 2981 5456
8242 1759 2116 2184 3383 5712
8243 4137 3419 530 2327 6689
8244 85 465 1824 5379 5598 6707 6179 4383 3515 5863 333 245 2184 5384 5538 6107
8245 3217 3931 4777 5433 5888
8246 1561 588 730 4748 4905 4873 4451 120 459 3931 5060 5043 5837 6364 6416 6111 6406 4488 6296 6593 6578 6594 6729 6665 6125 5408 6576 6745 6834 6860 6812 6950 6951 6949 6935 6782 6977 6978 7021 7030 5116
8247 1597 3410 1859 2000 4847 2832
8248 90 275 204 300 658
8249 3064 1735 4500 6059 6253 6689 3727 4578 5522 283 366 5625
8250 10 40 65 94 107 127 129
8251 2988 4357 5990 6444 2548 3866 4909
8252 906 1202 2131 2450 2572 2850 4139 1482 1480 1706 991 1391 3817 4750 1588 4696 3863 4205 3184 2216 4539 5363 258 1924 5508 5319 4392 1783 5706 95 1539 562 2193
8253 1701 1867 3696 4578 4696 6566
8254 1505 2296 2411 2630 2824 2495 2904
8255 772 1636 1897 3445 4759 5780 673 5979 6505
8256 235 4006 6413 1417 4097
8257 3534 3664 530 2300 5118
8258 939 1800 3964 4842 917 5093 2838 4420 4625 6734
8259 1438 6396 2211 2477 792
8260 633 2055 4908 835 1887 3863 5619 4646 2931
8261 1832 423 939 960 3099 1102 3594
8262 4383 4696 1513 934 5666 3194 4193 4624 4792 4793 6653 6955 1906
8263 918 1578 1849 1851 2603 3409 3694 3969 3972 4799 4894 5658 5999 6188 6354
8264 906 1826 901 1233 4588 6974
8265 119 3413 2598 830 2023 4101 3386 3173
8266 1774 74 5005 264 3288 498 1607 1232 2970 4212 2027 4364 177 2184 6870
8267 742 4015 958 1391 3329 5215
8268 201 2621 25 939 1432 1258
8269 2080 1301 1389 1830 1218 1139
8270 190 486 739 546 2213 6279
8271 120 527 3532 4246 4651 563 2593 3397 4151 6889 2158 3624 6966
8272 1063 1178 2888 2597 5949
8273 334 460 304 3599 3138
8274 902 3314 3711 2593 1887 4288 3687
8275 939 1042 1103 1432 2377 4835
8276 2935 4905 2212 4757 6069 6791 6812 7023 7026 7025 6997 6944 6945
8277 2369 3353 482 759 3360 3363 3768 3866
8278 2346 1703 5376 660 1755 2464 2724 4225
8279 4797 3136 5537 6113 6912
8280 807 546 557 1209 2195 4292 4750 4787 5705 5961
8281 1234 1438 784 1987 2508
8282 4014 3920 3012 4920 4985 3061 2160 4214 4820 978 4693 3470
8283 3051 3343 4136 5525 1298
8284 5584 2682 6011 6039 5508
8285 1221 2730 3851 927 2511 3463 3515 4730 2947
8286 2732 792 2756 188 595 923 1392 3851 4096 1838 2327 42 1844 1588 465 745 5534 5535 5539 2460 4285 4689
8287 420 2457 2511 3760 1432 1961 4903 5214 6461 6561 201 2512 3890 4904 6132 6620 6622
8288 1446 2975 2394 1353 3158 2758 1853 3357 1653 3290
8289 128 251 1016 1047 1492 54
8290 2808 4397 203 2535 4646
8291 1179 2666 3554 4298 5304
8292 516 3315 3866 4388 6187
8293 880 1779 2460 2696 3342 5085 5176 5208 5357 5672 5983 6135 6566 6606 6766 6783 6997
8294 841 3203 3524 1809 4055 2572
8295 3874 1085 2631 4376 2099 4967 3928
8296 1110 2435 3092 3109 2990 2789 1303 1316 1084 3173 1146 4008 2574 2380 4656 4481 5208 1856 401
8297 1120 1597 1263 1987 3585
8298 3676 1136 1358 4431 6180 1047
8299 3108 4708 54 581 964 2277 5648
8300 2540 1809 4324 1078 3065 3451 3580 4252
8301 4783 6412 6762 6827 6665 6791 6802 6895 6696 6875 6948 6996 7024 6985 6925 6801
8302 692 5346 2265 4955 3680 6098 1389 759 1355
8303 655 1097 1278 1678 2103 2666 3214 4496 4520 5537 6689
8304 4941 5583 2955 3921 5512 4121
8305 5499 1759 2449 3194 3515 4564 5325 5963
8306 466 837 2323 3353 3448 3557 4182 4917 5833
8307 6648 3410 3450 5125 6330 6443 6509 5502
8308 3367 633 960 2756 4712 5661 581 1201
8309 572 978 1090 995 772 1494 3949
8310 1233 939 1432 2193 2838 6516 4239 5310 6273
8311 3001 90 2720 2678 1921 1432
8312 1328 2032 3957 2723 4842 6035
8313 3502 3993 598 713 939 54 4211
8314 4280 3267 1480 3663 188 2671 4495 527 2032 3278
8315 4870 5537 5614 6225 6768
8316 2090 4446 1887 2119 4573
8317 2671 3180 695 3733 3506 1586 5517
8318 5193 282 5484 3336 6836 3059
8319 2827 3143 3409 6344 2756 4894
8320 401 754 1637 1793 2168 2227 2475 2813 3071 3524 3685 3765 3874 4008 4198 5851 5869 6753 2824 2920 5138 3702
8321 318 1071 1173 3367 3695 5004 4198 1554 2934 4678 3354 4402 1746 3184
8322 1597 5517 1548 3757 5519 1887 3656 4587 5429 6348
8323 675 830 2155 2251 2801 2827 3516 1209
8324 2369 4418 3929 4842 6840 4539 6937
8325 2420 2323 4318 5311 4922 202
8326 1759 4031 4556 941 3881 4628 3060
8327 954 1090 1728 2312 2663
8328 996 6120 6175 3183 4420 7041
8329 2931 2650 3175 89 525
8330 399 142 247 23 337
8331 1262 3698 4418 3431 2020 4812 4212
8332 1544 1899 6103 6506 6979
8333 3768 2028 2369 3765 4212
8334 6791 6125 6610 2122 3142 6278 4381 6903 6960 3904 6437 7004 6565 1703 7029
8335 6655 1899 2569 4008 5837 3388 4667
8336 177 2290 5345 4216 3744
8337 998 1940 2479 3854 4847 654 939 4894 5532 1176 3584 2091 4198 5694 6264 2517 5081
8338 2394 2061 6313 5775 5123 5277 842 4229 4418 770 6639 6641 2546
8339 1529 3282 713 1755 3448
8340 627 1530 5583 6655 3655
8341 3575 4449 1493 4527 6012
8342 2271 4380 2756 3090 3241 5909 368 3606
8343 1432 2327 4482 4841 5015 6854
8344 706 1044 3142 1887 3259 3248 4826
8345 4873 4942 6364 6363 6416 6393 6269 6366 6496 5849 6594 6512 6729 738 1860 6528 6822 6635 6827 6834 6876 6890 6947 6948 6949 6889 6996 6529 6916 7004 7041
8346 897 756 820 3687 3054 3286 1499 5873
8347 5328 845 1261 1056 5274 333
8348 5745 4906 5948 88 4055 5 2109 4880
8349 3084 6664 6662 5058 6576
8350 545 1588 837 2301 5456 4489
8351 403 425 1864 5682 3194 5963 3983 6402
8352 129 202 23 414 107
8353 2863 2076 4689 4666 4879 5456 2109 6001
8354 203 757 1851 2809 4658
8355 4856 4527 5707 2909 3656
8356 6864 7024 7002 6994 6772
8357 2632 2017 3084 6797 7049
8358 1044 2083 2433 2678 1631 3105 5349
8359 754 1206 3007 4228 3142
8360 939 6126 3277 4261 5146 4582
8361 3263 1872 3030 1401 5828 729 770 6615
8362 1432 1494 2460 2766 2976 3851 5558 166 955 152 5961 1457
8363 5194 5976 6271 6393 1948 4044
8364 1299 4857 4967 5537 5979
8365 2057 1714 695 1044 1706 2759 2559 3170 46 2382 4603 983 3223 994 2804 3959 6321
8366 2797 4439 4564 5342 6428
8367 5656 6302 6344 441 2369 3327 4193 4551 5176 5741 2724 3347 6211
8368 5070 1170 2045 3836 568 4351 5470 4495 1071 1385 1622 3032 3758 1867 641 3806 5456 830 901 2369 3668 4294 4298 5413 5418 4236 4331 3188 5906 1446 2807 3764
8369 1239 1027 3300 4773 849 882
8370 2951 4270 4460 5465 1813 534 1329 1871 3558 5502
8371 595 670 1236 4252 4374 2516 3025 3929 2464 3562
8372 1373 1499 4212 5076 5243 5558
8373 184 3105 352 592 1534 3891 5558 2316
8374 177 610 2535 3363 4473
8375 2897 3822 5469 1821 2466 3761 4028 148 1009 3465 3524 3929 3573 4741 5376 6041 6222 2224 2329 2541 2758 5086 5100 6114 6349 516 6402 6264
8376 3149 454 5434 6005 1844 6096 3388 6126
8377 32 73 893 2162 991 995 745 830 1423 1428 3038 454 740 3105 2535
8378 756 398 1042 4901 5263
8379 3078 3957 5537 1209 5904
8380 313 3781 1214 5140 4865 5930
8381 4065 4466 5517 5821 1004 2369 3716 4628 5191 3363
8382 5612 627 837 1844 1847 6359
8383 3858 5814 915 1010 2669 6603
8384 5341 201 3867 4578 6179
8385 2413 692 991 3592 3957
8386 4912 3961 1159 4292 2997 4285 1981
8387 1214 6163 441 1202 4207 4757 962 3710 4777 5413 5277
8388 3149 2195 6540 6491 6929
8389 8 334 483 246 500 1094 1166 6725 874 1393 2330 3173 829 1358 4608 1650 6238 3183
8390 178 2512 3890 5500 257 1882 4156
8391 782 4366 2678 4089 4458 3964 3099
8392 3961 1653 4680 804 5562
8393 185 1381 3099 5319 5595
8394 2445 2460 1409 2323 4227 2650 1793 469 1638 960 1233 1655 2527 2750 3524 52 54 95 2452 2482 167 1791 113
8395 917 1406 3184 1432 4097 1797 5539
8396 188 3060 5800 101 245 2693
8397 840 2022 4153 4154 4628
8398 379 356 955 5195 1217 2323 4276 4360 5668 127 1544 2300 2460 2545 3449 3524 4859 4879 3845
8399 6485 6894 2981 4842 6896
8400 3113 2782 496 610 998 2377 3212 4835 1701 2046 4628 1093 3310 883 2790 3809 149 3401 3624 682 4964 5543 2797 5596 5310 5930 5618 4300 3143 2280 558
8401 142 245 342 414 429 458 460 470 492 409 612 586 58 5862
8402 111 10 188 239 429 240
8403 2027 3966 4652 6247 4012 6594 5631 6909
8404 1233 3180 4446 5221 6135 6385 4154
8405 1232 1688 593 917 185 4540 2288 3003 3507 3891 5157 567 2931 3764 4590 5373
8406 1226 1938 2112 883 1103 1712
8407 3624 5512 1471 1850 3584 5556 5915 6026 634
8408 1210 518 5346 5757 847 3370
8409 603 784 820 1464 1753 5666 5865
8410 1097 1837 2182 3444 4486 3396 3949 4068
8411 2456 1346 2232 362 573 670 767 2115 366
8412 2790 5558 6035 6387 5335
8413 2957 53 1274 1613 5366
8414 2959 121 2096 1273 3205 1524 2393 3604 580 763 1529 2323 2874 4046 2792 2956 4631 4683 1047 4154 4678 6667 3171 6382
8415 4718 2084 2353 3409 3506 3931 3955
8416 3979 476 3226 3782 4393
8417 239 43 674 2665 4154 5721 5803 5328 5958
8418 4463 2815 2369 3833 1457 929 4117 4948 5057 5689
8419 227 606 927 31 172 318 337 460 478 619 903 924 1297 2925 6265
8420 2694 2699 523 3757 6799 5772
8421 441 3775 3832 4496 5803 4008 5711
8422 235 1791 4750 4862 5698
8423 4198 5591 4403 6 4283 3957 426 3362 5413 2151 3378 5412 6332 2832 4455 3035 3961 6279 6962
8424 2076 3342 3482 3310 512 2120 5413 1003
8425 474 1622 420 1051 3560 5685
8426 772 2184 5754 6167 6222
8427 5849 5070 6651 6863 6766
8428 1043 1981 1984 659 2209 4680
8429 2193 5859 630 1135 4445 5796
8430 3059 881 2095 3372 4628 4697 6161
8431 177 907 1179 2358 5217 6760 4627 148 563 840 865 1161 2061 2323 2702 2846 3049 4008 4198 4335 4861 5378 5473 5775 5888 5985 6029 6268 6991
8432 1106 1405 1544 1701 3294 4432 4900
8433 77 236 242 246 275 223
8434 3833 238 2672 727 2450 5047 6603 6215
8435 1042 4733 4755 3357 5275
8436 2600 267 1834 2578 1105
8437 3890 675 1135 2569 2756 2901 4889
8438 3687 1728 2112 3075 456 1122 5757 3181 5923 6030 3964 736
8439 4823 646 1316 2465 4588 6779
8440 1659 3928 807 835 2412 6501
8441 1142 3225 2158 527 1118 1044 1316 2032 3005 251 1530 5902 5475 6005
8442 280 97 268 276 429
8443 1504 3866 1786 4418 2816 2168 1140 4965 6766
8444 3355 2936 567 2664 5258 2618 2797 3932 4782 6098 3291 1847 5873 304 1140 2045 3650 4201 3353
8445 5833 1867 3603 4689 2669 5971 5094 2327 3792 11 5615 676 6001 4446 6386 4922
8446 1278 537 1280 1526 1799 2572 1373
8447 126 204 202 238 342 219
8448 589 92 209 590 2404 2054
8449 3019 4711 6553 6298 465 3864 4446 4780
8450 4057 445 3184 3816 4133 5849
8451 1103 1655 2323 4523 4801 3793 3905 2852
8452 2654 2917 2532 4573 2680 6804
8453 5320 5379 6331 835 4936
8454 5441 830 2046 2765 3383
8455 3768 3087 127 246 1847 2486 3445 3463 3867 4225 4335 4614 4821 4862 5598
8456 3555 4737 5070 5107 3894
8457 2046 1887 2010 2666 3001 1189 3059 5444 3839
8458 80 880 2094 2193 3659 4012 4894 3702 3855 4517 3440 758
8459 84 3626 2193 3668 304 2095 2288 2392 3586
8460 830 4123 901 2216 3984 3600 3789 3985 4883 5843
8461 3018 4965 4967 5550 5424
8462 304 991 1347 1424 4215 580
8463 2264 293 304 2231 4589
8464 4932 5743 486 6077 2650 6321
8465 726 2942 1909 3143 893 1004 3509 4521 4988 802 1037 2263 3066
8466 1202 1242 2750 3094 3923
8467 3065 599 1531 1678 3714
8468 6720 4764 73 1201 4672 5693 6296
8469 2526 1432 5537 6127 3517 12 52 5310 480
8470 2990 1861 3961 880 2088 6732
8471 3172 4380 4879 15 46 2133 1392 797 5852
8472 23 65 275 118 302 612 627
8473 246 2732 1196 2946 5698 3208 3890
8474 5077 2546 4085 4563 5445 6337 5958
8475 4154 939 2770 5172 1022 3979 3526
8476 1649 1663 812 850 5373
8477 2162 2771 447 475 2601 4734 335 1003
8478 762 1667 3487 692 1107 2123 2184 2300 2702 4628 5537 5801 5905 5723 5957 5653 1424
8479 2046 1373 4726 907 1755 1864 4250
8480 2808 3228 344 3281 4286
8481 203 5503 1863 6092 6224 6385
8482 6040 466 2478 5759 34 1233 5450
8483 6148 140 591 3463 4097 6161 6624
8484 321 1789 2416 2502 4215
8485 373 3195 3561 3605 2881
8486 6097 6179 3824 1780 1544 3964 4374 6719
8487 3466 1070 2112 459 1519 4496 1759 3730 5378 5157
8488 2647 1325 3001 3359 3516 3334
8489 1758 2643 2760 4065 6959
8490 573 290 337 492 618 1027 627
8491 4031 4474 5085 5521 3124
8492 5378 991 1433 2146 2650 2756 2979 4518
8493 2154 3201 3505 2775 927 1516 1759 3401 2221 3400 5021 709 2118 3761 1438 167
8494 648 4710 3573 5116 1653
8495 580 1227 1688 1740 1759 2756 2839 3049 4008 5177
8496 3323 4420 1412 3263 5757
8497 1759 2880 3896 5278 5708
8498 1544 3761 5120 5434 6284
8499 2892 1090 2807 3257 3690 3979 4540 4657 4844 4936 5117
8500 3334 3570 4624 1260 3398 4589
8501 2478 1909 2323 3866 4760 4439 4951 5537 1987 5157 1085
8502 466 604 755 1939 4905 4837 5784 5979 3554 3932
8503 3862 4798 4055 4594 4882 927 3441
8504 148 10 281 337 417
8505 45 2951 3787 3895 4965 5979 6396 6486 6570 6625 6766 746 747 4054 6499
8506 641 3407 3537 6250 1226
8507 1233 3548 875 880 906 907 917 2234 4101 4725
8508 78 991 996 2146 2728 3639 4663 5093 5218 6135 6175 6302 6479 6658
8509 4163 1966 188 434 1981
8510 2160 2956 3030 3323 3882 4842 5271
8511 4138 3343 5021 5379 5449 3611 2238 2914 2850 6624 1742
8512 2756 4046 1044 3362 4879 5520 6338 674
8513 6512 3226 1233 1690 2122 4097
8514 88 1728 2920 3632 3926
8515 6964 516 1450 3354 3630 5704 5707
8516 1368 466 573 4678 5015 6534
8517 2548 1112 1221 1483 1853 2107 3487 3866 4066 4909 6163 1714 1852 3238 4490 5522
8518 304 917 1586 3263 3410 4082 5030 5399
8519 641 2731 4774 3026 1432 3896 4743
8520 2874 4285 5146 1641 1777 5314
8521 127 1711 4376 4717 5160 5812
8522 52 401 498 833 968 3348 4293 304 2193 3530 3786 4415 5719 4628 5116 5003 5753 54 2023 5134 6539 1090 1096 5107 5544 5655 4298 958
8523 3802 5491 5248 6176 4539
8524 850 3764 4489 5275 5276
8525 3611 3809 4065 4229 5744 6193 1804 6340 4419
8526 1712 3172 5455 46 4212 5706 6562
8527 3451 6073 79 4446 1710
8528 1309 2220 2327 2846 835 5093
8529 1211 2948 2949 4769 4878 4894 5311 5916 6005 6417
8530 1053 3978 3981 52 4183
8531 2756 2569 2111 4877 1343 6362
8532 1047 303 1621 5638 6191
8533 773 2892 5093 858 1797 5221
8534 482 5037 630 1135 3158
8535 178 4685 2973 3929 3409 3516 3981 4324
8536 6190 3627 4054 4664 1897 5478 2674 3465 4689 5720 2616 3610 4992 6687 1595 1752 5985 6065 3663 4233 6209 4752 5852 5884
8537 723 1980 1044 1505 3805
8538 907 1752 2545 4152 6135 6209 2265 185
8539 4028 5587 2474 2379 4283
8540 108 5049 5085 5208 5796
8541 2162 991 3473 762 907
8542 127 2775 2908 5563 3448 5326 1688 6706
8543 411 1273 2732 4008 1222 1921 1323 133 927 1113 1755 4256 2667 3637 4285 1981 3333 6279 2323 3549 6124
8544 7028 6529 6899 6528 6969
8545 1211 2669 2899 4253 5156 6323 6486 580 670 892 2692 4193
8546 5117 5757 3938 4737 5338 506 2970 3060
8547 742 2452 662 1960 4011 333 939 837 1588 2355 907 3611 264 3259 4044 797 1493
8548 1161 1063 5074 5575 1867 3184 1721 3354
8549 850 938 2184 2455 3515 2168
8550 3591 1136 1616 2460 3158
8551 1233 4842 1927 2141 7037
8552 1110 1442 1935 4496 5086
8553 167 664 2090 2797 3515 6171 2168 5413 4567 5087 6447 6849
8554 75 76 277 216 24 83
8555 1119 1942 2106 4352 4342
8556 2821 2474 3561 5070 691 1067 1461 2004 6167
8557 3866 2369 1775 3947 4532 3143 4024
8558 79 4113 5422 401 2323
8559 761 1619 3102 3428 3768 5566 5833 6019 674 1309 3064 3193 3396 3515 3931 4383 5711 6177 6322 6768
8560 3266 1534 4159 6283 1759 3333 5199 5374 6105 127 4765
8561 320 527 1385 2756 2837 2874 3030 4032 5743
8562 3964 4233 6029 1069 3822
8563 6298 6314 6444 6662 6664 6677 6863 7023 6940
8564 420 551 600 603 610 1227 409 669 521
8565 2832 1712 2572 856 4031 5024
8566 1959 3480 4840 5400 6328 1609 987 6540
8567 401 424 630 757 833 1432 2327 2674 2809 4838 5191 5686 5851 6129 6505
8568 120 220 75 429 460
8569 4439 5553 5088 3529 5340 420
8570 4362 3696 5003 4870 4720 3764 1758 3413 905 523
8571 1494 2766 3903 2574 1786 4135 5310
8572 1299 1071 185 4578 3764
8573 4092 5411 939 2327 840
8574 2905 4117 2975 3964 1694
8575 759 1103 52 1759 994 850 2474 3375 6647
8576 255 546 84 1494 2948 1819
8577 4236 939 2360 965 2313
8578 5470 4152 5525 5786 4032
8579 728 832 1103 3795 3877 4097 4727
8580 80 547 1843 1921 2861 5587
8581 2166 757 1173 2968 6685
8582 2369 4489 5666 6328 1442
8583 188 57 270 429 1516 167 1227 497
8584 742 909 1528 3868 3931 4087 4114 4696 4942 611 681 6537
8585 4412 3695 4528 5263 5226 5248
8586 420 1803 1074 1214 1659 1267
8587 1728 2232 3837 4844 5140 4518
8588 1931 2006 3351 5456 3453 6418
8589 258 3593 4573 5239 5558 1200
8590 2237 2631 4551 1530 6215
8591 1672 6 591 947 1728 4140
8592 994 2908 4232 1701 4061 2072 15 1328 1861 2555 4672 4752 5979 6073 370
8593 3415 697 6799 3290 391 395 1530 3507
8594 509 1051 1523 2168 2569 5319
8595 994 2460 1150 3081 4193
8596 856 5932 3874 2284 880 1813 2369 5414 4212
8597 3234 3343 4176 6313 6626
8598 5493 6963 366 842 939 3078 3957 4587 6476
8599 3298 3866 4298 1011 46 1848 3208
8600 2160 2593 3855 2031 774 4095
8601 1815 534 3437 3756 820 1459 4824 610 3388 3956
8602 2738 2909 784 283 448 527 1720 2251
8603 1417 1714 2275 15 1078 2082 5241 1752
8604 1631 4628 4901 3479 4298
8605 611 681 627 1848 3908 3251
8606 5392 4283 4843 879 1097 3356 4419 5229 5413 5590
8607 334 695 1214 2265 73 458 772 2359 560 939 1690 1200 1263 3082
8608 6033 226 647 782 998 1536 1808 1824 2184 2460 2493 2897 2951 3012 3307 3365 3768 4008 5558 5946 6198 1517 1987 3101 3758 4154 4198 4850 5108 5962 1392 1740 3912 4034 4082 5085
8609 3378 2466 563 2160 772 2161 2182 331 713 2954 4540 3137 4883 715 1032 486 1887 2460 840 5529 5958
8610 4040 4816 5456 939 1243 3809 4335 4877 4878 2412 3685 6073 2109
8611 1306 3261 3448 3834 3851 4696 3184 5666 3288 5996 6099 6101 6698 6126 6929
8612 54 2479 4160 5400 5401 5403
8613 179 3557 2477 235 996 4551 5708 3845 4080 4489 5537
8614 2669 1577 4380 4419 5788 3855 4832 5973 6058 1480 3663
8615 6607 3515 3830 808 1318 1544 1606 3566
8616 1945 2053 2646 4628 5706 5118 5387 1493 647 3335 601 627 2384 167 797 1299 2386 5362 1016 2917 2249 2369 514 3522 1652 6101 3372 4117 304 1423 203 1432 80 245 2147 3947 3949 3957 939 2721 2728 3663 727 1435 3929 4035 3413 1233 2693 4623
8617 232 337 404 43 485 603 711 1799
8618 1521 2460 5533 5559 6222 6519 3448
8619 2093 754 2823 3901 4828 3145 5199 4402 1910 5288 5664 5065 5413 634 2354 5341 5483 1544 5312
8620 3355 3356 3358 3470 4626 6391
8621 2112 1344 445 1539 3825 6107
8622 404 1388 203 352 2200
8623 2728 3115 5660 1588 2797 4227
8624 3360 3982 4115 3761 2769 6552
8625 1146 3062 830 1887 3085
8626 3084 5849 6117 6899 6969
8627 2574 1285 1626 6348 842 950 1222 3506 6618
8628 87 3247 5394 5408 6005
8629 2168 849 4885 5550 3061 3790 522
8630 3362 3372 4628 4844 6338 6729 1432 2920 4573
8631 2251 2962 3143 3401 5852 6757 5478 5118 976 3263 6053
8632 4854 235 5176 5863 6038 6337
8633 870 561 594 1386 4010 3577 3530 4872 4712
8634 191 2456 2460 1276 3834 5074
8635 2193 5872 3071 5706 592 6386
8636 1214 1297 1588 1987 1499 1156 2512
8637 3469 1244 1796 3109 4929
8638 1033 1644 1883 2513 2756 3532 4638 5493 5125 5534 6329
8639 977 25 859 482 1486 1791 2025 813 1106 492 1630 2759 276 573 2142 2790 890 2198 1673 3414 4010 1097 5849 5070 6834 5974
8640 4446 6107 6237 4454 3365 6218 6766
8641 2584 1395 2169 589 3594
8642 2953 2184 2531 2834 2951 3585
8643 3069 3263 4496 4708 6099
8644 1514 2460 2619 1637 2515 2276
8645 641 1867 1980 976 1242 2859 1856 2184 1831 3524 1272 3477 203 2187 3383 5334 1756 3299 1736 2268 2978 1653 1521 1661 4235 4891 1645 2322 4595 3465 4578 4415 679 4498 5559 990 6718
8646 2693 3372 4624 4628 482
8647 482 4894 3877 1690 1438 6505 2807
8648 641 1011 2052 3030 5233 5558 5872 5968 6170
8649 849 5522 6101 2369 5 1233 2327
8650 1528 812 4940 5223 5475
8651 312 1063 1832 2508 2833 2636 3833 120 459 5117 603 5787 6360 5849 6604 6834 6745 6117 6733 6959 7023 6989
8652 1921 545 1214 1650 2049 2952 3515 4198 5449
8653 2897 954 1494 1867 3365 6204 3059
8654 2912 5413 960 3245 2920
8655 233 520 3171 5003 6931 304
8656 2469 5357 4157 3142 6476
8657 835 5985 6088 6477 6606 6723
8658 5603 1092 6373 2333 2981
8659 1630 245 339 834 1378 1430 5116
8660 1848 2942 1106 1198 1309 2223 1034 1602 2444 1071 1330 1385 710 1098 630 1720 1242 641 1824 2517 254 1063 2014 991 939 917 3077 1522 3296 2160 830 2560 2187 1428 3275 1358 1689 3060 2544 3961 4696 3605 6175 5706 1855 3891
8661 2854 3912 4553 3956 5305
8662 3671 744 3448 4097 4740 4992
8663 3463 2740 61 1004 5757
8664 1712 1687 4012 5699 4220
8665 1793 203 3813 3530 1054 6165 749 5530 4446 1563 4894 6337 770 4474 5558 5310
8666 6317 976 4193 4085 4563
8667 743 3597 3598 1728 3500 3921 1050 6454
8668 750 1319 2567 728 6141
8669 624 1331 1426 5269 5558
8670 2970 3174 3175 5185 54
8671 772 1884 1963 2063 1630 5757 4210 4143 6361
8672 3541 185 879 880 1242 1446 2299 2807 3466 4012 4917 1855 4268 4758
8673 4007 6323 5849 5879 6253 6536 6576 7025 6994
8674 1163 887 1141 671 1474 1982
8675 3467 924 2106 897 1517 1878 2084 596 352 288 1447 1871 6099 5636 177 3466 6101
8676 420 2004 1391 3929 4287
8677 5345 420 5879 6576 5408 6815 6856
8678 6626 1135 6267 2460 3515 746 4922 1063 2024 6992 1242
8679 964 1861 3622 2288 2838 4000 5113
8680 3340 4083 3801 1865 6068 120
8681 5824 6033 896 2622 5578
8682 4028 2143 4241 6512 842
8683 445 2618 3921 5782 6654 5176
8684 907 4689 6397 2327 4025 1706 1887 5937 6083 1755
8685 740 840 1701 2779 4010 4198 6914 1097 2369 2920 5948 405 1528 4068
8686 1229 2476 3319 3621 4976
8687 6760 1752 2432 2827 4198 5385 6271 1432 4862 6171 2838 5456 304
8688 527 761 1465 2020 2076 2147 2415
8689 4865 709 3291 4419 4428 6479 4989 5116
8690 880 2756 4982 5219 5833 6020 4967 486 3226 5905
8691 441 3202 1709 526 5046 4452 3891 5887 1973 3931 4212 5638
8692 10 188 295 347 481
8693 4154 4352 4804 581 2560 5449 6107 2551 3367
8694 742 927 917 3076 401 2824
8695 1122 1678 329 6661 5756
8696 5543 5982 6573 6729 6125 6576
8697 304 2394 5281 474 1814 5310
8698 1432 1713 2327 923 924 3098 3301
8699 2318 1427 1688 1714 620 1787 335 1987 3044 3105 1814 2213 4305 672 2229 4899 659 1588 2601
8700 2460 4618 4457 4152 1095 3421
8701 486 1929 2460 3216 4184 4185
8702 3956 482 1728 4324 2678 6841
8703 4270 2183 1135 1309 5074 772 1544 6946
8704 1771 3462 3480 4175 5091 5191
8705 360 1461 4922 5065 5309 5949 5979
8706 4711 960 3368 3896 4008 4768 4769 5191 1483 3663 674 775 964 5558
8707 1233 1935 2478 2952 4471 4535 5809 5919 2115 6736
8708 835 2090 3457 4539 6459 5342 6705
8709 3554 1534 812 3586 5411 5530
8710 2315 1494 420 939 2728 692 880
8711 1106 1480 3064 1200 1865 3046 4150 946 1242 3600 3416
8712 1262 1432 3548 927 1530 2366
8713 186 214 329 1227 148 295
8714 1530 2339 5334 5849 5850
8715 191 2460 1332 543 1862 4786
8716 5143 4336 3822 5821 6001 6338 6716 1777
8717 915 2804 5535 558 6003
8718 373 1976 2477 2478 3315
8719 100 917 1263 2027 4318 1214 4527 6231 3357
8720 537 4087 5442 5988 6036 6167 6331
8721 4260 3290 4564 6438 6325
8722 3161 1227 806 3789 5247
8723 335 603 850 2038 3084 4573 4579
8724 447 659 943 1814 2276 3011 4734 29 516 1755 2093 4013 5091
8725 4374 6748 3158 5531 5798
8726 5120 874 6101 1483 3381 1844
8727 939 2344 2476 2650 3408 3891 5113
8728 840 1484 2113 2750 1106 1555
8729 5975 4425 420 5803 1696 1881 5968 3702 4628 6845 3401
8730 356 3761 3871 4049 5196 5980 6035 6291 6593 4374
8731 595 917 939 1222 2168 2710 5985 2838 549 2970 4539 4874
8732 1047 1609 1959 4090 5629
8733 924 1047 527 2147 4712 6479 6599
8734 1260 2897 2903 3030 3410 3832 4099 1565 1867 2160 2614 2651 3902 3782 3783 917 1214 2723 2995 3546 2636 2460 2732 715 2931 4543
8735 887 1827 2115 3676 943 3283 4710 4697 4123 6283 4658
8736 177 3976 932 2689 3571 850
8737 939 2052 2296 2591 2994 3362 3900 554
8738 1653 602 54 4712 3580 3866
8739 2235 4088 4573 5210 6393
8740 4842 2949 5379 5757 6766 6902
8741 1606 3590 4904 456 1319 2146 4145 5076 675 939 1233 4097 5501 6842 1988 3090 5654
8742 379 2770 53 6507 4093 1844
8743 2017 3038 4039 1242 1122
8744 2243 1481 2074 871 3560 257 1200 1232 1870 3162 2909 2888 5185 4645 2195
8745 3956 6727 6603 6188 4831
8746 2505 6218 4257 4754 6606
8747 5886 795 1911 2432 3448 6204 5317
8748 596 2267 2189 3102 3296 6132
8749 762 1330 5220 1922 5558
8750 482 1655 2075 465 516 1973 2804 2843 5378 6096
8751 3758 4065 4394 6549 3060 4952
8752 1631 1755 537 4889 4967
8753 1135 2412 4998 1663 727 1872 6179 203 2184 3723 5093 845 2846 2091
8754 61 872 3448 4965 6647 6648
8755 498 648 4229 4268 5525 4152 5003
8756 942 3158 4253 5757 6378
8757 3012 2500 5397 3710 715 1756
8758 465 1309 6635 3910 974
8759 303 1299 4304 5721 3817 3776
8760 3241 6526 6624 546 4631 6655 832 54 95 486 1260 1483 1735 1991 2804 2951 3515 3560 1981 6219
8761 3524 2 32 80 459 573 727 742 1071 1759 3374 4008 5768 420 1728 1973 4318 4185 3220 2240 6391 6005 5456 5899 840 3382 6741 745 3401 4121 627 6135 352 833 4752 6234 6279
8762 1110 1827 5176 5939 6360 6409
8763 772 691 1043 1227 304 178 2702
8764 1972 657 3835 553 5525
8765 109 188 458 460 250 202 429 64 414 24 658
8766 407 1561 1573 595 1446 645 812 2157 1283 4901 2630 3169 3397 3624 939 3244 3804 3507
8767 2013 4419 147 203 960 1154 6271 1935 876 5264
8768 756 1580 2319 1445 3342
8769 772 2358 4889 6116 742 1298 1494
8770 102 2377 3233 3263 5278 5693 4842
8771 842 972 1096 2838 3560 6848
8772 1316 1622 1623 1625 2228 2539 2834 2885 3809 5617 6158 6602
8773 2653 2813 3068 3975 2488
8774 1432 3074 3233 4008 203 465 2322 4412
8775 5056 5873 1922 2756 5000 6180 4574 6075
8776 465 939 1399 1432 3191 3626 3884 1047 2323 5431
8777 3931 2920 3862 6129 5490 1064
8778 6960 7023 633 1134 2869 6997 7006 5074 7030 6901 6781 6899 7029
8779 5456 6565 6306 1755 1887 2720 4737
8780 812 3614 4298 4416 5265
8781 1754 1066 3233 3347 786 3119
8782 5224 2201 5319 835 1432 849 554 1887
8783 1427 2916 3268 5497 6993
8784 1342 2514 11 1125 514
8785 744 3069 5457 4579 5038 5763 817 856 5296
8786 1645 2952 1011 1849 1041
8787 3059 3795 3579 4099 3753 3263 4152 4575
8788 3676 4789 6183 6846 6696
8789 4008 4362 134 1211 424 546 695 762 917 1107 1432 1791 1960 2116 4446 4540 1650 2245 4176 1136 1439 4496 1616 5507 4285 1667 582 1824 3278 3618 3873 360 1573 2838 5949 1998 4229 5348 1793 2674 3283 5508 5619 5630 6160 1240 1328 2920 6001 6258
8790 1815 2674 832 1588 2666 2909
8791 1633 3318 5260 5666 334 3016 844 6052
8792 762 2460 5632 6117 6462 6339
8793 5039 5746 5985 1711 2625
8794 3201 3656 996 2032 2274 3030 3736 3902 1190 5350 1451
8795 177 1148 2341 2501 2550
8796 4542 5954 3356 4577 3604 5085
8797 487 840 1791 1849 2952 4444 2367 3521 1588
8798 3746 4450 468 2792 4393 3783
8799 2750 754 1432 3432 4789
8800 400 1227 669 367 603 2785
8801 2324 690 304 1931 54 3220
8802 3866 5209 5071 5422 3410
8803 32 735 756 3194 3324
8804 3239 4794 1588 1887 5970
8805 1066 4437 1713 786 5021 2580 5241
8806 3078 516 4614 812 2597 4113 4294
8807 2908 1897 263 2802 2082 3891 2288
8808 6720 1815 2904 4769 5344
8809 2381 2512 2655 3867 3972 5545 5337
8810 2032 5357 5817 6316 2323 3611
8811 1290 2339 3354 784 2266
8812 1373 2116 2460 5344 6285 5714 6927 4292
8813 5757 5946 458 610 3291 315 2555 3512
8814 2294 3392 1534 3059 3494 3635 6245
8815 1905 1127 3560 3278 692 1432 2578 4052 4623 2288 717 1003 5489 5914 3694 4880
8816 379 2466 2583 1753 4841
8817 5359 190 2669 5133 5513
8818 772 2439 2610 6833 5044
8819 420 1374 991 661 3383 3874
8820 840 991 1432 1469 1759 1960 551 812 814 2193 2909 4156 5953
8821 25 465 907 917 939 1015 1177 1544 2621 2718 3076 3367 3543 3584 4101 4674 31 304 3078 3957
8822 2545 3439 3779 5553 6259 6908
8823 3607 3344 316 954 1047
8824 2479 3365 4374 3949 6414 2888
8825 627 736 1129 1182 2477 4220
8826 594 786 776 1471 3921 5486 4097 191 660 6719 6438
8827 178 2756 3030 3410 4877 6123
8828 5174 2460 3515 1638 5903 4207 2563
8829 924 939 1955 3272 1597
8830 939 4055 1408 4415 2671 4268
8831 1042 1987 3448 4351 5873
8832 44 1516 414 805 2035
8833 201 750 1563 2460 5821 6067 304 3790
8834 2265 263 627 893 1905 395 3587 1973 2193 602
8835 5176 5177 5138 401 486
8836 2157 3936 1435 89 2904 17 445
8837 991 2575 2782 822 1440 1442
8838 593 1130 1328 1544 5213 5522
8839 4 6400 692 939 1653 3406 6704
8840 960 1039 1683 1739 127 653 1214 1461
8841 1568 2956 3030 1106 3753 5138 5177
8842 4789 4239 1147 850 54 6279 736
8843 2184 3574 4335 4368 4727 5086 6135 6218 3347 6888 7035
8844 2933 5583 4680 955 1044 3278 5157
8845 188 2459 1061 5907 1981
8846 3201 1201 3420 2959 2770
8847 2106 25 1481 973 1843 1759 1528 2881 3856 475 701 2361 5917 6596 4525
8848 304 4758 1044 5367 5979
8849 2503 1602 1707 2892 2922
8850 5919 5956 4791 3727 5070 4696 6729 1 4285 6748 6211 6808 6815 6576 6860 6903 6733 6938
8851 754 4227 2931 3901 4482
8852 756 2100 2136 2289 5456 2103 6553
8853 5188 54 1602 3192 3507 1867 4209 4512
8854 605 565 2218 1517 2532
8855 2228 5738 148 1015 2962 4714
8856 4446 5857 2940 1312 917 1432 2327 3929 5652 82 6554 713 830 1227 3022
8857 897 3001 3372 2369 3259 4888
8858 2460 908 939 1432 1826
8859 2044 3829 1228 2729 1841 3828 2656 3827 1808 3949
8860 1846 4298 3690 5115 6540
8861 2241 3081 524 1586 2430
8862 50 2350 4837 46 627 1194 3173 3383
8863 921 5675 2051 2892 5138
8864 603 2302 1187 2369 955
8865 1273 1373 2191 3554 6011 3060
8866 5525 660 5524 5022 5177 6029 4547 1273 5979
8867 1720 2571 4760 5199 5869 445 3834
8868 1972 2535 4496 4595 5173 5195
8869 4425 1385 2182 3469 1530 3059
8870 5153 6096 6747 6813 6817 6819 6820
8871 742 4547 1296 4536 5020
8872 5 619 893 4348 5237 3333 397 5413 5642
8873 77 535 669 1107 1047 1724 69 1032 1561 36 1190 692 2194 92 1653 5849
8874 3851 2460 3188 3378 5063 5138 5863 1201 2890 6722
8875 1814 2251 2517 2790 5583 5970 5435
8876 4097 4482 4647 1929 4375
8877 1051 2356 6767 5957 2512 5118 6547 812
8878 787 2756 3462 3481 4377 6613 5866 2678
8879 4036 5157 4197 4614 5664 6267 6653
8880 2156 2702 3309 1783 5488
8881 3203 5061 6299 5771 5070 3809 3888 4894 6260 1309 6677 2592 4947 5408 6788 6904 3410 3450 6733 7050 5525 6908 6965 6889 6890 6968 3753 6565 6939 7042
8882 1004 1047 1214 1655 1706 1759 2569 2710 4986 5086 2882 1808 4285 5421 5708
8883 566 2838 4848 2109 5617 5722
8884 3642 3043 3795 1621 2409 353 812 1159 1450 2073 815 5689
8885 1177 2624 3234 3584 3620 1759 2992 837 980 238 2123 4117 4571 4614 1423
8886 1765 3822 973 4499 4697
8887 4922 2132 4833 4857 5603 2535
8888 25 2886 3063 1317 3586
8889 1811 3083 4348 4873 1791 459 4863 2242 6394 5849 6573 6864 6117 6576 6904 6889 6968 6969 6678 7026
8890 1432 2327 983 2427 2805
8891 1532 2222 3682 4008 4373
8892 5 1586 3004 3183 3600 5093 2838 3353 4842 6728
8893 3782 4393 4450 3374 5779
8894 924 627 1491 939 1362 4787 3981 6370
8895 2625 2184 3348 5522 3453 3964 4873
8896 1844 1875 3530 3988 4976 6271 1802 2451 4040 6972 6299
8897 830 1202 4250 5463 4267 4936 5570 2385 3343
8898 2280 352 1424 2143 3686 4457 3981 4428 4473
8899 1373 254 1209 743 3342 826 3343
8900 4907 955 1438 1952 2329 2970 3356 3363 4326 4488 4624 4697 4908 4912 5550 5593 5778 6127 6298
8901 421 2802 3149 54 2521
8902 102 2988 4948 5705 5706 5707 2193 5406 486 1240 6210 2970
8903 3164 5078 257 258 3658 5346 4246
8904 1044 6053 592 832 980 5485
8905 1494 1780 2761 2765 3870 4382 5074 5583 5996 6296 4185 4631 5512 6556 5030 6024
8906 5263 235 6506 370 3537
8907 2636 2142 2669 743 1514 3563 303 3533 1791 5543 6251 6578 5878 6268 4488 6790 6822 3931 6880 5876 6957 7006 6997 6539
8908 1106 738 3250 4125 4236
8909 4449 2163 5512 595 2946 4400 4403 3549 4383 3790 3659
8910 1056 1544 5525 3241 4097 4198 4951 5598 3214 5699 6020
8911 2913 4993 148 1292 2819 2836 2894 2911 2912 4220 5333 6786
8912 1404 1568 1714 2815 3149
8913 2460 592 2846 3057 5047
8914 639 1161 2112 2184 2450 4012 4063 4830 5341
8915 2479 927 595 939 1954 1714
8916 318 906 1015 1391 1847 2807 2976 3048 3064 3758 4447 4689 5118 4922
8917 31 1713 2398 2701 2288 3383 5777 1097 4146
8918 772 5424 2394 4842 2227 644
8919 5621 917 6477 1070 4033 647 2618 5287 695 6448
8920 5704 6002 2598 4458 4827 5480 5778 674 2978 4628 4922 6241 3015 5618 5853 6242 257 2369 4712 4622 6473 6127 6729
8921 864 1466 1802 1924 1935 3580 3383
8922 3451 6636 1011 1588 2839 5510 5623 5888 6236
8923 4675 170 956 2275 1990 4873 5269
8924 551 1254 2205 3076 5696 46 1849 1956 5238 5939 6679
8925 1211 2469 2861 3278 3716
8926 1705 5937 5086 2831 3694
8927 2838 5280 5654 5784 5785 5787
8928 113 1366 352 323 90
8929 283 683 830 2925 4392
8930 3752 1196 6180 185 331 566 955 3020
8931 486 25 654 1480 1755
8932 2460 235 1496 4781 5157 5285
8933 668 830 1547 4664 3589
8934 2492 5666 31 3453 6937 2491
8935 1853 4324 6059 3874 1021 6537 6720 1044 1413 4496 4922 5630 5731 6610
8936 887 2420 2643 2976 4001
8937 3957 5432 5574 6973 3362 3361 6815 6854
8938 468 4126 1392 2237 4368
8939 431 2817 4293 4295 4901 1759 2758 5349
8940 832 1160 1986 2203 3964
8941 1867 2460 1198 972 2916
8942 761 1867 2300 5980 917
8943 5608 4962 3060 3776 4402 5873
8944 2592 2955 3957 2545 3207 4294
8945 5810 3409 963 5366 2006 4209 1097 2306 4920 4984
8946 726 3768 4561 5841 5525 3707 4348 5309 4922
8947 251 463 378 235 154
8948 907 915 849 3877 5684 26 4555 5422 5559 4201 3496 2356 5625 6215 5456 6578
8949 486 840 2593 4046 6177 6386 3655
8950 5747 136 3586 4212 5511
8951 1172 1899 2161 2166 3471 4192 4193 6120 1063 3761 5617 487 4947 4984 5015 90 1517 2251 3260 3261 3488 3506 4253 4877 5242 4198 3524 4920 4873 4618 3768
8952 54 865 2431 5164 5342 5552 602 1401
8953 687 939 3076 3521 832 2184
8954 3294 5756 3365 4578 5157 6730
8955 185 2841 3413 3881 6175
8956 379 3543 435 991 1383 1392 3073
8957 5810 2572 4250 6185 1200 2833
8958 3834 1468 784 2303 4146 4457
8959 4696 5560 6047 6182 6200 6565 6636
8960 862 4331 1427 5193 1217
8961 723 1146 2170 3158 3353 2480 2374
8962 4640 3234 4521 5176 5456 2756 2426 331 3685 4097
8963 735 1015 2323 2988 5319 5813 5995
8964 832 1197 2237 3929 6037 2945 4448 927 1106 2112
8965 2829 2460 169 2989 2763 3845
8966 674 1329 1717 2398 3109 1639 1759 2072 2115 2279 2587 4626 6044
8967 5116 5123 5397 1887 5689 4110
8968 1597 1764 3291 548 3300 4204 4734 965 1293 1653 3758 4117
8969 1251 665 3194 1780 1242 2015 3886 5556 5558
8970 746 2128 4965 5748 6264 6833 2660 5985
8971 3204 321 671 2315 3068 2535
8972 4820 1004 2070 5422 4304 2027 4908
8973 238 3805 6298 3297 6031
8974 2211 2613 372 964 3383
8975 5197 4689 1194 1373 4758 5376
8976 2323 5691 5744 939 2051 4860
8977 1792 1375 3225 1494 2855 676 3001 3335 3607 2790 3843 2789 2792 3968 3137 4693 2288 3263 3899 3214 3205 3382 1898 4392 53 5258 5412 2974
8978 3758 3657 5803 5932 4044 2968 5588 2587
8979 2846 4298 303 245 1044
8980 532 3387 2238 1857 1859 1899 4769 4552 1402 4627
8981 245 664 728 772 1135 2090 2323 2807 2888 2897 3365 3605 3653 3835 4446 4759 4879 5493 5514 5872
8982 939 648 1038 1791 1973 2248 2369 2770 3073 1227 2095 498
8983 1057 3461 4825 5641 1044
8984 1154 657 447 627 1841
8985 1037 1753 2240 2884 3039
8986 6582 2460 3834 4198 6991 1285 3762
8987 2031 4600 4634 2443 3183 4833 5135 939 304 465 3184
8988 1309 4210 3929 3020 950 352 1560 2369 4947 5676 5868 6834
8989 2756 2328 4664 4859 1191 1922 3406 3475 4727 4094 548 5260 3586
8990 1646 2469 917 1653 6337
8991 772 1650 2460 3489 4008 5543 1044 1200 5053 177 6283
8992 3811 6279 2541 3339 4874
8993 4614 4368 4295 3110 3647 3586 4580 4573 6745
8994 4086 3200 2158 3201 6026 2157
8995 2337 1432 1869 2493 3377
8996 4028 5979 1867 2220 3524
8997 1440 3263 675 3746 4156 152 4256 4936
8998 660 830 4496 5598 6480
8999 1146 1233 1309 3372 3571
9000 1233 2761 5484 5838 5842 2904 3855 4715 4783 5480
9001 1904 3343 3448 4777 4812 5039
9002 495 3704 3637 4446 4211
9003 998 2940 3513 4105 4353 4494 5694 867 3929 5809 88
9004 4352 2663 1987 2161 2839 3347 4612 1981
9005 3047 1146 4084 4240 2048 2931
9006 482 1419 2645 3208 3353 750 3616 2463 2358 702 893 3961 930 5985 6806 3949 6108
9007 2061 2638 6187 738 2897 3365 5378 5386
9008 308 998 1212 1292 4039 702
9009 2283 4130 5683 352 4760 1012 1136 1439 4445 2394
9010 1588 1633 5118 6141 1077 4257 5312 5376 5413 6005 6323 6382
9011 400 1013 563 1135 1517 2702 2908 3394 3665 5558
9012 177 2743 1480 2640 2962 3295 3347 1815 1973 3913 4732 907 3504 3315 140 1202 2327 904 3663 3783 3774 4092 2593 1190 4783 4899 3896 3006 6245 516 552 4516 3077 6082 304 514 3263 3581 3655 6505 2598 4113 167 6705 2369 797 1358
9013 864 1028 1207 2430 2578
9014 3768 4724 1618 4667 675 1887 3365 4552 6735
9015 1056 3538 742 2517 1763
9016 177 2123 3982 4097 140 1433 2553 3877
9017 2907 3866 4582 4878 5560
9018 4198 5979 5530 6784 3365 4846 5774
9019 4028 3280 2732 5558 1544 2861 2952 4067 1617 3374 917 1090 4496 3929 4525 1432 1309 2897 2951 4826 80
9020 1063 1064 567 2313 3881 4167
9021 257 1870 2650 3378 3460 2109 4874 6197 846 3941 4928 5633
9022 893 54 272 2220 3976 7050 3964 3805 4276 514 583 2193 4621 6220
9023 1662 5804 987 1701 2184 2479 5433 6736
9024 2904 4573 2881 5917 6281
9025 1242 3813 4012 5386 5558 3961
9026 1189 1755 1887 2004 3104 514 2678 5220 1759 4008 246 331 2112 3858 4659 6173
9027 1103 3430 1432 1648 970 3363 1791 4874
9028 2264 1226 2481 401 6922
9029 587 1079 2528 3061 976 3408 1631 1636 1875 2518 4427
9030 25 713 939 2327 2669 4097 4211 4283 905 1591 1595 4332 5558
9031 2168 1276 5873 6029 6503
9032 717 3315 4491 3383 567
9033 3946 3156 4628 5517 2386 3557 5293
9034 772 1514 188 492 2021
9035 2678 3813 4419 2264 5490
9036 246 1633 1831 5842 5671
9037 188 245 724 837 1791 1824 1864 1878 1960 2678 3059 3793 3931 3932 3947 4066 4573
9038 987 1233 1814 2758 3776 4012 5582
9039 5757 5999 352 647 6211
9040 177 1149 1047 2004 1071 4285 3866 5757 1494 3858 1959 4750 401
9041 4198 2838 3180 3365 3372 4894 6386
9042 837 897 2044 2161 3143 3409 3410 3949 4324 6468 934 1830
9043 626 972 678 558 1328 2200 453 699 1160 1983 1981 562 3654 3680 6448
9044 2956 3397 6332 6932 6969 6970
9045 3669 486 2478 4225 4759 5470 6267 6287 6353 6720
9046 1832 1031 2636 1489 3861 5849 7049
9047 1047 1508 1775 1844 2421 2724 3941 4198 4553 4873 6953
9048 1759 1867 3584 6071 939 5410
9049 691 961 1525 1843 2213 1468
9050 185 567 1236 3059 4857 5220 5950
9051 1847 1756 2290 3054 4800 5242
9052 5379 5905 188 1617 6909 3922
9053 127 481 923 1034 961
9054 80 920 586 318 1106 2249 2756
9055 3928 3931 1754 5051 5560 5979
9056 4639 6253 4624 3839 2824
9057 2054 2521 3586 4113 4133
9058 633 6553 3353 3454 6234
9059 2809 1371 3621 3954 4656 4944 3024 174 352 835 1121 1242 1870 2090 2216 2600 3360 4295 4340 4463 4464 4516 4573 5722 5844
9060 2479 715 2598 3059 1078
9061 3442 201 1103 4965 6038 6184 6603 3524 508 2207 2562 2971 4360
9062 4744 321 2368 3347 3783 5512
9063 687 1233 5704 5705 6374 6463 6628
9064 1135 3839 4874 6279 6400
9065 3874 3688 3350 2678 2955
9066 4604 6061 4542 474 641 4066 4067 4374 6390 4510 5042
9067 962 1223 3245 594 1236 1519
9068 767 1033 547 382 1226 4335
9069 6682 6125 6813 7008 6529 7029 6916 7039
9070 2046 1103 3610 5679 514 1051 1563 1741 2512 3611 4421 4823
9071 3586 5638 6294 5247 965
9072 837 4318 4594 4598 4723 5319 5598 1990 2692 2897 2898 2920 4152 4641 5138 4053 5558 3078 3278 3405 4207 5757 3040 6503
9073 1253 1385 2593 2641 2839 3162 3164 1452
9074 5086 5638 1172 2921 4929 3463
9075 2460 2659 2123 4089 4551
9076 675 1058 2976 3011 5172 5312 6036 6295
9077 3017 3339 2158 2592 4186 744
9078 1242 3440 498 3263 2945 1170 2090 1544 2898 2955 3086 4340 1586 1827 2956 5525 1865 1939 3284
9079 844 1892 2955 3343 5177 1730 1447 5138 5653 5964 1408
9080 1756 1665 2323 3143 1776 3516
9081 939 2721 4504 5076 5558
9082 610 1472 976 563 5689 6252
9083 32 907 185 3546 4082 1006
9084 5530 1431 5598 1041 2242 5378 6777 6845 1529 3342 6760
9085 1653 282 4998 757 2184 3194 5979 1155 6867
9086 185 1098 4259 6129 2028 4097
9087 55 1471 1831 2020 2147 2152 2155 2181 2355 3030 3410
9088 2168 671 1755 2369 3194
9089 758 2512 1293 5625 6138
9090 1042 1123 2970 3029 3484 1597
9091 4420 4965 5898 1518 1899 2027 4631 5814 6109
9092 2235 2450 2744 2897 3134 3263 1321 4618
9093 3759 4779 2535 3891 5287 5706 1981 3375 4628 4637 5413 5757 6281
9094 6069 6365 6019 5271 3410 3947 6357 6396 6153 6593 6421 5849 6594 6581 6729 6790 6195 6766 5408 6736 6852 6947 6784 6995 6976 6234 7029 6859
9095 689 1109 785 2223 2592 660
9096 5858 60 2797 4627 1848 2420 2931 5189 6120 1424 1097 6022
9097 932 1837 1865 2112 2432 3365 2692 5934
9098 5736 2168 2460 4013 5002
9099 2756 3030 3263 5070 4297
9100 1438 6421 6830 6913 7039
9101 1543 2249 177 370 5432
9102 5385 267 955 3535 6249
9103 3380 4585 6758 6332 6922 6974
9104 756 939 1172 1450 1752 2323 2457 2666 3007 4167 4172 4294 4331 5294
9105 840 5537 4152 3438 6253
9106 1656 5273 4789 1242 1879 5558 5376 4371 718 5582 3746 4079 2475 6640 52
9107 5133 1544 3143 5598 5654 4967 2702
9108 24 1855 1865 2168 2301 3611 4253 4737 5788 6167 6720 6729
9109 4446 4759 5634 6033 6040
9110 3935 5258 5873 2623 3716 759 3594
9111 177 772 1494 1471 1713
9112 1455 140 88 1015 5873
9113 2756 5952 6390 6622 188 465 6724
9114 566 1167 4798 2838 6099 3581
9115 3012 4491 2360 3831 6504 6594 3342 6816 7003 7022 6999
9116 533 2908 3758 3855 5937
9117 5207 4765 5287 4935 5751
9118 2298 2403 3357 603 1010
9119 543 1047 1159 2369 5247 6600
9120 3506 747 748 1427 2999 3348 1217 3365 830 4292 4201 4518
9121 4180 4942 4288 1791 4757 2242 4697 6298 6500 6581 6665 6893 6811 6864 7019 7007 6936 7012
9122 73 772 1373 1588 119 1867 5877
9123 1185 3042 4410 987 6806 6168
9124 285 3150 595 1243 3545 2460
9125 3061 2455 1146 3519 1856
9126 184 2466 2956 1578 2955
9127 3820 1260 2552 255 4901
9128 120 280 184 275 298
9129 4106 458 2242 4353 109 5787 5837 6268 6267 1293 6339 6503 5849 5612 6539 6581 6410 6573 6790 6226 6729 6604 6766 5222 4636 6893 6895 6117 6576 6904 6854 6915 6266 6874 5778 6523 6965 6968 6977 6999 7018 7023 6969 6990 6925 7012 7008 6882 7041 7049
9130 1593 631 755 3642 6561
9131 177 6401 203 6268 3614 3855
9132 3657 939 1430 4159 2548
9133 1070 3143 3516 5706 5872
9134 4059 2273 3964 6177 6305 6547 6761
9135 1184 1698 303 4362 1751 1786 5379 4168
9136 997 998 1338 2692 4212 4418
9137 10 250 429 460 501
9138 6755 6822 6387 6863 6812 6789 7023 6773 6781 6772 6994 4683 7033
9139 6479 4207 3656 6256 5343 6386 6849 7034
9140 196 708 927 5696 2032 3194 5803
9141 660 1260 3679 5479 6197
9142 304 661 675 713 1546 1755 2377 2598 3183 3677 4008 4419 4647 4783 5666 5667 5782
9143 429 899 998 1597 2991
9144 1428 3183 1595 1655 3921
9145 1728 3155 4067 2327 5465 192 6099
9146 188 1070 1233 1644 2089 2510 4273 4397 2730 4947 3030 1815 3365 3409 4198 3824 5428
9147 2478 3427 3011 3519 2654 625 4113 4373 1588 5111 624 517 2671 3281 2203 3554 4746 3974 3001 4723 1450 4517 5393 2430
9148 2553 3342 1875 6273 634
9149 1973 401 3530 4952 5473 6293
9150 2833 3084 3494 458 2242
9151 563 283 4249 2220 3077 5376
9152 835 1756 2998 1493 330 2901 3290
9153 1106 1214 4202 474 3184 4878
9154 469 3205 5134 2518 1898
9155 3099 3560 255 832 4539 6292
9156 1845 3964 5167 6553 6141
9157 2976 5969 595 2874 4997
9158 2146 2823 5454 5816 6417 934 3372 3938 4040 6175 6402
9159 3261 1098 1135 1645 1688 2323 2672 3143 3365 4759 4828 5471 6071 6418 6291 1009 2858 2758 6144 4097 4952 4814 3316
9160 1003 6052 3060 5690 4176
9161 841 422 1755 2535 3278 4850
9162 2950 2720 4101 4967 4205 4446
9163 958 4216 4589 5705 5706
9164 647 4028 4193 4967 2674 3180 5863 3845
9165 2909 4012 5886 2184 2735
9166 1206 2771 245 2095 1283 3193 3298 2143 2439 5428
9167 3929 4209 4842 4862 5756
9168 3929 4002 2554 2718 383 3278 3901 2555 54 2535
9169 641 1174 1844 3855 4304 5516
9170 947 5883 6001 4307 5630 6092
9171 178 1222 2460 5816 538 2300 2397 2587 2645 3030 3033 3410 4909 4984 1487 6504
9172 125 675 3410 5376 5810 1623
9173 481 813 43 923 137 458
9174 620 939 3664 283 1524 4335
9175 43 118 337 400 295
9176 1432 3076 917 6922 5944
9177 4855 5092 546 797 4359
9178 368 2517 4023 1752 4727 2567 3797 1263 3866 5177 6410
9179 1785 687 4625 5533 1842
9180 3851 4798 6503 1973 1789
9181 1494 2165 2450 6211 2909 516 1653 2115 4682 5396 6370 6517
9182 82 939 1432 2950 3811
9183 2369 3142 115 4454 772
9184 2797 4157 5638 6376 759 2901
9185 3866 2804 4551 5456 6479
9186 6653 2775 2854 5285 5666 5962 6194 6323
9187 3513 3875 4999 6412 6487
9188 939 608 2680 998 3086 3124 900 1759
9189 1424 2144 3226 364 4664 1865 3101 4222 5149
9190 927 2305 5413 1887 4960
9191 756 6247 1438 2460 4374 6213 6912
9192 2460 1786 6077 581 1097 1653 2052 2978 5731
9193 1118 2918 951 1247 1465 1795 2518 6242
9194 4312 4529 1432 1595 2442 2522 3184
9195 51 1356 1391 3492 3858 2964 6114 6354 3278 4625
9196 2956 3339 3410 3751 4393 4400 4983 2792 4374 3783
9197 1263 1544 4193 4207 4252 4875 2369 5086
9198 1142 1857 681 625 369 975 805
9199 1432 2838 4285 5630 6135 6149
9200 880 1071 1202 2497 3239 3445 4475 5074 5950 795 837 2750 4862 5560 5803 3056 3653 4874 5243 6204
9201 1056 3850 960 3413 4171 2688 3059 759 3060
9202 987 2168 4055 4748 872 2917
9203 2442 4705 5512 5528 3339 370 3762 5380
9204 55 3307 3604 4460 3148
9205 2353 4253 4184 455 958 698
9206 1303 842 807 832 835 3099 6132 401 3453 554 2824
9207 3623 3004 1790 4456 4709 3500
9208 1047 2541 3518 3586 1604
9209 3562 2721 4259 4967 5716 5971 6461 2220 2669 2827 3439 3611 5344 1683 2441 4648 1735 4482 5086 5537 1097 6687 852 1591 2412 3553 3811 3878 5638 5881 6031 6966 446 1233 3874 4965 6029
9210 10 7 22 153 43
9211 452 4055 4448 5319 3184 4035
9212 654 1755 2583 626 691 3277 4623 5326 5638
9213 651 772 830 1078 1756 2899 3144 4696
9214 5111 5115 828 1424 2770
9215 3138 4272 4308 6313 6596
9216 3071 3343 3351 3365 6135 15 3764 4205 4901 5247 6379
9217 2510 3955 3020 5319 6760
9218 3199 304 3413 5537 6537 167 6438 1433 3896 4319 4578 5088 6543 1721 4168 6338 5656 849 2123 4205 1791 5540 1299 5619 1161 1701 2755
9219 3851 6179 3947 403 1373
9220 1053 812 1817 1522 1879 1319 516
9221 95 32 2184 4374 1047 1293 3730 4173 4192 1298 4330
9222 4696 1405 2904 2116 3632 4800 545 3203 603 830 1011 850 1174 2147 3400
9223 2535 4594 939 4213 5475 4420
9224 492 514 1325 2377 2479 3016
9225 2416 3008 4323 4419 2535
9226 1636 4782 4789 4795 6283
9227 379 455 5549 127 513 850 3866
9228 5123 5117 5362 856 5774 1192
9229 880 1240 1274 3410 4618
9230 1534 203 4901 3891 2187 3964 3856
9231 127 3226 3738 4806 5024
9232 4257 6211 6537 6584 4043
9233 237 188 206 123 83
9234 1701 2382 5116 5512 3824 3611 4539 6544 647
9235 1550 4849 772 2874 5480 5487 5792 6389 6616
9236 3414 4353 459 1791 109 5285 5809 2807 5787 5543 458 6323 6416 6406 6407 5070 6195 3342 6125 6975 7030
9237 2368 2490 4340 4919 5066 6061 108 1958 2513
9238 177 3607 4794 4840 4841
9239 648 2323 1598 3044 1172
9240 880 5560 840 1287 1907 4913 5334 1755 2105 2311 2452
9241 2945 3388 3412 5107 6127 1848
9242 1592 5838 2713 5566 5778 1194 4089 6274
9243 582 267 3706 2718 1713
9244 32 73 596 1214 880 1830 2434 1106 1844 2232 2946 1047 2899 4900
9245 3146 1130 1414 1483 3611 4281 4302
9246 6008 1420 6264 894 6176
9247 673 2692 6216 1047 6146 6646 1844 6342 6543 2474
9248 1235 1432 1755 1887 3239 4098
9249 2107 4935 4936 4540 5545
9250 4978 749 1258 3867 6175
9251 1655 3179 6295 2323 4496
9252 167 413 186 367 78 72 245 286 188
9253 939 3694 4312 5832 3858 1927
9254 1791 2242 5809 5812 5415 6889 6969 6941 6945
9255 1285 1161 4348 3620 2194
9256 1844 3233 2099 2135 2136
9257 1514 1044 2749 3044 939 1494 2592
9258 1120 1071 972 3764 366 6177
9259 465 807 1483 1603 2718 2881 5544 2416
9260 3725 4292 4655 4936 5024 2389 3343 3554 5873 3001 4260 4540 5775
9261 198 902 1374 2449 3294 864 1244 1691
9262 149 1737 2323 2464 5538
9263 102 1502 1573 1957 2460 4843 1797
9264 352 466 1573 1847 2323 2327 4360 4696 5396
9265 2999 3000 3010 2843 2493 2598 2535 3921 1356
9266 4284 1262 1775 486 3964 4628
9267 3143 750 1827 2028 2329 2747 2976 4523 5124
9268 2027 2583 3118 915 1998 3896
9269 425 2718 2917 4198 4200 4648 5537 6477
9270 3197 863 1035 1239 2041 3505 4365 4527 4687 4783 4789 4979 6049 6547
9271 689 1187 3175 5567 537
9272 2702 1424 1973 2724 4272
9273 958 1864 2281 4540 4567 743
9274 976 1030 2369 3558 4362 4712
9275 2031 504 754 50 5164 2881
9276 1432 70 5489 5760 5373
9277 2143 2805 1808 630 3158 3453 4028 6506
9278 939 4178 1383 2978 695 1201 2377 3365 2271 1595 3915 454 455 3981
9279 96 1094 1559 3320 1686 2905 3688 2052 3854 1406 1457 1347 1122
9280 25 786 797 52 1300 1504 3276
9281 127 481 482 573 627 668 5193
9282 1 474 15 1159 4298 4241 5429 6073 1170
9283 2041 644 925 1522 2838 3124
9284 454 3548 1432 5848 5859
9285 1430 1135 723 2203 5118
9286 2327 2846 4089 4605 6222 6225 6501
9287 2211 1513 2497 6268 2660 5472
9288 927 991 3084 3037 1588 1550 2486 2369 2535
9289 907 1480 1852 2183 3957 4808 5515
9290 445 829 1678 2031 2764
9291 4866 3281 3989 178 514 2083 3610 5265 4298 3060 4404 5149 5231 4241 6233
9292 994 1735 4093 5412 3019
9293 675 906 917 1688 1824 2076 3877 4689
9294 3641 743 2758 4312 2337 4847 245 3335 4611
9295 2970 4491 169 4328 3913 3535
9296 46 487 814 1424 1522 2383 4298 4956 5638 6504
9297 754 2761 4289 6126 6332
9298 2510 3410 5512 5577 6744
9299 850 2039 3073 52 95
9300 934 687 4533 3489 4097 3184 4205 1432 3143 5558 4257 3929 6162
9301 245 598 1867 2904 4318
9302 1070 2517 2962 3342 4097 4618 5138 4101 6098
9303 352 353 398 1004 2323 3998
9304 1759 2729 3710 4551 6580
9305 309 304 1003 1499 2981 5787 2674
9306 794 954 1328 2327 5644 6660 6720
9307 998 1309 840 304 1061 2460 6537
9308 432 3468 507 665 998 1544 2423 2625 2951 3220
9309 543 3233 5568 5570 2271 3613
9310 1432 2722 3283 5763 4855 1887
9311 1987 1724 939 1063 1306
9312 1957 3553 4376 4672 5380 5990
9313 1359 3867 5141 2756 4878 5340 5366 6479
9314 218 404 409 501 304
9315 3931 2323 3056 446 70
9316 3421 765 820 2535 3388 4637 4843
9317 5409 4059 5197 4951 2756 6643 6649
9318 3638 1432 2888 1227 1678
9319 3275 3864 991 3207 1375 2141 2838 3607 4477 2555 3214 2083 6127
9320 3676 4352 1755 1071 5841 6279 5809
9321 219 10 30 103 172 188 300
9322 1662 4878 1310 4587 994 3795
9323 1032 1428 1493 2970 3334
9324 5949 5306 4626 3605 1655 4628 4951 5634 2946 3184
9325 480 2530 2663 3278 1489 2536 623 3687 3891 5116
9326 991 1242 2112 2123 4176 4578 4675 5272 5433 5743 5979 6338 6549 6734 2052 2377 4502 4567 4628
9327 3033 5392 5557 4335 5746 1194 6386
9328 391 1244 1879 2133 54 445 996 4956 2141 3343
9329 379 1214 6760 1867 2775 5905 6826 207 5157 6435 5233
9330 2079 6689 398 3586 5312 15 525 2838 2839 3790 6137 6804
9331 554 924 960 3932 3405
9332 4547 3651 1813 3811 1741 1753
9333 1383 2069 651 786 245
9334 4012 5632 6057 6419 2432 4008 5711
9335 1047 1963 1674 6781 7030
9336 2604 850 813 982 1192
9337 848 4550 1703 1044 3184 3378 2598 3356
9338 2112 4790 5631 401 4628 1044 5805 6211 6213 905 4527
9339 1008 1636 1759 4793 203 1446 2693 4789 4833 5872 6283 2207 6473
9340 10 176 199 551 304
9341 3933 939 2383 2388 2846 3614 4144 5556
9342 5668 3964 5796 865 6073
9343 90 627 903 1100 1233 1720
9344 2678 1620 258 4295 2518 3971 6541
9345 88 127 235 3353 3541
9346 2168 2592 2846 3030 4701 6110
9347 177 772 1708 1709 1678 1220 3201 5570 6758
9348 675 3874 5598 6332 4464 2450
9349 5871 5775 6382 6392 4646 159 3353
9350 742 923 314 1392 566 3292 4329 2310
9351 90 976 4697 5385 1232 1242
9352 1262 2270 5161 3957 4511 5571
9353 654 1044 2177 4222 4922
9354 405 991 1413 1358 3819 6171
9355 1728 2183 2232 4012 6390
9356 25 991 1394 2535 2844 4172 4928
9357 587 1827 2323 2449 3179 3549 4689 5176 5228
9358 926 1106 2376 5449 6203 6204 6689
9359 420 563 2990 4250 4967
9360 3400 1949 5775 4298 6375 6565
9361 10 188 228 246 279 325 337
9362 927 2945 3083 582 2737 3131 3342
9363 5269 1820 6869 1077 6983 144
9364 1307 1255 1855 2323 2672
9365 3929 1004 3203 830 1723 1263 5682 6086 4662
9366 496 840 927 1405 1868
9367 24 25 54 139 164 265 304 445 312
9368 2642 5603 4976 485 2314
9369 814 2595 3891 5917 830 5113 5410
9370 2020 2158 2327 3293 3957 4768 5133
9371 1154 1802 3260 3315 5377
9372 2897 4052 4844 4889 6284
9373 2838 401 832 972 1044 1200 1595 1706 1727 2535 2578 2587 2970 2988 3020 3173 3214 3277 3388 3434 3453 4577 4628 5346 5450 5537 5630 5711 6292 6515 6725 6914
9374 1385 5021 3965 4628 1497 3845
9375 379 2775 5449 1714 1987 3343 4664 5892 3060 109
9376 142 148 63 246 351 109
9377 246 761 924 927 2415 1064 1938 235 793 1720 1162 742 3217 1861 1530
9378 5757 6232 6402 25 1530 4173
9379 1724 1489 4724 3607 5211 372
9380 2929 1037 3146 2240 3334 4835 4844 4855
9381 492 4906 1432 2718 420 1392 3548 4982
9382 546 1103 1413 1650 3931 5841 551 1457 2249 6599
9383 1432 3759 4419 4942 25
9384 1420 1392 1462 1621 2857
9385 761 2139 6019 2289 2478 5725
9386 5543 6664 6812 6788 7028
9387 3353 880 2160 3968 4186 4452 5980 2377 2676 2096 3382 5915
9388 1080 1090 1799 1523 3843
9389 1821 3453 3679 4618 1309 1633 1242 5284 2669 4260
9390 88 420 675 708 4055 4351
9391 580 2773 4842 4989 5490 5587 6074 304
9392 5979 6503 3409 6579 837
9393 121 2912 5651 627 630 996 1047 1135 1263 1753 2251 3263 3910 4253 5366 5367
9394 2383 95 1097 4712 5994
9395 674 675 1598 2904 3728
9396 563 1628 2765 3077 4008 4143 5962 6028
9397 2103 2136 2104 2289 2099 2102 2135 511
9398 1270 1841 3484 3507 1050
9399 2000 4209 713 1293 1427 3343 3712 3787 5116 5362 5456 2193 2598 5868 5979 6593
9400 460 2871 2818 2819 2913 840 2549
9401 2882 4782 4873 5346 4757 5809 6251 6506
9402 1633 163 659 95 2648 3342 6502 6862
9403 1735 2460 4672 4873 5335
9404 482 3349 5598 1258 4365 5413 4458
9405 2304 973 2323 188 945 1544 1591 939 2346 2281 1688 1026 2760 654 2046
9406 782 1919 2767 3929 5366 5598
9407 1588 4555 2697 3980 3987 95
9408 2636 3012 3494 5307 6251 6682 6996 6940
9409 2669 917 1432 972 939 3005 3569 1841 193 1443 1847 2160 2959 3624 151 1759 1712 90
9410 2460 5070 5910 5574 352 5544 514 1310 1855
9411 1037 1202 3538 1432 2572 3023 3512
9412 382 383 832 939 1505 4901 1478
9413 1037 2116 401 1494 2384 3185 6104 4117 4293 6096
9414 1906 1615 3891 1868 1128 1146
9415 4028 420 2105 3929 5819 1765 5646
9416 2460 3342 3539 4089 4963
9417 403 1690 4211 4383 4664 742 1106 3345 3713 3879 4212
9418 953 4933 5708 4046 4912 6439 6464
9419 3258 3722 4540 2925 189 1154 2640
9420 1838 1887 6073 554 3441 6013 5646 1700 4369
9421 1373 1432 964 2327 3082 2798
9422 2033 2174 2085 3251 1521 4174 2591 5180
9423 121 726 3193 5756 4922
9424 3148 3506 1211 1638 3278
9425 1909 2327 5285 5520 6826
9426 3624 4454 6368 5824 4121
9427 1987 715 1412 1508 2090 2934 3251
9428 1546 4117 4842 2097 3995 4205 6135 6708
9429 3630 375 1517 203 245 3845 976
9430 5113 2162 4669 4681 5027 5028
9431 2756 3228 5905 5810 5598 5873
9432 222 192 4655 5266 1698
9433 3194 627 3105 4411 1721 3530
9434 924 2184 2807 31 3001 2026 3045 2505 1209 2431 3813 5603 3222
9435 454 595 1103 1115 1134 2374 2460 2619 3410 6389 5944
9436 3866 4676 5422 1635 4227 4229 1678
9437 2732 246 782 4851 1618 1432 3309 4784 4873 5721 1677 1819 1913 3372 163 303 514 4011 4600 4624
9438 1610 3204 3353 4198 5558 1016 1161 1309 6135 6191 304 3343 4842
9439 1438 2735 3726 5873 257 972 1755 2501 4036 4127 4922
9440 939 267 4573 716 5848
9441 6998 7002 5417 5343 4607
9442 94 334 186 78 212 116 295 354
9443 923 2183 2345 5558 3004
9444 2889 3142 3451 4688 4695
9445 1613 73 1529 3347 492 1712 1808 3214 1831 188 1189 2675 842 5376 54
9446 4231 4372 563 4446 1044 1107
9447 5 1262 84 905 1146 1959 2525 2843
9448 906 3214 4583 2327 958 1842
9449 3846 5781 6087 5540 5797 6648 4420
9450 3217 5396 2009 3790 5462 6572
9451 2449 1047 3961 2574 2908
9452 1044 1159 1392 2169 1544 1870 3357
9453 2643 1714 6040 6598 6689 6843
9454 1532 407 691 2181 2348 2740
9455 2074 2243 673 827 1283 4366
9456 245 475 622 627 1090 948 1806 4089 2454 320 675 1236 5070 6014 2686 6477
9457 4764 1202 1274 5522 5699 5016
9458 4689 4007 4889 1588 1893 4065 6005 4936
9459 267 1328 1329 2179 2600 2869 3001 3118 3334 3648 4804 5074 5086 897 3866 482 1432 2323 3184 179 437 514 1306 1759 2327 4842 640 3183 6178 670 2015 2874 3813 5778 480 1122 1591 1791 3278 4712 6706 6722 15 963 4012 2454
9460 177 2207 4254 1228 5974
9461 889 4198 6093 6344 6352 1672 6191 304 401 1037 1848 4089 5003
9462 939 2784 1139 4276 2380
9463 1778 2396 2765 4749 4759 5691
9464 4696 2907 4479 6215 5351
9465 2263 3235 713 1907 391 1973
9466 486 1647 2062 3874 5377
9467 735 772 939 1598 2369 791 1301
9468 1090 442 258 969 1365 174
9469 4062 4595 4597 5175 3491 6509
9470 4842 25 1493 4141 6208 5445
9471 3874 5196 5408 3278 3442 3806 4965
9472 3931 6226 6863 6827 6247 6788 288 6035 6733 6968 6969 7025 5450 6179 6353 6579 6773 6875 7006 6999 6994 7005 4042 4383 7042
9473 2302 29 3317 6641 3799
9474 2841 1775 1786 1530 5602
9475 470 1867 3993 610 3357 149 514 675 1618 1866 2696 3757 1751 2843
9476 191 2804 2797 1494 3012 579 537 2479 2766 538 1140 1467 2708
9477 334 2659 5056 352 2160 2723 2792 3108 3783 6375
9478 782 2090 2092 2730 3201 3365 3373 4311 4483 4882 5598 5979 80 1622 1973 6432
9479 713 2598 4827 5666 6518
9480 2323 3112 4823 4842 5699 6184
9481 840 2300 2460 2862 3050 3342
9482 361 203 427 167 246 270 566
9483 2025 688 2000 3995 3142 2097 3994
9484 3183 4073 4879 6343 6556
9485 3467 2685 2734 5619 2824
9486 626 797 1192 3149 5508
9487 136 1723 4567 5398 5666 5723 379 1359 6011
9488 879 2535 4603 4689 6114 924 4522
9489 2460 1309 2949 5547 2323 6253 727 3388 5838
9490 1298 1483 2432 2992 3663
9491 563 885 4830 125 6030 6243 6697 6268
9492 420 1050 2031 3362 5844
9493 2420 2501 3866 459 1650 2572 6461 6605
9494 4718 939 185 4689 2970 3401
9495 1154 1233 2895 2896 1373 2276 1966 3060
9496 4184 939 3263 3400 6756 6298
9497 3343 3709 4324 4806 1526 5161 4352 6267 2671
9498 952 2288 3225 4552 2466 4038 3091
9499 1309 2032 201 907 917 3343 3949 5517 6923
9500 5168 6337 4842 2692 4680
9501 4771 5584 1044 1838 3356 6281
9502 2933 3021 4957 2535 3710 602
9503 352 1201 2901 4198 4578 5537 5638 5905 304 1358 1652
9504 962 528 1376 1995 791 431 1559
9505 3121 1790 1587 3342 3874 3929 5363 5158
9506 660 3025 3094 2981 3470 6062 6711
9507 1424 2083 3092 3381 4206
9508 1024 1841 17 141 195 1982
9509 1714 1939 3449 5449 2724 4809 3554 4168 5558 4899 6273
9510 109 5489 120 6040 5956 6500 6539 6790 6791 6852
9511 2457 5895 1233 3353 3765
9512 159 1285 1759 1779 2376 2702 2908
9513 927 905 909 3403 990
9514 991 1887 1813 1814 2640 2742 4443
9515 2013 5815 5024 6120 4737
9516 728 4814 525 539 3586 5537 5634
9517 954 1298 2449 1935 3694
9518 328 3586 2294 2299 4113 5263 6525
9519 69 486 812 830 3964 4362 4427 4540 5263 5869 5949 5734
9520 25 1077 1432 2193 1227 6005
9521 35 80 188 226 237 438
9522 3450 4146 5703 5705 634
9523 4744 1792 3783 5456 6478 6670 3782
9524 880 960 1315 1821 3032 3214 3761 5803 4650 2692 4268 4765 5008 5729 6203 610 3221 4979 6652 695 2041
9525 1071 742 530 3226 6243
9526 6271 372 3872 4808 3526
9527 521 660 1801 2146 3964
9528 3931 3293 4046 5623 5272
9529 135 88 201 1298 2111 2263 3513 2231 3518
9530 3343 1643 2129 2574 3904 4628 2193 4760 5413 5422
9531 4744 3108 3158 5531 2160
9532 6943 2273 6941 6944 6945
9533 5873 3094 3361 5432 5346
9534 2460 3138 3041 3263 2976 5211
9535 2090 5979 1497 5356 5784 3048
9536 91 2182 837 962 1961 2112 3543 4011 4750 3846
9537 4744 597 967 1588 2636 2962 3180 3347 3625 1729
9538 5974 812 2299 5085 5756
9539 1831 1815 2038 3164 3296 4104 6691
9540 445 1867 2460 5757 1723
9541 993 1233 1852 3353 3880 4012 4594 4599 5175 5625 6059
9542 1146 3537 2838 3626 3380
9543 3642 772 2750 3218 426 1423
9544 2807 2838 4857 11 1233
9545 77 102 185 1391 1734 3651 4696 4908 5810
9546 5379 1798 2032 3294 4065 772
9547 5983 5015 6164 4421 5653 6884 3184 4828 3376 5748 4205
9548 527 2459 927 1596 2690 1142 3162 2943 3517 840 4146 835 3167 304 3679 4097 4885 3034
9549 5895 191 595 1568 1885 2020 3018 3030 4027 4324 4933 5176 6427 1899 3339 3923 465 3409 3410 4631 3101 6905
9550 5867 3347 5378 2336 4046 4185 5513 5582 6345
9551 2732 2760 2897 6062 6217 6489
9552 219 2286 1430 1690 1339 2315 2244 2276 5758
9553 5664 5665 5621 4711 2695 5348 610 654 1706
9554 5888 2725 2976 627 5558
9555 2548 893 2644 2645 1044 1951 2251 2436 996 2801 3106 1007 2700 4698 1240 4260 4697 245 465 534 587 713 1100 1316 1326 1533 1714 1931 1937 2144 2266 2738 3661 343 3335
9556 595 998 2908 3448 3992
9557 129 78 202 223 224 246 265 294 309 301 97 337
9558 3895 4908 1867 3842 5558 2032
9559 2750 3929 4064 4873 1047 6729
9560 459 1791 5345 109 5480 2212 5415 5450 5809 5416 6275 5849 6504 6507 5070 6522 6662 6676 6387 6651 6638 6860 6948 6733 3124
9561 3831 6000 917 210 1233 1261 2748 5017 5056
9562 1066 1849 2912 2592 956
9563 742 923 924 3388 4485
9564 4402 4473 5707 5847 5996 3807 4958 5994 7050 3753 4284 5583 4539 4947 754 2544 2927 3402 5706 6127 755
9565 432 6357 6553 3560 5540
9566 2631 5497 919 1181 1228 1746
9567 1811 3083 3859 4351 4905 4451 5118 4757 4863 2242 458 5837 5787 6069 6354 5416 5878 6500 5879 6594 6637 6880 6895 6914 6982 6990 7014 7012 7029
9568 2421 5326 515 1864 245 6283
9569 211 222 223 83 204
9570 405 603 939 1298 2592 4148
9571 2420 3411 4467 2697 3895
9572 1233 2452 2526 3786 3255 1101 4046 4582 5772
9573 304 90 128 551 53 431 627 2249
9574 756 1939 1147 520 522
9575 1753 5465 80 437 595 1544 2898 3901 4618 4941 4988 5012 5466 6328 5531 2560
9576 2068 687 4256 6287 4587
9577 2460 1544 2327 610 1202 1373 2144 2313 3722 4012 4139 1842 6635 1867 2349 3677
9578 1154 5005 1480 5810 6271
9579 2690 3158 3284 4210 2193 4567
9580 95 2275 1867 3539 5310 52 1814 1950 2460 3153 3845 4317 6799 203 2625 1866 2006 3734 1588 5344 5751 3124 3530 4897 3494 6360 852 2557
9581 81 186 555 337 732
9582 2003 1135 2391 3866 356 4372 2801 3383
9583 1135 2856 4389 4777 4799 832 1214 4374 6575 6722 595 597 2740 5902 333 6507 3226 3448 2775 6043
9584 1973 2369 2904 3020 1328 2582 4365
9585 188 893 1867 1973 2211 5195 5947 5539
9586 511 1276 258 772 1875 5557
9587 2460 1981 95 370 1174
9588 668 1874 1073 1319 3648
9589 517 627 2090 2175 2659 2756 3342 3385 3401 3409 3410 4496 4664 4769 5074 939 3194 3448 3809 5583 932 5138 1008 5558 5775 2689 2934 4031 455 2849 3685 3957 3422 4659 3205 401 3475 6122 3786 4812 5824 6386
9590 132 334 1798 1827 2032 2418 2460 2633 2692 2951 3064 3373 3374 3375 3761 3778 4008 4334 4390 5278 5386 127 134 179 203 246 627 648 939 1202 1211 2323 2732 4026 4437 5456 1563 2535 3060 3550 3553 4052 4624 5956 6222 3378 830 5571
9591 1026 1887 2724 185 401 2666 3981 4786 4843
9592 6460 89 2090 4402 4446 4733
9593 2897 2962 3057 6203 6414
9594 2977 3837 109 1078 2013 2841 4244
9595 1650 2460 3012 3065 3515 4066 5153 5477 6167 832 1588 3783 4031 4272 4688 5537
9596 832 1699 2565 2094 6250
9597 1146 2412 3193 3378 3604 5232 5563
9598 3294 3365 5232 27 3466 4591 1350 2323 972 1047 3372 3858 3905 4158 5667 6225 845 1497 1853 3358 3904 4628 5666 5696 830 939 1385 3296 3362 5809
9599 939 1047 1263 2674 3465 4025 4656 5706 6144 6339 6489 6760
9600 1383 1432 3502 445 812 1423 2294 2272
9601 2149 2238 2904 3914 4839 4909 5345
9602 3410 3809 4046 4631 6344 6647 6889
9603 1585 2974 2756 3049 4420
9604 1512 998 1385 3363 3885 4052 4837 6154 3786
9605 3592 5035 822 6380 1705 6718 6800
9606 2087 4773 581 3248 3556 5621
9607 3161 646 3083 3359 3563 3849 2797 4514 3413 4349 4060 757 4935 31 4698 2750 1791 4782 391 1621 5346 5558 5457 5214 4566 5667 5578 6504 5849 6581 5703 6491 6755 6790 6610 1693 6665 6729 6745 6802 6852 6996 7001 6925 7044 7033
9608 595 3315 3663 4140 5846 486
9609 1650 4782 4790 4793 1242 6963 537 2693 3326 3365 6596
9610 5056 1056 2477 2193 1159 1172 3440
9611 3297 3117 2901 1668 5424
9612 2460 32 188 190 465 756 772 905 937 1106 1852 2106 2590 4012 4209 4225 4708 5235 549 1230 3333
9613 2181 3182 3410 1324 939 832
9614 6334 7050 796 2705 6896
9615 973 2110 4335 4374 4378
9616 893 4764 1310 3425 3866 6378
9617 1973 2970 3175 3365 4874
9618 4041 2420 5065 5238 4724 6386 4326
9619 2211 2168 566 1636 2573 4357 4791 5019 5799 6725
9620 5980 1638 2467 2750 486 3976 4350 4777
9621 2852 5176 3627 4054 5524 6507 915 5522 5525
9622 2899 3194 4781 5985 6177 6332 1918 5558
9623 1233 1765 3367 2955 3347 3409 934 830 2956 675
9624 370 3022 2220 4937 3820
9625 1071 3497 2592 2644 3196
9626 2393 2195 2618 3162 303 465 1690 5593 1161
9627 2732 3873 4467 4245 1004 3012 1743 2723 2950 4648 4649 4334 3334 4340 5225 3422 1843 5088 4660 2587 4786 4268 1263 3971 1358 3356 1844 4592
9628 2852 2339 4938 5873 1844 1843
9629 77 496 802 924 1227 1071 1098 954 657
9630 5757 865 2985 3356 5730
9631 4789 1015 2343 3539 3567 4790 1433
9632 2909 3405 1227 4790 4209 465 6029 1920 3071 3813 5362 6313 772 3378 3383 3554 5118 2143 2410 3650 4782 6350 4552 3404 6202 5116
9633 687 4588 6188 2838 5649
9634 1833 2756 1753 3101 3890
9635 2636 5415 458 2242 6323 6309 6387 6851
9636 4429 2467 3278 2460 3243 4052 4885 867 1152 2130 5480 959 994 3263 3406 4839
9637 5345 2006 6267 3758 3779 1233 2460 3957 5979 6762
9638 178 597 3249 4761 6725 1149 3938 2300 2823 4899 3489 2949 1317
9639 3048 3454 4760 245 844 3786 5558
9640 454 1706 2574 4843 6565
9641 257 333 5412 6060 5770 31 1958 2132 4800
9642 1514 994 1909 3733 2460 3080
9643 1004 1712 2906 3687 1347
9644 830 1037 2511 2952 3867 4671 6153 4419 401 972
9645 565 897 738 1490 2806
9646 177 3290 1653 2960 5750 1678 2687 4215 5628 3672
9647 627 2427 2548 391 1791 1798 4441 1296 2212 3931 1922 1392 2906 6416 3342 6105 2094
9648 4395 5070 6106 6301 5856 6109
9649 906 407 498 710 1268 1778 918 3678 3682 4008 4397 567 2519 3184 3222 4394 4746
9650 3050 5097 3214 3173 537
9651 3649 946 163 812 2133 4292 4954 1078 4419
9652 1857 1859 4022 4233 401 538 1559 2838 3405 4272 5241 5334 5932 4842
9653 1586 5615 3194 5002 2168 4281 4315 4551 4778 6157
9654 1848 3866 4201 4418 5423
9655 1343 3338 3030 3339 4638 1708 1709 3263 3347 5668 2024
9656 4681 2073 2649 4696 4052 3388 3364 3734 4473 4777 304 5310
9657 1006 4141 6868 1432 2683 5711 5966 6010
9658 4947 3030 3746 4958 941
9659 492 4148 4182 4689 674 4175
9660 1248 3023 1209 4803 2881
9661 527 1770 2450 1759 1887 5 1154 1211 1424
9662 56 169 239 661 687 669
9663 77 188 248 279 290 436 501 1227 2206 378
9664 1588 1693 1853 3866 5502 5598 6163
9665 5443 5842 5935 1759 1827 60 2678 5250 5535 5689 6283 6535 1842 6298
9666 3162 3340 1037 1225 1844 4697 2804 3179 3656 4213
9667 2450 6375 4283 4760 4963 6675 333 1044 5696 6274
9668 2976 3528 858 1755 1887 2797 3949 6608 4623
9669 595 1759 4689 2184 4551
9670 3054 863 964 1648 1697 2825 3619 3783
9671 177 1712 905 2790 2241 4723 304 2650 4227 6908
9672 6903 6924 6902 7028 6907 6908
9673 3883 5209 3409 1106 437 1644 2160 3247 4340 4769 6241 6260
9674 4610 465 1222 2325 2571 3191 3795 3858 4849 4982 5320 1909 3560 4437 775 777
9675 980 1680 3147 3569 4625
9676 4171 3586 5160 5263 2881 3559 6281 1187 2059 5873 5406
9677 742 924 1432 3180 3957 2970 3761
9678 501 250 409 252 413 198 342 245
9679 1146 3158 1135 2948 3922 4211
9680 207 1227 2768 6497 54 2680 3315
9681 1881 6549 80 830 2031
9682 1345 861 2906 3790 502 5275 177 1530 1786
9683 2093 202 4041 5774 3835 201 939 991
9684 2 179 3515 6887 3831
9685 1056 825 880 713 52
9686 728 3126 3413 3957 4624 4692
9687 2756 939 4089 6722 5342
9688 446 2299 2602 3759 5637 5638
9689 1669 2070 1144 92 583 110 6126
9690 509 2419 2479 3765 750 1741 2284 4751 4814 5172
9691 4278 2 1222 2766 3263 3315 4046 4889 4932 4936 6725 2652 5366 1684 3756 2970 3180
9692 6116 6011 2269 3486 6590
9693 835 2300 3956 830 2592 5376
9694 31 573 4012 763 1374 832 991 50 3084 5417 6410 6522 6576 2881 132 551 5093 6942
9695 2276 1358 602 5041 4723
9696 1242 2279 3333 3768 4040 4117
9697 10 301 307 337 43
9698 5220 5023 2323 780 4870
9699 939 1047 4172 5394 2384 4842 4212
9700 4256 2160 2839 3625 4587 4631 4651
9701 1850 5232 5919 4097 3156
9702 474 2796 3214 3777 4012 4521 1208
9703 1553 2448 597 4578 6475 5442 2775 140 5157 5319 465 6603 1480 1236 6421 2827 3834 3949 5408 995 6053
9704 246 457 1516 420 1450
9705 2532 4862 5345 6099 4305
9706 545 932 1103 6010 6373 5957 3789
9707 178 1432 1940 2111 2397 2511 2572 2990 3292 3828 3855 4055
9708 2692 3964 120 2722 1477 670 3553 3193
9709 1146 1981 2356 3972 4008
9710 1463 3099 6227 1233 6144
9711 563 2691 2850 3201 3858 2111 3860 811 873 1793 4097 3777
9712 3127 3777 4875 1218 1526
9713 2027 4374 4476 5189 5933 11 1875 4052
9714 927 1544 2323 5176 2105 2710 5563 6742
9715 6269 420 5955 6323 6444 6729 6610 6847 6696 6996 7006 6974 6979 3306 6942 6967
9716 191 1530 474 31 4308 5424
9717 580 3779 5563 5825 6713 2232 2702 6932
9718 1847 1655 3929 382 939 3188 545 1537 5385 1538 3786 4956 1479 4935
9719 4079 2660 1534 4412 6044 4797
9720 939 2838 4586 6876 1714 1755 5455
9721 2935 3084 3414 3494 3861 6664 6791 6846 6865 6834
9722 1097 1655 5172 6826 6964
9723 1644 3971 3972 4977 5284 2909
9724 492 1993 1044 2718 2828 2636
9725 177 4723 1544 4781 6243 6271 3758 6580 3351
9726 2147 2194 630 5743 3354
9727 5034 5782 401 1384 4193 5957 5979 4697
9728 948 1402 2060 2842 3905 4782
9729 3931 866 3144 4087 2389 4400
9730 1867 2976 3874 991 2838 2116 4152 5968 6792 4742 5376 6359 4585
9731 52 370 610 2764 3207
9732 1116 917 1858 740 754 1723 3814
9733 201 905 1637 2030 2090 6679
9734 1800 906 1044 106 1690 2014
9735 3515 5720 4605 1233 5130
9736 2535 3448 4578 5443 4803
9737 4199 4844 5157 2460 1106 4028 6532
9738 997 1598 2611 2614 2691 455 1332 245 830 3182 3108 3450 1653 675 4879 1424 4194
9739 991 1398 2718 4949 1820
9740 4554 3758 6040 2032 4064 183 5346 6650 6681 6429
9741 2447 5699 6512 1838 3851 6268 6358 879 1025 3416 3834 4367 5694 6614 545 3159
9742 4408 3203 3701 1032 4103 2129 5720
9743 1226 905 3569 3688 3383 850 3650
9744 177 630 1851 2323 3158 3179 6050 897 972 3984 4923 6487 6613
9745 797 2265 2617 3001 598 2082
9746 4232 4651 5437 6894 6579 6933
9747 927 3414 2452 2548 1655 970 3741 6834 6801
9748 177 1728 3866 4764 5537
9749 1003 1261 125 2426 5882 2460
9750 2159 2790 5856 5942 3382
9751 1107 4578 5062 4902 906
9752 2032 3127 4446 6482 1922 2168 1191
9753 1349 5074 203 3214 4922 5377 5558 1560
9754 4697 5165 245 5469 3586 4628
9755 6583 3278 5168 5756 5875
9756 455 6056 2409 808 3790
9757 742 1544 3515 747 1181 1646 2838 3543 3546 5157
9758 167 2663 3443 4052 3694
9759 1790 6175 2573 4285 2390 939 2382 4028
9760 6298 1470 6572 1627 2168 2273 3957 6067 784 4097
9761 1931 925 2592 4156 4086 1875 6539
9762 973 5167 5717 4067 4496
9763 245 802 1261 1808 2323 3780 26 2231 5411
9764 1435 246 5682 6105 2569 2748
9765 580 2962 2988 4315 5312 5905 6301 6479 6766
9766 6527 6522 6822 6576 6834 6851 6875 6678 6774
9767 3632 1701 3234 3943 4437 201 2460 3294 1935 2300 6277 4967
9768 379 3233 2746 4700 5531
9769 2697 2750 3184 2904 53
9770 954 2792 407 939 2517 864 2827 4696
9771 2985 1971 3342 3982 1453 1328 1329 2920 1432
9772 939 1544 1328 1450 6273
9773 434 627 498 4315 5322 691 2481 1328 546 4680 6415 5191 2666 3277 6799
9774 282 333 1565 1260 1675
9775 1412 3381 1759 2146 4723
9776 3923 3050 3942 4719 5371 975
9777 961 5077 335 4989 1530
9778 1042 710 927 2337 2469 2806 1574
9779 647 3402 2730 4721 1318 3334 1421 498 2850
9780 3143 3156 4608 6242 167 2899 6218 6312 2917 4879 6871 4158 2193 5704 1299 532 1441 3354 4755 4456
9781 2765 2299 4655 1064 6351
9782 1380 2697 5949 1922 2252 139
9783 632 2861 2907 2951 5034 11 830 1107 1228 2665 4894
9784 148 883 1628 2195 3233 4681
9785 1753 1171 1588 2592 2782 3410
9786 856 5118 5046 5027 5028 6400 6979
9787 182 224 239 275 290 337 612
9788 1319 1432 1713 2327 3877
9789 1759 2045 4036 2822 4133
9790 865 1468 3143 4757 5243 4965
9791 1198 1214 2116 2535 2951 3388 4039 5842
9792 409 215 413 470 600 535
9793 177 3466 6931 4008 1824 4918 6004 6141 6605
9794 1304 1759 2669 6331 1755 6 674 745 2133 5735 6028 486 4901 5762 3877
9795 9 164 22 97 525 4039 4976 3060
9796 1070 2908 674 3044 4957
9797 750 177 274 678 595 5756 6585 729 794 1240 2231
9798 715 1848 4840 1871 5886 1665
9799 1047 4996 746 1516 1956 2460 2775 4435 2838
9800 1300 1764 3213 193 448 1621 2881 5263
9801 2249 6129 4742 6506 1981 2095
9802 3761 939 3003 5731 4831
9803 4089 1323 2674 3226 4043 991 5902
9804 2772 1483 5193 5632 6635
9805 5694 1973 4052 6033 6172
9806 486 1898 3825 6612 6634
9807 912 5359 906 3281 2838 352
9808 394 318 1510 1688 1735 3393 2184 1837 2545 3964 4496 4862 2969 3071 3842 4556 4730 4835 3826 778 2598 2683 3790 4375
9809 3356 3981 4588 6201 5790 6634 5920 6391
9810 793 3363 4413 4936 5571 5852 6623
9811 2455 148 3318 3353 4193 2966 6264
9812 3071 3388 1856 1857 737
9813 482 2032 2327 2755 538 2046 3768 4496 5558 1509 2198 4031 5232 5729 5800 5851
9814 318 1538 3201 3413 4214 4422
9815 728 743 4110 5510 6589 401 2383 3723 4502 4628 5126 6135 6841
9816 880 61 6179 4589 6471
9817 2450 2723 24 486 6554 3348 5638
9818 459 6635 6863 6789 6965 6961
9819 2966 1459 3025 2889 1462
9820 1106 830 687 5349 5775
9821 1670 835 3183 4627 724 5057 5656
9822 1138 3456 987 1221 1844 2946
9823 906 1392 3077 2027 2669
9824 3951 3403 274 798 833 4077 947 5491 5849
9825 1644 4552 6779 78 4775 3666
9826 573 2209 5224 1202 5413 6526
9827 880 3065 3396 4696 1842
9828 1997 693 4539 4935 5388 6221
9829 445 567 2602 3370 3412 3938 4156 4626 6283 6569
9830 203 567 974 4752 5573 5877 5730 486 2723 1544 675 3241
9831 2386 939 1023 1844 2032 3295
9832 675 939 2096 2253 6302 6842
9833 5902 5717 6511 1721 4078 6641
9834 1299 2369 3220 772 2221 2981 5118
9835 812 1450 3845 5600 5708
9836 583 797 2383 4144 6471
9837 1107 1152 1892 2654 3147
9838 2380 2962 3077 1480 3414 3343
9839 2323 331 1323 1568 3929 80 482 837 1015 1852 2566 2732 3030 3182 3410 3560
9840 3813 6160 1302 1447 759 3216 6081 5466
9841 610 2647 5099 80 4105 6431
9842 1179 633 782 2898 3244 3286 6198 1544 738 893 2692 4374 5803 282 647 1633 2904 1283 1509 2838 5485 6684
9843 250 273 299 51 228 10 76 97 286 290 304
9844 2742 5313 4595 4851 3012 1118 4254 4318 6127 2213 1729 6698
9845 3676 2750 420 3598 5213
9846 5118 701 2970 6547 1192 5362
9847 2987 939 1188 1088 3035
9848 1240 2327 2920 4814 5985 3141
9849 420 998 1438 1887 1987 2116 3840 3931 4351 4355 4848 4912 4942 5376 5692
9850 43 126 127 250 275 290 56 64
9851 1239 1588 5294 939 2109 2369
9852 2314 3450 5191 6129 6383
9853 3011 5405 5414 15 5895 78 2951 5312 6314 6932
9854 318 606 2323 2513 4469 201 6268 6583
9855 2115 1149 3143 3572 5595 5818 2592 6323 1711 2032 6386 3410 3409 1327 3182 3356 4625 3263
9856 587 54 58 304 1043 4288 641 2323 595 5414 3453 5946 6824
9857 482 2323 2951 4008 4618 4941 5939
9858 669 1618 1863 1653 1981
9859 5121 3214 1070 812 2394 2978 3479
9860 4631 4947 4958 4984 5940 6026 6491
9861 1494 321 2193 2952 3770 5619 6370
9862 5479 1493 2412 4089 5491 6292
9863 5101 1847 713 1875 3030 6005 465 939 2901
9864 659 840 1762 3183 3600 4117
9865 756 3176 2181 675 1580 4439
9866 84 832 917 2710 3663 4727 6395
9867 755 962 3213 1588 2661 5151 648 1192 2662 4117 4948 5118 3060
9868 1373 2146 2517 2750 3012
9869 366 1187 1242 1887 3149 4268
9870 2831 5469 3620 401 4300
9871 888 5760 3100 4028 3659
9872 1393 968 1450 15 2299
9873 1232 1931 3193 4597 5816
9874 939 5583 140 2323 2369 2587 2715 2917 3600 3663 4082 4097 5164
9875 880 1975 2201 3314 4446 2723 4212 5263
9876 991 1047 2380 11 352 1815 3343 5864 6290 6626
9877 5331 675 2160 2168 2962 2052 4573 6377 3657 5106
9878 2750 90 4109 1015 6825
9879 5528 6279 6479 4279 6156
9880 579 1034 6661 849 5834
9881 6575 140 303 845 2678 3060 3118 4760 6592
9882 954 1071 2666 3012 2608 3814 5231 6005 3047 6292 918 1440 1483 2951 3279 5378 5814 2 3457 5216 6236 6978 675 3515 3929 5720 6136 6476 486 4628
9883 1539 1100 1793 2193 2294 2323 3300 4696
9884 4031 5309 5763 6385 5362
9885 991 2636 3070 3600 5432
9886 3881 3715 5264 3516 4388
9887 4873 185 1015 3758 3860
9888 1078 1069 2023 1874 4912 2758
9889 1956 545 1198 1844 1959 2535 2792 3359 3410 3569 3615 3950 4335
9890 998 1438 1544 3236 2327 3001 2920 1759 4496
9891 2024 2252 2718 4388 5083 5408 6593 1638 917 2892 4689
9892 3676 4179 5787 6822 6117 6576 6957 6978 7024
9893 1373 3554 4540 5138 5929 2740 4008 4311 6393 6512 2090 4292 4403 5638 5 3822 3845 3862 4820 5697 6209 6273 6279 6873
9894 2168 5462 3090 88 537 5820
9895 1838 6030 6806 797 2247
9896 813 527 1499 904 1522 1298
9897 3162 633 2183 3339 420 5755
9898 1412 2907 3281 4771 5317
9899 5220 4008 4861 2709 401 835 1887 2435 1200 4643 4789 5703
9900 508 1952 4008 4349 646 1544
9901 4149 6253 1071 2796 6344
9902 956 2211 2460 4193 5558
9903 3586 4113 4901 5642 5638
9904 5743 797 830 833 2838 4727 6449
9905 3059 179 2765 2861 3848
9906 1757 1712 1977 2277 2621 3584 4886 4887 4935
9907 2593 3783 1681 3149 6885
9908 595 1588 2284 2912 5456 6645
9909 1407 3148 3449 2007 456 537 670 2995 3295 5800 359 420 1887 3059
9910 2907 4360 3874 4510 1622 5873 4759 1987 2115 2539 5690 2323
9911 3263 5966 713 4935 6029
9912 3513 196 907 4055 4353 4908
9913 458 622 185 199 11
9914 1263 3867 6059 383 1752
9915 1003 1432 1831 2838 1890
9916 4241 95 6011 5376 6170
9917 3896 4040 4102 4193 4482 5003 5648 5650 6120 6388 3508 3964 7048 6292 382 6234
9918 1202 452 917 1432 1532 4939 6217 6731
9919 1058 2106 2327 960 82
9920 2106 2833 6173 2168 2714 4154 6292 3855 1563 4367 2565 6209
9921 401 1707 3237 3353 5964 849 2628 2813 4922 2598 2756 3291 2340 2432
9922 1221 2976 3263 4640 5791 2988 2300 3030 6302 2241 5312 5366
9923 1037 1432 3517 1262 2193 3964 4449 4689 3548 5721
9924 3365 31 2262 2770 3803 1358 6219
9925 2141 304 849 3631 3698
9926 1911 2183 2756 2760 4748 5479 6267 6574 4022
9927 1530 2644 2909 4598 5391 594
9928 768 4059 1815 5246 6047
9929 580 2952 4121 5118 6490
9930 3515 554 1622 4159 769 1752 2722 4101 5537 6887 4940
9931 5128 991 5239 2004 5412
9932 88 2032 3280 4209 2369 3060 2533 3173 4878 5030 5070 5703 6126
9933 4446 4447 4448 1070 3442 2329
9934 487 444 2832 3245 3298 5085 246 4734
9935 772 1867 3143 4823 5015 5379 6809 177 6096 6594 6653 674 991 1755
9936 3309 3734 1440 4447 5311 5979 6311 3877 1887 2598 6204 6298 6868
9937 304 1262 4351 4905 5809
9938 907 4152 4154 707 747 1957 3180 3585 4144 4153 1172 5215
9939 1514 333 1018 2436 2197 1821 3219 3347 1227 2190 304 1588 1698 1835 4015 4901
9940 459 352 939 1179 1233 3675 4333 70 78 1037 1697 2861
9941 2178 3187 2093 3404 3469 6166 5368
9942 383 389 772 906 939 1145 1432 2259
9943 13 3 171 222 10 49 148
9944 1779 2295 3144 3643 4374
9945 2678 2666 4212 1981 5310
9946 379 761 1588 2861 3866
9947 3352 537 3676 4862 3059 2220 5380 5377
9948 330 1263 624 939 1544 2644 3091 1295 1808 80 11 3507 5849 675 5904 3388 4672 1201 3365 5850 5334 1831 537 4374
9949 4478 5412 4573 3871 1888 102 3311 5449 6454 6720 2460 2485 4381 5598 1688 1755 4995
9950 465 2031 3834 4827 4831 5003
9951 625 2976 4956 80 3586 4611
9952 647 917 3365 4008 4012 4198 4209 4674 5135 5882
9953 6539 1728 3142 5558 6177 6407
9954 4171 5755 6135 6658 4691 6076
9955 3023 5480 6876 6965 6986
9956 782 1135 2242 5979 6079 145 580 1909 3566
9957 3356 3357 3756 4418 3518 1814
9958 492 10 553 226 969 1032
9959 1808 4008 4028 5283 5345
9960 177 4980 226 2323 2876
9961 598 454 770 1233 1867 2231 3758 4697 5100
9962 4374 3504 5114 3289 3941
9963 1703 3460 482 1471 2510 4230 4392
9964 3240 4472 4663 5408 6245
9965 4618 73 3182 3339 3410 3866 2020 5437
9966 379 696 498 337 840 4012
9967 5537 1044 3877 1226 5009 3359 154 1957 1987 2636 5630 3413 832 4624 4628
9968 68 148 527 897 998 1071 1323 1405 1713 1741 2112 2232 2327 2666 2672 2677 2976 3998 4730 5138 2369 2970 54 3506 4266 4643 4646 5958
9969 3813 3894 6438 6492 6642
9970 710 773 1432 2327 3027 486 426 6051
9971 23 167 289 103 181 309
9972 84 410 926 2415 3524 5980 958 809 52 3813 3291 3580 114
9973 148 183 208 251 312 3278 1530 4376
9974 3051 955 1071 2962 4705 5759 1789 1966 3698 4092 5304 6701 1212 2333 2455 5993 122 134 257 5884 2013
9975 1494 2249 2369 2384 2883 4841
9976 459 4285 1319 1628 5847 6323 5878 6367 5849 6353 6706 6827 6815 6696 6812 6876 6875 6912 6965 6733 6908 6979 6980 6996 6901 7014
9977 1060 1499 1951 3203 2958 1799 779 1428 2288 2162 1898 3695 5375
9978 1071 1238 1762 54 1982 2482 6537 6632 1881 2021 4690 1513 3621
9979 6217 6565 6291 2240 5905 634 1813 6320
9980 1956 848 1233 2027 2450 3520 4453 5026 5299 5347 6271 3964
9981 5760 188 1146 1791 2455 3191 3971 4503
9982 3680 6648 958 1428 3356 5492 5760 2369 3330 4710 6001
9983 188 1338 1696 3339 2956
9984 6396 2323 4008 2675 4394 5458 6467 949 1827 3030 4766 6720 6792
9985 849 1820 3383 3695 6298 597 2990 4712
9986 90 710 876 1303 1195
9987 379 2026 3968 2460 1115 4374 595 3410 3001 780 4534 5567 3499 4277 722 1981 3039 2561 4260 4937 6360
9988 6660 757 939 1588 6305
9989 4059 1701 1309 1956 4089 486 3226 5138 196 746 3375 5796 3842 4120 5085 3861 5827 1740 1915 5303 6506 546 1450 2369 5093 6336 3554 4797 516 1665
9990 57 23 206 301 247 342 222
9991 2520 4312 5949 4700 2360
9992 10 270 251 351 433
9993 3536 1914 73 267 2669
9994 4535 6095 321 2761 3521 3809 5432
9995 1755 2327 3334 4011 3941 4305
9996 226 288 685 1556 499 694 918
9997 659 1438 3874 6141 7029
9998 3143 6382 4272 3356 6402
9999 80 120 367 304 429
10000 304 3450 2288 3360 2282 4573
10001 2842 4715 2531 4692 5937 1244 2105 4518 5894
10002 304 1202 1373 2857 4628
10003 447 602 1246 627 1896
10004 973 3883 5195 1789 2988 5221
10005 157 2848 4362 810 2430 3003 3007
10006 109 2212 5543 6323 6412 4488 6593 6573 6664 6522 6790 6863 5408 6789 1323 1516 2323 5598 6860 2512 6965 3124 6986 7009 6715 6917 6874 6877 6940
10007 1815 35 996 3339 3809 545 1044 1200
10008 101 4589 1283 1392 2195 4212 854
10009 1351 2535 3060 4224 5634
10010 2130 178 2748 3716 3821 4318
10011 1015 2323 3929 1298 4708
10012 1796 323 4594 4596 5174
10013 2515 907 2961 3048 3559 2288
10014 5879 6790 6901 7029 7020
10015 1432 1834 2369 2693 3370
10016 3761 830 1827 4376 5020 5076 455 1921 1922 2106 3401 6135 1740 4365 4889 5022 917 4843
10017 2090 742 3918 3211 797 141 6238 174 626 3470 3891
10018 2166 595 862 5671 4359
10019 2460 840 1219 1563 3226 98 2471 4506 6742
10020 1071 3065 609 625 2750 1499 2249
10021 1855 2435 715 1194 1236 2123 1621
10022 84 178 1106 1975 2004 2708 3795 193 3123 683 4597
10023 5395 1433 2342 2897 3327 4269
10024 514 3957 4496 4992 5261 5538 611
10025 772 1106 1090 2288 2075
10026 432 185 442 492 691 1463 2242 1768 2072 2535 4901 3411 4922
10027 1494 2460 185 4697 4268
10028 517 828 254 4099 303
10029 1432 4727 468 2323 917
10030 772 3144 5177 203 1867
10031 534 1815 24 4392 4842
10032 321 531 1068 2020 4210 4354 329 2756 3410 1544
10033 939 1047 2032 2301 3877 4097 1010 2535 4648 5483 5703
10034 3931 1759 379 742 1214 3557 492 1058 2300 1057 1047 3022 1079 1647 4257 2838 3059 5800 1232 1791 2476 3716 5160 6170 4407 1097 4972 1773 3140 3695 1000 3032 6719 5791 6926
10035 1741 1852 3030 4276 4856 660 6588
10036 554 2723 4908 5160 5695 6461
10037 2625 2696 2636 3245 334 1608 2266 1844
10038 1149 1998 2147 3929 4117 4419 5442
10039 1381 469 2327 2530 364
10040 321 2592 2962 3695 4701 4920 4958
10041 459 2242 2212 3493 3886 5376 5196 6416 7028 6999
10042 1740 498 4664 4976 5085 5537
10043 627 687 832 1438 2983 4697 5361 3369
10044 1529 3026 1438 2143 73
10045 2232 379 2130 1759 1486 1959 4404 4335 6215
10046 2858 6904 6788 1063 5074 6812 7006
10047 108 4340 5283 5284 6018 5033 6931
10048 3072 2618 3001 884 2072 53 2824
10049 4436 3928 4008 5721 5422 4901 2000
10050 1632 2032 4193 5072 6643 3783 5942 546
10051 4284 5164 5627 5 2976
10052 2674 3543 5619 1187 3060 3252 5781 5987 537 5385
10053 6226 6791 6610 5550 6789 6890 6907 6976 7025 6969 6998 6999 6772 3372 4607 6507 934 6177 7039
10054 2877 3871 4173 4781 321 4381 5138 6200 6991
10055 2288 2344 2394 3022 3310
10056 1047 3957 1526 3632 577 2944 2493 349 1393
10057 2193 775 109 459 2242 5417 5812 5415 5787 5889 5543 1734 845 1244 4742 6363 304 6254 6421 5878 2031 6745 2678 6117 6784 6914 4935 6907 6976 5489 6975 6974 7018 6437 6969 6998
10058 3409 4324 2020 2765 1899 3397 3410 4732 4603 2956 6242
10059 2857 4254 2596 54 715
10060 2351 5472 1526 6396 5519 5666 6332 488 1855 5422 6031 522 2652 5997 6294
10061 2721 2827 3457 4267 5427
10062 1217 1242 1427 1630 2122 3521
10063 346 400 603 627 982 2276 796 1373
10064 2556 1308 2018 2481 4089 4272 5989 6129
10065 74 102 1438 1959 3013 5706 4488
10066 320 1135 1200 1612 1887 3183 3396 3964 4856 4860 5530 6129 6418 379 5400 4116 4582 6044 6706
10067 56 465 362 32 98 308 670 1059 1516 1224 1006
10068 177 249 551 4439 5756
10069 1063 2501 3061 1958 2995 4193 1711 2582 4842 4708 5072 5756 1048
10070 4053 304 514 3405 5339 5386 1898
10071 10 188 429 1070 602 1003
10072 429 924 1998 1803 3119 1338 120 459 1056 5284 1791 5056 458 2242 1595 2053 6412 6706 6651 6611 6853 6733 1003 6717 6994 7017 7040 1209 2433 2813 245 1887
10073 912 1275 3409 3546 3548 3812 4950 2743
10074 2195 3614 2369 3649 2599
10075 1406 2820 2836 2894 3258 3440
10076 2669 5059 1017 1041 1537 2415 3611 3636 3933 4422 906 3244 5983 88 1135
10077 1258 1316 2146 3783 4587 4947
10078 735 5757 2109 2970 2985 3106 3189 3226 4786 4695 5293
10079 116 172 181 314 337
10080 2323 5598 2897 2899 2797 792 1323 465 2692 3851 1636 2106 939 563 2829 2840 4008 6579 3655 5437 5438 6345 3343 148 3783 4950 610
10081 2027 1044 4209 2799 1380 3663 1042 2193 6169 4840
10082 4905 4722 4757 458 2242 5976 5836 4188 6314 6766 6889 6890 6988 6999
10083 917 1435 2569 3929 3931 5782 5602
10084 4008 1897 4442 1015 5830 80 5610 5033 6372
10085 874 2981 2357 810 5481
10086 11 246 939 973 3563 4069
10087 3960 185 808 3562 5987 1740 4212 751
10088 1056 530 1588 1731 1897 1957 2032 2460 2756 2839 4631 4853 5143 5558 1149 122 1838 2161 2946 3964 4292 4382 4765 4935 5634
10089 4035 4067 5266 5814 4008
10090 420 607 675 1887 4691
10091 2574 914 2030 2327 1285 1299 4712
10092 2460 2725 2812 2814 3214 6909
10093 1336 1759 2115 3263 5844 6539
10094 972 1017 4909 5812 5886 6440 6545
10095 142 43 304 477 303
10096 432 1980 3027 334 772 1844 1262 2452 2052 1025 1114 2840 1298 897 2904 5558
10097 905 2858 3923 3928 5951
10098 1637 1808 5812 3515 917 3957 1263 6166
10099 4232 3694 5976 6507 6836
10100 1985 2454 2407 1972 1433 2073
10101 3652 1927 1074 1342 2127
10102 3923 1368 2147 3100 1625
10103 4154 4403 880 5525 1836 5667 5581 3022 6264
10104 2636 1804 1358 1509 2118 1246 1406 1226 3047 1298 5177 2036 4026 4922 5271 7050 6607 5863 3654
10105 465 673 728 939 1071 1293 1713 1889 2387 2477 2519 2766 3078 3183 3440 3560 3795 3929 3957 4022 4567 4664 5406 2323 3601
10106 3083 3414 3413 6665 5876 6523 6959
10107 1106 1486 1488 1597 2220 779
10108 424 874 3191 2323 3758 5537 6448
10109 440 696 1644 4743 3356 3605
10110 4728 4814 4815 627 4097
10111 710 3947 3950 3957 4347 4446 4589 4724 516 2879 2184 4285 2689 6160
10112 179 4842 5547 5548 6597
10113 373 2460 5319 5757 5442
10114 379 332 656 97 658
10115 1973 1211 2692 3738 5986
10116 3132 4605 1633 2976 3965 5465
10117 437 1100 1313 1706 2592 3277 3359 3412 3589 5224
10118 1161 1544 1987 2478 2681 2952 3026
10119 177 630 2323 2020 304 2956 185 633 1242 1887 1329
10120 2756 3929 3214 1248 1427 2732
10121 1159 1197 1887 2573 3845
10122 812 970 815 1073 3297 2214 3010 780 5917
10123 2572 772 1937 832 1078
10124 568 998 1106 2535 3294
10125 2450 6438 3554 2193 1935 3194 3174 972
10126 1035 2879 3949 1765 3453 6711
10127 1849 2952 5148 3433 2364
10128 2577 2669 3410 3957 486 2909
10129 1146 420 1071 1469 1712 1987 2609 3696 972 938
10130 1078 1857 5437 4311 5252 6253 1428 2193 3184 5527
10131 31 1573 2327 4097 4156 4446
10132 204 281 324 167 247 404 458 148 418 1948
10133 6624 6695 4496 4965 6844
10134 2775 974 5157 3365 3630
10135 610 2132 2138 5922 6075 4840
10136 2718 2860 627 3133 1154 1700 1204 4318 264 84 352 353 454 455 517 1103 1720 3448 932 1146
10137 2827 3249 5176 2710 3663 3976 6595 498 830 6148
10138 25 2375 3216 352 716 5638 5710 6180 188
10139 4683 5443 3959 5259 3869
10140 1309 1378 2300 3858 4406 5479 5979 2369 1844
10141 1327 4617 1595 2922 3990 3891
10142 564 1149 3215 3535 1044 797 1505 1736 420
10143 1880 4658 3194 3604 5334 6114
10144 1588 2841 3814 2765 1821 1263 6401 3764
10145 2032 2531 2669 2888 1628 3633 3005 3593
10146 1440 5647 368 2168 691 1097 1887
10147 1132 553 802 1064 927 690 728 1135 2420 3931 5610 6703
10148 32 579 201 1714 5512
10149 1262 1179 2196 4495 1412
10150 3813 4520 5376 46 6373
10151 1373 1824 6512 2569 5433 1483 1728 1851 3562 1078 1424 4089
10152 1470 3051 4250 4705 4552
10153 3410 3625 4631 4867 5583 3030
10154 1359 793 1480 2927 3730 3891
10155 976 1309 2375 3180 3220 4640 4874 6278 5495
10156 2574 2197 238 3739 3073 1810 1887 3320 70 1046 3805 2921 603
10157 304 2360 3050 346 1283 4870
10158 3663 4049 5473 5510 5163 4663
10159 2549 1544 5618 1233 3549
10160 258 1077 1450 3658 5401 5870 4572 3921
10161 2740 2129 3183 3184 4257
10162 1334 813 761 185 2271
10163 2115 4492 2936 5232 3810 4058
10164 2488 1025 4936 1594 2838
10165 2115 3824 4012 4941 2290 24 514 1921
10166 4879 772 1735 5266 2599 698 1432 3899 4376 4948 6100 29 2023
10167 939 2146 4100 4873 5360 4551 2666
10168 4988 5392 188 2517 6507 5210 611 682 554 2824 5408
10169 58 474 6766 6889 6890 6969
10170 2470 5785 185 4133 5422
10171 379 1159 4176 5347 6108 6586
10172 1233 4028 5399 976 2294 4901
10173 460 1435 923 1047 1359 575
10174 1951 1946 4627 5021 5312 5368 3377 2474 5457
10175 2032 2377 3602 4198 5419
10176 84 43 75 77 83 88 188 231 186 109 239 304 290 291 81 51 104 32 105 65 329 120
10177 1964 2383 2387 2946 2968 3957 1432 3515 1943 5258
10178 527 680 1109 1815 534 2535 4664 4016
10179 2193 2976 3929 5952 6174 954 2323 3742 4335
10180 401 1515 1833 2744 3008 149
10181 5386 6418 1791 4535 5193 5203 5389 5995 3270 6682
10182 812 1935 2031 5248 6929
10183 566 6802 6733 6997 6801 6877
10184 4796 2096 1898 6156 6793
10185 907 3144 3365 2696 3059 1720 1531 5111
10186 3158 1666 4894 2861 5713 1927 1839
10187 3978 4642 4644 4646 6506
10188 1925 203 1047 2140 3374 3560 4089 4696
10189 2460 4147 5187 6167 6295 6321 6888
10190 682 1021 1804 3370 4780 6472
10191 2441 3143 3929 5332 5610 6222
10192 3932 5114 1362 1844 3891 6993
10193 3650 772 2962 3410 4796 184 2765 2604
10194 3468 648 813 3673 4842 3038 3409
10195 85 595 1792 2362 939 2560 1339
10196 9 103 222 460 86 341 248 377 600 300
10197 850 1814 2851 4724 4734
10198 25 3790 4206 525 3977
10199 554 2802 1383 3019 1044
10200 3874 3263 6106 2504 6852
10201 537 2460 3244 5694 5905
10202 1357 2765 2036 2142 1107 5901
10203 674 2952 3929 6135 6402
10204 1047 1998 1736 3194 6806
10205 695 3263 4334 6515 5953 401
10206 906 1844 4460 4362 895 3597 3950 1688 4496 4750 5535
10207 2061 5138 5570 6148 6555
10208 203 6348 1047 4173 5829 1432 4097 4750
10209 1071 1923 5019 5155 6766
10210 3677 3679 5782 2300 3143 5666 1424 3676
10211 1047 907 832 4590 4689
10212 939 2808 4537 5050 5472
10213 2676 4089 4844 5537 6107 6931
10214 1044 2587 3372 6211 6213 6214 6225 6517 6518 6520 6549 972 5086 5087 4239 6780
10215 2885 3261 4631 4808 4853 3323 5508
10216 3070 4152 4730 4782 5872
10217 906 757 2640 939 2946 4101 1480 3877 6049 535 1432 1887 5845 304 713 3410 3753 4097 4229 4587 4743 5075 6345 4156 5221 3394
10218 1137 2592 4232 1184 6249 1755 3795 775 1147 6161
10219 482 1298 4311 4337 641 491 654 6834
10220 1058 1867 1122 3914 4691 4889 5131 5419 5537
10221 3824 6282 3012 3278 4438 527 3175 4543
10222 177 492 906 1591 891 3513 5580
10223 2935 5849 6791 6387 6893 6117 4578 3669 4194
10224 465 381 382 3598 3069 6434
10225 1064 1714 1066 797 1047 410 1215 2479 2649 4928 4842
10226 3758 1468 896 3234 3897 3448 3519
10227 487 1759 1795 850 2288 2578 4495 3375
10228 1063 1689 1739 1991 2480 2253 1651 2573 2867 2981
10229 2526 4008 1516 4193 3877 5112 1831
10230 90 1036 400 3272 465 1306
10231 3234 6135 2168 917 1063
10232 486 1633 1637 3047 3343 5344 5723 6079 6117 6848 261 2024 3064 3263 5356 6775 533 927
10233 4930 4999 897 713 5666
10234 596 3050 67 1232 1293 1592 1625 2211 2408 2479 2663 2845 2951 3094 2300 3530
10235 627 54 127 915 495 580 906 927 1106 3194 3548 4519 4594 2352 2925 6342 6425
10236 6394 595 670 1836 2988 5877 728 3919
10237 757 1135 3158 4318 4117 5720 3516 203
10238 1987 887 1106 1149 3755 3929 1392
10239 337 304 440 958 985
10240 6422 647 3903 5256 304 5598 2323 2352 3923 1242
10241 434 527 2281 3278 5116
10242 1106 2434 2460 2750 2080 939 3086 1730 1759 2276 3589 2533 3508
10243 3467 80 927 4055 5905 6283
10244 1848 2659 1178 1870 4274 6504
10245 1423 768 512 3776 283 4965
10246 2002 563 3515 2581 4285
10247 1056 4578 246 2300 6331 7047 2474
10248 1530 5757 31 661 2598
10249 4083 5615 5617 3099 5962
10250 962 628 2693 2694 2696 272 3230 4323 2999 4419 5269
10251 169 204 80 150 222 295
10252 2479 1740 2010 3022 1862
10253 3579 1904 3066 5456 5596
10254 2477 917 1057 2258 4374 2196 4253 5050 5324 3930
10255 1097 3524 4452 1714 3239 4912 3072
10256 661 830 880 1321 1438 2784 4664
10257 3193 4275 2168 2663 3324
10258 3931 1064 1071 4886 1117 962
10259 709 2072 2295 4648 4365 6375 2880 3220 3964 4097 3078 3877 2838 3957 3351
10260 5522 566 5530 794 5253 4205
10261 1057 996 2264 1763 5220 5597 3359 837
10262 3410 4045 3409 3625 4186
10263 4606 6410 845 4228 1318 4689 2616 5389
10264 3064 4689 915 2168 2945 2952 226 5522 6203 1012 2116 2951 4711 1621 3668
10265 346 1848 2094 5378 5495 5962 6179
10266 176 57 66 164 178 77 1591 627 459 1791 1227 6078 2242 5508 6536 3342 6772 6994
10267 80 636 906 1902 3197
10268 3768 991 6428 5491 5775 6264
10269 188 3143 3342 1701 5814 3351
10270 3343 1025 3635 3342 1258
10271 2650 3184 1904 3586 6583
10272 2572 5583 606 1808 1853 3556 5495 2908 530 3263 4387 6825 6268 3520 1518 1759 1833 2545 73 458 1507 2730 4404 5812 6826 1047 1057 6716 2881 1044 514 498 516 5638 46
10273 5667 5782 6357 5560 5345
10274 423 1504 1155 1385 2732 4097
10275 18 781 1591 4156 5756
10276 2193 5414 5851 454 840 1740 2718 2976 3949 3658 1242 1432 2122 3226 3822 5979 6822
10277 113 165 3987 3397 784 1193 1328 3420
10278 283 1233 1308 1987 2452 2669 3721 929 2598 3294 3758 5052 5056 5456 5730 6710 6708 3672
10279 1655 3676 1432 1047 830
10280 3343 1480 3932 1283 1863 2193
10281 181 289 1227 30 118 429
10282 313 3409 5809 1588 2977 4013 5873
10283 6577 5494 6306 1257 1802
10284 4696 4312 3728 3554 715
10285 509 1333 2415 2651 1712
10286 924 1334 1474 772 1300 2693
10287 977 2460 5756 1679 1865 574 603
10288 1261 514 3151 4624 4330 300 486
10289 2693 1428 3321 2319 3370 3613 393 627 3377 410 2931 1364 4643 1871 5215
10290 2794 3030 3783 4931 4983
10291 2535 226 304 797 2414 3315 4566 4697
10292 709 3871 1923 5312 6826 1138
10293 174 3173 5787 645 5720
10294 1867 514 5491 4712 4842 6706
10295 1044 1550 1627 3277 4193 5432
10296 43 154 155 460 554
10297 1325 1744 1599 1432 1217
10298 742 972 1044 2452 2838 5537
10299 3373 897 88 674 2365 2724 3572 4055 5775 5931 641 830 1867 338 1423 3362 3554 1887 5288 6088 6297 1881 6548 445 2880 124 715 3184 3973 4036 6168 3357 3360 3361 3363 4623 5250 6704 6706 6751 569 6473 3594 4581 4637
10300 4349 5015 3515 4335 6028 3263
10301 3184 1329 837 2970 4198
10302 3495 2888 3239 370 2041 4891
10303 1807 352 3381 52 2231 454
10304 4444 1701 2246 364 3059 3118 3251 4052 5082 2383
10305 63 84 43 199 218 4 1891 474
10306 6364 5070 3409 4587 6864 6816 6893 6733 6890 6908 6976
10307 915 3694 617 52 110 152 1337 1402 2210 3608
10308 5886 1309 1588 5462 6426 939 1422 2693 3614 6088 6100 6728
10309 554 924 1789 1924 2299 2383 2387
10310 546 976 2724 6617 5310 5656
10311 6657 6004 2341 6723 795 2775 4667 5437 7050 335 4689 4863 15 3845
10312 4008 1848 2897 3627 4793 917 1009 1263 1780 3922 4889 842 1755 5666 474 1044 2126 2715 3610
10313 801 1598 1865 591 2759
10314 3167 3795 469 4513 2999 4260 1499 3496 5177 2128 979 1239 5310 4518 4564 5994 1233 2839 2168 4925 1875
10315 1734 3153 3603 4965 775 2193
10316 991 2555 3386 1861 2509 797 1733 2398 3690 4573 615 3813 3005 4576 4680
10317 772 3030 3655 4008 6177 2569 6523
10318 1856 3592 1201 4212 4471 1497
10319 1146 2242 3867 4008 6179 6339 3233
10320 2689 3803 1432 4145 3210 5340
10321 3362 3723 3957 3361 4628 6338 1749 2452 2545
10322 2810 726 6364 675 976 6086 3294
10323 73 245 313 458 482 1672 1914 2032 2450 2479 2760 2761 3342 3343 3515 3520 3521 3867 4008 4383 5024 5863 5976 6900 203 1507 1935 4378 5390 5555 4376 6720 742 6497
10324 1236 3898 3453 3929 5255
10325 972 2027 4219 5615 5641
10326 177 2323 5371 474 1047 1071 1544 1653 2076 2146 2863 2946 3211 3530 3796 4304 4627 3022 222 880 1789 5413 830 567 4947 4889 4739 401 3810 2235 4654
10327 284 777 3405 4902 80 90 883 1598 2541 2906 3012 3851
10328 5182 835 1588 1791 1887 2412 3434 6359 6706 845 4750
10329 177 5336 3761 4376 2435
10330 461 342 64 610 1153
10331 304 2838 3394 4646 5706 5873 6544
10332 3068 1329 1760 2502 3069 3975 1530 3347 3624 4805
10333 820 2848 3356 524 4712
10334 1233 1432 2327 6524 2417 4907 3022 5839 6135
10335 1756 3144 512 1791 2838 3361 5739 6379 832 3362 4832
10336 598 917 1107 1471 2123 2892 4737 4889 6029
10337 1380 2097 3995 192 2017 3354 6298 6506
10338 2061 2478 2485 755 454 641 924 998 2032 3294 5054 498
10339 137 1469 745 1986 323 1428 2141 2265 2271 2521 54
10340 31 146 690 1037 1191 1511 2202
10341 1107 906 3362 4011 3363
10342 620 627 762 1005 1822 3244
10343 1178 4842 4419 5843 4976
10344 798 863 1122 1235 1254 3245 3479 1178 603 1003 1084 3984 880 2517 714 797 1207 1298 3400
10345 2384 235 1633 1844 3858 3105
10346 575 832 906 627 2433
10347 956 1837 566 1198 2469 3541 3928 675 4193 3075 185 4542
10348 754 3390 2277 4044 5498 3977
10349 1588 1713 801 3379 1036
10350 1867 4583 6582 687 4878 4930 472 1416 3184 3607 6478
10351 1526 646 842 1015 1135 3012 3121 3244 3560 3867 5275
10352 972 2339 4085 5412 2968 3839 4955
10353 95 1521 5124 849 954 1047 1530 2184 2460 2517 2981 3834 840 934 2659 3263 3401 3537 3809 4275 4659 3184 1428 4647 850 5134 370 2073 4625 797 2650 1358 5118 2851 3981 1934 5288 832 1094 4646 4642 4573 4901 2235 516 627 1122
10354 5759 1078 5638 1981 3921 5413 6526 6610 2195
10355 3309 6605 196 997 1233 6179
10356 188 1544 939 917 1116 2168 5140 5979 5232
10357 1720 2299 2776 516 2430 5232
10358 254 857 454 839 1082 1417 1653 1814 6799 304
10359 73 3593 99 4605 2193
10360 188 224 457 460 554
10361 279 5376 828 1588 4031 5146
10362 3628 3796 4337 4689 5456 5946 2572 4285 1690 3012 6500
10363 5256 1852 1011 1454 6868
10364 1438 3987 4628 3278 3761 11 3374 3375 3363 4543 5855 670 5990 6158
10365 1044 830 3988 4034 4659 5007 3998 1484 2249 3874
10366 939 3141 754 2265 4205
10367 1047 3214 5157 177 1214 2460 2804 2976 3866 5782 3413 6653
10368 2963 3392 3524 6583 4900
10369 1283 1440 561 1432 4097 6753 603
10370 927 1107 3178 4491 2962
10371 2951 282 782 4164 4553 2474 2606 1711 4013 3659 5760 3060 3319
10372 939 1161 2439 2669 2726 3144 4159 4901 5183 6071 6144
10373 1438 3278 3400 5041 5765
10374 4798 3467 5242 100 2513 5357 6117 6823
10375 939 2896 797 4242 1204 5619 4370 972 2851
10376 1804 5433 545 1759 1887 1973 1987 1044 2758 797 1627 2090 3964 5774 1621 498 4446 6282
10377 379 3448 6828 1154 5592 1309 6253 6490 6656
10378 207 366 1432 31 662 2430 46
10379 4750 1647 5598 736 5093 5519 6289 356 6493
10380 437 2460 490 3030 3856 3892 5764
10381 5373 3590 4070 2823 1457
10382 304 401 420 482 1791 1982 2838 2920 4008 4419
10383 444 597 671 1323 1428 1498 1628 1862 2732 2936 5407 177 203 1263 1347 2765 1298 1844 3214 4339 5406 46 640 1868 1966 1088 830 1032 5211 6476
10384 4578 5157 5615 2342 4229 4965 6429
10385 1505 2569 1927 2001 2116 5118 866 6556 6479
10386 1573 3180 3765 4062 2758 4696 4603
10387 1973 835 939 991 1329 1432 3278 2380 4215 5097
10388 633 1793 1828 3060 3761 5224 5844 6503
10389 1849 6427 633 2625 3060 4031 4697 939
10390 246 1011 1015 1629 2735 3858 5058 5120 6198 6760 4689 4879
10391 3328 4312 566 830 991 1171 1844
10392 1738 1436 5049 996 3855 4957
10393 3263 2147 3030 3410 5558 6872
10394 837 1687 2624 2903 4005 4193 4561
10395 458 2242 5787 5543 6576
10396 893 3284 3520 5548 303 1446 4283 6148 6884 6971
10397 3834 1371 4629 1184 3234 4119
10398 1042 1198 1599 1759 1762 80
10399 3152 152 2203 90 709 1424 3060
10400 3026 3431 5427 185 486 1432 2457 4842 5708 6649 4631 5366 5677 3030
10401 359 837 1843 1848 6177
10402 1071 2897 4689 2672 4054 3362 127 1194 4963 3757 830 4365
10403 78 3457 1135 2809 4447
10404 1815 2839 1661 3593 4769 4864 5117
10405 1925 2324 3194 5699 1107
10406 1373 4268 1530 3525 78 1051 2807 3795 4022 4156
10407 2327 1741 6045 6499 6728
10408 5743 2327 2838 5574 6297
10409 2430 5456 1309 2632 6165 6402
10410 2020 3293 15 2150 4170
10411 1200 5413 4268 3006 4626
10412 492 352 2474 3374 3957 5086 6167 6439
10413 379 73 483 873 1494 2168 2351 2806 3579 939 1044
10414 759 1677 793 1270 1877
10415 3108 5427 2052 6479 3030 3347 5453
10416 486 1782 3263 3342 3410 3783 1262 1713 3877 807 830 3521 1639 352 1299 1725 4901 5619 5263 812 2144 3214 3474 842 1044 1815 3277 3374 3375 3718 4585 5386 5389 5446 5790 6093 6863 3388 5366 5583 3030 3921 4878 5093
10417 2958 2028 2109 2909 3124 1151 5756 4691
10418 993 4540 5090 5598 4087
10419 627 1814 4008 4191 5344 6264
10420 960 918 2479 2844 1875
10421 939 148 3929 80 401 4298 5456 6099 6620
10422 762 2846 5384 5685 6148 6512 1853
10423 723 639 1146 2992 229 328 2535
10424 1434 680 3142 4773 3718 5315 2583 1122 3174 6541
10425 1432 3765 5846 2119 4141 2669 5931 5412 2452 939 5730 6370
10426 2286 1985 80 1799 917 1432 2552 5949
10427 410 2299 2974 4297 4696 5065
10428 3383 1981 4757 1064 3761
10429 795 1588 3226 5019 6409 2378
10430 250 414 481 612 201
10431 4721 5297 5693 3610 3611
10432 1735 1745 3125 3263 3604 4651
10433 3979 3988 4040 5747 5870
10434 2833 2636 3354 3274 4873 5312 5266 5457 5787 6394 5416 1791 5415 6396 6416 5849 6633 6762 6822 6117 6788 6789 6811 6904 6946 7013 6889 6958 6968 7004 7026 6969 7012 6772 7029 6801
10435 276 4605 2659 1217 4315
10436 1622 5854 2545 3524 3521
10437 728 3457 3891 6283 3448 4833 6370 258
10438 454 3775 4062 841 1655 4037
10439 383 1047 1778 5963 2897 2915 4869 5556 6537
10440 4989 6702 3397 3656 5513 6479
10441 2032 3063 3451 434 5432
10442 3292 183 2020 4355 1813
10443 2391 5873 1981 3891 6193
10444 690 370 525 4778 1838
10445 939 5093 5094 2466 6655
10446 121 420 1293 1309 1529 2952 3343 3679 4374 5015 2430 2808 5638
10447 284 3193 2692 5147 5240 282 1009 2756 4652 6117 3059 6175 1177
10448 75 224 342 427 460 22 436
10449 6762 1002 1296 3348 3793
10450 5205 3586 5986 5373 1698
10451 3506 4816 4951 4248 5425 5842 3931 4553
10452 1016 2183 4923 1544 1844 641 1309 6477 3442 1097 1977 6476 6872 1063
10453 1633 3373 4137 4469 5090
10454 43 75 290 291 1070
10455 90 1063 3064 1438 610 1432 3521
10456 1233 2674 5558 6474 6868 830 1047 1588
10457 892 897 4696 6812 3822
10458 466 5521 5522 4894 1106 1714 3247 4019 4102 5104 4932 758
10459 196 2146 3265 452 2618 5138
10460 4212 722 3255 3327 4573 519 4955 5929 3356
10461 1688 1960 2827 964 2636 1796 2833 3214 1733 2693 3414 3849 3951 2288 1791 109 3931 2242 5417 2278 6298 5539 2848 6283 5208 6407 6408 6578 6593 5879 5410 25 6125 6736 6733 6949 6951 6979 6901 6919 6982
10462 2730 2731 2987 185 5929
10463 512 692 938 1887 2146 2233 3183 5094
10464 962 939 1363 2460 4712 4696
10465 3694 4546 4841 6088 5574
10466 5413 2906 274 812 3060 5775 6525
10467 1202 1865 3294 647 5858
10468 1142 3809 6179 5979 3709 3715
10469 188 3342 4381 4383 5558 5890 6302 3515
10470 3410 2748 1453 4209 994 2341 3453
10471 2460 4223 4389 1261 1588 1598 2323 4496 6591
10472 757 1135 3765 4027 4495 2988 3957 4587
10473 2193 761 306 2195 2602 4901
10474 3229 4654 4867 6479 6699 3443
10475 2323 1455 2874 3434 2594
10476 6015 3809 4276 6431 6241 3644 3936 3635 6403 835 4927 2096
10477 2479 3419 132 134 3550 3553
10478 2397 4278 4947 6110 6235
10479 100 178 1161 1265 3135 3308 1735 1692
10480 3536 3637 1935 840 3485
10481 1756 5558 3605 3874 5284 5812
10482 1047 1261 1461 567 1841 5413
10483 3929 5484 145 2184 3768 4007 4028 4065 5481 5852 2572 5250
10484 465 5021 5778 6241 1497 6386 6835
10485 3947 4842 5598 5865 6179 4861
10486 782 3931 695 1262 4437 6130 6321 2970 5762 6706 1328 2124 3472
10487 883 1865 2301 4367 4628
10488 379 630 2404 1443 2095 1202 4150 5814 6013 4446 6316
10489 2904 939 747 1017 1887 602 1853
10490 1811 934 2236 3605 567 1432 5424
10491 122 1790 2168 5720 6171 6175
10492 639 1263 1588 1273 2789 4335 4640 3182 474 772 3941
10493 6110 3059 5156 5791 6472
10494 1056 865 458 1701 1202 2032 3295 4225 4510
10495 5705 562 1504 1242 4875
10496 735 6179 1728 4035 5074
10497 1804 4741 4257 4630 4712
10498 3059 2806 1023 1875 2775 3891 3973 5113 6141
10499 939 1598 3194 2660 4902 1432 5456
10500 1608 3034 3475 4496 4696 5693 5814 2838 4752 4759 5894
10501 1064 2572 5193 5524 5525
10502 976 1172 5559 335 702 1966 4803 3786
10503 1309 4012 4504 4521 5379
10504 148 701 742 917 2962 3214 3244 3263 3365 3507 4446 5666
10505 1884 555 1467 1485 3424 2460
10506 145 1529 3079 4672 537 2756 4922
10507 1071 245 1823 2951 6799 1814 4581
10508 1759 2976 3466 4801 2762
10509 681 1254 830 918 1483 3059 3554 4140 5456 5486 5444
10510 4697 960 2094 2458 4447 4816 5349 659
10511 3294 4089 4578 3270 4209 6349 3209
10512 2460 4311 6179 3834 6672
10513 5699 514 1323 3406 177
10514 109 132 578 580 1529 1703 4723
10515 98 4008 4040 4510 5979 1600 4752
10516 1517 2183 6143 148 2134 5392 797 2288
10517 939 1012 1233 1802 2669 3949 5199 6331 1135 1316 1885 4496 5530 5548
10518 321 1306 2020 3137 3397 3409 3410 4631 5376
10519 4388 283 993 1015 1044 3024 3603 3649
10520 2113 2622 1260 1806 1908 3459 5188
10521 1887 4792 4795 6962 4626
10522 840 1973 2946 2951 3929 4198 4697 4781 4871
10523 2629 4404 3141 88 2327 2572
10524 2692 2922 1658 2978 3185 420 962 1391 2445 1010 4623 985 1003 2095 4020 4360
10525 1004 830 1432 3993 5570 1438 5617
10526 75 76 139 188 291 300 337 420 438 481
10527 4365 640 1151 1757 4954 4955 2976
10528 1356 282 1044 6225 3739 3557 5537 6840
10529 2735 3548 1655 3050 3054
10530 994 3343 4011 5187 939 1711 6180 4420 5979
10531 1128 1131 1559 593 546 1786 2147 2282
10532 1037 1508 1544 3929 4689
10533 423 797 1044 1323 1728 1806 2514 3334 1402 113 3607 3854 4229
10534 163 6219 304 2847 1508
10535 858 772 797 1034 4308 2383
10536 2817 1242 4489 1473 4266 5704
10537 5292 5433 4979 3581 991 1886 1201 842 5455 5397 5638
10538 3294 514 3270 4097 4152 5732 6073
10539 3803 3044 3348 400 3214 5017 1585 5594 3184 6829 5873 581 1636 4039 6102 770 3396 5653
10540 290 420 429 460 555 158 299 497 286
10541 4038 4941 1650 3143 6217 5537 5200 31 4152 5934 6135
10542 358 559 748 1262 2328 2600 835 4852 747
10543 690 2455 3686 4288 2906 5559 1655 874 2345 4808 5903 2847 5700 6236
10544 448 1432 2881 2313 5012 5192 6308 6589
10545 177 2407 3701 3819 3877 1834 3622 1910 2295 3847 4428 4852 659 4648 4712
10546 54 1209 1747 2275 1240 907 3076 3403
10547 185 573 767 927 1004 1713
10548 5884 5885 5948 6065 274 5852
10549 2020 2158 1714 3030 2756 5160
10550 4034 3362 2090 4446 6746
10551 972 1493 3246 4246 4256
10552 460 641 756 25 939 1047 2033 2174 962 1987 917 80 455 883 2944 966 2260 548 2073 2265 751 3257 4574 4049 4663 692 1219 4368 5850 2235
10553 411 1130 1414 5422 5539
10554 2090 3365 812 1088 4675
10555 2904 2821 2024 1588 1919 370
10556 3277 53 1063 1999 3843
10557 1062 3658 4065 4957 6204
10558 1588 2179 5825 6181 1735 1762
10559 3251 1680 939 2694 2960 3957 5369 1230 2377 3226 743 2909 3342 3343 3410
10560 3162 3783 2096 3410 2970
10561 2904 1112 1792 2925 4031
10562 178 2412 4769 5345 5512 5553 5537 3786 4209 3453 3174
10563 3758 3929 1662 2179 960 845 865
10564 271 3109 3552 4579 5757
10565 5861 1226 2095 3071 4198 3143 3509
10566 498 905 1262 2076 3632 4102 4285 4318 5081
10567 2569 5133 4532 5339 5677
10568 3592 4966 6584 1373 3702 4283
10569 5050 36 54 2824 5403 5638
10570 1432 1047 3011 420 1887 2535
10571 1202 1703 2479 997 2341 3243
10572 1655 2323 3315 516 519 4455 5574
10573 148 1468 4250 6253 6539
10574 483 1313 2512 2951 2952 3515 5220 5641 5711
10575 3516 6477 3460 6215 54 1097 2046 3088 3214 3259 4542 5735 5782 6337 6401 6563
10576 2162 1071 1627 3012 2735 3315
10577 810 1424 5329 2479 3582 3695
10578 335 1530 4225 102 880 5345 5205
10579 853 876 935 486 1931 2086 2394 2579 3277
10580 2353 1401 1605 4648 1717
10581 4853 2300 1789 1955 2593 4878 5528
10582 3929 2881 3263 4712 6385 52 95 1292 1819 2039 2249 2573 3290 4680 1815
10583 6807 1735 625 1071 1944 1964 3158 4351 5484
10584 2155 2156 2157 1142 2020 455 997 2592 1494
10585 4693 1420 519 4496 1158
10586 352 5956 5543 6323 2619 4381 6777 246 906 4578 6005 6357 1308 6665 1690 6576 1714 6816 6864 6811 6733 6852 5138 6784 6644 6854 3251 6974 6988 7006 7021 6565
10587 208 248 337 428 64 127 443 117 188 324 377 90 92 306 143
10588 177 354 209 498 582 1556 3453
10589 4383 4193 1037 5317 6543 4764 6356 1016 2183 1881 6353
10590 4663 2645 1671 2593 3048 6279
10591 3559 3950 5018 5979 6329 4573 5191 5869 2288 6740
10592 1071 6539 52 2300 3065 3383
10593 896 4198 3126 4063 2460 3180 2240 4493 1931 4750 5800
10594 4370 334 3012 4373 1047 4850 3598
10595 2861 4975 2327 3663 4727 6849
10596 670 3795 5232 6479 2887
10597 4026 3077 3362 5885 3323 1127 756
10598 192 1179 3327 4540 5400 2369 5413 2682
10599 1349 3448 1171 1847 1432 747 1462
10600 2766 939 5385 6643 955 1755 6176 1887
10601 3372 3218 713 1088 4567 1887 2052 3695 1653 2294
10602 5015 1432 4905 939 2758 1309
10603 1373 1395 4582 4842 7050
10604 3666 3981 3978 4626 5317
10605 1829 3862 5456 5593 6252
10606 535 1454 1852 185 1789
10607 1620 2678 2202 6689 856
10608 939 2146 2171 5021 5985 145 3348 2560 5964
10609 1493 2838 3184 2197 5180 1786 4028 4712 5653 2664 73 1392 6020 3105 6829 3790
10610 352 474 832 2300 2342 3247 3347 4089 4298 4484 5079 5088 6497 1875 2041 4211 965
10611 203 1867 2052 6355 148 3921
10612 812 814 1010 1283 2272 4298 4901 6596
10613 3505 2460 3180 3409 4672
10614 1904 2411 6690 4205 4423 6032 6324 6482
10615 103 337 429 409 309 489
10616 2852 2925 2369 1053 3188 3971 1887 1917 1760 2277 1710 2363
10617 3514 2592 1274 1843 1844 1904 2824 2904 6040 5723 6141 6990
10618 397 4664 6015 1373 1432 2636 2901
10619 455 1700 4844 4901 5822 6488 2254 4772 6386 6447 6614
10620 4436 5453 5760 375 713 2632 4567 1230 2184 4106
10621 178 1837 3866 4377 5926
10622 498 954 1759 1867 4848 5312 5456 5979
10623 1529 1981 3023 2184 5481 5331 5757 3410 119 2474
10624 420 3044 807 1921 562
10625 756 1937 765 1462 2857
10626 1598 3560 364 567 1989 2202 4089 1847 745 1591 2300 3365 4012
10627 322 1190 2294 2369 3492
10628 3514 3583 4121 1044 3782 5583 5201 6220 5260
10629 850 6504 849 4891 3862
10630 1010 1815 4374 2961 4933
10631 772 4050 6551 6675 5743
10632 612 501 573 335 730
10633 235 566 1631 1714 3263 3364 3803 1263 3184 401 939 954 1118 1759 2962
10634 1544 109 203 508 1328 2147 4375 4573 2773
10635 31 308 577 939 1015 1047 1200 3266 3611 4750
10636 1889 2092 2583 2899 2093 4463
10637 756 3866 2949 4956 3368
10638 545 750 1685 1853 2730 3950 4176 4177 4879 5059 754 964 3923 4118 4157 4727 5255 5645 6241 88 1833 1844 4906 5080 5847 6231 4267 5135 5138 2129 2381 4054 5868 6215 6524
10639 1544 2765 2897 2945 4841
10640 203 2471 2418 4954 6786
10641 304 659 1791 2664 5312 5266 5956 6361 6506 6491 6573 6048 6387 6604
10642 2479 6674 2756 2976 4198 1791 2460 2775 5979
10643 1198 3548 3623 3642 6230
10644 1047 246 991 2141 3060 697 2094 2160 2732
10645 2033 3064 2174 1340 939 2322
10646 5715 6667 455 4037 4894 5092 1032
10647 747 1051 2775 3453 4446
10648 807 2046 2146 2636 2740 2838 4855 3455
10649 468 3335 3630 4165 4332
10650 1470 2756 2908 5205 6167
10651 357 675 3758 5777 1723 2848
10652 1135 2899 2976 4067 939 2838 4963 6970 167
10653 3264 2026 2112 5800 2502
10654 1484 304 703 1426 445 608
10655 282 4477 4478 4585 4212 1544 5558 5979
10656 1313 2559 4193 3713 856
10657 167 188 1227 186 337
10658 3410 5683 3092 5086 5570
10659 4554 4938 179 455 907 2377 2976 6689 6874
10660 6105 6036 2976 3226 4311 4551 6222
10661 5513 3624 3877 4097 4727
10662 1650 2457 2502 3214 3481 6275
10663 954 1042 1791 2419 2562 2761 3947 4391 6730 2676 4473 3020
10664 1274 2460 2669 4689 2090 1804 5411 6283 6476
10665 2364 641 1544 407 2046 707 1111 2479 2466 3469
10666 581 80 682 3263 5138
10667 3466 3310 2666 3143 837 2160 3380 4156
10668 2437 1555 2369 2920 610
10669 411 756 1127 1232 554
10670 4790 675 2450 830 4383
10671 3514 245 2112 2259 4931 648 3409 3060
10672 742 5059 4039 5559 136
10673 2987 4954 830 1885 3263 6321
10674 3797 5117 5456 1097 4079 5638 5958
10675 4098 920 2568 1838 2978 1721 537 3214 2095 1187 1904 2678 4009
10676 304 2365 3143 3566 4807
10677 927 2294 797 2288 459 5416
10678 218 1227 797 2112 5240 2032
10679 3313 4689 1432 674 858 916 1756 2761 5554 382 5231 1004 1887 2827 4042 5360 5448 6298 3184
10680 1627 2028 2775 3151 4828 5937 6253
10681 2703 1793 4956 514 835 4870 5044 2978 3862 6584 502
10682 3725 546 3001 1987 2430 3695 6624
10683 2669 1765 3683 4097 1432 4566
10684 1755 3180 3862 6448 6511 3762 6209 6278 544 905 3929 5366 5495 5570 6302
10685 61 204 342 325 213 226
10686 3511 2148 5630 3059 812 1200 1216 2193 2383 4758 5456 5508 5800
10687 1524 334 1530 52 702
10688 660 1544 1578 2885 3144 3409 4894 5091 5177 6351 401 2460 4936
10689 465 1958 1348 1759 4808 6057
10690 3065 4066 641 2006 3734 5345 2258 3715 6736 5724 5869
10691 1674 1959 1209 3792 3232 2678 6161 6011
10692 140 267 468 5918 5927 691 2718 849
10693 321 2592 3410 5486 5707
10694 4873 4748 4942 5283 1047 120 4441 5285 5480 5417 2212 5911 5982 5056 6070 5858 6496 5849 6593 185 6662 6733 6860 6951 6908 6996 1003 6901 7021 7011 7003 7007 7014 6938
10695 3353 3976 1201 3627 1044 2904 2917
10696 460 188 295 413 414 416
10697 2038 4211 728 4448 2090
10698 939 1222 1505 1597 2123 790
10699 1182 1544 2550 2976 3059
10700 1423 4731 998 1103 5852 850 3271 6045
10701 917 6816 6818 5028 5355
10702 2399 2032 352 1614 1469 1678 1047 2200 2231
10703 2841 2994 2828 2202 3874
10704 177 43 71 142 332 458
10705 2761 2380 1797 2205 3634 5910 6075 1417 2146 2369 2809 3115 3351 5065 5112 5558 70 514 632 818 1136 1621 3158 4294 4929 2472 3071 486 1219 1497 2874 3032 3226 3232 3964 4127 4216 4436 4868 4689 4696 5056 772 4511 1255
10706 394 1106 2147 4059 4989 5197 6067 6807 6879
10707 573 796 961 535 972 2482 2265 2271 2377 454 2649 2587 2807
10708 1122 4579 4835 5186 5775 6617
10709 742 939 1064 1385 1514 1678 1809 1810 2192
10710 1588 2917 1716 2047 2693 2916 4803 394 2124 5459 401
10711 1825 2659 1214 364 6177 6836 6126
10712 1909 2447 2940 2947 3067 3331 6236 6809
10713 4515 725 2720 3396 4963 3343 5243
10714 2038 4618 1202 2032 2277
10715 1261 3660 4089 998 1784 2730 610 1588 972 3356 1097 4712 1123
10716 2277 4198 5312 5537 5635 5823 6543
10717 245 1330 2241 1586 2636 3226 828 1190 1450 2386 1423 1480 1482 3242 3632 4515 2369 1447 2086 5363 495 717 6099 1875 2501 5256 78 648 4340 2122 5074 5258 3929
10718 318 95 1935 1987 2450 2483
10719 4726 2756 1081 3233 5379 6514
10720 5018 5019 5107 3347 4890 4967 5157 2166 2705 6177 2885
10721 2460 1292 1306 2024 2503 4193 4908 5003 7041
10722 4368 6620 566 1636 2139 4551 6071 401 458 459 756 830 1047 1853 2123 4097 4628 4905 4922 5537 1483 5743 1887 5517 5633 6022 6001 1509 1263 6255 4874 4625 5433
10723 3248 2775 3835 1044 3516 4720 4506 837 939 4012 1047 1547 2335 2946 5575 1227 2088 1945 5327 3551 4527 5200 6099 1432 810 844 2898 3143 5417 6101 3274 3586 5243 5666 4395 4799 1106 1655 1870 3677 5638 5667 4759 6332 3666 5168
10724 6197 4097 4692 5520 5743
10725 926 2450 3448 4689 5495 6167
10726 2460 2232 4357 991 3449 2472 3792 1678 1844 3183 2819 1263 1044 5247 540
10727 1172 1755 1808 2721 3373 3485 3796 4097 4752 5809 3543 1306
10728 227 4013 2708 729 6148 3277
10729 1752 698 991 1215 2123
10730 2466 2657 2962 3018 3030 3263 4171 5583
10731 25 610 1808 2028 2168 2596 2674 2807 2838
10732 1275 2908 4246 6109 2652 6043
10733 15 70 1393 1151 2054 20 1846 2647
10734 3792 2531 3272 3353 6627
10735 887 864 939 31 2915 2193
10736 3194 758 352 683 939 2233 2384 2386 2452 2827 3012 3059 4026 1931 595
10737 2472 2636 1574 2469 3729 4724 3343 2369
10738 2593 2644 3601 4246 4450 6341
10739 1646 3062 1313 201 2517 4363 5722 483 514 1354 2118 4441 971 1209 4974 124 6224 2369 235 3175 4890 7027 659
10740 1165 1599 1759 1960 2450 3469 1324 5576 4032 5 1762 4234 4734 6211 6213 6520 6545 6667
10741 1159 2054 3214 3586 4212 4293 5056 5157 5558 5666 1071 5772
10742 1655 2598 5797 1047 4656 3610 4727 6038 1433 1700 4233 4750 5984 1887 147 4680 6129 1098
10743 3894 6014 319 420 2593 3263 6344 6370 5723 6215 6492
10744 1687 3663 4403 6010 6218
10745 563 2904 1432 2756 2951 3758 3278 3180 5603 6608
10746 762 3026 3244 3402 3562 3566 4012
10747 3343 3929 4403 4533 5825
10748 3374 3929 4873 4351 4863 5060 5268 5908 5955 845 5543 6153 6421 6706 6522 6315 4097 6576 5544 6827 6913 6852 6965 6782 7024 6920 6956 2596
10749 1135 2021 4452 1831 713 6503
10750 2899 3961 78 874 1263 1824 5809 6136 6499
10751 3264 4566 2408 3032 3687 2460 2824 3956
10752 5378 6890 1308 4587 3753 6868
10753 5 1752 1789 2838 4158 4216
10754 692 1200 1242 1563 1631 1706 1887 2460 3541 4370 5454
10755 5729 6338 1212 4837 3318
10756 3851 1315 1850 1909 2166 2775 3947 4353 4374 5557 5908 6295
10757 1523 496 1454 304 1069 1580
10758 3449 188 1224 1296 1021 1579
10759 837 795 5456 5678 1588 3483 4587 5894 6302 6469 5630 6030
10760 5522 6464 5760 610 4085 5376 5925 6465
10761 2460 5051 1851 3180 5101 4019 6167 4842
10762 6033 6354 1583 1973 2584 5973
10763 458 2562 3746 3957 938 6464 6643 754
10764 641 2001 880 986 3929 3719
10765 2750 4736 2619 3776 5711
10766 229 275 279 118 627
10767 1905 832 939 2427 1588 1723 2535
10768 1534 1745 4208 4551 6349
10769 4318 4816 1161 3923 4727 939 1837 2323 3067 3957
10770 5746 4488 2945 5640 1841 88 4957 2390
10771 5290 1112 3834 4942 4154
10772 580 186 11 4464 958 2054 5760 2095 3580 5772 5814 465 1161 6268 692 6752 3992
10773 57 1551 2425 3035 4940
10774 1071 1868 5762 1174 1309 4680
10775 2017 4873 4441 1791 5056 120 459 2212 5416 6227 6286 5879 6790
10776 1283 1284 1880 3004 3993 5376
10777 6410 6729 6766 6893 6576 6988 7043
10778 1227 4179 5777 6506 6170 1591 1653
10779 1047 2796 3506 4068 4789 5666 1440 5138 6281 4272 1614 2160 2161 3030 1721 3891 6472 745 1723 4712 4793
10780 3435 235 2880 583 5813 6265 4901
10781 46 3586 3614 5263 6622 4936
10782 68 998 1071 1098 1921 2046 246 939 1297 2232 2249 2369 2693 2695 3901 893 496 1438 1655 1871 4225 2824 454
10783 759 5074 58 4773 6540 6491 627
10784 78 1202 3578 4362 5800 304 2143
10785 345 1720 2184 5456 5646 1047 352 1560 4862 5413 3378 1627
10786 2889 1457 844 4046 772
10787 44 162 164 77 218
10788 5190 2874 6057 2377 6330 6329 3295 3947 5978
10789 2184 2455 2981 3758 4951 6135
10790 3780 681 754 889 3606
10791 465 3515 5312 6264 543
10792 1227 460 10 175 246
10793 1184 2750 2529 4712 4608 4552 6036
10794 3682 561 5470 4019 5024
10795 1529 779 1047 1799 1847 1848 1588 1574 1802 2450 3448 4873 1791 5345 5283 458 2242 5837 6282 6407 6594 6834 6947
10796 203 2882 3783 2574 3184
10797 2457 2600 2484 78 1843 1103 2512 1323
10798 304 3669 830 563 1097 1161 3004 4496
10799 3968 2669 3115 2321 5346 50 6585
10800 3834 1412 1432 865 1798 3048 4989 1283 2249 6624
10801 379 3929 893 3931 5757 5696 960 1057 5711 2107
10802 809 2888 4268 2382 3363 6545 6691 4697
10803 2203 2401 2402 2695 297 209
10804 739 3118 2824 304 3214 623 6502
10805 5999 2535 3813 5339 5621 1653
10806 2224 2936 3240 4081 5129 5315 6431 6455 6456 5317
10807 1521 3891 4339 4412 4828 5843
10808 4822 5888 4095 1756 2724 3156 4370
10809 1149 1219 2300 927 4352 3973 1941 6804
10810 1688 1755 2259 2669 3603 4097 4143
10811 2241 5402 5403 6005 6931
10812 3138 2512 742 1089 2277 3387 2220 3854
10813 1666 3853 5223 5222 401
10814 4872 4783 813 5598 3516 5515
10815 2323 1799 1973 2678 1813 2007 2434 3521 3452 3911 185 498 3184 514 1284 1924 2258 109 797 4205 245 3589 3646 3537 1981 4776 5041 6476
10816 3065 3410 3149 2070 3514 4564 3557
10817 5156 595 1044 5537 5917
10818 4171 2265 3971 657 3423 4712
10819 3888 3409 3783 4985 2959 5397
10820 120 2669 4151 4336 5668
10821 1323 1728 2201 3660 5537
10822 1899 2970 3101 3891 4298 5118 5744 6356 6380
10823 1690 1844 5205 4227 3115
10824 6826 196 455 1233 3309 4201 5905 1009 1097 2059 4940 6016 6030 6083 6188 6927 7034
10825 2460 1822 4435 1887 4370
10826 2111 4147 6711 4689 6504 1653 6708 6931 3562
10827 635 1182 3632 6225 4628
10828 376 3468 2460 3263 4352 5278 283 2904 4446 4117 4842
10829 424 630 3873 4594 5175
10830 1438 1821 2897 4597 5174 5482 5980 1435
10831 321 2686 4189 4300 1802
10832 383 774 939 1833 1432 785 1486 754 2369 3363 85 627
10833 3851 1063 1813 4152 5469 4154
10834 5021 6318 627 2724 2123 4833
10835 745 1802 4477 5979 6141
10836 865 4496 4847 1690 837 4139
10837 5605 742 1740 2567 3758 3912 4751 6068 2485 2365 5192
10838 311 492 1063 3793 3923 4193
10839 993 1449 2168 4748 5003 5200 5456
10840 1309 4210 837 5551 4635
10841 710 4963 5121 2976 5699 2304 2761 4879 1740 1881 3281 4549 1701 4042 541 1424 4257 513 2838 3310 4383 54 258 4000 4473 4696 5411 6284
10842 1047 798 404 1530 4758
10843 178 861 994 1808 5285 6267 3188 2452 4873 5413
10844 304 1838 2329 2452 2885 3877 4171
10845 1233 1406 4787 5964 5098
10846 1467 1468 1247 2904 5233 3183
10847 1494 1939 1359 1504 3383 5873
10848 4697 2300 2973 2376 201 3834
10849 958 1003 1779 690 2157 2167
10850 4095 1432 917 3855 661 4812 7017
10851 5196 2692 3618 4808 5420
10852 973 6798 6598 5198 2512 7041
10853 2892 6211 6290 6519 6520
10854 482 627 913 991 884 163 2059
10855 1090 1435 1844 120 742
10856 188 742 2797 70 3687 2535
10857 2618 447 1814 4154 5634
10858 1869 2824 3290 3361 1538 5818
10859 3307 6070 5879 5849 6665 6951 6983 6889 6968 6890 5158 6969 7011 7025 7015 7044 6967
10860 3721 2760 203 1633 4285 3375 5618
10861 2407 1620 2574 4095 5421 3776
10862 227 482 4344 1633 1755 3125 3263 4905 5366 6343 6642
10863 627 1135 2349 2718 3562 5498 6348
10864 1841 2069 127 1439 6081 6771
10865 906 1373 2168 2827 3907
10866 2810 2705 3482 3888 4769
10867 998 5513 6055 6311 7050 191 2569 3955 4685 6593
10868 2469 1394 3901 4123 5558 516 304
10869 1077 1588 3059 3105 4371 4742
10870 282 962 3521 4689 5383
10871 2962 4377 919 3502 486 5910 830 3672
10872 3011 3339 3401 893 4769
10873 66 246 304 554 377
10874 3082 3353 3277 6355 6281
10875 3011 1348 5021 3813 3815
10876 201 1921 2460 2702 3343 3410 3559 3765 4008 4198 3183 6896
10877 2323 2606 3184 3271 3059
10878 1701 1897 4945 5319 6167 1828
10879 5372 4284 4446 1159 2195 6044 972 1968 2129 5800 6609
10880 1499 2663 2940 782 1135 1518 1655 5193 4117
10881 3448 4061 4587 6050 588
10882 131 1122 1636 1693 4922 5003 5666 6305
10883 837 4504 4761 5197 6375 1172 1438 6274 6565
10884 5049 3630 4154 4939 5691
10885 399 460 10 75 77 188 290 1227 219 413
10886 5193 20 627 865 2571 3929
10887 454 695 807 1233 2046 2112 3294 3560 4012 4908 5075 5678 6507 3183 2 1323 3460 3972 4175 4844 4873 4903 6107 201 1537 830 5417 6338 6578
10888 379 413 458 43 429
10889 121 482 2323 4898 5320 3932
10890 807 1752 1755 2432 2678 2710 4008 4082 4909 6045
10891 185 1329 5207 904 1870 4626 6644 3388 6126 6402 6539
10892 304 710 1106 1711 2982 4117
10893 4207 648 729 2103 2135 2323 3087 4318 6581
10894 514 1026 2350 5901 6337
10895 177 2702 5049 2750 2976 3515 772 3758 1047 782 6037 1063 5071 4464
10896 3713 3554 1631 2888 3521
10897 1710 1588 3078 4803 3944 4363
10898 127 465 4460 4550 4930 5587 6610
10899 879 2650 2950 5762 4787
10900 4193 3380 4276 4523 627
10901 3506 3714 1047 2032 939 4862
10902 1987 2100 2136 2428 4374 165 196 708 1755 4318 1057 2572 3214 1480 2666 5456
10903 2236 587 1006 5240 6360
10904 3318 4205 1652 3360 4094
10905 3197 6302 5021 5970 6084 4842 974
10906 5401 807 401 797 4712
10907 1597 829 1200 1427 1842
10908 3858 2018 2133 2556 4021 4165 4229 179
10909 1523 1007 1714 997 4496 3214
10910 205 404 954 991 1797 2071 6463
10911 3915 5551 2090 5530 5809
10912 203 304 2132 3175 4468 1068 1120 4852
10913 2020 2592 3263 3783 3957 4587 4782 4878 3621 3655 3753 6181 4402 5583
10914 742 3272 3273 3278 6204 4298 5961
10915 1681 4847 5382 4826 4829 6072
10916 1970 3071 1633 1759 2611 3484 4553 4847
10917 633 5711 2611 3871 6241 1236 5312 5774 5894 917 947 2669
10918 1373 3126 5522 630 2618 3078 3957
10919 1530 2897 245 6204 6862 3243 6684 267
10920 264 369 527 3516 3929
10921 3519 78 3030 2489 2891 5409 4174 2692
10922 5666 742 924 4198 4446 5500
10923 2364 797 1430 2502 2750 4589
10924 4326 2329 5602 3891 5843 6922
10925 348 690 579 891 414 442 721 766 1967 171 1480 972 797 1021
10926 675 2502 3409 73 641 907 1878 2740 2920 3004 3554
10927 420 845 2324 3929 5425 939
10928 1298 2517 2976 5638 2486 5311 5520 3126 4212 1341 303 1741 5118 6135
10929 5760 6104 445 2931 6800
10930 1752 797 807 972 1044 1713 1759 3211
10931 669 837 1362 2424 1779 3326
10932 466 1135 1615 781 1693 5506
10933 3524 670 2184 3779 1070 3406
10934 1047 1794 2323 3235 3686 11 648 772 2494 1971 2650 177 1844 1195 2289 3621 4839 5090 1530
10935 177 1336 226 2278 5918
10936 4285 1214 1424 4118 4397 5535
10937 998 1323 4352 1047 4614 2625
10938 2001 435 915 2383 3512 3703 2213 370 1097 5618
10939 1019 1326 1984 2123 2435
10940 3353 1805 3030 3991 6556 6767 7050 3078 3957 6951
10941 150 188 260 296 351
10942 46 812 2541 3874 6386 4487
10943 315 1037 3457 4668 865 2983
10944 3603 3758 5085 5340 4178 4862 5481
10945 5614 4740 3173 1097 1103 2195 3786 5781
10946 1163 80 1525 1561 963
10947 10 180 186 291 299
10948 3274 3084 3859 3354 3414 4180 5878
10949 1006 1047 1878 3060 304 5802
10950 78 3194 4689 6105 2460 3453
10951 2460 3290 4867 5942 6276
10952 514 1672 2288 3107 3440 3789 5446 5630
10953 3290 3935 5414 95 1909 2847 3434 4008 5310 5442
10954 1935 3194 4008 5325 5599 5693 4362 5414 5448 2449 6831 1483 5684 5985 972 3448 4368 4728 6419 5743 3663 6209
10955 2027 177 54 445 2294 3277 4842 6337
10956 726 1880 2452 1827 2657 1887 2806 881 4355 1729
10957 76 296 290 216 154
10958 939 3931 5585 5660 5721
10959 379 3453 5088 6029 6042 991 5076 1450 2904 6588
10960 53 627 797 2838 170 1640 850 743 5844
10961 732 1720 1071 352 1242 1446 1895 1358 1995 1463 3383
10962 1047 1499 1071 3485 2265
10963 3241 4046 5706 6099 6194 953 3018
10964 5256 1918 2497 3353 5379 5181 1563
10965 917 1447 1755 2168 2572 2675 4780 5558
10966 458 3024 4318 4365 552 4321 4690 3630
10967 2738 2951 3045 3343 3514
10968 5157 5533 5630 5362 2339
10969 3030 4543 4877 1824 4587 4947
10970 2184 3654 4090 4877 5874 2388
10971 321 837 840 893 915 1603 1778 2251 4198 5138 1009 1759 2020 2904 1867 3263 2353 2976 5314 4257 774 4050 4769 5458 4842 705 1551 3440
10972 10 182 64 188 279 153
10973 6184 100 3467 1201 6038
10974 2750 1084 1329 1644 2027
10975 877 31 1110 3059 1455 4989 5163 958
10976 2953 1130 2393 3060 3995
10977 1071 2659 4831 4863 5380 5410 5570
10978 3012 3586 4664 6599 3184
10979 1308 830 1621 3210 4133 25 2901 3090 3793 5638 5849
10980 75 77 129 188 276 291 413 438 304
10981 1973 3183 4193 4420 4523 4842 2865
10982 1621 5849 6651 6729 6766 6117 6736 6904 6934 6817 6949 6995 6889 6907 6961 6985 6528 6529 6775 7023 6916 7012
10983 1207 3026 627 1530 189 1107 6981
10984 581 2184 3243 3343 3861 959 73 1507 1915 2846 5559 1424
10985 1755 1920 4578 3118 3976 5713
10986 3094 4446 955 1819 4791 5666 6004
10987 6180 4327 713 5480 4956 6236 6689
10988 352 438 1047 1397 1588 306 554 1571 1655 3383
10989 782 2592 3182 487 2746 1373 5608 1528 4122
10990 4027 2952 6694 2377 2756 6427
10991 1002 1115 3226 127 597 998 1956
10992 711 268 400 691 5047
10993 3861 6040 6500 6536 6738 6846 6847 6895
10994 2460 2683 1335 2857 4331 2193 4990
10995 587 3179 5814 5946 6237
10996 896 1090 1092 1093 1096 893 897 555 1494 1794 553 1405 2238 2508 3354 3414 3951 3849 2017 5849
10997 304 674 2922 112 2761
10998 3679 3809 6306 61 832 2576 3180 3685 6840
10999 177 654 78 3765 4207
11000 939 1097 1212 1752 2323 3645
11001 725 596 460 1117 2003 1127
11002 2792 2061 3144 2304 2862 4833
11003 127 322 52 998 1380 188 660
11004 95 820 1249 1432 1858 2361 4712 393
11005 2569 4318 4471 2600 567 1004 1765 983 5767 6233
11006 3231 5472 2970 1456 1791 3589 3142 201 1432 4777
11007 3774 2321 5909 6288 713
11008 6103 2637 3194 5787 7037
11009 274 2195 3586 4293 4738 4842
11010 906 917 1432 3567 4285 4727
11011 2479 3365 1993 3851 1202 2513 4376 109 2221 906 1047
11012 1219 1792 4689 5990 6499 6716 6804 6829
11013 498 724 727 939 1283 1918 4285 4553
11014 1908 3244 2523 4664 2971 3059 3814
11015 4376 5193 6409 1233 3932 4846 6604 972
11016 5287 1924 2851 6279 2732 2975
11017 1330 2988 845 6174 470
11018 32 313 2643 3012 3830
11019 2808 4397 4689 4132 3078 4599
11020 2548 1580 2008 4155 1921 3678 3050 3681 5291 4795 1358 6129 5525 5524 913 6386 4110 649 1424 2129 5581 6384 6653 2906 6462
11021 486 830 2976 4697 4689
11022 420 1071 1170 1753 2368 4457
11023 514 927 961 1633 3668 4012 4297 4432 4437 4909 5484 6442
11024 6739 2599 3341 5312 5699
11025 2478 1567 2659 1867 987 3395 3573 6213 6716 1242
11026 5176 5431 5979 465 3516 3855 2796
11027 4014 4842 5838 3929 5056
11028 1951 991 496 1653 4664
11029 490 4014 2032 4689 5976 6167 1044 1391 2766 6872
11030 641 1145 797 3570 3771
11031 627 939 1867 2116 2545 4041
11032 1161 3180 141 5085 1508 3973
11033 1221 1481 1562 4221 4752
11034 2460 2655 4125 842 1135 1211 3750 4382 5508 6099 830 1044 1759 2369 2598 2692 3333 4466 5412 5453 5650 245 1350 2147 3278 3840 4008 4963 4975 5197 1433 2572 2939 3855 4806 5312 1741 6628
11035 924 1737 2946 4101 4139
11036 1106 2180 2144 2193 5050 5349 2179 5571 4898
11037 1927 3354 2242 6040 6594
11038 2427 1368 1837 2526 2917 1233 2433 1409 2546 4528 407 2567 602 1653 1774 627 3291 6799 3587
11039 3374 5691 1306 1369 2104 5228 5319 196 2090 3278 1257 1791 1833 3373 3964 6149 3560 5558 482 1848 1853 2131 5386 1819 3734 1844 6915
11040 3326 1056 2369 2730 4164 192 5376
11041 2161 2593 36 1122 2035
11042 1416 3793 972 2146 1619 2513 962 3078
11043 102 6110 1122 3410 710
11044 177 641 647 782 955 1633 1827 2758 3365 3448 3466 4008 4403 5666 6004 6204 6397 6547 6555 6787
11045 4140 5115 2515 3291 4473
11046 1973 2659 5979 6184 6211
11047 976 6271 5093 6135 2545 3348 3365 4198
11048 868 2006 1282 3121 513 1094
11049 1054 3679 3866 5530 1844 3351
11050 4894 845 3929 1107 2045 2327
11051 189 816 459 458 5417 6269 5849 6512 6410 6490 6387 6226 6729 6635 6766 5876 6893 6117 6576 6788 6812 6875 6889 6948 6960 6965 6968 7023 6528 6529 6969 6999 7015 6916 7029 6772 6967 6941 6943
11052 837 1423 4201 6123 6575 1020
11053 830 1373 2237 3957 4283 991 1432
11054 1549 1756 3144 1810 2024 2123 2303 135 445 713 1226 2693 3377 2304 1779 20 991 1362 1548 2431 3305 3348 1135 1346 3891 5312 729 6799 1192 3484 2330 4585 3901 4787 603 2404 5864 4204 2
11055 3877 4700 5065 5085 5 830 5704
11056 1788 4362 5706 3348 1328 5413 4008 2369
11057 132 1191 1330 3720 1563 5424
11058 226 245 295 400 44 248 409
11059 203 1834 2327 3774 5756
11060 458 2242 5787 6193 420 6358 6323 6366 6269 6578 6729 6813 6788 6956 6529 7010 6528 6994 6939
11061 1927 2386 6453 542 590 2433 60
11062 470 998 127 5156 5116
11063 874 2323 2758 2988 4496 939
11064 837 4396 772 3834 5056 2435 5721 6143 6438 5516
11065 4250 4353 4873 1791 5285 4441 6593 3342 6904
11066 196 125 960 3263 5265 3887 5271
11067 3929 3931 3947 5056 2978 3468 4891 6460 5426
11068 599 840 4081 2780 4841
11069 1329 3849 4694 4830 5508 233
11070 728 5195 5525 1633 1688 1753 3251
11071 1328 1762 3569 3979 3987 5413
11072 633 1273 3214 3809 4121 4232
11073 5558 1588 2195 245 306 445 6477
11074 4383 6126 1135 3115 4637 5532
11075 2506 6172 1616 2940 4915 1694
11076 2712 3184 73 627 742 2570 3877 4148 4617 4625 4800 594 1044 1438 2354 971 1283 1192 2323
11077 2888 2769 548 1193 157 830
11078 3150 3368 3514 6344 6624
11079 1922 4579 6165 797 1380 2013 4236 4727
11080 4587 6292 3964 6445 595
11081 226 17 53 541 971 1894 1834 4097 54
11082 4611 3957 4700 4891 6687
11083 73 1202 1827 2032 2061 2601 3030 3263 4394 5979 304 498 742 782 1004 1135 1633 1728 1755 2242 2450 2562 2732 2808 3214 3315 3365 3374 3761 3765 5157 5293 5560 5895 939 1356 3833 4097 991 3183 3362 3855 4058 4479 4627 5362 5537 2970 3658 5118
11084 978 1633 4212 5759 3101 3921
11085 782 2907 4562 4198 4368 5044 5873
11086 482 998 1004 2323 3177 5970
11087 2827 3326 5318 1145 4873
11088 4971 2207 2213 4572 6544
11089 4167 1044 4936 939 2545
11090 352 1864 4269 5396 5418 5949 4567
11091 3964 4207 5372 962 4689 4760 188
11092 52 392 1814 2754 6147
11093 2460 3180 5104 4198 6071 4815
11094 391 2000 2195 3931 5431 2074 2329 4198 5118 633 1342 5180 6463 1786 5546 2937 6126
11095 3072 1242 1760 1272 4125 4128
11096 1852 2703 1090 2452 1116 2904 2235 3253
11097 6035 6635 6163 1701 2838
11098 1853 828 2409 80 203 830 2322 370 1242 2880 4889 6436
11099 127 188 202 291 204
11100 1831 3010 3343 3507 4279 3263
11101 2180 2640 1935 1867 5021 5389 5484 6436
11102 754 795 832 972 3362 4551 4675 4710 5386 5691
11103 2020 132 3419 4938 954 1815 3655 4239 5870 283
11104 102 835 926 1328 3180 4460 4672 5743
11105 1735 2240 3050 3051 5291
11106 960 3543 3852 3979 4379
11107 2656 2838 3263 3754 4106 4209
11108 2090 2026 2074 3362 5085
11109 3271 3866 1966 2231 3216
11110 830 2184 2687 5156 5840
11111 1925 1544 4193 2024 4408 5016 304 5517
11112 2106 3821 4879 5196 5667 5782
11113 3572 4964 120 830 1283 4168 2931 6358 987 714 659 1003 5683
11114 3951 5089 5417 5879 6893 6913 6712
11115 25 335 795 2071 2410 2483 1889
11116 4272 5872 3786 1875 6740
11117 246 883 1037 1162 2712 2827 3445 3463 2996 3512 1953 2544 991 203 3060 1071 5800 3242 4113
11118 746 747 1222 2432 3851 4909 6093 6356 1004 3947 5530 2899 6580 960 4089 4285 5312 5534 6338 6499
11119 581 758 1374 850 4689 2028 2676 1312 2678 5537 797 1242 4934 1430 304 3006
11120 1423 2514 2636 3238 1642
11121 1063 1998 626 714 3089 177 1893 5559
11122 2550 4562 2659 5049 5270 1757 63 5208 2146 6386 6370
11123 1843 574 782 2921 4229 1786
11124 1873 2076 2092 2094 2485
11125 782 1987 2573 2981 3761 5598 6578
11126 466 675 807 840 2201 3922
11127 492 5470 5767 516 546 6477
11128 551 1981 4821 1432 3502 4404 1992
11129 3758 3965 125 1687 2369
11130 1883 1604 2204 2970 3363 1791
11131 178 3067 35 994 2768 2301 474
11132 3060 3143 1759 2981 3485
11133 4816 109 3560 660 3543 4611 5347 683 6265 1003
11134 1283 2032 128 870 939 642
11135 1789 2144 1078 1394 2838 775 4013
11136 3906 1106 4008 6176 654
11137 43 83 160 186 188 304
11138 4904 3479 4229 4438 4659 4518 1245 3855 3895 4564 5386 6058 4055 1929
11139 43 337 420 97 501
11140 2460 4198 6180 3180 6331 4094 60 2369 5145
11141 657 286 898 627 337 354 827 1736
11142 177 2460 3365 4096 5493 5639 6572 6735
11143 1064 1071 2032 3866 5040 167 954 1037 2210 3947 4842 5379 3406 3356 5492
11144 4566 1723 2881 3685 3845 5849 1891 2231 4305 4972
11145 3066 4201 6132 4901 2361 5638 6471
11146 1328 5627 1814 5350 5451
11147 1598 659 661 3291 5275 5690
11148 2300 1994 1430 2168 3072 257
11149 2084 4225 3363 4097 5645
11150 23 214 429 460 535 701 1321 2964 4458
11151 109 545 633 1103 1323 2500 5176 5607 6093
11152 483 527 1544 2796 2951 3758 4496 2323 2545 2807 837
11153 1637 1714 164 1516 2046 2479 3010
11154 6008 745 1723 3347 4793
11155 3235 2858 3877 1367 3059 2773 6502
11156 420 1233 1928 3310 1263
11157 3902 1294 3809 4256 4621 4920 4797
11158 1047 2460 4146 2103 3087
11159 1422 1674 2369 5112 3949
11160 1703 1630 4201 6105 6179 5910
11161 1025 2312 3201 3294 3468 2598 3060
11162 80 832 1032 1736 2265 878
11163 192 1417 254 2919 3007
11164 5195 3153 5778 3214 2004 3367 3416 5757
11165 4941 3234 554 742 6527 3646 6074 6762 4273 6125 2678 3220 6374 2717 5985 1432
11166 553 304 1161 6295 3513 5524
11167 1728 2168 2801 4689 6150
11168 438 1070 847 2797 4032 5711 6665
11169 2838 1277 2032 2750 4146 3759 2369
11170 1076 1483 2511 3463 6059 6163
11171 321 2232 3401 1544 2178
11172 6132 288 2377 3717 4260 109 6055 58 3311 1844 3809 927 4984 5711
11173 80 1063 1242 1306 2033 3260 2474 5690
11174 1496 2323 3278 4117 6750
11175 2908 3922 784 1723 5558 6719 850 6937 3839
11176 587 1578 3030 321 580 282 3347 2959 3200 2420 1984
11177 398 1200 2950 3353 5558
11178 532 3214 3929 1987 2535 1441 704
11179 2953 919 3188 4446 1550 1572 2155 3115 20 498 407
11180 1201 4430 318 4431 4905
11181 1544 5800 1597 840 4745 5869
11182 534 2962 3030 3410 4856 5720 2724 245
11183 1811 1796 2318 2347 3012 79 1810 4353 4349 3676 3677 4782
11184 1145 1789 3397 3670 6978
11185 39 81 142 180 63 86
11186 4121 2055 3952 4781 6436
11187 492 1150 832 1972 2945
11188 2865 3059 3562 4331 527 659 794 4759
11189 5138 2807 5091 5570 786
11190 1070 830 960 3005 1690 4943
11191 5211 5787 4008 4252 5794 3890 3493 1791 245 482 998 1867 4941 188 1438 2183 2323 6269 6397 845 5878 4496 939 6357 917 6421 833 2327 5635 6573 6790 6791 6523 5873 6965 6947 6872 6915 5014 7044 7039
11192 177 4689 3076 3603 2633 939
11193 1263 3158 3943 246 311 1844 1847 6222 514 2299 352 4298 80 2946 4241 6136 5638
11194 3765 6175 6328 1424 6167 6331 827 6176
11195 148 32 605 686 991 1550 1632 200 5350 4039 1530
11196 993 4596 5173 5313 5139
11197 77 1811 2347 4250 4353 4939 5285 5196 458 2242 5787 6078 6357 5849 6755 6904 6934 6968 6889 6995 7024 6969 7025 7026 7016 6941 6943 6944
11198 2692 4765 1003 1097 4626
11199 5097 2311 226 335 627
11200 622 924 1047 250 706 962 668 905 60 972 1747 154 1786 467 1240 1726 54 1701 916 1799 725 3193 1309
11201 4374 5442 3364 4260 6490
11202 125 179 554 1440 1588 1824 3824 4866 5385 5386 5389 5720
11203 1984 3109 3335 474 6211 659
11204 1591 1216 3579 163 4375 2574
11205 616 715 1733 245 603 3531 770 4317
11206 3434 3957 4084 5385 6236
11207 4171 401 1824 16 517 772 960 1178 2027 2608 2830 3343 4298 5873 2369 3347 5724
11208 212 148 3 280 603
11209 379 4722 2725 3180 4983 5015 5449 2724 5138 1373 1887 2122 3022 3957 420 2838 6225 3592 5558 3811 4787
11210 862 4875 4776 5049 2744 2498 567 3476 4130 4378 5107 5210
11211 3630 4193 5873 3891 6547
11212 127 529 2106 2460 5812
11213 192 222 420 1765 3400
11214 3758 5529 5645 3554 6394
11215 2987 917 4782 4789 11 1309 2807 1227
11216 228 229 243 342 429 458 219 310 347 314 555
11217 1653 3222 3962 4734 4833
11218 3488 3020 939 3604 5444 5874 482 2323 3566 4037 5598
11219 1159 2195 2740 4369 6584
11220 5873 807 2123 2598 5037 6281 1122
11221 4168 742 998 1499 2116 3506 3939 4049 4783 5432
11222 1313 1883 1735 3284 3438 5432 6040 6313 4710 6760 5118
11223 1791 3929 6811 6893 6773 6775 6999
11224 1295 1469 907 1432 2010 422 1413
11225 6309 6578 6863 6611 6125 6998 7006
11226 921 2917 2920 3078 3957
11227 2378 3761 4057 1804 1821 5102 2669 1322 1729 2657 4058
11228 1063 2113 2469 3925 452
11229 5965 1073 1471 2112 2979 3030 3866 5265 6479 6680 5522 7020
11230 1885 4354 1779 2951 3030 3753 4631 654 1052 2950 5030 447 1848
11231 5463 970 2369 6129 6624
11232 673 685 1037 1248 52 54 1621
11233 1494 1974 101 3554 2294 2782 3109 5432
11234 1645 1855 3060 3560 486 1263 264 648 1012 2778 1769 1789 811 3055 3353 810
11235 574 1071 1480 1759 2631 2718 2732 3012 3278 4100 1232 1588 2141
11236 2775 4945 5219 1728 4689 2109
11237 3374 3758 5559 235 6283 6540
11238 907 2761 3001 4809 4879 4891 772 1194 3184 5965 3453
11239 907 54 904 906 1362 1364 1569 401 1898
11240 5202 4551 4610 441 3776 4750
11241 3921 1071 2415 849 4628 2111 1043
11242 5112 226 1631 1242 4015
11243 2838 3350 5794 2226 2669 2460
11244 4391 4792 568 1723 5628
11245 304 566 833 3672 5537 6477
11246 2240 2460 4198 4878 5666 5731 5979
11247 3018 3078 4504 4768 5815 2119 3208 3746 3820 4420
11248 2590 2591 3383 1652 1908 3007
11249 2735 2147 2364 727 1815 3388 944 1470 2560 3655 5672 3057
11250 2323 1830 2860 3451 3064
11251 5489 5508 498 1433 5309 1074 3478 6099 6294
11252 687 4979 1759 5482 5849
11253 1758 2640 3184 3257 5245
11254 939 1887 3516 4984 356
11255 727 2788 3526 5211 4447 25 5971
11256 334 2168 3519 3923 4945 6295
11257 178 2130 3929 5539 5455
11258 1747 2276 2369 597 2372 3505 5312
11259 1416 2125 2323 4061 4355 4790
11260 895 2208 3372 3638 4628
11261 1064 840 3587 595 2908 6725 3698 2380
11262 52 4052 5070 5312 1848
11263 3744 4298 4496 5178 5179
11264 451 2908 840 6624 1653
11265 1222 1103 2675 1743 3448 1347
11266 2323 2460 1432 5287 1428
11267 6690 14 3942 5492 6652
11268 193 927 1047 2928 2067
11269 762 1015 1133 2378 2550 4445
11270 837 1923 1015 907 685 960 1434 745 1533
11271 1255 178 1233 2244 3204 4880 3137
11272 1058 336 668 1142 1792 1571 5416 4728 6855
11273 546 1759 2920 4118 54 401 3813 6332 6862
11274 1734 2460 555 5924 1044
11275 1728 3758 5056 5135 742 1690 2327 2710 3929 3931 4100 4482 2452 4046 675 2008 2522 3761 1047 1432 2862 3630 4272 4951 6051 6167
11276 2460 4790 5166 735 2478
11277 1903 201 246 998 2742 3660
11278 6253 5416 6353 5389 5849 6527 6226 6766 6117 6904 6965 6978
11279 991 2412 3839 6233 6691
11280 2782 4193 5118 3348 6914 6915
11281 6481 6356 78 148 5157 5695
11282 4521 251 1865 4044 5481 1567 5067
11283 1214 1328 2132 1588 2548 3251
11284 227 28 92 300 304 588
11285 6177 5711 1200 1595 6338
11286 3163 2854 3138 2710 1325 4671 1010 4227 4380 1966
11287 4028 5782 519 1054 1242 2116 2640 2758 2945 5471 989 6653
11288 273 600 612 928 304
11289 3144 4235 5873 6126 6221
11290 2954 2955 3162 3164 4077 627
11291 25 6716 761 2971 5014
11292 345 2702 2742 6457 917 5558 6179 1047
11293 209 749 1652 3007 3516 304 401 1347 2460
11294 2485 1435 1440 1939 2928 420 743 1861 6136 5958
11295 3821 5680 1134 1146 3361 2031
11296 627 1171 3462 1720 2512 3365 3373 2569 5010 845 1759 3923 203 1044
11297 5 25 3929 3993 4368 5456
11298 3138 973 1130 2296 1070 1233 1047 3194 3068 4156 1283
11299 3342 594 5376 591 953
11300 4664 5298 1438 2323 3866 6363 6366
11301 1306 1832 1977 235 3194
11302 3407 2573 2908 630 3167
11303 188 10 66 409 614
11304 998 3012 4696 1987 6547
11305 3083 3899 1795 4786 5119
11306 3795 5760 3194 3694 5456 2450 3448 6175 390
11307 2449 4008 6716 6734 5599
11308 3554 483 726 1405 2179 2220 3064
11309 334 3011 3783 4185 125 742 3030 5666 6136
11310 982 1571 2122 2369 2750 3973 5023 5056 5530 5790
11311 648 1810 2164 1064 6281
11312 55 3768 1852 2597 3214 4744 960 203 3059 4283 5186 3184
11313 3841 109 1701 96 6058
11314 2820 2360 54 1791 2354 6100 5979 6298
11315 326 400 607 883 1436 1701 1505 1424
11316 4516 5027 5028 3586 6099 6597 352 2450
11317 4685 2460 1728 5502 1257 1791 2838 5086 5456 6045 6261 6930 1044 4387
11318 851 4046 4236 2383 4956
11319 4551 2142 1934 2369 4212 6656 5400
11320 675 909 2937 5138 384 4482 6433
11321 418 442 460 1047 317
11322 976 3855 4008 4351 4905 5694 5977
11323 1830 1871 2697 2899 5921
11324 3768 3929 5425 2736 1312 5459 46
11325 4922 321 486 939 3904 4232 4482 5138
11326 2432 3448 4776 5979 344 4628 5076 5534
11327 987 5912 2193 5760 4874
11328 3126 1161 5744 3520 4496 1897 4842 513 5638 5809 1328
11329 1509 2369 2481 4527 6544
11330 1550 3607 2685 2151 2310
11331 906 2219 3234 4038 4395 1591 6135 925 1855 4052 5231
11332 2511 3541 3460 5796 4324
11333 939 1713 5 4097 567 4740 1432 4413 4787 3896
11334 1432 2491 2679 3957 5535
11335 630 757 167 5522 1643 3809
11336 5827 1191 1335 3339 3520 4154 3343 4198 2669 6035
11337 2517 4626 4658 6177 6253 6385
11338 67 334 1125 15 1246
11339 352 4844 832 293 830 987 5666
11340 1811 177 3108 3355 3832
11341 927 1544 3188 847 678 1329 3896 5851
11342 10 23 40 57 77 173 188 226 276 340
11343 1753 4879 5667 5782 6539 1544 6739
11344 1740 1432 3702 6868 3877
11345 188 6146 6474 6569 4947 4324 201 3581
11346 782 842 1323 2592 3350 5015
11347 5838 3585 4127 5598 2323 3957 3226 5570 401 1174 3978
11348 482 599 897 763 492 982 1980 2021 2141 663 1406 1806 2759 2782 2833 271 1924 1425
11349 432 3148 1047 1600 3073 1588 4452 4175 4956 3290 5413
11350 304 1021 2999 960 4350 3921 4539 5724 1467 6454
11351 1544 2460 3220 6074 895
11352 1227 529 43 1799 1952 2572 1728
11353 4894 5232 5376 6281 2046 3834 1425 2299 6653 5191 5489 4793 5666 5954 6975 3931 1199 4105
11354 596 1516 1602 1959 2115 2827 3057 3511 1708 1921 1887 4035 884 3845 3185 5368 3498
11355 1808 2449 3234 4096 4808 4912 5284 1726 587 6237 4696
11356 5312 5266 5873 6766 6651 6264 6855 6644 6860 6854 6996 846 6982
11357 837 1756 2897 4167 6073 6240
11358 4154 1211 6470 1070 1959 2111 4380 6969 6991
11359 1299 2978 568 990 3277
11360 3787 393 465 3343 6709
11361 4271 5003 4986 6289 2050 4212
11362 924 960 1047 1655 3625 4769 1071 1106 1494 4290 2919
11363 3715 4757 4667 6041 6974
11364 1659 78 720 1759 3964 410 717 954 1432 1887 5558 1227 6202
11365 4037 2573 4130 5086 4079 5413 4925 6472 6119 6541
11366 2717 4846 2858 3093 4727 2109 2369 3285
11367 5311 102 1624 3071 5424 5963 371 4965 537 4578 5157
11368 2951 3180 1323 2760 3401
11369 177 188 917 1432 1578 1712 2422 2697
11370 1822 975 1242 832 1240 3277 1489 3036
11371 318 555 1091 1096 724
11372 304 420 742 3064 4066 5074
11373 5304 5305 5306 6701 6741
11374 4260 2302 5091 5533 5535
11375 5832 7048 80 795 4188 4551 4639 6512 6764
11376 1139 3152 5493 1031 2573 3532 3993
11377 3605 4492 5588 5941 5797 6757 6993
11378 234 120 301 429 501
11379 1063 4341 2767 2866 4253
11380 934 3806 1987 4689 6814 185 364 569 918 972 1097 1701 2327 4089 4158 4285 4496 4760 4989 6213 6849 2369 482 6557
11381 1291 95 406 1931 1591 3302 1426 4862 1261
11382 322 1258 2615 4085 6313
11383 3059 1779 2372 4332 5509 5166 2678
11384 840 1867 2804 4689 4595 5015 1752
11385 5228 2599 2846 4922 352 1242 1887 2387 3115 4906 5578 6092 1140 2195 2898 3356 3364
11386 1987 2239 1544 318 262 3524 1600 579 1973 2806 4447 4307 2541 812 2299 4697 185 4922 6390 6491
11387 3254 1194 1135 4448 4730 2976 5376 3187 4113
11388 1436 1713 807 114 245 1200 1213 2129 2337 2998 3378 3647 1639 4728 3209 4712 3710 3184 4551 965
11389 11 80 1425 1832 403 1620 603 769 1842 1283 1285 3370 4103 4495
11390 6087 5018 2899 830 5138
11391 3342 1172 3690 3909 5979 4194
11392 901 1047 2477 2569 4374 5347 4247 5721 5077 610 3932 5612 1352 1838 2383 4117 4758
11393 1424 2484 4051 1432 1588 2773 3059 5247
11394 3680 5039 5099 3489 6489 5344 5757 1103
11395 4352 2569 5456 4589 6438
11396 361 429 239 362 460 469 52 4163 7018
11397 1507 1899 1571 3030 3339
11398 832 1111 1411 3315 3425
11399 1056 3294 245 5602 6099 6544
11400 5645 2479 2587 304 4156 1432 830 4141 4285 6375
11401 3610 1649 3378 5775 824 3184 649 1717 3805
11402 203 837 1021 1063 1308 2304 4760 5379
11403 1009 7047 607 939 1149 2146 3993 531 140 610 682 5923 5082 2097
11404 1888 2092 2093 2824 3030
11405 611 4448 4193 4523 238 1958 3891 4496
11406 5344 1755 2168 2593 3263 3409
11407 627 991 2693 5537 6129
11408 1610 1406 1924 3257 1590 3522 3290 5258 1653 6143 3738 772 1756 4049 5208 5312 5828
11409 2116 2756 4278 3843 6479
11410 2045 5757 1776 1233 4101 4285 1857 3184 2844
11411 5056 1151 2460 939 4696 5408
11412 1984 3923 1680 1828 5243
11413 2838 3548 3957 4922 6477
11414 5829 3858 6295 5871 6842
11415 1154 1161 1483 1650 4008 840 994 2168 2722 3515 3632 5979 1432 4089
11416 595 2732 776 2369 3592
11417 321 3877 4954 3701 1432 3342 498
11418 5221 5518 5705 1299 3263 5930 6073
11419 2535 754 4402 5414 830
11420 1529 5099 5979 2168 304 2369 6346
11421 1269 1374 1675 1991 3857 1501 3516
11422 2456 3123 3214 939 4298
11423 4712 1303 5587 5517 5520 6491
11424 2123 1867 5312 5652 6766
11425 691 1236 3280 1889 3866
11426 245 1047 1534 1853 2384 5873 801 1863 1791 4360 5834
11427 1097 2369 3768 1945 3526
11428 1183 1815 1161 527 1764
11429 883 1865 2112 3874 4785 5450 1481
11430 1233 1373 3048 4236 6141 6636 6683
11431 2962 2115 2116 2716 2718 4909 4389 3214 3012 1753 756 3554 728 633 634 2292 1432 2627 6491 3607
11432 3929 2201 5141 3317 939 1047 1309 1752 3214 5818
11433 1513 2460 3515 1219 2251 3947 837 5918 687 2669 383 3183 6236 1373 2665 4833 4608 554 5768 939 5348
11434 700 710 1096 1047 3055 959 6388 6386 2329 5075 5602 6608
11435 971 4497 2517 3333 3607 850
11436 4825 1047 303 1432 4085 4454 3131
11437 441 4689 580 1432 2669 5135 4097
11438 1061 563 1987 5 368 1159 1586 2193 2938 4118 4229 4956 5225 5347 2231 1726
11439 4383 5330 1373 5828 6844
11440 6181 2327 2669 3362 4285 5645
11441 2432 2511 3848 482 2323 3890 5386 2226
11442 335 592 4680 5422 5424 6337
11443 842 2249 4296 4605 5852 6796 2384
11444 530 580 1166 1044 1480 366
11445 4458 4695 4479 611 4689 2244
11446 1753 3396 3690 3910 80
11447 214 351 247 314 656
11448 840 1714 1852 3009 3353 1848 568 1633 1693 3239 4222 178 1071 1298 1887 2952 3101 3538 4894 2360 991 1161 1432 1713 3325 3795 1838 6126 54
11449 3262 89 6734 3033 6088
11450 1432 795 1198 1330 1211
11451 70 1716 1347 2532 4734
11452 1359 1203 2687 2238 2377
11453 2300 6240 674 6708 6710
11454 5723 905 257 3011 6539
11455 1714 3515 3524 3929 2806 4374 1233 4285 5075 3214
11456 734 4587 6046 2669 6385
11457 2863 4008 4799 5903 3526
11458 466 179 246 996 1134 2354
11459 772 1650 1987 6298 420
11460 4003 627 3060 4654 4704 1064 3264 659 2847
11461 3929 2842 53 2859 4189 1047
11462 244 276 829 844 627
11463 177 201 905 917 1047 5809 5509
11464 190 4858 2432 3142 3303 4689
11465 6227 748 3153 5146 715 2369
11466 1808 3513 4352 4905 5696 5810
11467 1090 1878 1534 2410 3366
11468 3184 2909 4787 846 3935 6562
11469 2100 2104 1323 2122 5803 5869
11470 1394 3413 3668 163 5979
11471 1630 1847 4166 4614 3457
11472 2276 3668 2169 812 2650
11473 3055 3929 1106 2797 1571
11474 31 6553 4037 6359 1384
11475 726 1438 5215 4696 486 5324 3073 3188 5378
11476 2592 781 4246 1702 3410 5814
11477 1227 927 4994 747 3101
11478 374 895 4901 1011 1752 2855
11479 2541 2542 4013 5118 6233 865
11480 800 2123 3305 1493 4679 3590
11481 2730 2250 1201 1670 120 2571 1687 3294 2203 203 1887 2083 3374 3596 3976 5511 3001 1193 3375 3479 4434 1842 3595 3518 953 4317 3326 6503 5451 5124
11482 3022 3183 3235 713 1159 714 1179 3787 6088 6193
11483 3783 4947 5015 401 3655 6691
11484 1037 1935 920 1544 3145 2840 955 1242 2181 2297 1233 3144
11485 68 401 727 737 994 1071 1323 1398 2178 2192 2693 3020 3756 6051 2618 1106 4627 5456 1097 2488 3394
11486 883 2046 3294 5426 6381 6657 288 454 455
11487 1064 753 594 2014 4183
11488 1438 1998 2640 3183 3795 5467 5839 5948
11489 2671 3358 3855 4727 4842 4942
11490 842 2914 5176 3936 4489 4777 3981 5134 6621
11491 1003 1764 3862 627 1966 5772
11492 3632 3867 5865 5985 6155 6874 5251
11493 773 5419 1856 2109 3363 4746 1433 1864 5258
11494 1440 2491 4986 5223 6349
11495 120 459 6268 6416 3342 6733 6997 7020 6918 6938
11496 3413 4060 5543 6268 6267 4578 6067 6381 1096 1645 5979 5666 6540 6527 6662 5711 6904 4193 4523 5014 6903 6980 6281 7013 6920 6785 7017 856
11497 1297 5425 5426 5458 5378 713 1588 2720 2909 3457 4631 4941 4954 5130
11498 1219 3753 455 495 1282 1285 3397 4446 4861 5606 4470 1303
11499 601 1344 1756 1810 3987
11500 1006 3112 687 1047 1071 2090 2807 3347 4089 4894 5484 6604
11501 78 1889 3065 370 3272
11502 603 1887 3964 6438 955 4891 5412
11503 1398 3683 102 2358 2955 3347 4215 4789 5666 6239 3263
11504 148 2232 3339 3921 6333 6551 6787
11505 3153 3929 4308 6451 850 3356 4625 4743
11506 45 443 569 5345 1047 6932
11507 67 1261 3630 1960 3149 2917 2992 5138 3827
11508 67 906 917 832 1471 304 434
11509 842 984 1044 1122 1432 2327 2970 4032 4152 6545
11510 3223 3410 4618 4631 54 2593 4152
11511 1499 2669 4139 3630 5611
11512 4082 4283 5846 1752 2450
11513 955 1741 3694 4097 5039
11514 1711 1815 1814 1320 1762 2974 3815
11515 3543 459 579 5170 6836 917 1690 4097 877 1755 4340 6209 6658 6832 6850
11516 591 1376 1791 2017 857 6481
11517 185 797 1233 1447 2586 3002
11518 530 547 772 939 2588 2669 2672 3448 3574 4054 5024 5693 5903 5979 4543 670 1897 1077 1202 1834 4285 4901 5762 2299 2844
11519 4764 2486 3976 5777 1588 6259 5820
11520 3280 1712 2156 2157 1427 1789 4418 1938 5559 5844 6298 581
11521 352 3834 3931 5244 6355 3929
11522 369 100 472 4144 4139 2517
11523 3240 3272 5127 5176 5718 6297 2975
11524 4305 5266 146 757 1279 1280 1281
11525 1430 3689 177 1044 1200 2370 2481 2850 713 745 1533 2266 3527 4589 4800 52 538 1824 2756 3891 6148 1829
11526 621 998 2090 3646 5530
11527 282 492 1066 3233 707
11528 927 1655 3347 3410 1202 5667 3481 4184 5252 5456 5581
11529 4099 2669 1044 6549 4573
11530 2407 2588 1724 772 3341 2854 3953 4112 1025 3537 2032 3858 4003 5118 5722 5558 5559 3660 6303 633 1618 50 398 6073 6439 6630 6643 5775 4798 5698 1653 3526 6734 1337 2888 2403
11531 3278 5979 1233 4054 5793 6075
11532 3685 4723 3530 2242 4366 3586 5954 1242 3804 6431 6281 2560
11533 6119 4078 4680 480 5184
11534 4842 3143 3530 5118 5362
11535 2502 2710 1121 1178 1202 1544 2897
11536 304 674 1887 2502 3560
11537 3312 3357 3359 3361 3363 3365 3412 3612 4017 4066 4427 967 1098 2535 4906 335 1588 3362 322 3143
11538 1227 6719 6792 3954 3859 5048 6622
11539 1624 4521 5379 2950 5408 6035
11540 830 915 991 3183 4835 5208 6752 2669
11541 2692 3929 5024 4365 5537 6323 2090 6145 4209 1884 1906 3348 4626
11542 1671 2897 1302 939 3465
11543 997 2168 2750 939 6108 6310
11544 520 3369 6377 3825 5637
11545 1588 1887 4089 4628 6931
11546 4420 4803 5546 3891 1003
11547 1766 2424 627 1417 318 1161 1201
11548 1071 3376 3347 3410 3108 3447 906 3450 1591 2920
11549 127 1977 3214 5386 6136 88 125 3520 1107 2323 4352 5406 185 245 486 842 939 1044 3855 6222 1775 2572 1263 4229 5666 1214 2110 4908 6282 1016 4388 6219 6688
11550 1867 2988 2184 772 2590 1432 2838 4965 6706
11551 2666 4028 5760 2909 4540
11552 2291 4193 4696 5711 6200
11553 5410 2578 3862 5626 3658
11554 924 1368 1987 1878 3569 3288 140
11555 1588 4403 5016 6375 5584
11556 4582 4648 495 1814 2847 3843
11557 610 1328 2392 3863 4899
11558 742 628 1036 660 627 1877 3300 3384 1896
11559 352 1867 3012 4730 4731
11560 6593 869 2452 3342 3962 4054 5085 5689 5743 5955
11561 67 3867 4696 5699 5766 5947 6152 6418 6546 3343 3409 7050 598 6723
11562 2142 2886 1151 370 594
11563 498 603 1047 1732 2976 4894 5950 630 2061 2807 4512 4664 5373 6621 4573 4759 6578
11564 4117 533 5411 15 516 2133 4901 5836 6448 6512
11565 2681 3019 121 1716 3923 4460
11566 1174 6521 174 519 6170 2271 5559
11567 500 3212 734 1057 1263 2185 1262 1432 2327
11568 1524 3401 3410 3624 2792
11569 1792 4615 5176 5238 4419
11570 246 1198 1921 1977 2106 177 1966 3460 881 4978 3521 4842 6583
11571 1530 1057 1448 4913 2880 2193 4298 304 1321 4117
11572 960 1586 2038 3862 4842 5208
11573 2636 2744 3165 2665 3849 5266 6286 5849 3372
11574 1714 1824 1690 2718 2993 2978
11575 1207 4823 2732 6706 667 2327 5720
11576 4298 610 743 1202 4540 4567
11577 492 1972 3429 3538 246 627
11578 5317 1824 2588 2906 5429
11579 4260 5857 1087 2186 3082 4347
11580 1290 2857 2304 3184 4842
11581 2369 5558 5413 5525 4376 5174
11582 658 278 731 927 2274 996 919 1998 2223 580 1106 1796 2833 1142 2705 2704 120 2193 6254 6360 6522 6802 6864 6917 6801
11583 4026 6041 401 4833 5376 6323 6389
11584 178 1037 2090 1102 2329 6617 4798
11585 2723 3364 3184 4743 6215
11586 3574 4819 4906 6525 3789
11587 148 1809 509 1373 3897 3806 3949 3060
11588 1481 1852 2137 2952 3618 3851
11589 1870 2193 4724 5310 1530
11590 686 830 1713 2059 3059 3479 3742 4285 1435 1852
11591 4594 5139 5174 5313 2572 6093 6393 669 4083 845 6553 1044 1047 1200 1701 2046 4628 5447 5450 6442 2569 4597 6010 6358 4595 4596 5448 1729 6141 1506 1214 1808 7041
11592 15 238 547 1007 2753
11593 1004 844 2020 3955 4192
11594 762 1135 1922 2184 546 3560
11595 1309 2659 610 3044 6283
11596 1696 3143 1135 458 4257
11597 2360 3173 2979 465 4008
11598 109 529 1382 2636 2693
11599 2249 2267 640 2394 2294 1747 52 554 1653 1803 1981 2039 3366 1106 1165 2535 1658 3284
11600 1298 1432 2193 1753 2883
11601 939 954 1150 1759 1372
11602 306 779 31 840 1556 1573
11603 282 2450 6814 6176 921
11604 813 1972 2877 2547 1831 1316 1172 36
11605 2045 4782 4789 2731 445
11606 201 840 4008 4096 4545 4551 6598
11607 849 3695 1621 3845 4967 6030 5118 516
11608 728 1044 1047 2478 2881
11609 379 460 276 429 612
11610 580 595 1068 2377 2740 3030 4930 5667 5782 5905 6390 6393 1103
11611 630 1037 4351 4842 5522
11612 2434 3059 3607 2967 2746
11613 574 1071 1310 3604 4008 4966
11614 4087 1242 1225 4841 6030
11615 88 998 3007 3388 4437 2120 2926 3854 4438 4906
11616 4147 1263 1834 2807 6296 3143 4737 3783 5575 5671 754 5630 6349 3555 4696
11617 896 1867 3392 5335 6145 6203 6204 2727 2692
11618 4285 2323 3560 3866 2324 3566
11619 554 906 1110 1135 1902 1951 2023 2024 3263 4194
11620 21 318 553 588 1070 501
11621 573 555 685 394 95 2664 6540 1948
11622 108 355 3679 4311 403 5598 3834
11623 1759 3143 4314 5278 3715 4618 4730 4760 3184 1221 3365
11624 5787 5416 6394 6396 6573 6491 6315 6857 6960
11625 31 95 831 930 991 4878 5056 5248 6271
11626 3528 1116 2758 2897 3855 2687 3424 3759 566
11627 991 3364 88 1323 2339 514 546 797 1209 2205 3672 3964 4012 4267 5086 5413
11628 192 3284 1843 1844 3866 6023
11629 794 2665 5543 5757 5903 5964
11630 74 2323 3044 3115 770 3978 4916 5753 958 2904
11631 5442 6278 6332 3956 12
11632 1038 1032 1498 5559 1672 1752 3348 4446 6272
11633 4496 594 2231 3964 4421 6386 434 2841
11634 1142 560 1726 603 938 808 1335
11635 5502 2067 514 2235 5862 6279
11636 627 1819 1882 1323 2600 3353 3367 4012 4818
11637 2450 4965 458 5809 991 2316
11638 4437 1236 3550 3372 5255 5537 610 1037 3670 3855 4922
11639 401 3372 5138 5570 1272 4626 3353 3362 5979
11640 352 495 4281 3813 3978
11641 111 420 400 600 622
11642 954 3627 1696 1679 4843 5968 6331 2599 2720
11643 858 1707 2801 3276 1358 1588 245 601 2672 4013 5112 1759 4712 770 5350
11644 597 2693 25 1387 1568 3182
11645 1759 4298 1317 4637 4096 4640 5706 6402 6793 610 3844
11646 998 3348 713 1296 1638 2087 3005 1639
11647 1650 2195 5784 5787 5571 874 5584 3921
11648 1347 1544 5049 6167 770
11649 939 1154 1899 3030 3263 3339 3365 3482 3483 3746 4420 5512 5583 5755 1588 1887 3881 4551 4696
11650 1071 1364 1125 1362 1227 547 924
11651 998 6340 671 1044 1139
11652 939 2184 3405 4942 1044 1405 4577 5242 5543 2968 4935
11653 907 127 486 1813 2838 4227 4750 5490 1227 1887 2931 3100 3348 3605 3822 3931 4019 4760 5118 6279 498 3185 1190 1201 3205 3343 5422 4893 651 678 4712 1328 1747 5820 2761 3181
11654 1034 2070 246 4040 4087 5972 1653 3658 3874 5030 2115 5636 4833 5093 3921 5247
11655 105 139 289 290 327 501
11656 3013 3411 797 1074 1870 2769 2836
11657 6226 6635 6847 6812 6733 6890 6782 6907 6908 6997
11658 1844 5638 4382 5519 6272
11659 757 4826 5621 110 4830 6636
11660 43 44 109 167 188 420 429 438 457 460 413 453
11661 2370 2692 3931 5191 5583
11662 3082 1196 2873 4494 5559 4201 2950 3333
11663 4979 5810 2106 80 906
11664 1940 2482 2580 85 132 1191 2087 1320
11665 452 1202 3727 4979 812
11666 726 2648 6167 5456 2674
11667 1544 2758 2951 3338 1477
11668 2680 3586 3991 4046 5224
11669 4793 607 4614 3929 3252
11670 1567 2377 4285 5979 6689
11671 2946 3929 4686 4801 5193 5456 5735
11672 735 5262 1703 2373 2908 3515 728 4298 6141 6706
11673 1232 2528 3065 1014 1016 2601 4724
11674 3632 3957 1296 2451 3181
11675 3963 4308 854 4801 1061 4978 6253 6635 647 5138 6875
11676 1406 303 2369 4891 2909 4371 5272
11677 756 2032 2351 1747 4971
11678 1711 1752 5369 6400 5280 5404 5693
11679 26 603 719 1791 1842 1881 2535 2572 3593 3874 4585 5292 6126 6283 6540
11680 3809 4277 85 1518 3516 4672 5104 5633 4952
11681 4297 2510 4964 3143 3184 6180 5905
11682 1752 1887 3351 4992 5537 4712 5321 348 1685 2669 2951 2952 3463 4139 5132 6327 267 1481 1483 4466 4752 6082 6175 6164 6044
11683 1015 3515 245 1306 6476 3957
11684 715 4107 4473 5670 3947
11685 2760 4032 1227 4696 6760
11686 1525 1762 2434 3194 3622 4040
11687 3416 5456 861 1394 1144 775 2299 5491 5719 6256 3246
11688 1090 2528 3929 2702 4373 4417 3413 1292 1844 3979
11689 78 1004 1385 2808 3365 4364
11690 1161 2242 2640 835 4826 5937 566 6463
11691 3559 3405 4783 2823 4415 4204 4899 1347 1484
11692 1588 1793 4628 998 238 5121 5978 6285 424 5070 486 5334 6332 6695
11693 588 3964 4008 601 3560 1047 3278 2219 828 2114
11694 2672 4074 1878 2089 2669 3385 939 3598 998 1201
11695 246 31 154 551 18
11696 2384 2386 3322 5755 1588 2369 5413 5638 3764 54 3453
11697 2839 4154 4877 5437 6036 4578 4324 4947
11698 566 1112 2988 4380 4381 1529 2242 5325 1293 3343 5085 5666 6255 5434
11699 2945 120 3541 3765 4318
11700 939 5838 5149 3362 4628 6207 401 420 2123 6090 6214 6520 3173
11701 80 148 77 246 216 270
11702 379 501 1107 3632 4257
11703 2158 2020 4008 4811 4856 5964
11704 821 1232 3193 475 845 3059 3923 5380
11705 1790 1867 3715 3239 3973
11706 627 1482 2718 3655 3809 3866 6004
11707 2677 4633 4992 4101 6207 4626 6398
11708 410 2601 2870 188 1807
11709 3694 6272 1790 6409 6926
11710 3662 304 2144 4276 5459 5411
11711 276 865 1309 6227 849 1343 177 5645
11712 392 1432 2455 2908 2951 5358 5481 5874 5979 1233 5558
11713 662 1404 2416 3060 245 3409 3624 3580 4087
11714 4495 832 2838 282 1741 1844 1855 3159 659 6634 5217 4193
11715 960 6410 4267 1283 1284
11716 3758 1740 1752 5136 6135
11717 3645 5022 5205 6484 2567 3448 3516 4922 6338 5093 6320 6720 3685
11718 329 5346 537 5634 6126
11719 3605 777 2598 3105 5432
11720 4942 2897 3605 1233 3405 6539
11721 2560 3144 4066 4553 4723
11722 1773 2277 2751 3030 3158 3263 3277 4819
11723 1021 1084 3632 3985 3007 5667
11724 212 43 75 246 167 202 231 306 30
11725 1217 1927 1427 6799 1948 1135 1054
11726 3655 3030 2693 3263 370
11727 3213 4168 1172 304 6753 2535
11728 441 917 939 2928 2864 3554 1190
11729 750 907 947 1481 1886 3631 3701 4072 4074 4100 4727 5720 2344
11730 3239 3829 366 581 1446
11731 4671 31 140 627 3915
11732 370 537 4055 88 3758 4906 2572 1565 452 807 548 1122
11733 1323 1744 1015 2183 3065
11734 566 4163 5490 3813 4586 88 1653 6415 661 2535 2846 5807 5176 5996 6036 1741 3038 6167 533 5617 6253 52 1044 1292
11735 2838 3693 6498 603 1929 2598 4257
11736 563 3691 4553 5456 6253
11737 2 486 5796 1322 1881 3507 5334 6282
11738 1149 2024 3250 774 1813 2728 2877 3395 939 2235 4739
11739 531 1135 3410 3524 4496 4781 4941 5512 5963 1283 3339 6574 5757
11740 1184 976 1304 3973 4193 5987 201
11741 407 1813 2695 2999 4741
11742 379 329 593 1018 771
11743 4301 4383 5689 2569 5757 498
11744 1737 1655 1004 1701 1765 2625 3659 4117 4948 6035 6244 3775
11745 1921 3448 2904 1714 3932 4424 1363 1881 2802 3635 4097 6287
11746 772 2379 3142 3343 1588 3050 5800
11747 2397 2645 3339 3783 797 5426 795 1956 2538 3693 5525 5912 6296 2112 1103 1323 2245 2650 4699 5556 5852 3610 832 2678 5652 5
11748 31 1786 3059 1331 3974 2723 5480 492 4789 5184 5394
11749 834 927 1047 1048 1301 1779 1856
11750 880 2369 3378 2133 2208 2330 2700 3954 31
11751 2888 1472 5231 6591 3291 1981
11752 681 727 813 742 1638 1792 2805 3780 1983 4712 3060 6718
11753 424 3515 3878 122 5741
11754 2277 4078 304 5034 6495 370 5373
11755 1079 1523 1714 1935 2165 2434 3448 304 654 1448 2288 3357 401 1786 2450 4624 4712 4824 5258 5446
11756 1135 1439 2629 3550 3553
11757 5485 6307 4090 5762 6660
11758 1690 2232 4842 6743 1855
11759 2324 2987 246 2001 633 4266
11760 1476 1233 4737 3410 1003 1246
11761 939 1044 2195 1047 3009 627 1530
11762 939 4383 4889 6302 6344 3486 4965 5558 4256 4587 4769
11763 1142 1184 1468 998 939 1071 1252 1514 2192 1353 1787 3615 2804
11764 191 939 5427 5925 6033
11765 824 317 322 514 1073 1059
11766 4361 352 2162 1847 968
11767 554 1106 1224 1954 1960 2220 955 603 913 1044 1363 1432 1480 1483 2319 2978 452 352 1591 1653 1814 826 1759 4712 5049 2184
11768 3586 2602 2072 1190 602 1539
11769 591 1881 6765 1530 4702
11770 689 529 90 1059 1432 2162 1942 2013
11771 1489 2118 2276 4227 283
11772 2193 3239 5666 5873 5907 2904
11773 441 2592 3132 3655 4804 4877 4965 5366 6341
11774 1030 2645 3239 3588 5157 5850 6055
11775 184 250 294 428 220 204
11776 2498 68 4740 812 3335 4160
11777 366 2340 4800 1653 4680 5986 5987
11778 3066 6323 1804 1821 2224 2962 4115 4628 6338
11779 25 546 954 955 1097 1133 1233 1844 1855 2132 2906 3438
11780 4013 1101 6308 3272 6721
11781 2968 3158 1423 1924 420 1272 3424 1412
11782 352 832 837 1432 2327 2718
11783 80 727 2090 3931 5756
11784 2318 1064 1411 557 2198 2401 2920
11785 3981 54 812 5412 4225 6099
11786 788 1334 3448 1232 4258 4878 3263 6176 5533 5984 1653 6386 2645
11787 1058 33 109 1227 3919
11788 975 5118 754 5552 4712
11789 784 1201 1465 1514 240
11790 580 358 2518 3035 5266
11791 845 5543 6496 6755 6729 6790 6791 6117 6125 6576 6853 6816 6864 6857 6980 7024 7013 6899 6936
11792 1972 1323 52 6281 1107 3307 5211 6099
11793 303 2182 4083 4353 5203
11794 1103 1650 1802 2449 6574 6720 5314
11795 3353 3043 1984 1997 703 4137 3410 6559 7038
11796 687 3758 6642 1762 5699 3378 5639
11797 3062 3035 25 2103 1875
11798 2796 3486 2804 54 1714 3042
11799 4911 635 2809 2901 5979 6005 6402
11800 1406 5304 659 5305 5306 6701 6741
11801 73 458 1432 2046 3515 4842 5197
11802 1935 2450 3367 2952 3842 304
11803 742 747 960 1655 1695 1954 2027 2106 2480 3521
11804 5118 5816 7048 5760 1565
11805 4193 3735 5232 5331 893 917 3506 4198 4450
11806 934 1529 2901 3182 3410 3463
11807 188 88 2175 2600 3365 185 2184 1841
11808 1672 4873 1432 2665 4097 6107 6482
11809 1430 1780 1233 1358 1494 2143 19 5241 3348 1904 1028 1917 2841 527 602 52 4317 4712 1395 5380 880 5558
11810 6593 6963 203 498 2024 6513 6522 6789 2323 5408 6903
11811 633 4711 2775 166 304 1452 1595 3032 5435 6563
11812 5356 3371 5465 5773 114 954 1127 1622 1643 2249 2529 2917 3194 3580 3862 3948 3976 4362 4509 4844 5353 774 879 1006 1171 1853 2542 3367 3987 4177 4181 4664 4783 5558 4550
11813 326 196 1211 2356 3054
11814 379 842 2242 2511 3560 5770 6879 1161 4209
11815 624 641 1625 1887 2997 3923 2946 4894
11816 6268 359 1318 4061 3957
11817 835 1044 1245 1261 1263 1690 3796 956 1508 2906 2979 3235
11818 3516 5093 4336 1720 2877
11819 3294 304 835 1887 4567 1530
11820 2750 3191 4519 366 4287 4484
11821 5949 716 278 815 3326
11822 1255 3351 1887 6208 6825
11823 3694 4578 4843 617 6477
11824 855 1612 998 1945 6803 546
11825 2046 2112 2538 2976 4329 6269
11826 3929 3768 4698 1015 1432 692 1755 4141 4419 921 455 2377 3610 3719 3535 3294
11827 937 1359 407 915 1522 1688 2256 4527 627 641 1047 2669 3022 4285 4170
11828 4572 695 1530 2412 3434 4936 4473 6126
11829 1987 3458 3605 5522 1127
11830 5 2327 2827 4097 4725 4446
11831 364 2032 5832 5842 5991
11832 3824 4529 1631 2897 4087 5112
11833 482 1943 1944 1964 2323 5701 6093 2055
11834 2250 4922 366 2374 3296 3548
11835 1283 469 1402 3911 1772
11836 1056 1544 4965 5176 5775
11837 660 1628 1047 1226 2474 3851
11838 757 3251 3904 4464 5537
11839 1138 2093 2550 5622 6588
11840 4909 5220 6109 1037 1323 4549 6427 692 1929 2674 2720 3503 6008 6931
11841 896 1432 140 2649 292 2265 2073 1573 3963 95 4589
11842 329 482 1200 2951 3855 5442 1885 2090 3397 4330 6427
11843 4852 6170 964 1928 2277 2369 3492 3496
11844 2710 2718 5075 6157 1292 2185 2827 3575 5318 5670 4995 2313 5333 3857 6010
11845 486 4089 2760 2899 2976 6854
11846 177 421 4395 178 1336 1588 321 2732
11847 1887 2976 4842 5088 6338
11848 603 1803 2276 54 1329 1653 1859
11849 3248 998 967 1755 2284
11850 5 4113 1358 1757 2950 1003
11851 2569 5021 1367 566 3061 3149 4551 1837 3591 3715 5909
11852 939 1276 1740 1753 2909 3347 3782
11853 6386 527 1855 3030 4651 6469
11854 603 498 1952 1986 1530
11855 188 917 1042 1200 1922 3866
11856 934 3157 3251 3463 4496 5321 5482
11857 761 1723 4936 2535 3388 5199 6411
11858 118 337 429 208 423 10
11859 1071 3964 4198 188 3725 6082 1847 3877 3881 5558
11860 685 1855 2427 1680 2149 2238
11861 1127 5976 6356 2907 2952 5395
11862 3226 3326 3361 4154 2718
11863 2219 3659 1077 3971 3340
11864 1182 1138 939 3703 4857 3183 4964 5979 3246
11865 4578 5157 2838 5638 2128 2640
11866 551 1547 1908 1924 3516 4196 2281 5116
11867 5347 5086 713 3184 3651 3958 4965 5177 5208 4193 4626
11868 1006 177 3839 5554 5757 2833
11869 1173 2112 3367 5099 5328 333 1211 1537 3348 6476 6076
11870 2326 5146 4343 6436 1597 5236 6027 6200
11871 3891 5873 5376 1887 803
11872 486 840 3240 5232 6513
11873 747 3624 7047 3362 3834 4131 3069
11874 1653 6158 3516 2393 5778 6187 177 2718 2827 2869 6542 1233 5887 1706 3410 1881 917 1432 52 1922 3877 3957 5493 1541 6046 6418
11875 3276 110 178 1012 4352 3180 797 122 1190 6177 486 4008 5456 5535 54 304 889 1653 4867 5887
11876 3920 2183 2351 4696 861 3586 5598 6211 6480 6476 6511 1233 5986 6402
11877 2242 5908 5977 6269 6309 6822 6811 6915 6717
11878 3803 4326 927 1354 4315 5433 3094
11879 4744 3357 3360 3363 3409 4789 5208
11880 1137 2183 3065 4497 5191
11881 2756 897 4631 5623 4744 3783 3420 6025 2096 915 6126
11882 3060 4078 2931 2487 6273
11883 6381 1887 6722 178 245 610 754 1122 2460 2758 3941 4143 4198 4220
11884 1172 1358 1428 2482 2509 2978 3348 4229
11885 1867 5573 3537 4638 6928
11886 4782 1219 5228 5230 2535
11887 2103 4724 4209 784 6302
11888 1808 424 1323 3515 6073 1201 835 3142
11889 191 1714 2901 3347 4198 4878 5437 6033 6566
11890 191 893 1519 2240 2665
11891 5211 4389 5378 6395 5685 6539 148 6331 5177 6472
11892 747 2077 2955 3367 3571 3372 534 880 1106 1746 3337 3794 4664
11893 647 837 1852 4496 5118
11894 2761 954 3615 2290 1089 1643 4460 304 2323 2693 4579 6431 3581 2881 7006 5583
11895 4198 4482 5314 5855 4545 6369
11896 2888 3239 3469 3660 1759
11897 2146 3680 1116 2986 5862
11898 939 1690 4319 4578 4697 5157
11899 5978 845 1064 5140 188
11900 2369 4823 2183 2323 4545
11901 633 4730 4575 4644 830
11902 561 1268 608 999 26
11903 520 138 2294 3246 4901
11904 992 1867 188 633 742 2112 2827 5176 6523
11905 1693 2366 3101 3334 3866 3972 4724 4807
11906 1628 1536 1867 2112 2897 6227 245
11907 4873 4352 2193 5457 2450 2572 3535
11908 77 177 186 324 400 416 554
11909 1975 939 2369 627 954 6323
11910 939 3881 702 1179 1192 3695 4874
11911 1867 2679 3515 3727 4842 6316 2304 5713
11912 3038 3465 5962 6268 6383
11913 1127 2892 5847 1522 3184 4953 6080 4658
11914 2931 1242 3173 2298 2220 3359 3370 3412 4719 3365 4626 2631 5413 4105 4201 6594 1904 5706 6729 6092 6391
11915 3011 127 178 793 994 1037 1130 1253 1759 1844 2193 2460 2647 3065 3166 3541 245 458 545 601 1207 1211 1227 2669 2939 3659 4178
11916 1752 3184 3476 5456 3363 3356 3981
11917 3594 5852 6503 6506 4712
11918 2106 2981 4648 6065 6328 2732 6894
11919 321 3809 4184 4587 6885
11920 911 3635 5398 2291 3905 567 1025 4553 5153 2146 303
11921 1309 1959 3953 4032 6038 6766 6684
11922 952 4405 2732 4665 1903 5049 3294 5002 5024 6532 245 845 917 1233 1588 1775 1867 2032 3465 3611 4696 4610 6446 516 6129 3184 3356 498
11923 897 1055 2750 1412 3314
11924 772 1637 3563 4133 1791 3752 5503 5434 6227 6540 6096
11925 1161 1956 2479 2548 3929
11926 68 573 687 1309 2184 2205 3234 3679 5739
11927 3929 5074 3101 3406 5756 4551 1484
11928 647 757 1063 2321 4008 5055 5074 715
11929 5112 1044 4567 4456 3304
11930 1567 813 1179 3604 4941 3891
11931 939 1280 3060 3921 1981 2502 2535 4539 6127
11932 1432 2761 840 3281 3605
11933 906 3578 4059 4139 842 3333
11934 917 1107 1987 2327 3079
11935 275 177 797 1814 3465
11936 1609 1752 2674 3548 979
11937 379 294 1303 1841 401
11938 1231 1935 3614 3468 3764
11939 1832 2438 120 459 6717 6878
11940 3605 1544 6143 1392 3201 4527
11941 2327 2702 2124 4352 2839
11942 677 845 4016 6055 3602 3718
11943 1047 1759 1713 1292 2636 3118 267 1760 1887 1924 1263
11944 1789 1887 1894 2045 2862 3362 3062 4712
11945 1438 1909 3067 3709 4374 627 1759 498
11946 1176 1177 3334 4835 5705
11947 1522 2416 488 1489 3073 3342 2618
11948 1071 2129 573 923 2857 4824 6779
11949 2115 3716 4584 5522 6019 6680
11950 157 420 551 1693 2631 3676 2364 1227
11951 4700 5645 6297 2904 3078 3731 350 3614 874 2288 4208 4706 5124 5376 5798 759 5603
11952 587 674 1759 2460 2466 3263 5478 5711
11953 3149 1506 1887 1534 5760 3959 2601 3710 5485
11954 1432 4019 726 5522 2168 5164
11955 787 807 2920 4579 5544
11956 346 1578 1779 1833 2249 2323
11957 2480 2759 1202 166 1827 3173 5412 1097
11958 972 939 4070 5836 222 4675 3793 4496
11959 1565 1729 3556 4132 5931
11960 832 2478 6135 6242 6580 6104
11961 5070 5410 6664 6808 6811
11962 5148 3930 5352 2299 4244
11963 1935 6308 6605 1526 5195
11964 2497 2744 5138 317 1290
11965 3572 4551 5177 927 1791 2323 3278
11966 185 544 1214 4525 5981 695 1198 1205 1271 1929 6321
11967 4278 2213 3809 4304 3581 4637 3346 6689
11968 1070 3153 3409 4768 6301 5376
11969 6263 1077 1705 1740 2327 3343 3448
11970 1492 516 1722 2059 194
11971 797 1760 958 745 1242
11972 5270 4631 3859 3194 2706 4612 5000 901 3872 5583 1047 621 3949 1233 1612 1753 5795 6281 2534 4496 6533
11973 321 1071 641 675 3174 5456 5558
11974 2032 3080 4227 991 538 917 3895 2603 143 4421 1026
11975 5937 1328 1934 2369 6490
11976 2479 5456 6708 6887 897
11977 1852 3553 1070 2950 2951
11978 5662 5896 201 465 2980 6298 6932
11979 1217 2460 2638 3294 5318 6187 4193 5072 1560 533
11980 1118 2502 2854 3213 4418 850 2904
11981 208 248 250 428 731
11982 1756 4664 3156 5559 2346 3834
11983 4952 1746 4122 5015 5556 6385
11984 53 554 2759 964 3059 2356 3006 1844 1856 2790 2788 3676 1161 3831 1653 5417 3803 6406 6408 5878 850 5269 5930
11985 337 1227 481 637 659
11986 1071 4008 896 3406 5711 3557 5999
11987 3249 3873 6354 1392 3702 1044 6391 6715
11988 318 598 1330 3779 4373 4517
11989 954 2838 5829 6874 6226 728 6001 6766 5862 4285 4794 6509
11990 927 1015 2968 3024 3098 3203 4335 1480 2424 5412 5310 6273 939 1351 634 6316 6650
11991 3834 5691 4010 1047 1633
11992 977 1342 3013 3059 715 829 4567 4630 879
11993 142 246 10 429 312
11994 927 1015 3849 2757 1491 1791 5417 5550 6638 6773 7042 7049
11995 196 1109 2592 2362 2593 80 1568 1106 1799 3182 2547 452 3754 3393 3397
11996 610 1887 25 3877 2950 1723 958
11997 3929 459 109 5056 5787 5937 4188 5083 6226 5532 6215 6811 6784 6437 7007 6785 7039
11998 2024 3363 3947 4923 5979
11999 2384 542 1507 2386 5456
12000 2976 238 2000 4017 886 370 5118 5362 3586 5456 1155
12001 2702 3573 5214 939 1843 1864 3605 3929 4591 486 830 5847
12002 3752 1211 1532 2672 2797
12003 3059 1323 2052 4835 5189
12004 3372 3400 3585 3066 114 840 4909 1588 1711 1712 2123 2435 2765 3897 3931 2582 2586 2587 1042 2956 3782 4374 3174 4534 581
12005 318 4651 91 837 5800
12006 1464 3214 5691 6187 994 2323 2460 4338 6067 2121 3343 3639
12007 67 675 1759 2756 4829 3554 976 6168
12008 5456 6160 998 4008 5498 5979 6028 3858
12009 906 383 1159 1841 1423 2276
12010 627 3191 4012 127 1037 3342 939 1012
12011 2756 5857 2569 3343 4209
12012 2756 3866 4376 5376 4402 4840
12013 775 3099 3183 4784 4793 4795 6208
12014 2864 3169 1219 675 750 2669 3554 4929
12015 2323 3866 5549 1103 4553
12016 641 4250 4966 459 1791 5345 2242 5415 6496 6410 6789 6965 4607 6874 6945 6944
12017 1959 1227 1870 2221 1370
12018 3793 2380 1881 2954 4865
12019 1524 2046 3269 3610 4905 5240
12020 129 275 337 238 251 462 28 54 304
12021 835 991 1233 2129 2415 3115 3406 4097
12022 2578 3130 5993 6101 6105
12023 397 3789 554 994 2756 2908 2962 3065 5782 5422
12024 1938 2478 3054 6788 1051 587 2797 5240 2952
12025 1099 1350 2162 2420 4905 2732 1522 454 727 2970 4659 3332 4402
12026 1152 939 2017 2276 1003 6361
12027 202 312 404 409 536
12028 3901 4574 297 304 2220 2369
12029 6298 4582 5610 6136 830 850 3030 3964 52 6525 7006
12030 761 1655 2442 3263 4008 5833 5902 5375 3121 2565
12031 290 337 10 279 327 361
12032 1993 2643 2750 3279 654
12033 1526 4672 674 4835 5537 283
12034 2775 6605 6356 746 748 2112 4664 5366 5493 6965 2676 5563
12035 1483 2693 3634 1289 6147
12036 1063 1198 2478 2988 3220 3226 3866 5598
12037 3246 581 3758 2109 5456
12038 3874 4913 5386 5417 3143
12039 1074 3516 2204 3069 6099 6190 6448
12040 3350 3372 3852 5092 4956 5376
12041 311 543 3728 3929 2193 3356
12042 352 63 1847 2147 2327
12043 2397 3162 3410 796 3366
12044 55 1655 2808 3510 1298 4082
12045 188 785 95 1465 1090
12046 4433 2467 6410 835 6609
12047 4789 4905 3855 4527 25 3957
12048 695 837 507 2105 2162
12049 1927 2242 5976 6358 6662
12050 438 337 492 433 347 600 275
12051 3957 5086 5508 2650 3060
12052 1202 1646 2659 3416 3758 4040 4097 5088 1135 1887 2517 5376 1242 3743 2075 4793 6653 1929 3786 4298 5790
12053 1973 3143 3126 630 1618 2809
12054 641 2897 452 4259 4272 5575 6218
12055 1713 4894 2160 2502 4950 7050 4680
12056 1669 3118 3362 4908 5085 4624 245 603 2390 4585
12057 3716 1380 4408 6497 964
12058 2829 5666 4298 6688 2628 5852 6065
12059 1841 3364 5176 939 3401
12060 1058 1090 1176 1383 2832 4939
12061 1808 2323 88 1809 3030
12062 352 617 1178 2596 3152 4097 4727
12063 4008 283 2184 122 4874
12064 1111 1260 3180 4322 5757
12065 2650 1499 2824 4097 4727 1432 2920 4285
12066 917 939 1233 1432 2679 2710 2712 2718 3548 3957 4097
12067 4420 401 2106 4696 4908 3839
12068 1044 1791 3758 5138 5378 5739 1006 2479 1755
12069 462 10 43 554 501
12070 2194 2638 5622 6004 6708 6711 5014
12071 1880 1110 4512 4816 1402 4031 693 1887 4051 5537 4003
12072 2727 5495 578 641 6475
12073 1098 2284 2351 3064 4044 2978 3802 6544 4539
12074 1655 4551 4553 4837 5327 5937 6075 2323 6619 6264
12075 3363 5638 5880 4831 4122 2518 2863 1483 3366 3902 3695 4162
12076 5412 6052 3460 6215 2613
12077 6238 830 1171 1401 1853 2327 3059 3877 5456
12078 6406 5543 5958 6496 6353 6295 6755 6766
12079 167 1432 3512 1077 4498
12080 1156 1432 2411 2750 4491
12081 2758 3263 4193 4253 2122
12082 1179 1797 3796 2904 3560
12083 3467 1925 4696 2502 2052 401
12084 630 1851 1864 3881 3987
12085 3931 627 1791 6283 4446 633
12086 735 2027 2323 3023 3510 4335 3105 3950
12087 1044 1438 2839 3410 2517 3001 3637 4789
12088 1103 3789 4302 4900 6645
12089 4310 4442 5841 5688 3928 4353 4545 5598 1688 441 5678
12090 191 492 2460 127 4447
12091 869 2038 2943 1476 1821 3240 4036 1796 4878 2016 3393
12092 3564 5138 5308 5917 1588 2997 4097 4560 498 835 2383 2838 3592 5541 5937 4020
12093 4044 6190 1759 746 498 4312 5292
12094 882 513 1530 2095 1808 6035
12095 5800 87 1844 2304 283 4772
12096 937 188 500 1016 288 345 1632 928 1791 812
12097 2808 4741 5898 2908 4689 4697 4737
12098 563 2659 3929 1960 6227
12099 3764 54 715 2824 3184
12100 1226 3948 4034 5153 5293 6090 6095 6096 6814 6747 6816 6818 6820
12101 3357 3360 3816 4590 4704 5346 797 1791 4589
12102 3383 1770 2620 1187 3004 3609
12103 420 1323 1670 1973 1999 2679 3073 3642
12104 6397 4873 4909 6487 6760 2988 6698
12105 374 4064 1791 5172 998 4065
12106 1011 1064 2469 3554 4207 5070
12107 939 527 1368 2271 1999 3962 883 1386 6481
12108 1628 3515 4062 5056 1930 939
12109 2305 2946 3030 3315 3482 3692
12110 627 2084 5757 4875 6241 3857 6506 5787 245 452 1233 1304 1809 2106 5558 6766 3929 5979 842 80 754 4602 5339 2807
12111 364 738 1260 1759 2775
12112 3947 6796 6831 2147 2732
12113 1471 2116 3030 6167 401 1172 4884
12114 2323 2460 4318 434 850
12115 73 915 2219 3931 4252 4873 5979 6019 6093
12116 267 2514 3311 3758 4736 1645 5482 824 4167 4180 6215 6608
12117 1578 2154 4457 666 1168 3947
12118 1037 2090 3873 4795 5481 5560 5778 5830 6036 2976 5493 6067 6848 1753 2470 6187 6614 6903 6963 664
12119 939 1883 4435 1297 2573 6932
12120 267 3957 4727 3485 6612 603 1530 6104 1044 2838 2888 3184 4097
12121 1597 1058 1308 3506 4225 5232
12122 742 2663 4715 6565 6566
12123 2644 2839 3343 2472 3388 2157 2955 1015 1172
12124 842 954 4201 5953 1853 1688 3180 4120 2696 4351 4869
12125 318 1871 2600 6332 4198 6036 6079
12126 25 2193 2674 3183 4419
12127 5198 2123 2435 2892 4193
12128 5156 3347 3361 5070 5583 4246 4256
12129 3733 2407 2963 675 1797 5164 127
12130 6663 1015 3204 4915 5809 6934 1897 188 1103 4008
12131 1898 3214 3365 4397 4851 4914 5598
12132 10 23 71 7 77 127
12133 379 5581 6402 6653 6648
12134 127 188 203 837 1690 1701 1834 2827 5775 5905 6179 2439 3866 641 5777 598 5176 5723 333 1161 2838 2904 2669 4965 5535
12135 647 695 4227 517 3408
12136 939 1544 1787 3324 2617 3205 3994 4013
12137 318 1253 1385 2460 2775 2966
12138 1633 165 1887 3851 522 1962
12139 664 1025 1517 2023 3065 3365 3809 4452 6460 6431
12140 1453 3896 699 4696 6534
12141 1075 1293 1669 2024 2892 3931 4482 4801 4946 5138 5405 5519 6329
12142 6051 2669 1641 475 1534 2881 4229 5558
12143 2279 563 3214 1063 3957
12144 5208 25 6449 6349 304 714 1653
12145 2592 2020 1274 1530 6434
12146 2970 6298 5879 6837 6893 6954 6899 6998
12147 2810 842 2909 4173 3409 3922 1707 5954 1480 2718 3811 2838 5714 6889
12148 267 3078 1015 1591 6373
12149 573 1103 1481 1897 1914
12150 3444 352 3739 3144 2650 754 4720 4874 177
12151 4275 3424 5757 6358 5312 1233 6318 6706 2844 5362 6041 5118 5638 1393
12152 514 812 884 1077 2369 6118
12153 1588 3747 4561 5379 5484 6311 5456 3561 3985
12154 127 1881 3144 3294 6067
12155 1573 3073 907 812 850 1292
12156 5118 4672 5157 5940 5943
12157 1076 2400 4122 917 4482 5377 5523 498
12158 922 625 938 25 1714 2974 6114 3344 3465 3941
12159 660 1063 2476 5672 6665
12160 4086 4562 6671 2838 3030
12161 2977 131 1699 2264 2433 3799
12162 398 486 1078 1452 1493 3214 4833 770 3239 4681
12163 177 1037 2184 245 503 574 644 1786 1867 2039 2042 3001 3031 3038 3867 4687 5244 3929 2107 54
12164 958 339 1948 3852 1319 4665
12165 1432 3448 267 979 4097 2327 3649
12166 3911 1802 5730 4212 4712 6015 3874 3342
12167 681 4420 5086 1425 502 95
12168 955 4021 5072 235 2920 5114
12169 5654 267 905 915 4889
12170 73 78 458 1480 1507 1939 1961 2279 2323 2460 4808
12171 1273 3517 4689 4842 1728
12172 2142 4697 4667 2144 3763
12173 3727 1580 1723 2090 6171
12174 3278 1373 3172 3175 1242 2732
12175 3365 1178 3581 4204 4967 5513 6386
12176 43 62 77 81 10
12177 6141 6177 5525 5979 6503 5358
12178 2902 4967 742 2277 2678 3030 5975
12179 2182 3765 1659 2976 1735
12180 6179 4352 1385 2147 4083 4195 5530 4110 4888 6395
12181 705 3142 3879 4198 4318 5256 5353 401 1172 1588 2598 3277 3448 3851 6760 647 6099 6101
12182 670 1911 3180 3731 3732 5756
12183 5115 323 917 2031 2830 1138 2740 2809 3290 4867
12184 3619 178 5345 5979 6603
12185 2359 2704 1358 1579 2792
12186 1071 1811 1941 2017 815
12187 2404 5294 4220 3589 5191 3590
12188 4387 3202 3305 5145 192 4681
12189 239 260 81 206 289 310 223 3
12190 2750 3557 3373 400 1519 1882 5176 441 546
12191 1263 1432 3413 3416 5232
12192 2563 5091 5333 5456 5862 4877 4046 3655
12193 1759 2386 2193 4052 6660 4298
12194 828 833 2561 3358 6135
12195 6083 6236 2369 4900 78 1887 2028 2676 4989 5312
12196 893 1565 1851 2090 2897 3890 917 2006 2032 727 4783
12197 1242 3892 3803 583 4332
12198 3473 177 772 1211 2897
12199 4553 801 1361 2758 5180 5867 2857 4010 5838
12200 494 1774 3776 4281 965 4814
12201 3866 4156 3469 188 6459 2953 6136 5638 3246
12202 641 6394 1855 3173 5427
12203 1077 1078 2442 3297 5362
12204 1650 1849 2808 2951 3858 2460 3586 4244
12205 2293 4814 5571 5609 6138 987 2750
12206 210 1382 1499 699 1153 1227 2535
12207 3119 1306 5111 2732 4083 1263 3586 1981 3378 6449
12208 4992 196 2327 3012 4097 4496
12209 2976 3409 3410 4894 5721 6890
12210 3506 5976 4175 4259 4639 4823 4908 5008 5176 5408 6323
12211 507 772 3967 1033 1883 5004 2756 46
12212 4367 5526 514 2248 3668
12213 3214 5226 430 5411 4194 5803 5112 5023 2560 5007 2561 3175
12214 1076 5756 6057 4208 5413
12215 3984 3306 3363 5511 5920 54 1910 3856 52 833 4134 6273
12216 1815 2005 979 1278 2974 5311
12217 5394 274 58 602 6233
12218 360 2304 2322 4828 5877 5873
12219 1663 3012 3401 3515 304 1494 4089
12220 127 373 438 51 34
12221 981 4567 2838 683 5697
12222 907 1262 5176 4664 5774
12223 167 1650 1655 2094 3047 4627 5148
12224 818 2241 4179 4905 459 5118 5061 5193 3610 6227 6251 6323 580 1047 6315 6594 5550 6864 6811 6876 6901 6969 6990 6917
12225 43 439 167 1832 1791
12226 3929 6296 3409 3883 3955 4256
12227 772 1430 797 1153 2106 2636 5562
12228 5949 2249 3586 812 2663
12229 331 2740 3691 4247 6480
12230 563 3372 3396 3611 1635 5620 557
12231 4332 5112 5114 4193 2182 4826 2665 3658 4205 3874 6370 4798 6402 6504
12232 2591 3462 3543 33 964 3890 4173 2945 4582
12233 837 1424 3852 4008 5362 784 2901 235 1588 5963 1552
12234 136 1493 6162 6204 6073
12235 1651 4429 4789 939 1242 4793 179 2976 3517 5258 5362
12236 4495 6281 5410 4343 4529 6494
12237 2732 3347 4631 5814 2593 2306
12238 1759 2272 3667 3478 6627 5137 177 1987 4349 6660
12239 3516 3995 6477 2596 3841 6476 6653 6914 2595
12240 3765 1714 1802 1740 3721 581 498 1265
12241 2573 2982 2984 4727 5347
12242 2591 3302 1591 1397 5916
12243 772 1728 2479 2426 2832 2494
12244 4900 1594 4285 5309 2723
12245 4571 1251 4842 3679 4694 2146 2486 1000
12246 299 66 188 269 270 337 420 40 440
12247 2728 4744 2790 3736 3894
12248 573 928 1997 4060 3173 2071
12249 2200 1523 1981 1071 1330
12250 4348 4125 2430 4935 245 5458 4246
12251 1242 1480 1483 5243 6728
12252 120 674 998 1051 1106 5756
12253 4543 4770 2732 6291 6723 1405
12254 2305 4028 670 1044 3150
12255 3342 400 955 2109 3239
12256 1622 1623 2710 4063 5037
12257 3592 780 2195 5196 6395 6360
12258 5159 5699 991 1385 4578 5093 5138 4793 5197 5411 5558
12259 99 1740 2284 5056 5336
12260 80 2514 2529 2775 1651 2262
12261 1568 2592 2955 3030 3409 3809 4330 3656
12262 2432 6778 604 1218 1534 2460 3683 4791 5312 5477 5623 6243 6555 6675 1655 2466 4066 4894 6766 1585 2692 3365 4842
12263 5607 6744 2449 6928 2510
12264 2323 4543 465 5672 6723
12265 2756 2870 3679 6326 2369 3353 6870
12266 482 1338 670 2327 3045 597 2460 4272 4379
12267 4628 293 754 1887 1432 5263 2535 2808 5994 6126
12268 3866 3491 954 2279 3683 4337 4789 4842 3929 304 1144 2855 3453 5873
12269 1362 192 1901 1619 1833 2400 953 654 3 2249 2227 2178 1642 4623
12270 1906 1808 1703 4783 893 4328 1597 5666 5779
12271 5478 687 795 2641 2756
12272 1811 2508 5060 6315 6865
12273 3059 1534 1981 830 1570 2262 4844 5787 145 2637 2372 5211
12274 3922 5074 1421 2669 4126 4591 4689 441 6107 1044 5072 5537
12275 470 927 939 1173 1293 1669 972 1263 1706 2502
12276 993 3895 5070 5173 5174 5385 456 6661 2560 2970
12277 695 906 1198 1887 69
12278 1283 725 2663 4370 5362
12279 483 1313 2179 4486 3342 2740 3092 6534 203 4625 6473 2193
12280 2765 2669 2804 1149 4389 318 5372 163 4562 5867 2904 6089 1402 3131
12281 28 70 812 521 2200
12282 998 2162 2332 445 4929 1103 4303 6839
12283 2236 4672 1909 4049 5965
12284 1176 3922 545 772 3982 4055 3278 78 987 1981 1310
12285 5310 304 1015 1530 1728 3795
12286 1193 1533 3116 1929 1711 3687
12287 3920 4417 1261 554 6073
12288 2369 5188 1544 1756 2767 5223
12289 120 458 5417 6323 6507 6729 3342 6834 6576
12290 224 367 43 438 301 98 573 1071
12291 5645 6354 154 537 830 2112 2311 5868
12292 819 3564 3779 4198 4285
12293 6580 85 1272 2090 3401 5312 6476 6477 6766 1824 3194 3543 4879 6035 6332 6720
12294 1135 3862 2454 5570 5263 6037 6135 5638 1044 4712 3785 4229 4866
12295 660 5217 1373 5493 6477 2761 6476
12296 1924 188 512 644 2850 1405 1908 2019 2358 2460 2499 2615 2972 113 3363 865 958 3203
12297 2383 4143 5667 6428 6620 3059
12298 1853 2478 3866 5390 3955
12299 1283 1284 370 530 5756
12300 3866 1323 1710 88 3042 4906
12301 61 875 1701 498 3611 3548
12302 486 1206 185 304 865 1044 1150 4055 5363 2750 2987
12303 1056 691 1121 2179 2645 1651 3180 627 4123 3809 4309 510 4893 3152
12304 675 991 1432 4383 4737 5085
12305 893 1016 1047 1788 2221 3931
12306 1055 1401 5719 4528 558
12307 1544 3374 4446 6050 6361
12308 34 262 1011 1865 2505 2791
12309 465 2376 830 6022 6735
12310 1759 2128 3317 4038 5022 6953
12311 3717 674 2377 3336 3718 3947 5950
12312 5433 1887 5690 6787 6952 304 1844 5291 5666
12313 3783 4152 5456 6344 6720
12314 1016 998 1012 6258 2450
12315 246 465 1227 209 304 29
12316 1377 2202 3810 4841 5541 3094 5113
12317 364 455 2460 2514 2625 2689 6716 1179 2184 5024 5056 1165 333 465 530 631 1514 1791 2323 2951 3226 3378 4659 6242 625 4760 939 2569 2976 4969
12318 1222 498 915 1802 3515 5642 4052 4539 861 2823 6059
12319 177 1867 3194 3364 4829 4730
12320 541 784 1471 2342 2439 3342 3668 3682 4097 4573 5126 5362 5402 5528 5777 2763 4113 5265 6193
12321 2643 3768 35 2301 2674 3603 5301 5538 2671 352 4257 5446 3388 5921 140 6624 6654 3558 5855 6169
12322 4764 372 5312 6766 1064 2193
12323 366 2909 3655 3876 5560
12324 1179 1935 2450 2725 2914 3064 3385 4689 4823 5657
12325 304 566 932 939 1700 3388 4789 21 4628 5666 3348 1853 4539 1544 6544
12326 3466 177 675 742 1037 1373 1634 1851 1937 1973 2162
12327 1316 2909 3783 6423 6650
12328 5874 2184 6518 6730 6739
12329 3437 6332 4248 2300 2324 3032 4804 6389
12330 610 1710 1801 682 2450 3194 2106 2107 2669 4008 1319 1939 2147 5846 54 4020 5193 1609 1696 2715 3300 3411 1483 3360 4727 2535
12331 2593 2266 2115 3530 2282 4570 6413
12332 1347 752 5118 581 1075 1973
12333 4589 5571 1504 134 5042 5914
12334 1951 923 4010 5266 6640
12335 1416 2665 5480 5525 2194 4152 5524 6199 6474 3929
12336 2048 2907 2 3051 6761
12337 202 1385 1867 2460 2946 3374 3931 4176 6167 6669 5093 6510 6868
12338 203 1135 2046 2374 6321 5412 6101
12339 3605 1071 1841 4317 5642 6321 3660 6276
12340 2249 2369 3796 6500 772 899 1211 1323 1567 1847 1887 1987 2226 2273 2432 2460 2718 2756 2950 3199 3537 4771 5408 5803 5832 6010
12341 657 1388 1436 628 209
12342 2011 4351 5120 196 1562 2827 6694
12343 196 604 1953 3433 3538
12344 6120 1233 1576 2460 3012 3278 3365 3517 4889 5159 5396 1740 2472 2628 3396 5262 5526 6386 2052 1147 2970 6337 5520
12345 1071 1887 1899 2593 6427 6479
12346 1987 4057 4609 3549 2397 4981 1978 531 3263
12347 25 3824 4374 742 2517
12348 393 2212 6323 5543 6512 6664 6729 6677 6682 3342 6125 6811 6733 6907 6968 3124 6530 6531 6997 7039 4607 6717 7016 3372
12349 6147 871 900 3672 3764 6165
12350 1279 1887 2384 2386 1358 1853 2356 6075 842 1674
12351 5752 3644 2625 3427 6969
12352 1492 2242 6298 6500 5849 7012
12353 3030 5702 6452 6569 3745
12354 906 2020 2465 1202 1507 3292
12355 10 84 43 77 127
12356 6135 140 3881 5743 5516
12357 11 482 1135 1233 1432 2756 2951 3409 3515 1777 1852 2750 3877 4956 5093 5660 713 2195 1438 830 5875 6884 6101
12358 2369 4658 4765 6402 3184 6386
12359 991 1015 4437 4727 6832
12360 5224 4364 1853 2808 4859 6160
12361 2123 2689 3685 5093 5851 424 1136 6946
12362 5480 2952 4802 4540 1358 5387 5747 3470
12363 1016 3944 4374 5756 1047
12364 850 304 1231 2073 2788 2369
12365 3373 2006 3730 3277 512
12366 1815 2207 2644 3615 4538
12367 2144 3214 3315 3679 5975 6298 6742
12368 1219 1628 1655 2827 1809 3434 2555 1827 2619 3666 1544 5566 4696
12369 1223 4037 5705 6629 6490 6592 4763 5475 5706 5982 6385 4198 6628
12370 2432 5311 5560 6827 6887
12371 2132 4242 543 4626 4624
12372 3891 6799 6539 3892 5422
12373 4578 5811 1786 4628 6667
12374 4210 647 4376 5905 1755
12375 595 832 2370 4097 4884 6306 6563 6911
12376 2615 3143 54 3655 4066 5176 1973 2970 4750
12377 2115 710 869 3506 25 3343
12378 177 2055 5554 3451 3916 1633 5376
12379 1198 4689 5193 4168 1200 1706
12380 486 1855 2123 2175 3834 4827 6804
12381 482 587 1051 1150 1399 1494 2766 2897 4012
12382 939 2299 4031 6294 1290
12383 2460 4061 4842 5756 2807
12384 6430 1815 6469 735 2888 6373
12385 185 1201 1718 2756 4318 4527 4809
12386 304 998 3765 1806 2032 709
12387 188 465 1867 2183 2238 2765 3758 5357 674 2951 5138 6543
12388 2578 3335 3708 987 185
12389 977 821 2976 4447 4916 1891 4468
12390 3866 5664 998 1414 1655 3315 3343 4664 4842 5426 5814 5979 6171 6583
12391 3929 4447 5058 5196 4383 6498
12392 700 1397 132 905 11 1016
12393 1787 1242 2329 3147 1831 6475
12394 2415 560 2535 84 2697 3568 3059 3554
12395 996 2276 2646 333 651 1824 1403
12396 1006 6010 6653 4090 5614 6686
12397 3374 3375 5449 5851 425 1037 5530
12398 148 1755 2756 2761 2976 6370
12399 2079 145 3679 3767 4689 1328 3586 1636 1844
12400 4822 5919 4535 2380 3937 6222 5432 5665
12401 1040 1740 1752 2904 4285 676 1423 6803
12402 727 2846 3947 4121 5558
12403 303 4157 1026 1103 1307 149 5178 343 6897
12404 2112 1044 2992 2460 1508 3348
12405 11 498 915 1233 1921 2756 4324 1690 4482
12406 5540 486 5796 6321 2478
12407 420 54 2958 2960 2861 2943 2838 2959
12408 1304 3064 4253 6033 122 257 267 4365
12409 371 482 1201 1588 1816 2323 2663 2948 3445 486
12410 3964 3802 640 2193 2195 4022
12411 1146 1228 1483 3813 4814
12412 6507 5015 6522 6664 6811 5408 6789 6874 6907 6960 6969 6974 6925 6997 7003 6916
12413 245 1841 2187 2271 4625 4865 5516 5568 5912
12414 4185 2165 3364 2951 3030
12415 4512 364 1284 2813 3967
12416 6402 401 1178 1723 4320 5469
12417 2759 3383 352 602 729 1550
12418 3516 566 1151 4591 6101
12419 1184 167 1438 2756 3834 3516
12420 2312 288 627 3468 1917
12421 454 597 915 920 1047 1714 2008 2377 2651 2737 3030 3180 3604 3886 4046 4117 4421 4508 4876 4877 670 1815 3362 245 517 830 913 1233 1307 1528 1847 2920 3351 3396 3421 3595 3596 3820 3879 4185 4628 5949 3184
12422 2692 2952 3179 5476 5519
12423 2477 5268 4853 3410 6182 2068
12424 641 5447 5537 486 4282 6126
12425 778 4566 650 2421 3302
12426 31 1790 1841 1996 2545 2828
12427 4501 3585 2692 3410 5865 6156 6627 3409 5366 6033 6668
12428 1735 401 1201 1457 3690 357 4658
12429 245 452 627 754 1097 2219
12430 6315 6808 6852 6117 6817 7024 7025 6969
12431 674 3184 3356 3811 4496 5239 5413 5574 6001 6005 6543 3004
12432 627 742 1694 2131 2732 6824
12433 710 4454 1906 1881 2580 3059 4479
12434 816 3537 4600 4851 5702 6173
12435 762 2099 6490 179 4159
12436 1106 1978 669 2103 837 2927 1104 1215 3005 1298 498 4863
12437 1752 2109 3247 3630 6005
12438 3191 1219 1405 4106 2028 2260 3554 149 151 2031
12439 385 1400 1373 2882 6834
12440 595 568 1140 5774 5979
12441 24 65 153 158 253
12442 1714 2750 2801 2858 3138 3716
12443 1006 4835 4031 5907 5954 987 1190
12444 400 470 5949 496 991
12445 1616 2090 3158 3160 3168
12446 125 2946 772 491 6167
12447 329 968 2382 2390 480
12448 112 1044 5551 5661 5662 2027 3284 4613 5896
12449 437 1313 4872 4012 5056 1063 893 2486 1040 2227 5021 6050 3620 3674 2310 2957 6411
12450 4438 1194 2921 2970 4893 5249 6533
12451 710 1972 21 3225 1265 3081 1799 1893 5701
12452 121 954 1071 1110 3683 4533
12453 5169 3929 6349 4787 5527 5762
12454 1710 3922 2242 3362 5033
12455 2181 1273 3292 2956 3290 2251
12456 383 927 1766 3194 5357 1176 210 3694 4228 2024 3078 3285 2225 1652 1685 4172 6347 6702 6891 2678 4168
12457 954 1529 3054 3776 5755 2669 1752 5986 3680 3654 964 2859 6065
12458 84 4310 3291 6686 2678 2722 2891 3283 3335
12459 1911 2311 4983 4935 1273 3829 3976 3410 4628
12460 927 6107 5088 401 2382 4922 5717
12461 3995 4415 796 1639 2299 3985 4577 5757 1037 4489
12462 4094 4481 5850 1897 6296 6312 3012
12463 554 2976 127 188 492 695 897 939 1227 1330 1432 1480 1544 1714
12464 1712 355 1071 879 939 2168 2438 274 498 1728 3506 5873
12465 1811 2833 2347 459 5849 6676 6682 6729 6811 6736 6117 6904 6947 6733 6872 6951 7024 6889 6890 6958 6965 6968 6995 6996 7023 6969 6997 6999 7015 7025 4042 6717 6878 6967
12466 6180 4232 514 516 634 3251 4956 2383
12467 3521 784 4470 5211 2329
12468 1621 3981 4298 3173 678
12469 6568 6323 6755 6387 6846 6951 6903 3355
12470 4605 874 6227 5882 5969 4275 782 6755
12471 840 2834 1480 2327 4000
12472 692 1071 2460 3270 5369 5638
12473 2090 2870 5265 6690 15 4922
12474 2184 2345 3396 3957 4789 5873
12475 850 31 594 2857 5930
12476 939 1588 2669 2976 3047 3076 5362 6176 797 1358 1534 3231 3864 5277 5757 5807 6071
12477 226 492 1435 401 1877 1242 2231 4418 4712 1981 2193 6562 1843
12478 31 337 685 153 282 1047 85 53 1122 2919
12479 2031 5135 4659 5085 304 939 1064 3820 4008 4312 5761 1227 1432 2861 4847 222 1328 4362 5558 2838 188 4831 953 2650 4311
12480 6290 2435 2909 4857 6433
12481 1516 3010 906 2710 5143 5357 5937
12482 2220 1159 2904 4916 5705 5850
12483 185 1272 2237 5384 722 758
12484 379 2460 2901 5558 6660 5987
12485 1115 3356 5437 5525 5757
12486 2429 245 3771 304 3864 1493 6831 4582
12487 1808 3386 4905 1242 4789 192 4581 5376 1457 1508
12488 4217 2863 1749 4808 778 1843 3351 498 1981 5736
12489 224 10 56 246 428 460 234 76 118 248 304
12490 2254 6273 1544 5868 6839
12491 1135 1840 2881 3118 3244
12492 553 606 680 1544 1548 1856 727 2123
12493 1311 148 1323 2032 2184 2600 2640 3365 5785 5787 3183
12494 3388 5618 4052 3606 3929
12495 670 4248 5442 6180 6435 6381 6660
12496 4191 4285 5645 761 2457 3896 2669 4165
12497 2952 641 742 3506 3783 3769 3904 3507 2560 4257 4534 6332
12498 1359 3431 5085 5574 4845
12499 2811 6449 3001 3022 6012
12500 2284 112 4010 827 1450 185 6477 4298
12501 695 833 2193 473 6073 2632 4884
12502 509 3971 5667 5782 6357
12503 1920 2351 2569 4022 6271 6605
12504 1009 4574 4156 465 3476 5238 4347
12505 1562 792 1248 630 1135 4221 713 4929 6503 6661 5189 714
12506 1612 356 1171 2058 2106 2612
12507 1578 2228 2644 4236 939 1856
12508 3409 3410 3753 3991 4246 6342 6427 5972
12509 2296 2249 1486 492 793 3472 4285 610 2693 2574 3372 2112 4146 3838 2637 5809 6058
12510 3409 3655 3745 5252 5366
12511 293 1706 1740 2433 2856 3515 1698 1736 4095 991 3183 3470 797 1222 3065 5491 1697 1712 2806
12512 842 2856 4351 4908 4982 3560
12513 54 2769 4621 2485 245 3515
12514 1244 3335 4075 939 2146 1789 2783
12515 191 2692 3193 5345 5979 6033 6332 203
12516 127 275 37 188 54
12517 4640 6571 4794 5581 6653 1042 3761
12518 1466 2447 1161 1248 1956 2548 3251 740 2162 1302 4956
12519 1440 1442 3830 5386 5560
12520 3201 3809 3882 3849 4810 1063 4441 2279 2705 2952 4385 2706 6085 832 5578 6367 5890 6410 3220 6827 3142 660 2748 6872 3923 6901 6998 6712
12521 3853 531 2161 2593 482 2983 6105 1303 715 810 2650 5619 5705
12522 627 1871 2247 4860 5970 1734 318 1293 1517 4012 4856 5414 80 246 939 1683 3030 3515 4842
12523 681 915 500 610 939 991 2512 4012
12524 304 407 452 830 1326 1433 2070 2105 2917 2978 3795
12525 496 1713 1973 352 554 1044 1106 1190 1428 1870 3005 4842
12526 939 25 603 555 2221 837 3126 3244 4873 3783 4748 5285 459 5346 5345 5837 6363 6267 6295 5424 5070 6676 4587 6387 6604 6125 2146 3182 3410 6671 1778 6788 6733 6946 7024 7028 7029 6565 6916 1136 2094 6874 6877 6918 6941 6943
12527 6308 6675 1824 2481 5345 5470
12528 25 401 939 1544 1756 4879 5263 2838 3862 3251 1493 5997 6126 498 6219
12529 1831 3929 2674 3981 6806
12530 568 1232 2193 2756 4620
12531 148 633 3214 3758 4340 5157 5414 2669 5093 3610
12532 148 726 2361 2852 4126 4976
12533 3506 1054 3060 4759 5815
12534 840 1099 1932 654 1269 1501
12535 1335 1087 2660 5852 5884 5885 4587 4651 3671 6445 2959 6220
12536 4863 6193 6410 6594 6880 6893 6895 6117 6889 6978
12537 5335 3201 2758 3505 664 3326 3537 4152 5107 5979 6271 5763 646
12538 1015 3012 3434 987 2323 4541
12539 4942 681 2460 5221 6043
12540 1037 1167 1432 2327 1884 1910 3059 4712
12541 2305 2323 3957 5157 6151 6338 5413
12542 331 627 1432 1998 2526
12543 906 907 1044 1690 2202
12544 567 1242 2569 3515 1779 1838 3227 4008 4207 5138
12545 4353 4782 2750 1791 109 4863 3524 5060 3450 5908 4737 274 715 6314 5707 6662 6899
12546 6196 551 844 3517 3931 4842 6162 6608 6914 4954 6104
12547 1063 3995 3783 4744 6349 2555 5617
12548 595 641 2090 6332 6579 1323 4198 3929 3071
12549 352 5146 6382 676 6578
12550 2061 620 996 2535 2901
12551 445 3060 4051 4268 5412 5638
12552 1071 245 3372 4432 4844 5734 1016 1044 1211
12553 6326 2232 1063 4539 4935 4980 5574 6539 6787 6991
12554 420 4008 4383 4432 6018
12555 203 2460 3644 4373 4209
12556 668 1800 1562 617 1047 1340 2174 2327
12557 3399 5256 3957 1573 3099 4472
12558 826 1627 2240 2277 2840 3957
12559 4026 4028 3970 178 1071 3461 6503 4034 5312 188 1221 2976
12560 424 2532 4755 4756 5916
12561 2592 2704 2840 2569 1043 5093
12562 584 1639 2335 2533 2534 4756
12563 5254 6135 6209 6692 1721
12564 647 1688 1912 3183 4510 5619 2146 3413 3645 5657
12565 4942 1791 5345 5196 459 2242 6266 6745 6733 6987 7015 6916 7012 6717 6874
12566 587 6523 1720 6324 1755
12567 1853 1518 5015 6675 5841
12568 2170 1182 3261 615 1156 3078 4102
12569 3184 3715 4020 4446 6640 6742 6823
12570 486 1064 534 3030 3964 6338
12571 68 492 796 486 2000 1378
12572 498 2952 4894 641 627 1633 1849 2758 2976 6194
12573 553 1242 2369 592 812 1151 3851 5485 5638 1304 3908 4203 445
12574 2145 5699 1614 3073 4778
12575 4064 465 1198 1516 3929 4894 4113
12576 5415 5976 5787 6581 5876 6117 6892
12577 3417 4209 529 3344 4675
12578 1136 356 502 930 5185
12579 3264 95 832 1047 1106 2528 3469 3739 3754 3793 193 1329 1385 939 5121 812 54 1003 5605 3059 4198
12580 1455 108 486 1765 2354 4697 5525 5666
12581 56 366 772 960 1405
12582 3848 5228 545 1523 2466 2857 4723 4850
12583 102 127 1379 5480 5873
12584 1490 1735 1753 2960 2281 3655 523 2502 6109
12585 229 496 648 1217 3410 849 2808
12586 374 633 1440 1442 939 991 4420 4750 5456 5757 5929
12587 3204 3417 3524 3666 4040 5470
12588 2775 865 1867 5271 4368 6262 6897
12589 1734 1442 1753 4458 4841 5885
12590 148 3858 4034 4535 5209
12591 4270 5319 6748 4723 1075 3957
12592 4089 5757 4352 2184 2761
12593 3521 2594 5317 2140 974 5537 4553
12594 830 2133 3813 4940 4168 4893 5630
12595 585 554 1648 1651 1906 3214
12596 4531 3400 3278 4840 5690 6213 6219 6385
12597 311 1059 43 75 1432 2017 3832 52 4789 5338 702 6183 6503
12598 262 1293 2046 4628 1843
12599 4842 4551 5197 5667 3554 4942
12600 4233 4995 3226 1639 6606 3874
12601 1194 772 984 1017 1328 3706 4541 2846
12602 1740 4318 5558 5757 5869 1588 2906 5239 5873
12603 235 807 2369 2871 3890 3976 3987 4989 2820 2861 3258 3560 4386 3815
12604 352 1172 2193 4712 3298
12605 3374 4250 1791 5061 2242 2212 5908 6269 6822 6789 6893 6889 7045
12606 4178 4416 4874 5891 6705 5131 5617
12607 2676 2168 133 1161 1752 2966 613 1433
12608 5980 882 1184 283 1233 2513 2976 4640
12609 921 1600 4716 5238 4689
12610 1146 1904 1982 26 1003 246 2250 1187 6005 412 6800
12611 554 1015 1037 1064 2323 3742 3931 5442
12612 246 172 354 188 477
12613 258 797 2369 5868 6041 6449
12614 1264 3929 2511 5829 4403 5825 2598
12615 73 2242 2775 5058 5386 6319
12616 567 140 1097 1331 3516 4585 5802 1264 26 6793 2032 6753
12617 2373 2479 2908 3365 283
12618 3442 4097 1844 5224 5516
12619 5336 5147 6375 2123 401 2377 2460 3362 3365 4529 4839 4894 5442 5721 5970 4460 4879
12620 3852 4633 4906 5287 5559 6331
12621 5473 2756 2160 939 3263 713 6011
12622 566 1340 1759 2092 2756 4050 4198 4828 6532 5250 830 1106 1834 2596 3183 3375 6181 6323 4416 1432 445 611 1114 1756 5537 5642 6766
12623 3216 4439 54 2618 5258 4452
12624 998 2732 2112 2718 4894
12625 1182 5598 6150 5312 5770 5757
12626 802 5527 5728 1509 5954
12627 374 90 2420 2495 2681 1342
12628 514 3365 3506 4212 5525 2598 4227
12629 1135 1616 2809 419 1706
12630 4163 3716 3995 3874 3929 1880
12631 1792 537 998 1015 1759 3295 4437
12632 3922 4511 1172 3893 5537 4691
12633 756 937 2447 5238 5721
12634 4446 3286 82 3806 6540 1950 6294
12635 641 1544 2092 2368 3453 3931 5088
12636 755 1071 1650 4112 1303
12637 2300 1071 2051 2944 3184 2946 4031
12638 133 1323 2988 4620 4842 5345 102 991 1392 1588 2220 2838 5537 5910 6348
12639 498 2146 2892 3029 1924 2985 4750
12640 793 1015 2732 5318 4816 2452 1791
12641 715 1973 4008 5560 5667
12642 1841 2909 1298 1568 1740
12643 3251 3263 5909 6135 2906
12644 4253 4256 4338 321 6322 6135 6887
12645 1052 2976 4313 5256 1309 3336 4205
12646 2208 335 1530 6657 4117 4873
12647 245 3365 4785 5449 5543
12648 3012 3018 3929 2460 5100 5138 2194 3833
12649 4334 1212 1959 2301 6122 1921 5571
12650 161 158 54 95 400
12651 2046 3540 5895 2032 675
12652 3292 3894 1252 2593 3382 3397 3625 4400 4947 4983 7050 1568 2839 2959 3263 945 4612 4446
12653 4528 6147 454 5424 4308
12654 1774 4724 2511 1563 5310
12655 5674 3294 4193 4097 4692
12656 3064 2220 432 2904 4066 537 3184 4257
12657 558 740 1249 1728 1785 2329
12658 772 5812 5335 583 2914 4697
12659 434 651 2848 3173 6706
12660 4488 4828 1640 5771 5376 4060 6391
12661 670 4175 4689 6179 917
12662 1477 498 2692 3630 4939 5469 5556 511 4008 5314
12663 4640 1112 4647 5617 465 566 998 1242 2090 2948 3030 3339 1864 1903 4697 1701 4374 3834 1673 2052 659 1653
12664 3768 4486 127 643 3294 1432
12665 5024 1236 4028 691 848 1622 1791 3064 2951 127 1221 6148 6269
12666 3874 939 2936 4789 4793
12667 10 76 246 279 325 1227 260
12668 5873 4193 976 1494 6005 6933
12669 1071 830 2907 4618 148
12670 934 1016 1779 2112 3448 4032 4152
12671 879 2432 2674 4052 4097 4879
12672 939 1044 1107 2327 3739 3686 840
12673 1783 2978 976 625 3630 4664
12674 2514 5138 3405 610 1428
12675 2650 2931 4187 4712 5651 6073
12676 80 351 432 840 95 1154 52
12677 998 1103 4803 4906 2412
12678 250 1375 2222 2236 1981 2533 401 980 2692 2650 1588 1622 2320 3038 603 1108 1842 5921
12679 692 3932 4283 5073 5985 6065 6466 6686 1179 5686
12680 3867 2300 4336 6182 1483 674 3809 127 3079 6931
12681 3201 2251 278 476 3108 6453
12682 1326 2260 2838 2917 3251 3923 4300 2527 1550 370 4079 5759 4135 6003
12683 5185 5025 6479 4654 5024
12684 2479 2952 3064 4168 4905 6660 5456 579 4895 1258
12685 742 1687 2439 4834 5379 5975
12686 13 2323 2354 2951 4318
12687 262 902 917 1135 1714
12688 763 2907 2831 4200 6933 2183 2460 5598 3183 4759 5510 1844 5524 5525 6035 4378 3733
12689 5224 6344 5056 3290 5441
12690 1808 2281 3069 3783 4277 4559
12691 364 2669 1038 5111 1031 1687 2917 3277 5705 5706
12692 2478 85 1009 1714 1741 5408 5525 6179 6259 4689 3939 5456 917
12693 3679 2460 1701 754 4626
12694 696 2808 4767 4886 4887
12695 5202 122 1706 4526 546 2807 6375
12696 2369 1806 2699 2518 797 4744 1653 939
12697 3193 157 257 1544 2264 3813 3764 2976 4919
12698 1067 1962 2020 2592 4433 321 737 1109 1609 3030 3959
12699 832 2606 2765 1374 2466
12700 163 5446 812 2881 6044
12701 1650 5344 1598 1741 2115 2323 5558 6283
12702 4759 420 2952 1755 1853 2797 2946 5598 5250 2912 2951 5495
12703 5454 246 2006 3214 5522 4152 5176 5326 1131 1235 2027
12704 574 800 1058 4037 6102
12705 3929 742 746 747 3368 4355 6222
12706 303 1848 3264 3582 4117
12707 2756 3132 3640 5378 5711
12708 1236 1824 3214 127 2090 2724 5414 486 1655 1741 3101 5635 6338
12709 379 1071 1142 1368 1373
12710 2563 5581 625 1317 1389 2583 3976 4306 5734 514 534 812 1219 2909 4234 4712 670 2342 3656 5844 4734
12711 736 1011 2211 3193 4991
12712 5346 5543 5982 6267 6251 6504 6315 6797 6745
12713 2122 3279 2881 6139 6165 1518 2931 3277 4374 2375 830 3877 2517
12714 1106 73 912 1391 1824 1960
12715 939 46 2140 6017 6799
12716 4191 177 3065 6812 2300 6546 357 6689
12717 188 664 2511 5530 6475 6965 6040
12718 800 4266 4568 2669 3964 6760
12719 3449 3929 2460 3413 3537 6234
12720 899 1854 2958 1730 5176 7027
12721 3287 3457 5826 4465 5149 4031
12722 1897 2993 3233 1065 3632 3142 2249 3214 4857 4709
12723 5530 3372 5987 3658 4298 6265
12724 1713 3845 1666 163 3537
12725 1011 1987 2480 3078 5399
12726 748 1817 2403 2689 2693 998 3090 4756 4347
12727 3726 4199 4603 5905 6460 6561
12728 3749 3066 6088 5698 4697 1044 3201 4389
12729 2020 4876 4683 5953 4688 4138 6264
12730 2212 5338 6496 6791 6610 3342 6904 6995 7006 6874
12731 2917 813 828 1383 1706 2198 2199 2808 3193 3668
12732 546 1044 1530 1588 2232 2420 1047 4818 835 991 1612 2266 3552 3819 3551 955
12733 3931 148 772 3448 4790
12734 553 554 1480 2722 3272
12735 5 1499 2184 2220 2376 2565 2715 2756 2973 4100 4439 6253 4376 5335 747 3357 4578 4816 5812 6868
12736 163 1034 2083 3438 3622 4297 4383 4570 5825 465 5805 2195
12737 1725 397 3184 3687 4419 4013
12738 1340 4828 5053 3488 1449
12739 837 3630 5362 2750 3056 366
12740 2599 3989 4850 1179 828
12741 1398 1106 3142 3746 68 837 1273 1873 3397 1887 2587 2327 3121 4366 4628 3809 5271 2058 95 4892
12742 797 810 1806 2288 2518
12743 1544 1655 4921 4191 5667
12744 1480 2720 21 303 4584
12745 3351 2625 5413 5645 517 1432 3056 1420
12746 3689 1134 2788 4573 5362
12747 1044 1122 2674 3356 3412
12748 6319 6117 6437 6969 7023 7026
12749 558 1935 2846 4566 5668
12750 1212 3670 1824 4573 6643
12751 1588 6799 5626 595 4212 857 1432 1804
12752 498 1242 1396 2666 3143 3263 4627 5895 892 994 4245 4664 261 2659 3537
12753 710 830 1219 5198 5202 5946
12754 2909 3249 5331 3149 4146 1516
12755 1299 2369 4622 5191 3184 713 6829
12756 2612 2931 125 6040 6884
12757 1740 3912 6476 506 5412
12758 1453 1042 1047 2712 3898 4552
12759 4128 6694 3099 5012 6574 6610
12760 258 267 3566 5346 5386 5389 5697 6574
12761 1919 1923 2300 5032 5756 6933 2032 2761
12762 3503 3844 4852 5471 321
12763 3228 2545 3214 34 1424
12764 6181 6298 2970 3143 4727 4740 5526
12765 2168 6484 2920 4692 5851 6001 3630 5838 6209 6850
12766 532 1813 2116 2630 2699 3791 4460 2983 5558
12767 939 3539 4194 5892 1219
12768 203 793 2232 2409 3263 3347 3387
12769 127 186 38 230 123 63 49 480 5070 6387 6808 6961 6773 6997
12770 2861 5106 2959 4246 4769 2349
12771 2227 675 4552 2948 5041 6208 3710 3274 2369
12772 1044 2881 201 5118 4383 4209 4689 6040
12773 267 420 486 1044 1959 2460 2710 3162 3851 3976 4159 4951 4965 837 1161 2106 2718 2732 2756 3263 3284 3783
12774 2435 2892 907 2978 3268 2535
12775 2076 4441 120 459 3931 5480 2242 122 352 691 832 1633 1755 2672 972 4365 4581 3523 1364 4211 6127 4577 5038 5879 4649 5706 5070 6745 6819 6950 7032
12776 2659 2702 3077 3932 4097
12777 391 804 1764 11 1705 5020 5022
12778 1848 2083 2590 5491 6912 2193
12779 1622 5525 4154 4469 3767 6135 285 4922
12780 3524 3542 3548 5806 4603 4641 5869 4418
12781 183 825 944 1139 1438 1613
12782 3832 5386 5449 939 3795 4667 6175 514 2299 797 2430 3356 3363 5508
12783 835 1077 1499 4454 2489 1161
12784 100 1405 2093 1075 1306 2091 905 915 1342 779 420 1371 844 245 448 520 2541 2627 3147 3043 1028 1358 1863 2122
12785 1887 5135 2144 4285 5777 5363 6279
12786 2130 2604 2750 2806 1184 3803 4008 2193 3014
12787 196 998 1544 2740 4008 2897 5979
12788 822 178 770 4837 6283
12789 127 392 975 1071 1248 2360 2596 3929 4782 5142 1701 6283
12790 1290 3561 2477 6542 304 6630
12791 3162 534 2839 2909 5422
12792 1844 3158 4695 5456 1099 1765
12793 177 891 1142 991 492 1187 1432 2718 3439 5158 5486 5995 4879 4604 5510 5921 4485 5773 4521 2807 5086 5423 5985
12794 1161 2412 2644 3809 4878
12795 4283 6151 2710 304 5157
12796 2249 1106 4494 1544 3336 4036 4628 5520 6332
12797 177 1080 1154 1947 2176 2288 370
12798 352 5756 516 1151 2032 5015
12799 1633 1887 2299 3343 4365 4488 4553 5257 5571
12800 2912 894 2076 2739 4859 1149 15 670 775 2847 4567 6725 3845 6495 713 1283 2909
12801 722 595 670 1293 3365 6068 1432 3901 5762
12802 1283 1585 1956 1398 1097 4457 4826 5180 5852
12803 1388 841 1032 1202 3605
12804 6248 5725 2460 6761 835
12805 1293 991 3792 2760 3605
12806 721 1432 1614 1720 4724 3060 4796 177
12807 932 998 4318 3284 960
12808 954 1318 625 3411 5263
12809 3201 3404 4397 1813 3329 3214 921 4580 3586 185 5590 3413 5558 6873
12810 5450 1586 1687 2369 2665
12811 3851 939 1044 3315 3413 3605 5135 5177 5287 5844
12812 592 419 420 3687 2798 2740 1432 750 3701 769 3923 3193 1227 5849 7042
12813 865 975 2323 2946 4759 4156 6338
12814 3507 1848 1981 4723 5334 6373 5439 52 990 2693 3383 3403 3770 2369 2917 2920 4101 2949 3526
12815 4230 1534 3862 6073 335 1530 6661
12816 1732 2773 5637 2260 2327 3866 4440
12817 3964 3823 108 746 1734
12818 431 573 1977 4832 919 5093 3877
12819 537 978 2281 2976 3670
12820 554 2327 917 2070 2694 980 3320 3208 1509 4712
12821 1359 1867 2805 939 1044 2013 1533 4298 4697 503 4241 4509 5334 3507 4257
12822 3006 2065 939 3410 4769 5091 2689 2696 2756 659
12823 3993 2806 3094 4789 4843 5702 1753 4165
12824 5903 315 4140 4150 6480
12825 5443 1848 4402 2460 4891 4459
12826 93 438 164 208 253 428 460 188 505 956 2787 5978
12827 1432 1922 4008 4625 6910
12828 482 840 1432 1728 1791 2323 2469 3067 3822 4012 5666
12829 304 842 6417 832 5537 5986
12830 63 71 43 656 298 581 492 622 328 2002 5587 5666 5840 5667 5782
12831 2976 3101 3539 4012 627 4520 5778 6907
12832 430 1242 1631 1805 1630 2759 1555 1430 3874 3383 1451 4789 4039 4970 6096
12833 5144 2481 2569 3775 6843
12834 514 2502 4842 2264 2599
12835 4008 4198 727 2966 5025 917 2946 3610
12836 177 1605 2166 1548 4200 80 1161 3620 3679 6706 2831 5820 6794
12837 1198 2460 939 1780 1865 3365 3904 3957 3413 344 345 641 832 998 1301 1432 1776 1975 2008 2669 2671 3022 3519 3630 3929 3931 4285 4286 5638
12838 2466 3030 1814 3886 5972 830 2158 4867 3935 4883 5070 3581 4852 1762 2592 2839 3410 800 2644 3323 3790 6301
12839 3044 3630 422 1338 1432
12840 307 188 204 268 367
12841 2496 1471 4368 246 1470 5345 6079 1233 4567 6491 6242 6488
12842 4894 917 1112 1233 4318 6522
12843 1987 1597 1701 2775 6213
12844 3545 915 1588 1853 4480 4992 5584 5775 6487 6635
12845 41 1227 188 84 192 1543
12846 832 972 1200 1706 4659 4936
12847 1223 2839 4753 4951 4535 525 854 978
12848 4706 31 1013 2895 2896
12849 496 203 5118 3783 6642
12850 1222 1636 3263 4565 4808 5056
12851 1510 1755 2618 3442 4437 4496 5777 6185
12852 6257 6253 6406 3931 6604 6788 6266 7006 7012
12853 4894 2184 3758 4151 4226 1837 4689 3405 939 1588
12854 2193 3786 5033 4419 2540
12855 177 1004 3030 3201 4856
12856 2672 2976 4389 5167 5198
12857 4236 6537 2761 4422 6104 6176
12858 1959 2788 3030 3162 3783 4631 2678 3226
12859 1214 4660 322 5871 3601
12860 3370 6070 1898 906 1827 3046 3076 3364 4055 4434 4619 5415 2578 3277 5830 3183 840 867 974 1107 1904 2435 2892 3607 4111 4117 4939 5131 6553 4841 345 887 2661 2728 5160 5582 5803 5981 1003 6859
12861 1887 1893 3118 1588 2369 4659 1242 4292
12862 675 4464 1887 4036 4298 5346
12863 3746 2518 52 610 6256 6284 4212
12864 1006 486 119 5002 808 1200 1981
12865 201 746 747 917 939 2251 2669 2715 2827 3809 4341 4979 5004 5022 5783 6136 6148 6220 6344 6390 6602 6811 880 3448 6830
12866 78 675 3374 2220 3762 6660
12867 6036 6196 1145 1233 2032 2517 6134 6627
12868 962 1201 1214 1330 2028 840 2502 1965 4658 1819 2962 1815 2693 5623 4587
12869 3866 2478 720 2052 304
12870 4028 5809 2545 2766 5537
12871 1922 2013 3401 4578 6487 4631
12872 2106 2823 2874 3696 4627 2988 5510 6832
12873 303 991 1262 1299 1319 1984 1998 2714 2801
12874 178 1705 2183 2410 2952 3668
12875 1588 2775 6033 2841 3837 4059 6807
12876 2502 2220 3646 5152 3380
12877 1826 3364 2774 3361 185 4417
12878 843 1306 2666 3610 1037 4712 5699 988 1233 1793 1887 2109 2669 3935 5602 5958 6108
12879 90 97 118 142 188 224 246 250 460 500 501
12880 842 1211 3059 3622 1736 3184
12881 2055 6959 2004 880 1373 2914 3929 6036 6085 6086 6397 6720 6796 304
12882 75 186 77 13 23 217
12883 2548 4361 1063 3560 1714 1865
12884 4758 4982 6060 1159 6249
12885 4636 5085 1263 4156 5527 5775 5783 5706
12886 128 939 2004 2032 2250 2968
12887 3084 3414 6253 6581 6410 6664 6822 6791 6847 6811 6893 6960 6801 6943
12888 2323 4496 5558 5999 1106 4253 1728
12889 5094 6383 2679 4011 5118
12890 962 31 5310 4567 1653
12891 2485 5399 5522 5798 641 3142 4951
12892 2103 4696 1146 2460 3226 1714 6281 5884 3247 1240 1870 5638 5456 1726
12893 219 1268 1374 1776 2008 2189
12894 1037 709 3363 4020 4212 5225
12895 595 1867 2090 2940 742
12896 4447 2946 4842 4238 7029
12897 148 514 1432 2750 2823 3078 3957 5413 5530 5736 6589 6760
12898 1872 4221 2160 2962 4086 4161 5095 2533 5824
12899 2766 4969 3354 1759 4528 3172
12900 1867 2793 3319 4448 5180 2795 1653
12901 3448 3694 3586 4567 4842
12902 1015 4351 3270 2377 5182 4220 5953 2130
12903 1842 4028 98 627 749 995
12904 2750 960 4094 5413 6272
12905 954 3362 4624 2922 830 4212 6485 6747
12906 3120 1037 1373 1975 3049
12907 879 745 1044 486 832 2146 732 884 1028 3470 3964 2855
12908 4250 2013 6214 6517 6518 6520
12909 388 272 1558 4250 2728 6286 6125 6576
12910 4283 4613 5086 5662 5741 6188
12911 1195 1899 4160 1071 2056 4308
12912 1759 1042 3010 1526 2443 3082
12913 1406 830 4650 2118 4624 1209 4018 6070
12914 1373 1759 4995 5138 917 5003 3105 6164 5700 113
12915 275 279 460 142 325 400 1018 457
12916 837 2020 2874 2897 3263 4008 4038 4991
12917 893 3506 3566 2477 4807 6375
12918 80 1651 1792 2414 2012 927 908 915 1047 1986 837 739 2678 3353 1204 2693 774 5949 1190 1639
12919 2147 763 1882 2999 5005
12920 283 1728 2889 4372 349 1081 2535 2750 3149 3727 3929 5757 5774
12921 742 996 2696 4446 5386 5389
12922 2678 3060 3379 4915 207 1469 893 5720 1641 3590 4680 1499
12923 2744 2906 3343 3507 5559
12924 1165 2389 1747 4739 4285 3395
12925 245 1853 2723 2985 318 2047 5638
12926 2220 1106 1544 3530 3932 5581
12927 4566 321 4920 2094 5456 1819 383 2718 3776 2796
12928 2171 5231 840 2974 4840 1773 2535 2289 843 1279 3262 6840 1690 4812
12929 2667 2721 454 818 938 1423 2718 3535 14 1073 1159 2392 6231 5757 6059
12930 5543 1973 6323 2460 4628 6789 6893 6117 6954 6266 6934 3068 6978 6957 7018 7011 6781 6998 7003 6565 6936 6942
12931 2115 664 1809 2479 826 441 3044 4089
12932 6720 5852 5884 5885 6065
12933 246 88 2460 3194 4055 830 864
12934 2211 5236 5882 1167 6260
12935 4176 6158 3931 865 2756
12936 5810 660 2814 1507 1904 52 6283 4667 5773 6360
12937 3359 6594 2056 6797 5408 7012 7049
12938 1728 1897 4318 998 2323
12939 535 140 5 812 523
12940 4041 4042 4376 2369 4169 343 2712 4357 4505 4533
12941 455 1617 1652 3356 5743 5823 6336
12942 2857 6148 4712 5917 2970 6766 401
12943 5525 5810 1759 2569 5232 5979
12944 939 2758 3483 4193 6402 6431
12945 1360 2168 3285 3452 2307 1097 2382 2464 3806 2809
12946 3619 4521 246 465 795 998 1791 4905 5193 5379 5408 6764 5564 915 996 2112 4012 4138 5480 647 1211 2848 4951 6513
12947 140 1423 3813 26 2664
12948 411 939 2196 2399 2452 2525 2528 2803
12949 496 3060 2144 2288 882 5258
12950 4046 4331 659 830 1814 6141
12951 2678 4419 4750 475 5217
12952 6040 1037 1098 1824 2183 2460 2732 3931 4008 4823 4894 5979 6033
12953 634 1438 3128 4340 5598 3873 4808 687 6653 5222 4691 6588
12954 1777 1546 3343 3388 4301 6386 6924 4194 3583 6404
12955 334 673 53 1392 447 5056 5839
12956 1047 46 498 554 2765 2861 6707 2669
12957 2300 2756 2951 4894 4947
12958 5382 5430 5547 2118 2572 5075 5340 6219 6338 6842 3768 1588 2598 5527 5790 3388 4257 4624
12959 337 404 204 600 939 2546 616 4773
12960 3210 1102 5181 6452 883
12961 32 23 62 50 84 158
12962 423 116 276 208 224
12963 4441 3929 4200 1503 4720 5 938
12964 2156 1568 1872 3030 3410 3779 3834 4139 3363 1740 3069 3753 3975 4008 4573 5258
12965 80 148 383 566 682 840 1211 1226 1517 1580 1753 1831 1833 2024 2092 2897 3017 3929 4193 4496 5138 5177
12966 496 772 2201 1746 1149 5118 647 3056 6438 1856
12967 6085 6416 6527 6522 6195 6573 6125 6523 6729 6811 6117 6948
12968 1783 4418 5990 6458 1653 1097 174
12969 537 932 1536 3374 245 5566
12970 924 3030 3339 3410 4212
12971 3239 882 1904 4983 5201 151 4853 856 5672 1519 2765 2846 6180
12972 179 379 587 2076 2415 2183 2213
12973 1219 2263 354 710 2000 594 3484
12974 88 483 880 1897 2692 2740 2894 3475 5809 6513 4836 5333
12975 954 4008 5755 3050 304 1242
12976 2659 5900 5558 1783 6458
12977 1970 1032 2628 5178 2116 4625 5346 3375 5636 6338 6391 6603 5528 6729
12978 4242 5711 3515 6766 1847 245
12979 3929 924 3947 1025 203 1740 1756 3351 4065 4198 6033 6177 6104
12980 3782 3483 5441 2321 3885 1067 5574 4546 1827 6281 2657 6710
12981 5757 852 514 1037 3131
12982 2790 3393 5021 2956 4878
12983 3758 4176 5385 1551 6310 4786
12984 2756 4374 4885 5447 6932
12985 1250 1943 2182 2446 3947 4479 4750 5517
12986 56 2257 1847 2061 2255 3607 2788 3769 4983 5782
12987 1171 1432 4285 1588 3964 4040 4620
12988 610 2288 4697 52 5689 401 3363 4590
12989 4900 1446 1595 1959 5526
12990 1759 185 832 1007 1044 1323 2198 2199 2369 2678 2691 2838 2927 3817 3982 3988 3130
12991 2237 1172 5877 1209 2032 177
12992 379 2460 2513 4068 3115 1867 955 3295 5558 5921
12993 1818 2500 3537 4198 5127 5146
12994 1391 1790 2573 2143 5194
12995 4125 3586 4134 4495 4539 550 5649 3291
12996 2506 1309 3064 5979 5345 665 2595 2596 3931 5928
12997 352 773 1776 2693 2881 4089 1405 5177
12998 742 3294 5757 1701 1956 148
12999 267 511 566 1106 1373 1483 1584 4539 5520 6084 6136
13000 10 90 188 192 204 270 460 614 304 1831
13001 140 1740 1202 2669 4097
13002 2573 5525 5897 1166 5868
13003 568 1617 2612 3367 3696
13004 514 797 1200 1430 2404 2815 2881 3263 3708
13005 3374 5312 6788 6789 6811 7024
13006 6984 807 2430 2666 5208
13007 1564 2550 1078 987 1000
13008 3515 3945 5101 5470 3929
13009 177 80 906 1740 2838 3400 3957 4374 4842 5093 5664 6187 4054
13010 952 580 1056 1655 3118 3929 4774 5157 3923 1432 4097 5611 1844 5930
13011 2566 3852 4406 5411 2535 5453 4743
13012 4173 5386 5491 392 516 1151 1317 2299 2763 2962 3072 3450 3581 4229 5393 5402 5485 5873 3973 6273 1172 3396 4659 5558 5635 6883
13013 1122 717 1510 4967 1723 5335
13014 31 1135 1840 2809 3158 6358
13015 1003 1904 2573 3142 4879 5666 6005 6535
13016 1263 527 716 812 1794
13017 4842 5756 4004 939 2027
13018 6721 6679 127 5142 4097
13019 1347 581 401 1878 3059 1402 3819
13020 2474 1223 2897 3566 3781 5024 4546 5512
13021 630 793 1075 2877 3342 3556 5091 6034
13022 5 3332 5074 5937 3257 1354 4626
13023 1078 3381 4212 5258 3554 311 5643
13024 2129 4477 5474 6175 2327
13025 372 735 3496 4594 4821 5224 2504 5376 6165
13026 428 337 1227 414 536 3011
13027 4544 1263 2834 2894 2911 4938
13028 2038 3343 5157 5666 5873 5319
13029 1660 1756 1789 1870 2899 304 4234
13030 3541 840 2156 1588 3694 3372 2425 2288 4550
13031 1977 2901 587 1072 3943 3686
13032 5414 201 665 2107 2165 2740 4012 125 2460 4906 4998 5501 6007
13033 2735 4198 641 762 4842
13034 3383 2046 3294 2122 54 2538
13035 917 1207 3050 3998 5603
13036 2485 177 755 3515 7039
13037 1176 25 482 1786 1987 2184 2460 5794
13038 3030 4900 5902 1473 2129
13039 1184 4553 835 3045 1225 3559 3708 5852 6099 3786 5704 5948 2147 5349 6273
13040 1015 1867 4052 4097 516 797 1004 2323 235 3044 5848
13041 2517 6323 6476 5003 670 5985
13042 2532 3363 3507 4765 6191
13043 2535 1392 114 2450 2841 3978 4724 940 89 3764 4159 4987 1841 1966 3698 5275 5368 5627
13044 5667 5757 2460 2760 6910
13045 973 442 149 1912 2460
13046 609 610 90 303 745 1908 1969 2433 1499 370
13047 1759 482 893 3758 6781
13048 226 189 742 622 923
13049 52 2692 3277 3365 3961 4473
13050 2271 2059 2669 5884 6126 4575
13051 331 695 3226 3795 6477
13052 3451 1802 6167 5800 1309 4148 754 4040 6450
13053 1588 742 879 725 19
13054 1720 5666 2932 2910 1887
13055 680 31 52 939 5197
13056 1154 1574 3194 5940 5943
13057 2946 5202 4348 801 1698 2031 306 1159
13058 370 5783 1385 4256 3033 3410 6344 1195 2974
13059 5931 1077 1752 4411 5303
13060 2639 1494 3913 772 4383 4873 4774 4531
13061 1021 6623 687 5379 939
13062 425 4669 6239 3277 967 2676 4097 4885 5987
13063 379 530 597 755 1202 1236 1385 1973 1983 1987 2375 6725 5318
13064 1852 2449 3957 5292 2669
13065 1974 1463 694 2238 2833 1094 797 2017 3359 1678 3210 1073 1539 1618 2242 5417 482 466 2702 6227 554 845 6298 6268 1517 5956 954 6358 6193 6444 6442 6536 6512 245 1588 6576 6834 6853 6904 6784 6938
13066 1293 1455 1871 2010 2011 2012
13067 3194 3548 3694 4089 6271 1258
13068 3549 2569 6441 2616 5536 2109 2369 3149 6226 5422
13069 1263 2430 2639 2535 2276
13070 2088 2277 401 3921 1844 4625
13071 840 5056 4707 4024 2168
13072 6201 1097 1358 4551 5088 222 3183 2553 4573 4580 5570 4183 5455
13073 4236 4577 5152 5491 5656 1187 2501 4663 1773 5525 6135
13074 246 4357 5668 4667 5199 4689 3124 4159 4760
13075 939 1975 2435 2578 2579 320 527 611 1326 880 1044
13076 4360 2511 1720 3406 3503 991 1373 5086
13077 3071 1516 3410 531 1044 2847
13078 95 85 1494 4668 4870 6103 6165 6660
13079 4696 6823 4446 6115 6338
13080 5638 1973 2193 5412 5619 6829
13081 784 4957 4438 4953 5615 4659 913
13082 1762 5825 3471 5742 713
13083 4365 4952 1541 1730 4052
13084 4789 46 514 784 879 1791 5263 2311 4208 4679
13085 2908 5985 3396 3413 6200
13086 1431 2093 3326 3507 4437 4665 4626 2761 2970 3522 3589 4879 5312 5344 6016 6038 6129 6338 3173 6282 6017 1701 3356 5556 6175 46 617 692 1078 1423 5361 5414 5711 5863 5979
13087 647 2081 3047 3877 4439 5558 5886 1454 4857 46 2416 6456 6660
13088 5543 6662 6738 6576 6895 6980
13089 581 959 1134 2853 2971 1030 3960 3800 6101 4359
13090 2882 127 2636 3687 3642 1791 5417 459 5056 109 1155 5416 4164 4514 120 6152 6934 6437
13091 4977 78 420 2090 2740 2846 3065 3679 4008 5857 5979 1328 5312 674 5756
13092 1241 1702 1161 4246 944
13093 815 1209 3814 4473 2216 4901
13094 1392 2678 5996 6126 6338 692
13095 2183 905 906 1106 5615
13096 103 10 118 416 302
13097 5010 1202 3862 3978 5565 6706
13098 2717 3959 4285 5184 6430
13099 2885 4395 567 5411 4628 4205 1894 5558 5862
13100 1813 3995 3220 6135 2253 2916 3363 5570 5711 6347
13101 1244 1636 4552 5258 2976
13102 482 917 2775 2808 3809 4952 5187 5477 5480 6141 366
13103 1867 2718 4909 5775 6234
13104 5895 5689 4437 6186 6333
13105 38 1686 1103 2804 5221 630
13106 4495 4094 304 782 939 1655 1657 3586
13107 24 31 310 2833 3359 3374 5338 6481
13108 927 1544 3882 3931 2643 3578 4695 1655 4623 2139 4008
13109 1071 1588 1726 1392 2249
13110 2323 482 4561 2904 5378 4147 1981
13111 2853 1843 2356 2731 3469 3672 2888
13112 177 563 4193 5558 6005
13113 1463 4790 5873 2430 4867 5346
13114 1544 4630 5103 5518 5803 5832 6583 1902 4301 6277
13115 2460 3372 3625 4383 5378 5902
13116 1959 5250 5368 5376 5630 179 780 1973
13117 2643 1373 3929 5193 4097 516 3061 939 2004 3297 5638 987 3394 4894 2045 3216 2597 2596 1560 3363 370 1619 6176 5828 89
13118 1490 633 5691 3842 2838 2085
13119 4078 654 3168 3174 7000 6691
13120 1467 1532 1959 2377 2756
13121 1257 3931 4008 675 1323 6466 2026 3715
13122 896 3449 1959 1296 3730 3476 3732 4757
13123 1251 899 3537 5258 6356
13124 956 5872 1611 3143 5176
13125 465 4391 4494 4781 5500 3858 1588 3833
13126 276 1977 3803 3929 4117
13127 1122 1898 6281 6540 1856 54 4392 1425 5181
13128 1489 3036 4878 5278 5987
13129 304 1432 3012 3515 5056 5757 5814 6230
13130 1057 2027 2330 2945 4318 4497 4806 5196 5347 6397
13131 1392 1563 2679 3957 4752 5499 6328 1384 6557
13132 1056 2512 3760 4592 5625 6074 6093 2032 3294 3295 6794 4978
13133 1455 492 4008 511 1261 3537 3694 432 1900 3189 1522 3761 2168 1726 3378 3679 3949 2220 1690 544 4540 2277 1445 2138 4578 4823
13134 3851 760 1562 1759 2953 3012 5191 1044 304 3452
13135 1480 2663 4040 1787 2936
13136 4696 1042 4611 4873 420 4145 1134 880 5213 647 2557 5930 1239
13137 177 2854 3149 955 4842 660 6823
13138 1036 3542 1897 3365 452 2323 84 128 2115
13139 5148 3315 2087 3051 647 4496 5482 4689 2669 2804 3443 3866 2756 2920 3059 4285 5456 5666 6400 6913
13140 1687 927 1015 352 627
13141 1242 1463 2545 420 3093 1631 205 1479 5541 5179 1328 3357 3360 4590 5602 3205 5410 3892 6126 3594
13142 298 2872 1390 1353 1094 1654 1022 4791
13143 92 1673 2085 1672 1916 1740 2962 1047 3843 4867 5177 1530
13144 2483 2611 5749 1015 1319 3543 1197 2710 4240 5442 6457
13145 2921 4103 1971 4573 5870
13146 117 202 290 176 118 341
13147 98 1016 1530 1413 4130 1087 6279 2061
13148 2517 3074 610 3871 4413 3173
13149 4559 2221 4264 4535 5292 15 1621 5638
13150 455 1348 1633 1701 4759 203 1428 4205 4874
13151 1359 709 1931 2420 1062 3039 4143
13152 2908 1759 4628 5220 5558 6462
13153 2724 3143 4873 5449 68 132
13154 1009 2279 4355 4697 2836
13155 3922 4354 352 568 1455 1755 1853 2049 2103 4389 4828 4923 4307 879 2838 3060 4452 6386 5038 6177 401 797 4125 5634
13156 10 43 44 250 309 361 420 404 605 2017 2777 6117 6788 6789 6812 6733 7006 6999 7043 7012
13157 80 908 913 19 6718
13158 2 5056 987 3388 4947 7050 2765 3524 5183
13159 1494 44 717 1242 996 3043 335 1270 1477 1780 4032 1316 2171 5475 5872 6506
13160 2015 2032 2750 5931 6754
13161 3201 3142 1856 3294 2575 1871 5557
13162 1286 1034 55 381 704 893 939 2046 2048 2217 2549 1106 2788 117 492 106 1284 2023 2161 2593 2738 2897 2899 1283 3843 1815 1544 3736
13163 2184 1755 4156 304 1432
13164 1685 1998 2452 873 1977 2168 2385
13165 267 1179 1432 1759 1887
13166 4782 4789 3759 2617 5873
13167 1688 2669 3566 3922 5739 6030 6230
13168 283 3919 5252 5437 5756
13169 2555 3895 4292 5228 6652
13170 483 865 2179 3560 5759
13171 972 2242 3549 4329 5993 6212 122 257 6736 6150 6226
13172 3548 459 5489 5809 5812 5543 5787 6365 5416 6412 6503 5849 6295 6226 6604 3194 6875 6876 5014 6872 6974 6773 7014
13173 560 2749 3406 4068 3976
13174 580 641 782 2179 2279 2460 4794 5581 1759 4192 4239 713
13175 4457 3685 465 1597 2046 3993 5351 5756 6121
13176 1233 4389 1678 4354 5060
13177 5139 5313 633 993 4008 5090 5312 5683 5029
13178 2220 2449 5689 5930 6615
13179 954 2551 2415 3869 3873 1643 906 1639 2349 4220 2297 639
13180 1063 3401 647 2839 3774 4880 715 5371
13181 42 807 2583 3361 3518 4406 4600 6039
13182 317 478 903 906 907 917 939 1289 1986 2020 2251 2327 2517 2592 379
13183 2300 2756 3164 3237 4032 2049 5976 6278
13184 458 2756 3409 997 2460 1529
13185 250 314 625 1461 31 1561
13186 25 109 1140 3931 5449 3989 4432 2748 4667 2146 5076
13187 3834 3874 4753 1242 4388
13188 1782 1226 2069 3987 4809
13189 983 1992 3048 3049 4526 6731
13190 566 611 923 1832 2318 2508 2438 2636 2017 3359 3083 2242 5878 6791 6736 6913 6977
13191 472 1135 2732 5787 1845 6171 4739
13192 939 1298 1453 647 2377 3448
13193 924 1544 1824 1831 3225 3678 5112
13194 2532 3518 4017 1159 2839 2909 2978 3656 4033 2626 2707 5852
13195 5285 6412 3396 4686 842 6370
13196 498 998 2243 2796 537 2205 5902
13197 5539 6193 6729 6315 6594 6635 6827 5876 6811 6895 6965 6958 6977 6997 6776 6899 7012 4152 5015 7029 6989 6941 6944 7040 6487
13198 677 775 879 1847 2168 4004 4089 4285 5537 6056 6476 6966
13199 6790 6791 6117 6957 7012 6918 6939
13200 1405 3896 4889 4274 977
13201 597 330 4145 4482 5074 5138
13202 949 2904 6467 5962 5410
13203 4813 3379 4024 5346 5556 4462 2824 95
13204 715 1741 2115 3809 3311
13205 116 148 202 226 459
13206 2245 3181 2638 3761 4494 5615 6378 6412
13207 3929 1081 3783 3883 6884
13208 1987 2460 3566 3867 3931 4034 4601 4759 5560 5666 5782 5939 6393 6653 6682 917 5104 11 188 1759 2432 2846 4625 4842 5814 203 634 1701 1887 3365 3866 4031 5711 6105 955 2090 3183 1373 6226 452 830 2838 566 630 1135 4534 6832 5243 5413 6543
13209 44 361 554 80 342
13210 379 1080 1492 589 1916 2162 1118 1364 2496 1541 6167 1922 5138 383 2460 382 674 3884 1202 4922 1471 6479 3372 6349
13211 1306 1791 1849 996 5721 122 1103 2279
13212 3351 5111 2560 3410 4840
13213 2969 3360 379 2505 4639 4927
13214 498 1202 1214 2032 2112 4314 865 5449 3654 3680 4156 5743
13215 4983 5274 1582 2323 2510 5630
13216 1242 2756 3217 3263 3465 3782 4012 4496
13217 603 939 951 1759 832 2932 6799
13218 163 627 1077 2193 3586
13219 2968 2749 5909 5843 3891
13220 1433 3027 3412 4098 6639
13221 1227 1923 4764 3866 4501 2498 3479
13222 610 3360 3412 4553 1831 2460 3356 3363 3677 3683 4413 4750 6608
13223 633 1416 540 695 4398 4558 4710 4844 1588 1729 4490 729 1717 1844
13224 188 451 723 826 1514 458
13225 6482 895 2392 5056 3869 4830
13226 3834 2020 203 3263 3410 6386
13227 2804 4711 5432 6000 5672 3929
13228 906 924 1047 1999 3022 742 4193
13229 837 1330 2046 4552 1786 6903
13230 4164 998 1044 2040 2046 2172 2970
13231 148 675 782 1016 1042 1578 1759 2106 3379 1044 3907
13232 3467 1615 6018 2594 5569 4259
13233 2 1011 1214 2122 2808 3725 5154 5309 5540 5622 2147 4312
13234 167 168 439 76 80 246 300 418 289 120 221 270
13235 1006 2369 2383 2881 5363 2143 4901
13236 3026 1683 1689 1739 1748 3225 3439 3592 4285 2028
13237 1328 1843 4696 4891 5571
13238 3214 2720 3715 939 2696 4466 352 4365
13239 3012 1982 2460 3059 5180 5558
13240 4437 256 5936 602 5619 370
13241 245 1704 1813 2028 3877 5221
13242 1130 1414 756 1938 2415 2228 1987 170 854 2222 2823 2917 1494 4671
13243 177 189 452 1986 3713
13244 651 1370 452 3518 4069
13245 634 2062 6215 6477 6561
13246 2976 4748 185 1402 1752 1861 3011 3060 3802 4842
13247 4352 830 1172 2912 3071 4171 6099 3862
13248 2978 46 3586 3891 1653
13249 56 246 553 1495 1885 1160
13250 2318 53 2024 2508 3383 4230 4852
13251 2624 1233 2852 2925 1358
13252 927 1103 3690 6490 6491
13253 516 67 514 2157 5260 5386 971 4976 5123 5264
13254 1202 2090 1394 1533 2915 1217 754 2853 4294 5757 840
13255 1509 3205 3716 4295 1491 1146 1904 1073 2744
13256 5517 5519 5097 3449 1194 245
13257 1362 2123 258 3222 591 4479 651 6126 3364
13258 2696 6912 2907 5504 5527 6141
13259 80 5145 1778 3394 6041
13260 893 1519 2300 2450 2456 2908 4252 5905
13261 923 1211 2434 853 3586 5757
13262 772 910 25 2446 1877 627
13263 318 974 1494 1813 3957 4031
13264 976 2161 2839 2959 3807 4193 4256 4981 2193 5801
13265 401 3305 3492 5954 3110 1653
13266 3112 3294 4696 5657 6071 6296 6394
13267 4762 3105 3212 621 2561
13268 1852 4065 5138 939 6105
13269 2027 5987 495 1459 1981 3874 5866 6100 1122
13270 5021 5979 2951 3180 5072
13271 1898 678 1604 1653 729 1102
13272 533 939 2412 2944 563 3899
13273 3230 31 5932 4952 5759
13274 756 937 2991 3071 3062 1114 5118
13275 2377 3718 4789 4791 576 633
13276 2976 3214 4905 4941 5340 5456
13277 687 3060 4460 5366 6556
13278 1841 6298 2 520 1303 3353 3971
13279 1924 4212 1843 6105 6313 1358 5084
13280 939 2591 3030 3423 554 5979
13281 239 377 30 1516 246 416 417 24 188 266 429 460 555 160 253 1227 501 298 56 105 530 465 404
13282 2746 3728 1444 493 2851 4734
13283 167 2858 3560 5666 1392 1263
13284 177 5193 483 578 917 1529 2153 2179 4259 4306 5389 6454 1098 6145
13285 991 1044 1480 2801 2944
13286 59 127 186 324 497
13287 1063 1633 1848 2718 4540 5456
13288 2323 2952 3503 3949 4303 1478 5833 1309 2951 2460 4905 356 1047 3855 3832
13289 4873 3931 5056 6153 6296 6393 6396 6578 5879 6195 6663 6790
13290 4767 1759 301 4198 1765 2017 989 5809 6386 1230 2193 3786 4212 996 2369
13291 1135 1161 3243 4730 3495
13292 917 3347 3410 4279 4400 713 2593 4631 6477
13293 1004 2663 1203 3515 3913 2593 4924
13294 1037 1645 2323 2566 3409
13295 80 2334 2746 5056 1526
13296 1202 2587 2838 4152 4628 5537 6543
13297 2572 3622 733 2144 4166 3708 4212
13298 531 919 1137 1183 1568 1122 1813 5441
13299 1898 1418 2962 3581 5731 5850
13300 2078 772 2645 3263 1741 6757
13301 482 1034 2951 465 1385 2323 3342
13302 1903 1959 318 1569 1602 5 2265 5003
13303 595 6033 7011 1135 3220
13304 1229 4640 1407 3347 3700
13305 675 1956 2046 2460 3515 5311 5905
13306 1202 3311 313 745 1887 2570 3579 2530 2714 2969 3811 1835 31
13307 1130 4193 1987 4679 4212
13308 1848 960 5787 1606 4776 1863 1358 6108
13309 441 1033 1619 1867 6177 1233 465 5370
13310 968 1402 1550 627 939 832 1211 3278 3342
13311 6109 1863 6370 6386 6464
13312 3233 4789 498 675 939 2168 3278 3866 3957 3964 4262 5806 3372 3475 5250
13313 3022 807 1233 2693 3516 3546 5431
13314 3233 3297 4419 90 1425
13315 2819 2678 4097 544 4566 537 2511 4102 5258 5636 3867 6706 4640
13316 498 627 958 1430 1202
13317 4806 2897 3976 5376 26 568 583 610 3622 4539 3279 4566 4936 5263 6242
13318 3355 3001 401 1472 2535 3651
13319 2061 2909 3820 4036 50
13320 4340 563 1421 5857 2413 2511 5142 420
13321 449 1329 1956 3890 140 1103 1598 2046 3060 5762
13322 3193 452 1373 5788 5863 6645
13323 641 127 1655 2323 4067 4324 4842
13324 845 1391 3519 3630 5720 6579 1518 1597 3413 5021 5716
13325 379 756 3822 4606 4775
13326 1628 4438 167 1585 3315 2640
13327 4152 6104 2151 3388 4154 5979
13328 4117 322 2626 3149 1211 5799 3082 4080
13329 747 3066 3457 5537 6809
13330 1176 4496 5312 6396 3453 1214
13331 1232 2112 3949 3764 6283
13332 379 378 420 492 573 225
13333 37 167 232 1227 103 224 234 5800
13334 177 537 1741 1851 1864 1867 2598 3180 4267 4346 4922 5239 5414 6476
13335 939 1526 1047 627 1838
13336 3194 5093 6285 3907 5376
13337 3782 1813 3214 1172 5800 5582 4048
13338 1714 5059 5442 917 2123
13339 3833 4783 906 1791 1027 1262 5417 6070
13340 4628 4810 1838 2888 2109
13341 1713 3632 25 3305 4347 4727
13342 304 4228 1698 3226 5755
13343 3388 2560 5255 5340 2504
13344 2856 3517 1201 1798 3191 3282
13345 1054 1419 1542 1544 1759 2838 4447 5085 5335 5130
13346 2756 6766 3957 4894 6933
13347 2369 2718 2823 3604 31
13348 337 658 167 303 349 410 170
13349 3164 5513 321 465 2300 2472 2877 886 1544 4403 5525 5527 5886
13350 1968 2193 4954 855 3601 4273 4955 5638 6398 6740
13351 756 936 2750 3867 1927
13352 1749 3871 5058 6735 5148 6633
13353 669 636 792 707 1543
13354 713 1295 1463 715 2288
13355 927 928 1799 567 2618 713
13356 1966 3357 3388 3764 4879 5346
13357 2076 5448 3830 580 5450 6796 5353
13358 4942 108 3671 4442 4910 5495 6697 3907
13359 5074 5836 514 4710 5376 6227
13360 2775 3047 5964 4842 3521 2761
13361 2300 78 782 1242 2897 2976
13362 2245 466 1349 4770 3679 1588
13363 188 3517 4965 905 1432 5604
13364 3866 2078 4519 441 867
13365 3410 4324 4587 4769 3409
13366 1155 2578 4351 4873 4451 459 5211 2212 5489 2242 6227 5849 6834 6889 6890 6781 6982 6776 6969 7023 7029 7017 7046 6878 6941 6943
13367 1198 2046 5570 3362 304 3610 5193
13368 5258 5310 3298 4035 4212
13369 2908 3194 4324 4425 6004 6079
13370 2901 1405 610 2844 5303
13371 939 1257 3233 3519 1042 1435
13372 5146 2901 3065 1159 5894
13373 1098 1435 1438 4179 6323 6635 6864 6907 6899 6917
13374 1444 1862 2082 3336 3523 6526
13375 3896 4364 4750 5456 1791 1841
13376 998 3343 5995 1322 2669 2914 4496
13377 481 529 706 1386 2424
13378 1201 1935 3873 3922 4008 882 3715 398
13379 581 1591 2899 3143 4879 5328 6241 959 2897 939 5626
13380 2615 5277 6778 5638 3515 5530 3694 5118 5362
13381 1056 3410 1568 2952 2020 580 1309 1837 476 5717 6167 2827 3406 4496 4586 5070 5208 5928 6292
13382 4059 1440 2242 3866 4201 3554 4938 5733 3758 6903
13383 1071 3071 2384 203 2386 2976 4229 4750 5220 4765 5064 6279
13384 2782 2116 1504 816 4212 4798
13385 2542 1841 1530 5553 5755 1097 6612 856
13386 566 2457 196 458 1480 2523 2718 3867
13387 498 1831 2735 3679 3730
13388 1274 2756 4640 4769 3410
13389 465 1037 1097 1135 4759 5814 2827
13390 352 3012 3585 3831 5558 6282 852 2557
13391 10 118 169 188 251 438 460
13392 3476 3365 1567 710 6920 3895
13393 5433 6587 2775 3516 3679 5312 5530
13394 2323 2974 3515 6179 3173 2533 3396
13395 906 2730 3388 3971 4140
13396 2456 3263 1159 5422 2574
13397 670 715 3142 4844 4965 5711 5963
13398 458 481 1070 528 586 658 2607 1785 1897 939 2390 1631 352 850 6360
13399 1939 3931 1242 5673 2101 3515 3855 5104
13400 792 927 3439 6338 6518 34 2123 6323
13401 3696 4089 3123 5988 3351 5756
13402 2202 1214 559 1423 2276 5454
13403 1588 3866 2374 6553 2450
13404 2460 3891 5690 5873 6826 6862
13405 6099 5514 5706 1875 6098
13406 5873 2750 2959 3790 6469 4651
13407 3149 2548 3365 1268 627 4441 120 3592 5212 5111 2212 1534 5812 5809 2147 3205 3222 5310 5539 5958 6286 6353 3921 6349 6865 6892 7030
13408 1236 2460 1202 1438 4894 240 1938 1242 2758 2732 1878 537 830 455 1544 1630 3803 1867 1499 807 1413 2369 2509 3658 5258 267 5744
13409 3071 3758 3929 4740 3683 6126 5590 1011
13410 3302 2832 2195 2976 1780 3071 3158 5023 5085 987 2565 5003 1358
13411 1214 1975 3122 372 991 2308
13412 3931 4374 127 3294 3768 4126 6577 109
13413 3176 2829 3674 1101 2564 3450 4867
13414 2372 880 3233 4823 4908
13415 2908 5112 5117 5282 2203 5145 465 3663 5400 4046
13416 1622 2440 4217 4511 4521 5109 3194 6543
13417 6475 880 2787 2953 6035
13418 6834 6788 7004 6994 7008 7040
13419 939 2017 2277 4418 6799
13420 1662 2460 2765 3956 4026 4270 5312 5470 5525 1867 3032 4152 4553 4578 5157
13421 400 3012 446 1793 52
13422 6117 6788 6812 6968 6960 6969 7023 7025
13423 2951 2345 2952 3180 5381
13424 1106 2994 1260 2253 3965 860 4146 323 1329 5441
13425 62 220 129 7 64 80 66 109 182
13426 2455 1870 3244 3658 2615
13427 3291 3292 3397 4216 4246 4356 4730 4964 837 183
13428 2043 4817 6268 3358 5346 3855
13429 4417 4035 4416 840 3557 2337 5221 2288 1190 976
13430 1006 3467 939 4689 6141
13431 4053 4442 5347 5587 238 5666 987 2566 3535
13432 653 681 1042 1648 1122
13433 756 893 2046 3730 4157 5085 770 1455
13434 674 828 1865 3866 3932 5224 5704
13435 1025 3554 6058 6184 125 6476
13436 109 459 6125 6893 6117
13437 2987 3843 4121 3180 2593 5011 5437 5979 5423
13438 191 2460 4817 4727 4808 5083
13439 2740 4529 4607 6677 3065 6278
13440 2347 2882 1927 3859 4180 6040 6500 5879 6594 5015
13441 4320 2462 2593 3410 4420 6649
13442 705 147 654 2946 6868
13443 4598 5139 939 991 1202 2517 2573 3118 3194 4300 4628 5163 5807 6129 4304
13444 1618 3263 3347 6402 1578 6982
13445 245 1884 2555 5118 401 2532
13446 2493 1808 6088 5520 6931 70 1791
13447 10 43 188 246 295 460
13448 1066 4929 1622 5854 2144 3381 4308
13449 3295 2460 3822 1497 4192
13450 4696 1202 6534 2132 1214
13451 545 2242 4842 5197 5699 972 1759 5537 1028 3658
13452 1813 1183 1675 3397 5849 6386 2161 5369
13453 850 1596 3912 4025 5627 5962 5964 2116 5015
13454 527 3030 4682 4798 4860 1274 1323 5070 6650
13455 1047 1588 2587 2742 3361
13456 380 44 10 188 127
13457 2242 458 5415 5787 6538 6319 915 6773 6878
13458 2232 1568 3263 3655 5606 3410 5942 2592 6567 6883
13459 3448 1227 1236 1889 3114 2650
13460 877 865 3343 6281 1504 3793
13461 2659 5070 710 3867 5158
13462 4696 747 1233 1789 3371 3635
13463 1688 5041 2692 4044 5954
13464 606 354 401 1090 2572 1952
13465 1831 627 1181 6354 960 1446 1759 1887 5056 6841 73
13466 2020 840 2908 3226 5607
13467 2227 2575 2759 5381 4194 6691
13468 153 187 94 90 54
13469 5433 4759 6353 6553 5021 1432 4689
13470 772 1650 1923 2911 3258 3266 4842 835 1044 1151 1211 2052 2541 2969 3226 3610 5376 5584 5873 5949 5979 6321 6495 6615 6725
13471 2659 3078 1327 3144 2585 3108 3226 2592
13472 4593 356 357 748 6325 6359
13473 407 1011 3251 3565 3998 4617 1432 768
13474 5503 5594 5304 5305 5306
13475 2265 2462 3390 321 1493 3184 2533
13476 496 401 43 1291 1165 177 5103
13477 939 3883 3976 5376 5873 4191
13478 2756 3342 1103 3559 2856
13479 563 4008 5352 5701 4504
13480 304 994 998 5525 5558
13481 1657 2946 4896 5312 1278
13482 6381 4689 746 3251 6040 2543
13483 2760 3929 3931 5608 6295
13484 1236 1047 3060 554 2065
13485 1817 2232 288 1263 4442 1919
13486 3929 845 304 6830 4234 1653
13487 487 837 906 939 1106 1844 3546 1432 5851 5508
13488 906 148 2066 907 2017 904 1392 3115 870 1595 1598 924 1405 951 2744 4010 52 235 4773 6506 6822 6791 6863 6226 6872 6901 6997 7012 6785 6717 6878 7040
13489 2479 5312 4691 4750 4956
13490 5755 5813 5886 2794 5331 2551 987
13491 1047 1494 1588 1756 2046 2450 2478 2766 2899 3929 4628 5039 5417 5883 5757
13492 2323 6033 6812 5214 2382
13493 1097 1963 2215 2678 2920
13494 564 282 873 3858 3554 3578 95 3800 5349 46 1172 3410
13495 1808 2572 3524 4905 5205 1015 6269 2562 5757 6295
13496 10 75 129 188 118
13497 4370 4808 2756 3012 4802 3367 692 2850 2678 2840 3764 4279
13498 66 95 304 342 734 802 1138
13499 3229 3922 4540 810 2474 4589
13500 188 337 342 413 429 290 215 361 367 223 404 309
13501 2841 2640 5378 6338 6490 3365
13502 188 1016 2976 1242 954
13503 3383 2002 2508 2777 4965 3295 6672
13504 2478 2147 3093 4012 4640 514 1044 3001 3005 4904 880 5034
13505 245 4193 627 641 5895
13506 2397 3410 4947 6036 3180 2659
13507 1791 304 640 3894 4712 1054
13508 3319 3723 830 1814 3380 4470 138 4971
13509 2746 482 5525 6458 3059 6146 2167
13510 1037 1638 1714 2640 3505
13511 797 1096 1207 1657 4193
13512 1273 4587 6423 6885 6894 6054 6427 2888
13513 1776 2008 3409 1309 2756 3451 5157 997 3214 4395 4496 4552 4697 5800 6050 2665 5455
13514 1559 1053 1016 3007 3423 5097 3585 3695 603
13515 2952 3077 3974 5138 4573 3294 17
13516 996 2321 2954 3347 4097 4246 6283
13517 3366 3383 419 676 3891
13518 356 1788 1941 2950 5634
13519 4235 4494 5456 5570 5654
13520 1432 3702 3050 4171 939 2090
13521 2962 2155 3158 3581 4773
13522 562 768 6624 4696 4198
13523 5092 3764 1498 4160 6030 6653
13524 915 4521 4999 5061 6204
13525 2596 2688 3856 5095 1844 3561 5056 245 1211 5413 3084 6108
13526 1143 5619 140 871 2718 6558
13527 635 1517 2856 3617 1016 1759 2323 2479 4008 4483 5598 6177 955 2952 4012
13528 772 2323 2892 5530 304 4648
13529 492 514 690 970 3391 555 596 1084 1146 3463 1869 3823 454
13530 960 1522 2592 5003 1283 1636 2540
13531 5015 6177 972 1263 4661
13532 118 246 252 312 429 928
13533 346 2245 2448 875 4129
13534 1233 3024 3758 5161 4541 5508 858 1017 5211 1122 2970 5558 4150 4539
13535 1302 3000 548 1294 1303 3819 4260
13536 318 928 296 400 442 1047 657 586 800 616
13537 2271 434 2230 813 870 1010
13538 1100 1756 1544 1087 5981
13539 356 4951 5310 6931 3372 5720
13540 1085 5448 125 196 906 1849 3078 3964 5522 6323 6370
13541 915 939 1121 1494 1255 1386 3754 1028 3593
13542 2122 4842 581 4013 4383
13543 4089 939 1887 2112 3078 3845
13544 1523 1526 1643 2304 2665 3362 3790 4157
13545 1830 641 918 1047 1325 2811
13546 4712 52 610 5844 6506 6539
13547 917 1598 3294 5931 2365 2674 2676 5195 5450
13548 713 2967 3634 3816 894 4450
13549 3450 3263 3339 3655 3515 5516
13550 1494 960 1486 2618 3142 3351 6326 3132 4113 4212 5638
13551 78 1236 1656 2378 2240
13552 73 458 979 2168 3291 3292 3293 4668 5708
13553 3888 5277 5362 4712 6379 6380 54 2897 3843
13554 924 3879 3001 813 2771 797 1432 2916 4260 2900 3365 3518 3362 5211 6126
13555 1104 1706 1959 3239 5800 1747 1430 1987
13556 2244 4698 1981 2378 1161 1957 3214 4012 4664 5525 5563 6165 3481 6223
13557 258 3263 4878 5512 5583
13558 1956 3319 326 2220 2587
13559 1504 90 4094 5757 5456
13560 1064 3510 2573 2981 3143 5556 3428
13561 197 1811 3563 3849 4873 6994
13562 1510 4889 3124 630 1135 2323 2697 2971 2978 3739 4133 6108 1755 3636 3701 3877 5076 267 979 1319 2674 3512 3663 4082 4992 1481 4752 938 947
13563 610 772 998 4110 4545 1956 2515 2970 4370 4746 5178
13564 772 3851 4012 2914 695
13565 3759 1364 4480 4515 742 3589
13566 627 1440 1588 1824 2300 2552 54 3263 3549 3888 3183
13567 10 670 707 64 290
13568 998 1791 2834 2865 4496 2455 4914 2114 4809 4844 46 456 1135 1187 4285 4628 5263 4940 4777 6975
13569 447 2116 6097 3581 5519 321 3410 4878 4947 5201
13570 2460 1071 1813 3585 201 4374 3384 4922 6211 6213 3363 5905
13571 3686 1530 3813 3819 6303
13572 1184 3426 1263 6073 26
13573 934 998 1004 1071 2460 4012 4804 6445 1672 2920 5454 972 1233 6477
13574 3768 574 1103 5699 6242 6243 4696
13575 1880 2420 3378 5667 4601
13576 3984 3045 1118 4103 4733 784 548
13577 6847 6882 5431 3652 6291 6720
13578 1044 2198 4521 3507 4173 4375 4659 4783 1030 3013 3075 3372 3877 4229
13579 6016 5257 627 6341 1554 4180
13580 1233 4370 4965 5085 5399 5721 6507
13581 3929 6581 6410 6635 6811 6899 7045 7012 6918
13582 537 1533 90 1037 2265 1214 3550
13583 2949 4355 563 1791 1867 4809
13584 1135 1840 2809 4446 2479 1791 1786
13585 4008 4032 4752 5453 122 5537 6496 3174 4842
13586 2490 1006 1655 1867 2323 3030 3342 4510 4783 4877 6085 6096 6382 2460 3263
13587 3929 5757 4037 3879 917
13588 2460 4295 235 245 2587 4249 4293
13589 6235 6492 4750 6029 2020
13590 465 1161 3549 915 2720 985 3105 5275
13591 10 207 400 420 226
13592 761 2643 4796 5444 2193 4697 5490 701
13593 164 1759 1990 2450 4008 4692 1255 5638 835
13594 349 850 1653 2807 4680
13595 167 118 268 400 423 492 139
13596 3630 1262 3245 4229 5872 514 2193 1621
13597 331 1750 1319 1405 2672 2677 3517 633
13598 1391 514 5241 2133 5736 3964 5160 5979 1867 5407
13599 754 1215 2839 2909 3516 4046
13600 3343 5393 1804 2593 3753 321 2026 3033 5364
13601 960 961 1432 1714 2454 6636
13602 939 3277 3491 4572 5138
13603 833 4365 70 812 2129 2696 520
13604 5214 371 545 1042 5116
13605 177 4674 880 3030 3263 4578 5157 5886 6454 830 3076 3183 6302 3761 603 4097
13606 432 844 1347 1863 2369
13607 3411 4013 4289 4746 4105 822
13608 651 715 5804 659 2323
13609 2115 3031 1476 893 3362 4193
13610 727 4117 830 3388 4526 4948
13611 2116 3451 5778 742 1190 1435 2204 2554 2660 3272 4036 6908 4122
13612 188 3197 3851 5021 5182
13613 2033 675 2031 4628 5138 3929 3185 4212 4842
13614 2194 3789 4170 4793 5402 5873
13615 33 791 356 403 3813 502
13616 1591 4108 6245 7047 5211
13617 4789 5666 2369 4712 3759 6096
13618 191 627 975 1037 1322 1650 2358 3343 3929 4198
13619 3071 2807 5157 4539 5741
13620 660 2435 4029 4402 6320
13621 4272 345 1530 3690 5962
13622 2756 3716 1714 203 2732 3874 3162 70 6090 4567 3811 4789 1855
13623 6206 4542 5418 119 2628 6141 6932
13624 10 34 55 77 99 148 186
13625 1653 1103 1678 2369 4454 321 934 4376
13626 939 3118 830 1423 1713 2327 2999 3688 3950 6129 4078 4923 6415 1135 1966 6420 2897 674
13627 603 1373 5883 2433 3018
13628 482 6172 1214 6442 304
13629 1368 1563 4008 5500 2511 3064 4310
13630 5959 4664 6093 2946 5711
13631 1964 2055 4173 1146 1385 322
13632 3263 2543 5673 4672 3056 3180 6115
13633 475 1214 2323 2511 4938
13634 304 784 2265 1811 3359 2017 5056 5312 5459 5285 459 660 1044 2109 5104 5897 5543 6275 6323 6986 2377
13635 2162 1116 492 2505 2514 3758 567 1071 2429 1759 25 3598 4193 2837 3901 4365 4573 4696 6412 4496 5070 998 5015 742 6395 245 1867 5596 6117 4667 1848 3866 2847 1653 5310 7000 6939
13636 2193 1063 3174 6351 4117
13637 6669 3343 4374 6004 4424 6186 597 4097 6306
13638 924 1638 2168 6175 4010
13639 3084 3374 3832 2242 1108 6904
13640 2460 2618 1730 6266 4614
13641 130 675 1707 2327 1713 917 209 939 4147 364 3687 5456 4302 6239 6141 558
13642 2826 2946 3343 3957 4146 4578 95 4318 4675 5319 1893 1987 2207 4360 4316 2237
13643 54 713 955 1026 1256 1779 1844 5570
13644 178 1929 5442 6724 6772
13645 1651 2090 630 924 1544
13646 1106 2219 5593 5666 6653
13647 4618 426 1955 2284 2838 4011 4697 4784 5138 5519 2899 830 2729 886 2560 5412 6266 2728 3183 5456 797 4626 4989 5210
13648 1654 401 610 2327 4625
13649 4862 5668 386 245 1384 4404
13650 3467 482 2323 6004 6393
13651 1221 1481 1586 3281 5630 5325
13652 1589 25 2327 939 870 1540 709 1389 54 134 690 1986 4250 640 52 4798 5787 5849 6195 6790 6573 6729 6766 6889 6965 6969 7023 7026
13653 1489 2435 710 2775 3569
13654 3687 4470 687 640 3724
13655 997 4267 4490 5414 6323 6338 6748
13656 498 1433 3343 3377 4285 5537
13657 238 756 1710 1430 3449
13658 4628 6321 1044 1756 3047 3144 5558 5925 4496 4727 4750 6376 6533 78 1440 1844 1848 2166 2477 2807 2951 2952 2976 3049 3947 6177 4381 6204
13659 650 2776 727 887 1233 1544 1542 840 1887 2694 3586
13660 5074 633 648 709 4956
13661 207 1808 4689 5108 6295 5317 6653 1147
13662 1644 1655 4689 4624 167 383 486 1755 3894 6211 6213
13663 1651 334 647 791 1423 2155 304 2414 2693 3259 1653 4680
13664 5908 5674 2562 2804 3851 5594 504 2314 6021 6706
13665 379 1424 1516 3401 1544 2687 4303 2475 3993
13666 1987 939 662 2866 3183
13667 810 2950 3065 4012 5903 498 2430
13668 5 807 991 1493 1324 514 2431 2693 2696 391
13669 2195 5593 5221 6170 6920
13670 1219 1827 2677 2976 3517 5216
13671 330 641 2105 2107 3855 4518 5696 5809 2248 5686 2028 2311 2676 4097 4869 2260 4727
13672 127 514 620 627 812 1161 1688 2842
13673 486 1097 4251 4712 512
13674 30 42 66 84 167 246 83 204 231 299
13675 1 3184 4658 2253 4833
13676 532 772 1441 1619 3406 5138 5654 6191
13677 1517 1544 1756 1711 6379
13678 1438 3030 3430 2732 3615 3057
13679 460 2206 342 813 11 2017 6942
13680 2279 3809 3883 4334 5621 6260
13681 4054 5581 3101 5309 4922
13682 498 1977 675 2304 3524
13683 303 812 4212 6390 6526 6650 1516 1981 6321
13684 4840 3978 4482 4646 5707
13685 2485 3059 2369 4667 6900
13686 2054 3277 4507 5707 1233 2654 4285
13687 1619 887 4842 4697 1712 1627 3004
13688 304 1233 2729 2888 2130
13689 188 3453 4689 4905 6931
13690 3548 915 2992 1522 1728 257 1200 567 1614 245 4422 1432 3632 4241 203 610 1242 4929 2502 972 1262 1323 1711 2824 140 987 5857
13691 710 485 1045 1032 54
13692 3120 1878 311 1179 1300
13693 832 1740 1971 2587 5537
13694 1667 465 458 109 1507 3851 6671 6144 5925 6477 927
13695 2600 4097 2804 1263 3926 1642
13696 802 3214 4664 5558 5759 5979 6004 3226 6390 6580 6872
13697 4673 4445 6279 630 1131
13698 3340 282 4712 6108 6473
13699 1136 4340 4794 630 632
13700 673 2354 3768 4460 2188 3578 943 3627 4230 775 2143 3924 5114
13701 1759 2978 1300 3366 3403 2624
13702 10 460 295 413 3 279 158 247 361
13703 5844 6479 1432 2899 3019 3030 4143 4521 5378 5721 6456 6476 6840
13704 4185 791 955 2756 4587 4947 5666
13705 1198 3365 4354 4904 793 3491 6372 1235
13706 837 1435 2765 3409 5809 5415 5787
13707 2424 2718 1200 2317 566 6799 5070
13708 625 5456 60 2090 2600 3475 4628 4844 5800 830 1242 1432 1621 1641 6386 6543
13709 465 334 336 1316 2233
13710 2643 1588 3284 3537 1987 1071 1865 939
13711 1135 762 5378 188 424 998 1218 1867 2020 2323 2951 2952 3410 3939 4012 2874 3957 4769 5757 7047
13712 1494 2824 2862 2967 2410
13713 379 1435 641 772 1735 2663 500 201 2025 1848 2669 915 496 1325 695 537 901 1619 3540 674 2696 2718 2827 750 2999 832 264 1044 1701 1759 2046 2904 2923 63 2693 514 551 3001 3124 561 3302 797 3813 1263 2579 3277
13714 1756 2346 4781 4538 1821
13715 729 3348 6283 4298 3011
13716 1956 3465 4152 5500 5525 5086 6167 3183
13717 1568 2306 5553 2479 4212
13718 1788 3048 1987 2625 669 1614 4697
13719 4383 3521 592 692 2168 4419
13720 1106 2439 5517 6456 6605 6879 3946 6209
13721 366 2036 5413 2834 4511 5325
13722 1006 2147 465 537 893 1909 3228 3278 4008 4842 5558 5689 6095
13723 1348 3506 2369 2895 5574 1862 6284 661 3460
13724 84 352 353 1242 1803 1887 2193 2195 2763
13725 1407 4193 4361 1394 1711 2052
13726 2088 235 2545 1966 2254 5777 6005
13727 6036 6268 5021 6375 6316
13728 401 492 2046 2855 304 1086 515 3964 4227
13729 1137 927 1987 2517 2715 1783
13730 917 2327 4965 5356 5721 6720
13731 1765 2756 2946 3243 5553
13732 2672 3424 370 4364 3188 4734
13733 4595 5312 6397 5021 1690 2517 5523
13734 2371 3659 4689 4837 4963 3874
13735 1019 4452 4012 5807 3962 4772 5938 1563 2018 3506 2299 6745
13736 595 812 1539 1793 1846 2193 3923
13737 991 1262 1999 2450 3676
13738 177 492 527 2723 2792 2674 3663 4043 2220
13739 1 2301 3662 5126 5353 5618 6166
13740 1607 376 665 1255 2775 2974 3291 4690
13741 2675 1135 3350 4235 4466 2836 5118 5286 5598 3757 2185 4840
13742 304 527 627 1808 842
13743 562 3577 5873 2688 3367 4419 4935
13744 1438 5442 1309 4032 6635 5043 3931 3957 5435 5615
13745 1432 3957 4285 4727 5359
13746 5522 595 915 4750 5777
13747 5239 5721 303 4628 4956
13748 1020 835 991 1755 1887 2827 3663 4285 3949 2535 6265
13749 1320 179 2478 3486 3866 374 1532 1494 4209 4521 1687 5093 6312 245 1211 1306 3059 5585 6165 6279
13750 245 2612 3957 125 2702 5886 835 1755 3356
13751 1233 1432 1713 4750 3560 4097
13752 299 38 174 459 571 554 657 3214
13753 1214 4358 4002 5744 1299 1097
13754 4500 1440 2309 2801 3817 675 2360
13755 482 1851 2323 2951 5530 1135
13756 2718 5873 5681 6652 567 1855 3941
13757 5074 1010 2232 4664 4689 6503
13758 2173 4049 1544 5099 5214 1058
13759 2485 3067 4497 1172 3419
13760 627 3007 832 1019 1193 4331 455 602 991 1003 1432 4097 1814
13761 1559 598 1199 987 3181
13762 1589 5345 5902 3194 4027 1135 3549 2430 5757 6624 4800 5258
13763 1047 991 2838 3226 4949 6725
13764 1056 687 2327 1844 893 1128 2248 2430 5598 6021 1494 6874
13765 2020 2592 4162 1151 2276 4227
13766 754 939 1544 1563 1756 2897 4374 4842 4008 6754
13767 4737 6135 267 939 516
13768 3677 3683 5667 3006 3856 4680
13769 2548 4596 3890 1221 6386 6233
13770 2098 5314 1074 2052 4936 5873 6100
13771 1871 2368 2420 3866 4225
13772 3813 5791 2144 3044 3396 4430 5559
13773 537 3348 4496 5995 5558 5964 3957
13774 742 960 4545 566 1645 5638 6165 6279 6281
13775 47 304 188 10 56 98 239 324 458 530
13776 735 1827 2611 5520 567 5155 3357 6400 2532 4697 4787 4874
13777 3108 5207 5270 5271 5651 4276 6385 6386
13778 46 96 142 312 348 1526
13779 5605 352 1273 1534 2645
13780 830 3788 1813 2383 6282
13781 100 564 406 1428 52 3569
13782 779 1436 4012 1765 2607 924 1227 4074 4735 3109 2642 4771 1821 1922 2460 4437 4510 595 1309 1834 3929 5513 6559 3753 4840 6620
13783 832 1432 1534 1740 1841 4508 5986
13784 2833 1791 459 109 2212 2242 5415 5787
13785 3076 5525 1044 3251 5524
13786 4947 4983 7050 1328 2187
13787 2032 3204 1202 1306 3866 4120 5756
13788 5635 100 2184 6253 4089
13789 346 1 1180 1501 2460 3306 6707 5480
13790 177 3866 574 2797 2756 1161 5448 4258
13791 2903 4879 4952 3356 3516
13792 197 43 290 337 438 127
13793 1885 2909 5270 5583 6464 6233
13794 3916 4894 245 1227 1975 3116 3788
13795 177 3466 4000 4153 6390 4154 3315 5775 6306
13796 1728 1708 3144 4198 5776
13797 1778 5283 4298 682 3315
13798 2909 3263 4246 1714 2959 3753
13799 1031 2568 3024 3191 3758
13800 5362 2868 702 5438 5559
13801 2237 420 2327 4727 5326
13802 2485 1214 3515 4430 4433 4435 4699
13803 973 1655 1749 1853 2966 3272 3278 3445 3939 4175 4376 5386 6059 6766 6827 4382 78 1791 5834 6422
13804 5113 4576 5466 6272 1653
13805 482 1233 1432 1756 2184 4038 4198 4343 5367 5442 6365
13806 1867 638 6104 4625 304
13807 2334 6268 1037 1135 2470 994 1808 5294 3214 5157 554 687 1309 2460 4460
13808 1097 1616 2369 4133 6001
13809 3630 267 835 1987 2038 2327 4722 4752 5444
13810 2507 4519 3668 2650 3343 782
13811 955 3821 5408 4918 681 6748 3315
13812 6136 1626 2808 4055 6379 3554 2722
13813 311 768 5869 6118 6891 3586
13814 660 3365 4783 5581 5667 245 5138 5689 627 837 3361 3362 3373 5292 5293 5312
13815 1845 2592 3401 3456 3739 3758 4689 5718 5979
13816 541 971 1730 2083 2999 510 6599
13817 2756 3809 1037 3746 4121 2045 4898 3129 3339
13818 2201 3931 5239 5598 5691
13819 4915 5343 1373 1 6292
13820 1893 157 5475 2824 2970 4626 4880 5704 5849
13821 2858 3314 411 3537 2104 2135 2136 2834 1015 3557 4028 4425 1686 1928 4453 4003 939
13822 3263 3347 4631 2592 3030 3410 4185
13823 2990 245 2718 2723 3568 2277 603
13824 1708 2783 3922 4324 3409 6024 6209
13825 120 420 1135 1146 1200 1707 2116 2479 2750 3367 3462 3536 3867 1432
13826 797 972 5630 2369 3470 3669 6903
13827 246 1496 1852 2775 3060 4578 6027 5362 1192 5118
13828 2780 2841 2976 3475 3837 5346 5520
13829 3553 127 537 567 998 1755 4628 2342 3034
13830 3158 659 1655 1844 2369 4317
13831 2175 3261 401 991 1544 1887 2829 4416
13832 486 1518 2112 3351 1226 1881 4420 6491
13833 4777 4905 6033 6267 6268 6783 102 2460 3368 4225 4460 5657 5886 6204 108 1047 1233 1262 3057 3362 6211 6338
13834 6513 2323 3866 4551 5197 6455
13835 2116 5992 5162 5250 6350
13836 1799 2765 1233 2730 188 1989 1494 3630
13837 1309 1650 6618 6177 5979 6866
13838 2172 1342 2118 2868 3041
13839 1864 1918 4155 4410 5026 4230
13840 432 2349 2899 3537 939 4753 6358 1135 2146 6374 5732 3396 5638 5987 1133 3353 4628 5550
13841 5 2369 6168 6194 6587
13842 283 5929 1855 4229 5456
13843 1653 2288 3240 3375 4680 6908
13844 348 185 611 969 788 1124 2785
13845 1927 1809 1811 881 3084 3951 6773 6916 7044
13846 1135 1728 1986 2042 3353 1643 3099 446
13847 309 470 1185 6916 7012
13848 3214 4542 5413 2838 1088 4097
13849 837 6851 6889 6890 6958
13850 3734 4908 670 3730 5825 3923
13851 3824 2452 1480 4098 435 2944 4692 807 1057
13852 81 109 36 64 103 127 161 206 43
13853 1097 1588 5537 6194 5409 1723
13854 735 1728 1847 1853 2355 2356 3676 1097 3686 5069 6252 335 3948 5559 6539
13855 1507 2369 2917 267 545
13856 5881 334 880 1588 5401 533
13857 61 906 917 1612 2351 2674
13858 409 52 242 1714 1047 546
13859 2460 866 3072 4230 770
13860 283 321 3020 4878 6599
13861 1813 2693 908 939 1690 3244 1808 3428 627 4335
13862 745 947 3762 1870 4968
13863 318 428 627 729 770
13864 3354 3355 3363 3375 2394 5266
13865 203 4365 5085 2838 3001
13866 366 2300 191 2146 4419
13867 2460 177 3548 2610 5085
13868 3278 698 1927 2804 110
13869 917 1233 1298 3957 4789 1438
13870 3866 379 3071 3506 5583 5985 2541 6167
13871 728 1560 1759 5800 907 2234
13872 5003 185 390 1062 2616
13873 4032 4737 4967 2848 4046
13874 203 1550 3554 4487 54 1358 4460 659 3291
13875 601 770 1011 1422 1660 2662 2680 3387
13876 6396 1385 1450 3351 4526 4667 5442 5635
13877 726 3374 4578 5138 5774 6543
13878 2160 3033 4599 4600 4640 4851 5158
13879 2976 3925 4148 4685 5331 674 835 1815 3554 493 1747
13880 32 109 700 1149 2572 2750 4220 4894 2980 1798 978 1752 5525 5873 5994 3971 96 1783 4539 4833
13881 4702 6371 6351 837 1106 4108 5232 5757 566 5228
13882 79 1151 1190 3109 4489
13883 456 203 3717 3744 1981 4013 4131 316 2339 563 2516 2723 2922 1844 6099
13884 4198 2981 4436 2479 5913
13885 454 455 915 2449 2481 2988 812 3056
13886 201 837 1588 4341 4892 6462
13887 2782 2769 2771 2356 5551 855 4285 3971 3970
13888 3240 5114 4697 5221 2311 6354 5516 3060 4924 2750 627
13889 4894 3410 3919 304 6468
13890 1521 2033 2118 1831 474
13891 671 991 2802 352 2327 1750
13892 2781 5339 456 1598 1753 2377 2883 3719
13893 897 1289 2750 4789 4696 2618 2249
13894 4212 537 2242 4545 4578 5217 5335 5456 73 1171 1323 1534 2829 5560 5821 6393 4727
13895 3378 6108 1097 4971 6231 6503 6539 2271
13896 3095 6295 2089 5793 15 5530
13897 89 3114 1585 3115 3356 3363 185 739 3125 1200 1641 4546 5586 2384 2386 835 5456 2931 661 2190 1715 3647
13898 1597 1313 3690 3689 95 304 2824
13899 1688 5469 1517 3947 3507 4272 2460 1016 3516 4540 4712 4843 5085 5335 6089 2618 2682 2897 715 4812 4956 6740 5593
13900 52 54 95 250 551
13901 11 188 400 998 1169 512 52
13902 647 3460 5533 6215 567 1062 2032 2916 3362 3739
13903 3651 6326 905 4400 6478 6556 6642 6670
13904 936 1071 932 4659 4894 127 2032 2112 4126
13905 6454 1480 2453 2710 2721
13906 73 1507 3133 5985 5757
13907 738 1688 3653 756 5802 1170
13908 1841 3272 3548 617 4733 3979 4089 4623 3776 4229
13909 1318 1606 2479 4900 5051 6720 6879
13910 177 1103 939 1373 610
13911 532 1044 4154 4628 5085 5537
13912 1368 1199 2571 2183 905 292 54 2816
13913 401 1595 2587 2970 3453 3685 5543 6104
13914 1070 5928 6933 865 6591 6729
13915 120 4351 257 955 1025 1373 3867 5398 2 122 850 1071 1202 1468 2535 5598 5865 6417
13916 549 973 2775 2908 3866 5205 5666 6783 994
13917 4059 939 1136 3795 4282
13918 359 2288 2904 4152 5004 5387
13919 2418 3578 4871 321 3844 4983 5218 3655 1588 5083 5176 896 4059 2909
13920 1432 1595 3957 5527 5809 6265
13921 3521 511 2589 4689 4381
13922 3822 2212 2242 458 6578 5787 7009 6901 6772
13923 29 715 1491 2299 2931 3462 4712 2109 5927
13924 3760 4894 4904 810 3862 4573 5175 1981 2702 2248 5902
13925 5456 1187 6016 3605 2572 6180
13926 5879 177 203 1103 1588
13927 1424 4155 4628 1887 2293 6585
13928 4942 6789 6890 7024 6998 6994 7005 6939
13929 4047 424 5042 2413 566 611 917 1385 3226 5537
13930 3434 5052 3406 5695 728 3032 4862 6349 5722
13931 134 2888 3001 418 2433 6160 1328 2143 6238
13932 4259 5030 5171 5376 6377
13933 2068 2956 2958 3337 3339
13934 35 81 187 30 230
13935 4374 5093 88 3365 5138 1987 267 2991 3663 4842 5904
13936 2152 209 742 2592 807 3353 407
13937 77 126 226 235 80
13938 401 681 840 4566 4942 5056 747 6751
13939 641 3143 3858 5176 5196
13940 61 283 5304 606 4675 4938 4978
13941 11 275 306 281 148 47 241 188 43 239 77 118 80 459 440 303
13942 6586 3926 1852 2116 3890 6353 1438 3867 3464 1897 6927 6937
13943 5638 1639 5546 6606 2430 3973 6101 6127 177 5519 6332
13944 4356 4552 4819 5613 2598 5537 3855 5884 5701 5729 5852 1028 6031 961 3013 3015 3435 6664
13945 3866 2903 5699 737 6572
13946 2768 954 1327 3485 4367 483 334 837 3562 4323 4553 4967 5118 4664 3409 4768 695 1592 4324 2954 3339 4121 54 4246 3801
13947 2982 2983 2143 4105 14 1724 818 4928
13948 1004 2027 3180 5537 5117 2430
13949 563 6167 2304 5158 6405
13950 2873 2904 2569 1847 4419
13951 3066 6281 3060 3586 5180
13952 2183 5075 5094 4428 6263 3137 3586 5873
13953 2070 2358 1192 4402 6491
13954 530 3066 3347 673 1530 3059
13955 4471 991 3822 3941 4535 5189 5664
13956 2837 4374 742 203 245 6088
13957 6729 5571 95 1493 4712
13958 1071 2123 3987 1759 475
13959 182 290 302 10 342 120 236 309 103 80 154
13960 4842 750 1482 3047 4143
13961 691 685 11 1032 1644 1044 2990
13962 906 914 922 939 991 2327
13963 486 915 994 2479 2834 5196 6236 5456
13964 1867 1884 2557 2115 5232 6831
13965 177 2277 5118 1192 2564
13966 3925 2195 3416 4803 5906
13967 1844 567 3783 4013 4529 5118
13968 939 852 6242 4365 5287 5653
13969 560 1015 1263 2536 3949 3547 3968 4693 3263 5346 4878 4185 5582 6025 6063 6264 6371 1251 6508
13970 4110 1044 4741 6620 42
13971 6364 127 595 1735 2323 526 563 3969 5357 2452 4101 203 1594 6302
13972 527 1484 1597 1106 1514 1677 761 564 167 3448 1530 1122 3359
13973 2321 3373 4805 4185 4450 6024
13974 3463 1247 2838 5086 5905 1465 3948 807
13975 3284 4037 917 1161 2715 2827 6724
13976 2723 5674 4852 4867 5562 6758
13977 1480 2718 3001 2187 1077 1869 3324 6316 6470
13978 22 35 66 127 176 204 239 324
13979 726 960 2479 1485 2219 4803 5979 3372 3894 4046 4671
13980 2046 3560 810 1209 222 474 882 5560 6625
13981 2693 2881 3981 5537 6126
13982 674 675 1867 6135 6720 1886 5988
13983 1616 3244 2909 3807 3030 3457
13984 3367 824 1641 5511 6769
13985 1739 1638 135 137 196 708 1121 1516 1953 2181 2332 2571 2765 2837 2087 2764 2934 530 1385 1510 2042
13986 188 1998 2024 2866 1308 4010 7000 6503
13987 2750 1309 862 1887 2922 724
13988 2693 2992 283 3214 5259 3785 3788 3789 1447 1435 4277 2466 1003 2535 6226 2095
13989 1791 4306 145 3929 5318 5558 5757 3142
13990 2640 2775 2908 2951 3592 5631 6534 2988 4052 4844 6868
13991 6222 5937 203 996 2018 5522
13992 88 2047 4008 5278 6018 5904 1107
13993 1009 1505 2168 531 122 832 2466 58 1899
13994 3949 4817 6820 6868 2888
13995 35 1042 4835 4836 4837 4855
13996 2689 2700 2556 2909 5258
13997 5558 6602 3457 4768 5495 6564
13998 598 670 830 1201 1392 1424 1700 2692 2951 5387 6617 6175 3348
13999 1905 124 814 304 1968
14000 5223 5422 92 3586 5872 4133 583 4156 5873
14001 3291 5205 2650 2888 5114 5118
14002 5705 5707 274 2838 3976
14003 108 2795 3782 3809 4352 3751 2955 2311
14004 837 655 2801 4156 2437 626
14005 90 3441 5236 3351 939 2665 2669 3410 4362
14006 2583 2841 1006 140 670 2970
14007 204 66 83 123 218 10
14008 682 2709 304 1793 4712
14009 1500 573 801 25 1118 1738 1226 499 322 1093 401 522 2508 627 2438 3012 713 2017 3861 3849 4514 3091 4370 120 5212 2242 370 6064 6691 6982 7010
14010 2076 2323 3834 1522 1720 4159 1509 245 1864 4257 4354 3939 2823
14011 1912 1987 2302 4750 3115
14012 3569 4168 2766 3183 4047 677 972 2746 1887 4625 6135 2938 6208 1003
14013 420 1051 1809 3562 4495 5195
14014 6382 2396 2669 6253 5032 6485
14015 793 1042 3945 743 1447 1779 5963
14016 1071 1144 829 3084 5312 6323 6733 7006 6772 6994
14017 2732 2949 2950 3515 580 1909 2044 2393 2976 3679 5814 6060 6252 6390 6435 6635 3560 4839 4250
14018 1172 2052 3457 5724 6624
14019 534 2763 4335 3339 1815 2788 3783 4185
14020 1071 1047 5118 1791 5307 5056 2242 5417 5667 6064 5958 5956 5878 6791 6808 6834 6876 6949 6733 5778 6979 6959 6901 7030 6967
14021 3849 3859 120 459 6578 6834
14022 567 2965 4417 4828 3790 352 1027 4551 4296 5839 5432
14023 4431 5049 998 1712 3929 4863 3203 5901 677 2220 728 3721
14024 1222 2112 267 2146 836 3901 1870
14025 177 245 3251 5015 6056 2032 6645
14026 687 2460 2479 3228 5230 5411 5969
14027 6618 1485 1693 3012 5895 6033
14028 3012 2017 3083 5307 6397 6811 6745 6914 6954 6977 7018 6997 6998 6916 7012 6967
14029 2779 3768 686 6036 2184 897 4252 4842 2897 3999 6635 4871 976 5644
14030 6196 2450 3834 4012 6296 6542 5906 728 3060 5450 6235 775 972 2574 4450 6344 238 1497 2220 2833 3124 3195 4285 6323
14031 3681 5560 5666 5667 5782 5844 6397
14032 85 3866 4496 5926 6033 6390
14033 5621 2659 6283 1597 3226 6393 516
14034 5482 6189 6452 850 5138 6832 581 1003 3183 6778
14035 31 627 880 3559 3896 4677 2041 5493 5873 1097
14036 1714 4614 830 1744 3012 3813
14037 282 2116 2354 2452 2460 2479 2914 4008 4142 4523 4930 6227 2589 4098 5785 6331 78 1536 2588 3472 3611 4610 4999 5784 2432 5985 6573 4440 1006 2028 2323 2951 4454 1723 1887 6766 6937 2598 2970 3184 4664 3174 4628 4755
14038 1815 1918 3964 4641 5677 939 3066
14039 893 1444 483 5739 5905 6135 6472 2180 3813
14040 5209 2290 2703 3361 3780
14041 1201 2479 90 391 3315 3959 5949
14042 1232 4822 3184 4878 1487
14043 5 991 2284 5093 1713 833 1417
14044 1221 3624 3655 4894 5493
14045 1664 4406 5769 2161 2593 5242 455 772 954 2353 2897 3524 3604 4638 5379 5905 6487
14046 1142 1227 2792 52 336
14047 6267 3030 5477 5809 6050
14048 3554 3267 5775 1590 4156
14049 1180 1242 1361 4077 5157 5863
14050 943 2323 2786 3866 6555
14051 701 2110 2649 3004 3012 3130 3325 4883 525 745 2383 2387 2769 2906 3290 5772 659
14052 4905 2242 2083 6975 6999 7043 6994 7008
14053 795 1247 2219 2747 1714 3765 3118 2482 121
14054 4059 6868 1633 4370 6390
14055 3322 1118 4575 4553 4967 4247
14056 4783 4924 73 1529 4082
14057 883 1847 3226 4496 5239 889 5520 6236
14058 905 1802 2437 2450 5976
14059 1650 2908 3067 4252 4871 5021 5607 6050
14060 793 1471 1844 3030 3635 5169 5366 6479
14061 6507 5123 1133 2384 5118 6619
14062 2452 2674 3442 6811 6494 6512 3238
14063 2918 3214 1345 1597 1712 1503 4415 3988 6414
14064 5812 5787 6790 6638 6893 5014 7025 6986
14065 32 1997 1897 2888 1701 581 2430 519 4723
14066 1672 2277 4212 5314 5505 5524 5869 6283
14067 897 318 1978 1987 1142 2792 3401 246 1047 580 1951 1046 90 4441 2902 3782 4209 6802 6864 3783 6876 6874 6935 6959 6901 6437 6528 6529 6776 6565 7005
14068 4965 6029 4602 4889 2369
14069 2449 2450 3194 4411 5325
14070 109 4736 73 915 1200 283 6199
14071 2032 6146 545 3527 4759 6449 6505
14072 5074 6912 4097 2031 2535
14073 1193 2651 3713 4808 3173
14074 118 162 222 246 301 309
14075 1867 5812 6067 1011 4055
14076 755 1483 3768 4137 4963 320 2015 2183 2920 5456 691 2115 321 3783 5019
14077 998 4540 4803 2720 188 602
14078 772 2412 2435 89 540 840 1659 1746
14079 1844 4495 5142 4172 4298
14080 201 772 3054 3714 3858 6067
14081 5759 4227 3059 124 6297 2521
14082 245 873 1044 1200 4894 5238 5809 2116 4489
14083 4199 530 3180 454 2668 3877 4097 321 568 939 1106 1455 1844 2676 2756 4894 5063 5328 5759 5530 2369 6141
14084 2657 4105 5597 3405 4101 4102 5979
14085 109 1050 1758 2231 46 2294
14086 1172 3383 3896 5591 1878 6661 1106 5873
14087 527 3233 3378 6451 4636
14088 1214 3206 3687 5744 6718
14089 1747 4008 627 799 2143 2193
14090 1027 1701 1867 4383 4697 6679 6811
14091 702 983 1044 1432 2046 2718 2838 3076 5805
14092 1711 6251 3915 1786 6612
14093 920 283 670 786 2276
14094 1358 2902 3163 3292 3783
14095 636 2909 3347 3450 4878 6467 544 1452
14096 429 501 156 167 43 188 309 430
14097 3292 3716 4031 2144 6404 1493 1510
14098 4089 6225 1914 4628 6477 1178 1639 2534 3310 2761 6161
14099 1903 178 1902 3214 3678 3761 2146
14100 3896 1987 2198 2750 3372 3796 5135 5711 4527 6241 797 1028 1122 1318 3560 4787 4907 6089
14101 4665 1650 1323 2750 3132 5312 514 687 1262 5110
14102 2364 1653 4090 4332 5113
14103 3768 4431 4521 742 3234 1505
14104 5415 1791 5837 5787 458 2242 889 2327 845 5956 1685 6496 3365 812 6662 6264 6975 6903
14105 4074 3294 1670 2094 2323 2750 2952 830
14106 1826 2303 2747 3985 747 906 1750 1781 2024 6532 3312 5 207 611 682 893 991 1550 1887 2711 2874 3112 3143 3374 3375 3523 3620 3851 3976 3982 4302 4553 4847 4952
14107 127 282 1496 1650 3049 3217 3560 3957 4143 4793 4835 5133 5417 1380 2435 4368 5534
14108 1928 4628 4889 5530 6144
14109 6772 2898 4675 5979 6887
14110 2466 3258 466 1349 1625 4146 1550 5930
14111 425 4447 54 434 5522 6547
14112 1285 1753 4612 5323 5339 6036 6106 6478
14113 2733 246 1438 3059 5258
14114 724 1887 2693 2899 2744 3586 3363 4625 1821 3746 804 3185 1829 4680 1653
14115 111 142 241 116 148 243 418
14116 1212 717 1255 2281 2750 5533 1402 6381 177
14117 46 516 2389 3388 4842 4989 5168 5875 814 3295 3804
14118 4089 4628 2249 2369 5145 2824
14119 32 87 578 802 1529 2460 362 1211 1106 3131 3278 567 2187 626 6262
14120 1832 2438 2833 2636 2017 3084 3563 3849 3413 5117 5089 6594
14121 2972 420 742 2452 2964 1349 1791 1233 823 2323 2354 4206
14122 3060 304 1871 5310 5897
14123 757 1061 2315 2193 4228 4789 3241 4308
14124 923 924 734 1083 1217
14125 1197 3797 3930 5416 6690 1506 6376 6752
14126 3352 4862 939 1752 5683
14127 4298 516 4585 4787 5413 5445 6929
14128 431 2944 3183 1320 1097 3234 3802
14129 2510 1471 1791 2377 2756 6451 6175
14130 3073 3409 3410 1705 2096 3380 6386
14131 2833 3405 2415 3083 4939 5056 5787 5911 6361 6936
14132 537 6720 830 1536 4922 5653 6348 3372 4207 2838
14133 6111 2460 4381 5778 6270 6362 6659 7020 2300 2450 3515 3929 4152 5470 6435 6872 1262 2710 2715 3543
14134 677 1728 1809 1956 2323 2512 2796 3024 3368
14135 148 2909 3409 3809 3895 4546 5053 6452
14136 1330 1701 3214 4383 1721 2323 6570 1521 2479 6040
14137 595 3883 4705 5890 352 4489 4878 6610
14138 5749 3030 3783 4046 6359 4842
14139 1047 1600 3852 4696 641 2041 4166 2446 4212 4712
14140 3214 263 2480 2568 3832 1410
14141 1127 1516 3475 3965 6155
14142 2323 6291 2840 742 3857 3931 4553 5481 3923 1384 6840 7038
14143 5357 282 1464 2643 3967 772 2517 5138 3554 4962
14144 2193 5292 5414 465 1497 1789 3955 5582 6281 6283 6292 6348 6681 6809
14145 31 2896 2678 2532 370
14146 2981 3931 3824 5587 3758
14147 1113 2045 1383 2995 675 1194 3692 4712 2271
14148 1470 486 5116 370 5362 2386 1393 4043
14149 6036 2098 2404 3183 3360 3809 4712 6449 751 5452
14150 4806 4999 5389 3364 4008
14151 5312 880 3929 3931 4689 5548 6421 3790 5402
14152 1432 3927 1956 2702 2722 4728
14153 6367 6253 5070 6527 2511 5015 6522 6662 3694 5233 345 6387 6125 5886 6788 4065 6812 6860 6954 2184 991 5208 5694 6950 6965 6222 830 4097 6782 6995 939 1480 2827 3465 5670 5970 6582 7006 5613 6997 6998 6678 6901 6956 6919 6565 7012 7029 6945 7039
14154 2750 998 1956 4041 4042 4378 4403 4212
14155 3251 665 4842 2327 3979 4419 1030 3590 4108
14156 3692 3779 2112 2146 4012 5760 2193 2824 3264 4750 3353 5871
14157 304 5670 5730 6490 4290 6073 6386 1496 5775
14158 2020 2397 3410 3162 2884
14159 3315 1063 4012 1534 1023
14160 4942 5086 5087 5135 5181
14161 460 10 417 429 1043
14162 1489 2364 1931 1743 3036
14163 6253 1844 6005 6177 6682 2676
14164 102 674 2718 4209 675 2006 3078 4509 3692 3779
14165 782 2122 2184 5402 6472 203 1044 1159 2339 4894
14166 905 1740 6452 1752 5093 5138 6135
14167 1813 3251 3281 3702 4446 3877
14168 5254 1228 5996 6402 713 1299
14169 2671 5560 5872 2804 452 2590 4052 4697 5558
14170 1720 2513 4475 4543 5616 6945 403 6038 6942
14171 1453 4696 444 6617 6279
14172 4352 1019 1480 1588 1755 3820 3932 1579 4589 5814 6581 25 4496
14173 2001 3118 1053 1283 1727
14174 3060 3896 5003 5764 6313
14175 172 250 296 309 301 1071 2162
14176 594 1135 1194 1887 5966 4419 5558 3964
14177 4450 4640 4853 4121 5525 3343 3173 5258
14178 914 407 917 381 939 1767 2678 1255 2535 6926 2920 235 5112 1718 1122
14179 3065 2460 3730 1297 3549
14180 5795 5873 1211 1544 659
14181 2807 4122 4193 4697 5762
14182 5339 1111 4602 4688 2304 4740 4235 4710
14183 1692 3205 2265 2678 1432 3501 6023 5979
14184 1064 1544 1588 2355 5141
14185 1894 2150 70 2249 5357
14186 1419 1865 2084 2340 2545 4453
14187 2276 5233 1966 2232 5545 5571 5502 5470 5525 933 3065
14188 6896 1885 4185 6670 6885
14189 987 3105 5551 1097 1328 4516 4573 5164
14190 517 1636 4495 4759 5962
14191 1728 917 675 939 998 1047 2064 2376 3881 4551
14192 2908 2988 3549 6743 4192 3956
14193 5954 2384 2295 2072 1122 52 1653 3291 3507 4680 4712
14194 5357 1330 1424 3214 3929 4008 5757 6474
14195 774 3162 4089 5757 2146 2897
14196 4089 5637 421 514 968 1283 2082 2351 2384 2843 3183 4085 5756
14197 4374 109 927 3964 1146
14198 4059 2908 5122 2898 4423 772 5073 3974
14199 3221 4647 5314 2857 4643
14200 486 1233 2669 4187 4628 4690 1303 1639
14201 2478 1791 3866 4545 5558 883 3396 4012 4198 6748
14202 177 503 641 840 2460 4918
14203 866 4201 4743 4956 5730
14204 5896 2863 5228 3584 6117 3448 6861
14205 1536 5965 6167 778 1242
14206 3866 2450 527 1051 1562 5033 2888
14207 832 3923 1924 3773 816
14208 267 401 4625 4831 5086 5087
14209 465 1432 2079 2472 2846 3677 4311 4879 5138 5258 5311 5456 5965 6499 6691
14210 1687 3753 4898 5535 6335
14211 1973 4320 3556 3950 1242 5925 6185
14212 1047 657 648 3383 4013
14213 1425 1804 2317 2545 3036 3439 3705
14214 2460 3928 4193 5717 6016 6666
14215 1792 1794 458 2297 73 3196 3497 2021
14216 203 830 3072 4769 4908 6104 6890
14217 312 461 923 1047 1455 188 1044 1392 106 906 1755 732 1413 1766
14218 6654 4791 4793 5560 5666
14219 4200 2298 4198 4366 4936
14220 939 1057 4689 6508 6832 2028 3194 4008
14221 5262 650 3294 5003 5550
14222 5994 768 4936 5638 6804 4046
14223 1263 1432 5537 1122 1887 1200 3361 4527
14224 2130 2593 6302 6681 4420
14225 3643 14 138 2369 5031 6159
14226 452 2827 3294 3543 4585 4808 4908 5357 1759 6753
14227 192 1242 2161 2839 3604 1168 2593 3071 379
14228 2574 4268 4406 4446 5877
14229 379 670 865 1867 2439 2460 3515 4475
14230 2804 3050 3251 5211 5634
14231 4879 2660 5085 1373 2089 3364 3365 5003 4696 5664
14232 675 1518 3475 5721 3465
14233 578 3359 3687 6040 5878 6500 5408
14234 2571 939 3541 4408 4421 3118
14235 3310 3362 3554 3570 4019 1242 1263 2304
14236 5543 6269 6578 6594 6573 6264 6934 6997 7017
14237 5946 1135 1146 3158 4274 1198 1228 5984
14238 927 1063 958 2901 850
14239 6308 746 747 998 1480 5054 5058 5104 6593 6631 6384
14240 662 772 1118 2416 504 739 1106 1599 2583 3149
14241 2732 1588 2211 2976 4374 4636 5442 2583
14242 354 669 880 939 1015 1071 1079 1517 2327
14243 5167 5335 1135 1373 2735 2908 4697 5666 939 968 1078
14244 763 775 1047 1427 1433 2907 2950 4689 5691 610 705 4672 4750 5408 5071
14245 1047 3463 5031 5867 1650 5314 674 1925 3362 6149 4365
14246 3084 4942 458 2242 5285 5415 459 5543 120 5787 1791 6323 6367 6408 6444 6822
14247 647 4329 5411 5519 5520
14248 445 1202 4257 6323 6404
14249 465 880 3243 486 1233
14250 1311 1588 4793 5666 6748
14251 2970 127 1808 3560 807 2838 4351 6788
14252 335 581 2214 6589 5552
14253 1226 2586 675 4173 4317
14254 1209 1639 5508 5511 4024
14255 1200 1631 2502 3360 4491
14256 712 786 1046 3843 4867
14257 352 2808 2032 1146 4189 3971 5362 5119
14258 2116 958 1550 2474 5422
14259 54 972 1556 659 1890 3173
14260 5069 1480 2327 2420 3632 4230 2669
14261 127 2292 1960 4956 2924 3964 4446 5800 1875 3370 4539 4564 1512 2640 5490 1122 2951 6107 4078
14262 830 3365 3979 5775 6532 454 1844 1981 2983 5146 5191 5704 5979 5705
14263 379 1447 447 971 1787
14264 4028 4947 772 4008 5378 4402 5456
14265 2846 4965 6015 6234 1044
14266 434 523 1209 4117 659 729
14267 482 1339 46 2390 4268 6624
14268 1202 1480 2774 4043 4024 6289 3360
14269 3747 4352 743 3359 3362 3465 3834 3981 4417 5312 5517 6221 1753 167 1435 1759 5568 1214 2623 3374 1263 1622 4154 2322 2976 3363 3867 4152 6598
14270 1849 1712 3026 3342 167 465 998 2731 2732 660 3834 4202 4162 5401 5168
14271 4001 5204 5214 718 3726 5329
14272 887 906 3351 4732 3604 366 5809
14273 395 514 806 1051 2951 3461 5248 5638 1542 6820
14274 304 1159 1181 3383 4680
14275 4190 1851 630 2807 6063
14276 53 4374 3843 1308 4470
14277 1071 1126 2318 3861 3859 4942 6745 6857
14278 946 1138 1182 3064 4318 5078 5244
14279 1499 4247 1122 5507 1606 3059 5619 2466
14280 3381 3964 4049 4470 6284 852 4783 6154 5438 554
14281 2085 1804 892 1227 4864
14282 2205 3758 188 747 880 1330 1703 1734 1867 2715 2988 3132 3180 6010 6911 6499
14283 2237 2491 3976 3987 4628 6225 1887 3652 3905 837 5412 3653 5803
14284 4028 483 1844 2760 4963 5917
14285 5516 465 1242 1507 3047 3093 3363 3364 3365 3627 3698 4435 4625 4789 6338
14286 420 455 920 1191 1501 3365 3410 4712 3457
14287 5744 742 2435 4628 5560 4170
14288 630 1135 1274 2593 3030 3367 3809 4587 5437 6672 6733
14289 5890 2970 5772 6504 6740
14290 4163 5047 6791 6863 6969
14291 610 850 3846 3588 6571
14292 401 2838 5520 5537 6853 6854
14293 267 915 2311 3694 4139 5043 1530 4793 5321 2858 6298
14294 304 676 4101 4111 4365 5164
14295 1172 4822 1988 4228 6281 2475 5 1003 4156 6279 2486 5422
14296 1619 1103 1425 3036 3990 2319 3593 3921
14297 3560 163 674 1107 4551 812 3362 5344 54 647
14298 498 283 1071 1864 3472 5157 1194 3467
14299 3831 4005 4488 3931 6677 6437
14300 54 627 759 927 939 1432 1678
14301 2760 4537 2460 3263 68
14302 516 4117 4298 4573 6298
14303 2765 1855 2122 2460 4777 6475
14304 3826 1054 2567 5720 6057
14305 337 924 657 11 660 955 1161
14306 455 2377 5963 6055 4989
14307 1107 2659 3397 4436 6107
14308 379 469 3923 3851 634
14309 1999 3950 4582 744 4392
14310 1274 1899 2020 2160 2765 3410 4256 4374 4782 5512
14311 674 1516 1650 1679 1844
14312 904 1202 2665 2670 2827 3001 2435
14313 3084 4342 6635 6791 6773 6997
14314 496 1402 2885 1432 5286
14315 1563 5385 6209 4458 3710
14316 1252 4602 5340 715 356
14317 1619 1830 1714 2115 516 4418
14318 1304 1534 2000 2219 1309
14319 2572 2458 855 4298 4511 4963 906 1544 998 178
14320 545 1848 18 401 6283
14321 102 687 1956 3182 3560 3607 1061
14322 635 1416 2183 5378 5986
14323 4420 5816 939 2719 6370
14324 207 1198 2320 2380 4131 5093 6190
14325 4635 4194 3866 5667 5522
14326 3834 4732 5074 2865 3552 3586
14327 1369 3739 4163 1621 5401
14328 1567 5811 4454 1063 4282 6135 6222 3184
14329 1881 3639 5528 1263 2909
14330 2710 2827 4548 581 6768
14331 420 627 3278 2807 4143
14332 10 77 80 86 103 164 223 242 1227
14333 576 3589 5199 5344 5537
14334 1409 2967 2169 713 1305 1267 3496 3516 523 4891
14335 545 1309 4152 4656 835 4741 3184 5666
14336 88 580 598 773 2866 2944 3251 3792 1638 1878
14337 2914 3761 4225 4675 5062 2603 3453 1047 4628 5539 5826 4784 3707
14338 2478 466 4770 782 4225 1015 1844 2946 1809 1037 4832 1714 2460 4374 125 5161 545 2945 3214 3012 3758 3925 1987 6140 3294 2032 1796 5428 1759 5962 2572 5085 1047 1306 2625 4783 5086 3537 800 4446 3878 747 2693 4239
14339 250 409 337 342 224 427 367
14340 2758 3067 5598 6093 6766
14341 1071 3512 4842 2327 2452 4941 2541 6619 1172 3335
14342 2903 4198 282 606 1071 2619
14343 6539 15 52 95 788 1403 2085 2369 3040
14344 486 2770 3554 3976 6206
14345 2545 5525 25 4624 4628
14346 1078 2847 6608 2264 2827 1483
14347 226 1191 3610 5157 6270
14348 715 1759 754 2788 4161 1521 2322 5177 2824 6659
14349 77 1106 1565 2220 729 3897
14350 2501 1720 6242 6306 6691 1909 6689
14351 1399 1899 1987 2323 2432 3263 2460 3397 1867
14352 1922 3183 6683 6868 830 3278
14353 6096 2115 3604 4878 3874 5019 2535
14354 927 2756 2838 3655 4465 4677 4844 5157 5207
14355 2292 5412 5414 996 2386 4812 5763
14356 321 1815 4989 5366 5606
14357 4089 3570 2924 4526 2304 1299 5799 1875
14358 77 129 223 281 290 351
14359 32 4768 2593 3625 4324
14360 3410 4399 514 991 2484 1087 5140
14361 2838 6290 5170 5530 6227
14362 2712 1015 1655 2115 2277 2951 2952
14363 2032 2144 4750 5820 6354
14364 2460 4920 3263 2376 4947 4984 5755 5638
14365 817 6088 3622 4855 5267 54 713 715 2083 2623 3001 4567 4843 5891 583 695 987 1358 2740 1159 4901
14366 185 835 1047 1100 1202 1323 3377 3711 4005
14367 4125 906 991 1480 1047 70
14368 1988 1989 1990 1842 666 1260 2962 3030 2592 4894 5558
14369 31 3115 2880 1974 3688
14370 23 43 75 116 265 294 296
14371 201 5426 1004 4758 1926
14372 2750 960 1363 2502 3292 1413 1287 1097 2707
14373 215 429 460 404 464 489
14374 1047 3060 3367 3498 4383 6165 6281
14375 15 815 955 564 1413
14376 4520 1479 456 727 830 5433 3171 6338
14377 4842 757 3931 4452 5464
14378 4028 4437 4685 4307 5570
14379 308 2962 3339 5680 5905
14380 4627 1042 3032 3143 3761 4599 5059 974 3371 3758 4052 4879 1380 2881 5459 6222 5516 832 1051 2908 5571
14381 2478 326 482 917 1373
14382 2723 6177 6005 60 498 5945 6588
14383 344 1805 917 922 1391 1986
14384 6791 5193 6802 6784 6948 5376 6987 6762 6999
14385 1701 88 331 788 3012 939 2394 3951 3849 2559 4939 5117 6286 6407 6152 6416 6496 3931 6523 6604 335 6808 6815 6816 537 6853 6856 1063 5779 6817 6854 4482 5778
14386 486 673 820 1016 3143
14387 5093 905 915 1714 4843
14388 1139 1316 1899 1931 2466 3290
14389 2032 4842 5168 5875 6359
14390 1021 3569 68 1161 691 6713
14391 2460 388 2160 2689 2696 2697 2705 880 5066 3856
14392 4724 960 4392 5929 1653 3118 5429
14393 2460 893 645 3560 5362 357 2607
14394 3717 5188 6016 2377 4008 5461 5666
14395 4086 2161 3200 2158 3201 6025
14396 2188 205 1740 5294 2540
14397 844 1242 2195 4097 5112 5537
14398 2460 2988 537 597 998
14399 2327 4510 4511 5012 3758 1044 2625 4097 5537
14400 1273 6220 3033 4246 6894 4587
14401 1495 1714 1233 3351 4198 4474 5558 283 566 2966 4376
14402 1075 2804 2931 4605 5115 5782 5799 6654
14403 939 1044 1202 1887 2033
14404 1427 675 3422 2031 1217
14405 4026 3692 2369 3916 3945 4368 6313
14406 4164 474 880 991 1306 1588 2046 2143 3183
14407 102 865 2808 3761 4353 4718 5456 5480 5955 6177 2838 4751
14408 2485 2432 3971 401 1415 4549 5319 5854
14409 713 1047 1759 2379 2460 2545 2849 2861 2976 3295 3811 3858 4069 5172 724 958 1705 2970 6321 1207
14410 2750 3267 3878 5221 2801
14411 496 2524 2271 2970 3748
14412 3758 2908 2735 4068 285 3351 3066 647 4496 976 1402
14413 185 5111 5224 4246 3746 5366 5030 5583 6539 4734
14414 998 1513 1720 2038 4229 695
14415 454 1201 6849 4874 6897
14416 3032 5543 6179 333 641 917 1222 5558 5232 5840 4097 5979
14417 331 5861 79 597 5486 1864 2323 4117 865
14418 917 2387 3396 2587 3710 145 174 2663 3861
14419 2085 2115 2535 2678 3214
14420 4083 4420 812 5948 1097
14421 3834 6316 5427 1835 3723 4320 4710 5492
14422 1264 482 2228 2323 4225
14423 3605 6354 1655 3060 5965
14424 4316 1233 3244 1432 2945 3087 1728
14425 1011 5525 1107 2469 1609 3142 4032 5345 2307 5763
14426 1855 2193 2195 3030 4183
14427 3515 6867 1233 2838 4727
14428 295 351 111 280 1363 5214 5362 121 2543 3587
14429 4353 5733 795 998 4906 5696 1221 5809
14430 80 1044 1405 1728 1865 2274 2279 3344 3730 4209 3891
14431 2165 5666 4533 6713 3947 4340
14432 283 1373 2202 3805 880 4298
14433 2460 6594 5849 6729 7008 7029
14434 939 1044 2409 2523 3118
14435 482 546 674 2323 2976 4008
14436 10 23 250 266 1227 202
14437 85 485 1742 3362 1699 581 3674 2335 784 3594 1458
14438 5980 304 1211 1184 1956 3689 2540 3754 812
14439 1588 5931 660 2761 5864 283 1371
14440 1728 282 3233 3867 6102
14441 2466 3059 1438 3410 4086 2978 627
14442 235 1242 1636 5559 4470
14443 321 3409 4908 4974 5442 5680 6390
14444 77 225 433 622 1507 1530 1877 370 720 1122 563 962 2578 6729
14445 1200 2650 787 2249 3277 3368 3981 1363 2288
14446 81 186 460 489 535 555
14447 610 659 740 4502 5130
14448 52 392 824 2846 3038 3523 3881 3973 5226 5388 6449 2598 5248
14449 883 1809 3434 4253 5021 5147
14450 201 974 4842 1251 1526
14451 983 5816 19 2723 2761 3291 4750 5398 303 3450 3782
14452 830 2838 3217 5085 5537
14453 496 32 813 269 927 225 202 378 290 306 250 409 732 4664 185 54
14454 3364 132 1467 1798 3419 3560
14455 784 1728 2290 4265 4564 4203
14456 177 1853 3392 1865 3866 2838 5537
14457 712 893 2454 3161 797 3184 3059 844 4582 1101 1653 1814
14458 535 1016 1532 2131 2550 3655 5622 1138 6040 482 5960 3824 85 1008 1071 2756 4823
14459 1637 3900 3061 785 3358 3516 4046
14460 2184 6357 73 1767 5785 5787 5798 3758 5391 4765
14461 5108 6674 1889 3715 5584 6179
14462 756 1233 4182 5174 3524 6167
14463 4374 5442 3766 5056 4006 4689 3733 3605 1461 3251 4540 4947
14464 257 987 1573 1755 3762 3795 4335 1588
14465 1064 1281 1227 3747 5389 5408
14466 5 1586 2360 2659 3974
14467 907 1844 3965 1756 5334
14468 1201 1809 2453 2806 4008 1432 544 800 1889 2046 2642 2649 3279 3929 832 2616 2976
14469 482 2323 3101 939 2452
14470 5000 5352 1319 1740 3543 4285
14471 1037 2984 147 6130 1659 2920 2327
14472 246 5666 2479 6018 6177 1714 4154 695 6104 2881
14473 1753 3214 3329 5537 6433 6434 465
14474 893 3453 4894 5979 6190
14475 1852 2665 4760 73 5315 6432
14476 591 675 1865 2032 4879
14477 188 917 1261 2718 2858 5232 279 5581 4285 3604
14478 4791 3766 3226 1628 4793 5979
14479 429 25 1533 797 1317 4724 1085 1683 1048 4878
14480 465 498 727 1004 1791 2756 2946 2988 6338
14481 812 1159 4212 4298 5246
14482 363 608 2244 2276 2744
14483 2846 1721 1912 2756 1856
14484 1420 1032 6438 5362 5705 6439 6719
14485 3258 4292 5664 2640 3973 5729 6549 6562
14486 144 829 830 785 2369
14487 893 3900 4068 4330 5297
14488 6089 2460 3193 3367 537 3881 5558
14489 420 695 1051 2977 5481 6866
14490 304 679 2937 3362 4567 4622
14491 3294 282 3775 5407 2037 3375 2288 203 1159
14492 4997 245 5487 4160 4800
14493 915 1022 1432 2590 5522
14494 1106 1536 1537 1939 2460 3560 3578 25 2841
14495 411 4275 333 893 2183 2323 2731 2898 4105 4318 331 598 641 1146 2897 4879
14496 3193 742 1956 304 4866 4160
14497 1236 1590 4390 1756 4297 5587 5772
14498 917 2718 1740 3776 6021
14499 1899 2353 6054 3783 6556
14500 4696 2450 5183 5635 2384 2386 886 3586 163 709 6348 4928
14501 1788 4117 2460 793 858 4700 4726
14502 3891 5930 52 6799 4488 4712 6585
14503 663 802 3118 860 1406
14504 3050 3362 4202 5007 5115
14505 188 960 2460 5905 1373 1385
14506 2807 2946 5530 4012 2844 2725 850 1181 2187 5565
14507 304 672 1530 1032 52 401 1018 157 652 651 1764 3277 4348 5116 5118 2655 5787 6354 5849 6410 610 6117 1300 6978 6889 6890 6968
14508 3183 3923 4628 5346 1263 2715 2995 3453 4967 6107
14509 2144 2211 2485 2897 4611 4894 5465 5466 6305 6580 6618 6680 6687 3462 3747 4843 5502 4225 6605
14510 1987 2799 2801 2669 3663
14511 2032 3861 3485 1233 5456 5558 493 4420 5852 4040 5872 6610
14512 697 1009 1178 1411 1673 1948 2249 4894 1653 1453
14513 458 5543 6323 6527 6788 6812 6798 7006 6917 7012
14514 4006 109 459 2212 2242 6319 6811
14515 1802 3560 2671 4957 3115
14516 2492 1214 1516 2251 2447 2460 5024 5777 6222 486
14517 1268 1242 1636 3502 5751 2761 3251
14518 573 1523 5326 5374 6199
14519 373 2750 434 1791 5955
14520 2115 2624 3022 2976 4840
14521 1859 2583 5175 6275 5756 812
14522 2806 832 1099 2193 4631 2738 4609
14523 1671 1425 1588 3343 1051 1432 3891
14524 4942 6177 956 3069 5118
14525 1785 2318 3374 235 4039 5878 5849
14526 1893 2147 3284 3949 3957 4101 4285 5292 5464
14527 53 501 469 49 186 680 10 54 407 6834
14528 3923 34 2168 2460 3131 2807 4031 4376 4799 5140 5481 2650 6211 6213 6638
14529 4191 554 1212 3987 754 2363
14530 573 3410 3030 981 2143 3793 2909 3656 6556 1855
14531 6393 2637 5883 5512 4847
14532 246 486 1373 1588 2031 3866 4156 5587 5558
14533 452 465 1112 1636 1765 4028 4198 3263 3365 4054 5619
14534 80 947 3470 5118 5362
14535 2115 1973 1385 4376 5198 5202 6390 2432 2804 4008 4012 6040 1261 4101
14536 2323 2569 3026 4318 2420
14537 3531 4950 2311 5371 5558
14538 109 2323 3866 4318 675 4089 459 5873 6578 4211 5814 6540 2940 3409 5926 6349 6491 3766 6594 6523 54 6935 6882 6990 7030
14539 441 573 4905 4906 4250
14540 1927 627 1078 5558 5873 6337 4298
14541 420 482 1004 1047 3251
14542 3676 3214 3831 1071 3261
14543 2279 2775 3453 3515 4032 6252
14544 306 812 3427 4083 6279 5511 5771 3369 3881 5827
14545 127 10 188 417 496
14546 687 1806 2299 2922 2923 1504
14547 1201 6393 3928 5496 6636 2046
14548 1544 3882 2730 3564 830 1789 3949
14549 379 2939 1273 3301 321 466 1232 2571 3118 4370
14550 4223 1078 4329 1447 1759 1887
14551 2323 3738 4947 1711 4983 2225 2386 5676
14552 188 1200 1740 4905 5558 5979
14553 1827 2657 5102 5278 1086
14554 2909 3101 4032 5905 6179 6577
14555 266 413 429 43 120
14556 25 998 1044 1480 2797 4922
14557 995 2460 3449 1930 6439
14558 2205 3610 5812 1103 1701 3294
14559 4782 4909 5558 994 6325
14560 80 1273 2792 3182 3783
14561 2172 772 4828 2460 5790
14562 1192 2756 4847 5117 6283 1638 4794 4789 3315 4306 1704 2478 6119
14563 4126 1004 1071 3401 1011 1542 5481 954 3070 1047 2168 3647 3713 3904 4268
14564 5335 5782 6050 4298 4792 4901
14565 80 492 710 1106 1236 2445
14566 651 972 987 1870 2640 3288 3600 4273
14567 5314 125 165 5385 5727 6222
14568 295 75 275 291 304 337 97
14569 4850 6543 3078 3173 5775 3246
14570 3476 917 2168 3878 6175
14571 4782 4924 3060 4000 5102 5180 3646 5029 2317 602 1438 4003 6096 6513 2640 1821 5181 3737 6715
14572 288 470 771 1048 1588 1861 401 19
14573 208 555 269 337 457 10 409 188
14574 1214 2408 1784 3375 6558 2532
14575 1360 177 3758 352 1706 1755 2028 3929 4097 4285 4726 5645 5666 1003 2916 3622 4697
14576 115 148 228 187 218 378 417 167 380 404
14577 5575 233 4127 203 742 4143 941 1847 939 603 2897 4156 4364 1258 3395 909 924 1290 4374 5576 6142 6550 7037 54 6912 3808 4003 835 4111 6089 174
14578 163 1740 2455 3627 4334
14579 5374 3873 127 246 1563 1987
14580 1214 2460 2951 3618 3180 352 749 1233 2838 3047 3715 5138 5402
14581 1864 2587 1358 4750 1855 2723
14582 1432 446 2684 5454 2904 4357 4403
14583 1627 1651 3062 5114 4169 3355 3363 35 2809 3875 2480 3142 6641
14584 41 180 214 294 75 202
14585 1003 1056 1250 2435 5852
14586 4873 554 368 3143 5976
14587 2355 998 1935 6087 5215
14588 546 4298 401 3759 4241
14589 4922 742 917 1047 1432 2327 2718 2807 3957
14590 1300 4712 46 803 1233 3396 3758 4734 3058 5119 5401 6165 6448 179 5968 6059 1704 3353 4654
14591 782 1544 2304 2761 7034
14592 602 1762 1856 1877 1791 5844 1530 2195 6294
14593 5242 1597 4374 5937 6721 3471 5340 5711 6873
14594 5556 994 3273 6311 6697
14595 3461 2428 2478 3088 3516 4198 4859 4012 4437
14596 1044 1263 1973 203 634 1819 2761 5157
14597 641 1313 2179 681 1405
14598 2242 5543 5787 1655 5982 2212 6363 845 5837 6296 6350 6367 6416 4488 6357 6365 6503 5667 6183 6407 6397 6539 5070 6662 6195 6677 6822 3342 6576 6117 6784 6948 6733 6890 3124 6782 6889 6958 6959 6974 6975 6977 6901 7018 7019 6969 6990 7004 7015 6917
14599 379 4037 4425 3243 839 6386
14600 595 1755 2345 3948 4285 5381
14601 4781 4879 7047 1261 3929 5357 31
14602 757 3232 2057 1544 742
14603 1867 3758 4479 4842 4833 5310
14604 2593 3409 3624 3625 4277 4878 5525 3410
14605 3059 3672 5987 1641 6281
14606 188 939 1044 1047 1588 2327 4744
14607 1546 1242 1630 1631 2759 3012 2288 1924 5381 5905 2460 5904
14608 2976 3143 5244 3464 566
14609 3026 1672 743 2053 5349 659
14610 1393 2874 517 1452 2327 2673 3638 4021 4103 4283 550 1530 1539 4731 5263
14611 54 2904 4742 2288 4439 627 3589
14612 1634 3521 5413 2560 6490 1758 4676 455 2377 2792 3783 4324
14613 6226 6604 6855 6814 6856
14614 434 2235 151 370 803 852 990 5757
14615 4473 6363 6058 2640 6409
14616 726 4696 1097 6399 2598 5311 5312
14617 3750 4420 5599 5757 1752
14618 1106 840 334 2765 1165 2371
14619 2327 3047 4143 4667 4727
14620 897 1973 2300 2460 2619 6050 2057 1537 2479 3214 3489 3611 647 3180 6180 2700 1122 5527 3985 4089 6313
14621 177 401 1631 2892 4089 5205 5853 3388 6924
14622 78 420 245 1153 256
14623 6283 6581 1071 1534 3158 6415
14624 482 1012 1714 1849 2838 2976 3214 3266 4697 5560 5895 5979 3425 4505 6591 1792 1864 2724 5135 5376 3499 4365
14625 845 1071 1867 1897 4675 5285 6827 955 5149 5686
14626 4447 4922 6035 1824 2511 2731 6197 482 2323
14627 196 1759 4353 60 5820
14628 573 1201 2572 4316 4362 4363 4496 4702 5223 1494
14629 5774 603 1161 2988 3295 3732 4922 5378 5814
14630 452 998 2184 3064 660 1242 2756 2809 3855 4340 1100
14631 1190 1998 2192 699 2132 2212 2627 3060 4568
14632 43 248 337 411 581
14633 750 335 1506 5705 5706
14634 2671 3078 4600 4718 561 3592
14635 8 483 3195 2378 5644 6347
14636 109 3758 3781 4463 4836
14637 2271 1544 3143 3372 3901 6749
14638 1283 2144 3586 2288 5508
14639 2242 5415 5787 5911 5543 6490 6822 6665 6266 6819 6857 6733
14640 455 813 246 4734 1653
14641 3065 3294 3543 2116 6296 4791 6245 1226 5536 5537
14642 1759 2004 5186 6829 6993
14643 34 78 251 218 224 304 77
14644 4318 1987 3874 4022 4994 1233
14645 2750 80 924 4209 1032
14646 6991 2775 6156 6556 6572
14647 1197 1657 5063 5 991 1432 4567
14648 498 1791 1831 1987 2861 1016 4250 2718 4460 1813 4351 3715 1916 2255 4966 5307 558 6407
14649 5667 5787 6269 4188 5416 5849 6539 6349 6581 6766 6792 6788 6733 6890 6889 6969 6998 6773 7029
14650 3158 271 1041 1329 3416 3455 84 1177
14651 1106 1432 1461 1841 1047 2327 4268 3633 3866 2758 6481
14652 203 695 1014 1122 1728 2460 2663 2690
14653 5895 6029 6167 6179 4842
14654 1630 2079 304 1851 2240 3565
14655 4180 1662 4351 4353 5434 3184 4696 238 5397 6227 5578 5878 6193 6416 6594 6860 6940
14656 1135 4105 334 3220 3896 4089 5314 5934
14657 15 516 865 2081 2908 4212 4404 5400 1304 3071 80 3855 3506 842 4540 3204 3003 3073
14658 2466 2693 2694 2696 2790
14659 2460 4012 4442 2479 2571 3515
14660 830 2718 2838 2920 4285 5094 5873 5929 6281 3356 3996 4623
14661 1233 78 2460 2914 4689 6992 4089
14662 1103 73 3388 5757 1044 4835 5611 3059
14663 687 1138 1865 2006 2550 3734 4595 6071
14664 3192 5598 3263 4670 5873 2898 5502 6242 6580 6757
14665 4028 2904 3022 4628 5869
14666 1849 4510 424 991 1136 4956
14667 513 523 990 1764 1786 2859 2918
14668 1261 2537 2201 1565 5074 1276 5873 274 393
14669 3951 5878 4488 6594 6349 1003 6975 6976 6901
14670 6117 704 2278 2946 3457 6753 6607
14671 210 527 920 1156 1655 2914 3606 1424 3381 370
14672 490 975 2116 2203 3789 3834 5638 5764
14673 1501 469 1011 3566 84 997 1494 1227 2607 1161 2750
14674 1432 2838 3877 4419 1499 962
14675 2750 3469 1759 1209 1780 2220 3374 6099 6101
14676 1373 42 2760 5450 4204
14677 4028 4198 5379 1217 1655 1758 2175 2313 3482 4209 4315 782 830 3049 4822 5417 1111 3453 125 1427 5953 6253 1438 4689 4842 5312 5363 6350 4986 6385 842 4227 812 4489 4648 5134
14678 1925 3286 4908 2978 566 2295 4976 1323 2183 2948 5678 6039 545 648 3194 4496 5413
14679 177 917 1136 1432 3343 3957
14680 3353 1544 3855 4814 6768
14681 1630 352 1120 3457 4360 6234
14682 3622 3059 1535 2112 1530 4420
14683 5335 939 6011 1233 2726 3059 3183 4267 4857 5140 6304 6485 4551
14684 4642 4643 4646 1432 3321 5705 5706 5707 6624
14685 194 976 1118 1216 1486 1759
14686 4689 6635 670 1506 3872 5470 6731 3126 3930 4998 6565
14687 2710 245 772 2571 4173
14688 5067 5086 5124 304 2674
14689 927 2528 2572 4287 742
14690 661 6193 5849 6729 6889 6968 6798 7024 6969 6772
14691 659 1867 3498 6463 2914 3868
14692 630 1851 5014 6875 6879
14693 1047 991 485 496 185 6661
14694 3536 262 169 313 1507 2459 4352 949 950 1162 2120 196 1078 4150 6099 6263 109 4012 5619 6236 3180
14695 1628 3630 715 6101 6126 5745 6108 6035
14696 11 268 1142 1571 5116
14697 4754 5778 1200 6338 6844 6684
14698 1198 3158 3294 1432 3541 2839 2513 3866
14699 2028 4097 4727 5937 5821 4267 3787
14700 1928 2792 840 2738 3410 4631 4947
14701 321 763 2321 3060 3263 3347 3656 3665 3716 5583 5755
14702 581 2326 328 678 1418
14703 1432 2460 6762 1855 2946 3143 6386 6477
14704 2756 4365 2732 4156 5678
14705 3849 3861 1791 6405 5879 6706 6904 7007
14706 43 77 342 59 37
14707 2377 2449 3548 4689 1047 3929 5777
14708 3607 1417 2914 5558 3973 370 6719
14709 474 73 1507 1529 2181
14710 3108 3447 1169 3968 1892 4385 4111 3756
14711 2031 1876 3370 3773 5118 1604 4798 4042
14712 2486 4198 837 2435 3372
14713 3125 661 1346 85 917 5594
14714 192 655 972 991 1300 3403 939 2218 3415 1530
14715 388 2416 1374 1455 1341
14716 958 1303 2248 5410 6126
14717 546 1161 3309 4935 5886
14718 2460 2383 4420 5038 5510
14719 1524 2592 3410 3751 5210 2144 3152
14720 177 1440 1701 2376 6448
14721 567 177 1464 4965 1973 6564 6886
14722 2976 3929 2574 5645 4817 3855 6691 4894
14723 1009 2460 2514 3183 4101
14724 448 678 1533 479 447
14725 1106 1972 3149 1695 1359 26 5456 5364 5365 6368 2955 3809 4685 2020 2096 4209 4569 4264 4447 6174 6241 5239 6005
14726 4193 1432 2090 5530 4301 1099 6279 2718 3957 5873
14727 3543 4306 4324 4406 5581 5864 1431
14728 1221 1309 1323 1804 2537 2976 6197
14729 5757 725 2404 761 5456
14730 2242 188 4031 5769 6518
14731 177 3931 1103 3362 3370 3354
14732 2806 2951 2952 4131 5231 1612 4513 4694 3818 5411
14733 546 842 1181 1373 2450 3630 5021 5721 6188 6532
14734 747 782 2808 2988 3401 3543 3547 3715 4185 4450 5140 1009 3851
14735 1357 545 3304 938 1572
14736 1618 1839 2460 3489 4460
14737 2769 2771 3736 4359 6769
14738 52 837 6099 6101 5400
14739 379 2756 3410 4768 6889 5512 1728
14740 2193 474 1847 2763 4954
14741 3543 6205 2432 3928 4823
14742 1694 5638 288 1858 2179 2323 2511 5150 5841 6226 6296 742 917 1852 5378 4758 5136
14743 277 465 1591 1772 2187 2271 2288
14744 201 1432 1655 1759 2323 3179 4980 2838
14745 1130 2231 5118 5401 3130 6547
14746 210 1233 1390 1423 630 3448
14747 167 1130 1824 1923 2013 6145 6625 6931 6981 4193 5782 6646
14748 5742 4044 4979 5085 6167
14749 78 1025 2702 2975 6180 6184
14750 2590 6226 905 917 3251
14751 3342 1550 3695 6108 2230
14752 6301 6733 2572 3745 4827
14753 3060 1071 2384 2386 2750 2951 3515 4888
14754 2219 3233 1406 1047 1916 4579 1549
14755 554 710 772 1011 1714 2479 2524 2592 3524 3758 4519
14756 4737 2802 1283 2121 3755 5808 5748 4446
14757 3690 3206 849 4590 4635
14758 486 743 1391 2735 3813
14759 2184 6194 4031 2049 2083
14760 5138 5931 1740 4033 6539 2832
14761 674 695 1202 3545 6082
14762 939 1544 1981 2636 2760 2884 3957 4402 4473
14763 3878 1583 5381 5449 841 1587 2583 2591 3776 4384 5456 3617
14764 632 939 1233 905 973 2327 1423 1132 2299 1636 2369
14765 765 2511 5394 756 5166
14766 334 2659 4743 2300 2377 2479 3129 6068 4800 4901 4905 6323
14767 1701 1233 210 219 277 906 469
14768 4026 641 2183 2184 6227
14769 379 5354 3348 4089 4097 4965
14770 2432 3585 4038 4065 4271 4829 5003
14771 3959 3059 4722 4240 2248 558
14772 674 3263 3379 6129 1887 2194 2249 2369 2678 4298 4581 4585 5138 5504 6088 893 1440 1848 2323 3573
14773 4028 2730 5520 1517 2611
14774 5761 573 1626 3557 2660 3149
14775 4605 2460 2758 3243 3834 3947 3965 4374 4396 4593 5449 5995
14776 3765 1828 802 2756 5193 5217 5896 6794
14777 1790 1960 4056 3335 1841 1003
14778 432 636 133 5524 6278 6928 6901
14779 474 2870 4344 5816 6749
14780 481 743 2017 6394 6396 6323 6315 6665 6125 6859
14781 566 2460 3180 4152 1180 1588 4038 4153 4198 5627 5803 3537 2008 4154 5556 6135 6180 6330 5315 6335 6434
14782 167 127 178 2460 830
14783 2884 3776 3874 5155 2636 5862
14784 2090 5519 1696 5003 5021 6215
14785 486 1402 3931 1452 6983
14786 1688 1107 1461 3019 2196 2676 2746 1188 6023
14787 1518 1959 3453 1015 1217 2327 2949 3461 5177 6914
14788 633 3353 5800 5987 6255
14789 697 3225 2618 434 1174
14790 1728 4028 849 1770 6504
14791 1201 1427 1636 2633 36 1283
14792 325 1429 2583 4028 567 3342
14793 2418 939 2323 2838 3866
14794 127 3025 3294 1720 74 632 3415 1014 1410 2481 2691 3569
14795 907 917 1391 3048 3075 4284
14796 1214 3867 812 2369 4229 4891
14797 4260 5269 5526 1504 3866
14798 4292 992 3368 5511 1317 4929
14799 537 563 3928 4318 2051
14800 157 4567 670 4146 3348 4229 370 2179
14801 5609 2669 3874 1778 1833 5022 6175 6181
14802 2756 2674 4599 6059 6480
14803 937 1070 1278 4729 3263 5 1653 2593 3022 3455 3783 5289
14804 563 674 1852 2732 3367 4611
14805 432 5294 2323 6147 896 2592 4768
14806 1037 1135 2946 4446 6171
14807 1214 1701 3026 3224 3592
14808 5783 1273 2160 2321 6478
14809 1785 4418 4964 4039 627 729 3058 1829 359 2777 3526 6802
14810 2655 4009 196 3068 3529 5346 5886 6431 2560
14811 5470 6742 5224 580 5378
14812 474 1037 2852 3976 4348 5386 5537
14813 721 43 75 88 154 165 189 290 1204
14814 4276 754 5369 2272 3175 3375 5638 6619 5310
14815 2669 3900 4599 2885 3947 5650 3554
14816 22 43 219 231 299
14817 1071 3214 2442 3410 1711
14818 1856 1347 3360 523 5757
14819 5284 459 3947 4599 4600 458 5427 267 6506 6581 5223 3931 6813 6789 6745 6951 6374 6860 6874 6946 6958 6995 7006 6781 6969 5519 5517 5520 6004 6332 6917 7039 7046
14820 2545 3365 46 832 939 1494 3069 5111
14821 4922 1047 832 352 2277 5386 5396 6165
14822 304 514 1432 2027 2665 3877 3959 2220 5490
14823 4667 5118 329 2569 3876
14824 1402 713 852 1530 627 1071 1173 240 1317
14825 2116 2450 3194 3286 3294 3786 4403 4728
14826 5312 2408 5231 6300 3173
14827 1844 1851 2090 2946 4159 4446 1189
14828 5221 3749 2023 3356 4743 5003
14829 4067 530 3226 939 2693 4739 4635 1032 1273 3347
14830 2582 3355 3862 2693 1122 2488 5849 5921 6404 6477 5029
14831 1106 2596 5021 4193 3059
14832 580 1015 1791 3294 5379 6381 6725
14833 352 2838 3851 6234 54 304
14834 2744 1681 1576 2323 3646
14835 90 57 142 304 551
14836 4496 2383 3893 4230 4540 6040
14837 177 2447 3515 5558 5976 6331 2155
14838 1151 2447 3845 5485 5413
14839 4835 1381 2597 3649 5428
14840 1428 2693 3416 3995 5592 5757
14841 3004 73 1044 811 6188 54
14842 546 3365 847 1220 3181
14843 2756 5331 2775 5021 2161 2885 2593 6001 6343 6425
14844 410 2123 2276 4684 5225
14845 599 2743 3153 4088 27
14846 6225 3139 2369 3586 5451 2249 401
14847 1112 2469 2736 2946 3448 4823
14848 1748 3951 1791 5312 5266 6644
14849 1432 2260 1691 1373 2327 1985 2309 2238 845
14850 2644 3263 3339 735 2478
14851 1844 850 1653 1762 4734 6800
14852 127 1494 2765 3319 1405 141 540 1107 2881 3278 6464 1653
14853 78 2076 2952 4437 4782 3912 4348 4862 304
14854 1453 2059 6644 6851 6852
14855 1824 3962 4198 5721 357 6884
14856 2420 5043 647 5979 6282 4117 1641 1138
14857 5488 6233 1178 1896 1904 3029 5346
14858 4856 80 1486 3620 3651 4351 4908 2982
14859 1127 5456 5900 567 6176
14860 3931 4879 6241 581 6886
14861 2090 2549 2669 2952 3585 6622 6653 3406
14862 2055 1588 4734 5849 5850
14863 52 403 2931 4712 3604 5334
14864 840 934 401 915 3809 1867 2125 3834 4647
14865 1262 2892 2897 3251 6290
14866 4574 5138 2235 2623 2693 2718 2405 4347 5623 3410
14867 3291 987 1653 4082 5349 6464
14868 2031 3759 1220 4013 4418
14869 880 1567 2020 3158 5437 6328
14870 157 3059 447 6273 5412 4711
14871 3143 5335 2804 1438 2115 3034
14872 1701 1791 5346 5214 5456 1227 6193 5849 6596 3342 6611 6864 6893 6733 6978 6980 6996 6901 7046
14873 3099 4294 4489 5537 3981 4697
14874 504 60 4826 5146 4661
14875 238 356 627 1935 5449 2146 2168 2674 6258
14876 40 2224 3342 2581 3378
14877 5045 6185 6713 6759 6908
14878 35 438 10 97 188 460
14879 2885 2305 1728 2951 4006
14880 5571 5706 1633 2041 3365 3277 54 2838 4268 304 837 4847 5914
14881 1103 1808 1044 3060 581
14882 710 2450 3319 4370 1720 3947
14883 1480 3248 1138 1433 2107 2600 3004 3740 2730
14884 465 4089 1194 4724 6126
14885 581 2851 2219 1720 4308 5849 5119 3495 6315 6979 6726
14886 2936 2801 3097 832 2993 2193 188 3428 4405
14887 554 2220 2323 2804 2908 5749 5979 1534 2147 3964 6036 5638 3358 6495
14888 927 1432 6181 3632 6410
14889 934 1198 2904 3194 3867 3969 3971 5431 4842 2327 3964 5522
14890 954 2093 245 3030 4368 6211 6338 1411 2023 4110
14891 1921 2460 3203 3303 148 1227 4452 3016 3578 4193 4171 5072 1283 304
14892 1071 680 2744 1901 1776 2018
14893 1153 3354 3563 3951 4514 812 3342
14894 5205 3655 5880 6649 6763
14895 328 3891 579 3758 4511 6236 6809
14896 476 832 1224 1597 2251 1200 2033 897 1954 531 4623 4724 1856 2322 4733
14897 313 2846 476 1599 1862 2198 485 3300 1073 882 4511 4595 4669 1867 924 549 1507 4120 5787 6100 4806
14898 6253 801 806 1819 2164 2600 2669 3049 3157 3592 3702 4366 5274 5851 5949 6065 4419
14899 4662 5211 1032 6033 3851
14900 5348 830 3453 5086 4420 5877 4640 1432 2592 1887 4000 4330
14901 283 832 3118 3185 3209 4163 4348 4850
14902 379 1815 235 1813 2266 283 3388 2757
14903 3943 1432 3060 3561 6418 2432 5711
14904 3335 1233 1283 1759 1802 1841 3613 5593
14905 4469 6472 4679 5873 4418 1209 3866
14906 1051 727 917 1328 2220 5618 4689 4727 5456 2775 5929
14907 5908 6069 6296 5416 5849 5578 6444 6496 6410 6790 6226 6788 6789 7025 6998 7002
14908 939 2838 3677 3682 3676
14909 454 584 1457 567 2851 2881 3586 3594 6718 939 1135 2625
14910 4806 1638 2027 2838 2099 2136 4666
14911 4314 1054 1637 2323 2460 3463 5905 482 1496 5378 5927 1701 2991 4446 5544 5598 5645
14912 3280 2315 2599 2032 2702 2752 5310
14913 401 682 1887 2369 2920 3022 5537 2288 6471 5517 5921 6399
14914 2674 2676 4097 4403 5660 5749 6591
14915 2535 5873 5267 5411 246 1328 5413 927 3388
14916 939 3406 4827 1927 4205 448 2056 3094 4227 1242
14917 1748 553 496 1340 2479 3365 887 4117 3257 4318 629 1730 1299 4496 4916 1242 2460 856 1446 4154
14918 917 939 1262 1432 2327
14919 6655 4527 4965 5413 2888 5635 6092
14920 4640 2565 2976 5711 6167 1214 5346 5456 5619 1828 3941
14921 5281 807 837 2052 4193 2613
14922 627 906 1629 3640 4879 4730 5093
14923 4855 1712 2718 2944 4845
14924 3765 5262 246 1865 3502 4758 996 4454 647 3856 3019 6884
14925 463 775 11 54 675 496 5310 6040
14926 2908 3947 3472 54 5433 6595
14927 2839 2909 3938 2593 6429
14928 1841 1808 3343 3694 4318 4850 88 512 537 794 830 972 1588 1759 2418 3277 3866
14929 5287 1242 3660 5180 4874
14930 304 1567 3672 3978 5134
14931 3142 1373 4712 5979 6503
14932 2323 4446 5840 6409 226 630 772 1008 1106 1631 1714 2090 3143 3679 3947 4358 5312 6217 441 1899 6890 3263 3347 3581 4152 6402 939 1759 1959 3809 5456 6177 6252 6413 6969
14933 188 400 492 622 218
14934 282 3096 6332 5147 127 5999
14935 90 127 214 224 296 1227
14936 1135 3030 3263 5530 6185
14937 965 4616 683 3800 2056 454 474 905 6032
14938 4947 579 5777 5979 6762 120 458 1044 1233 4710 5947
14939 2601 3469 754 5118 5362 6288
14940 1688 454 1966 3365 4734 5310 4508
14941 1242 1448 2021 1417 2369 2461 778
14942 353 1097 2978 5418 5891
14943 4937 1570 5211 2173 4673
14944 4503 6592 6653 3394 3521 4795 5456 3775 3923
14945 2660 3585 6392 6769 6849
14946 53 148 334 337 400
14947 1261 1595 4989 5461 5537 6225
14948 3540 3890 3233 5059 2678
14949 1282 1285 1922 3775 4298
14950 3868 401 939 5088 6335
14951 2592 6116 6208 1398 4696 5838 3410 6073 95 1226 4712
14952 1075 5195 4050 4395 700 4901 5638
14953 4582 505 3388 5835 844 904 917 1009 1269 2766 964 3507 4308
14954 830 4456 4924 4997 5746
14955 4314 2675 4054 3233 3758
14956 2959 4063 274 3357 3938 5346
14957 3359 4370 5787 4441 6064
14958 5264 3003 2880 6661 6458 3363 2847
14959 2314 2112 4298 6213 6283 179 840 994 1236 1591 2976 3315 3694 4094 5227 5702
14960 1623 4789 4792 772 3348
14961 3515 3549 4353 5383 2478 2838 4551 5384 1433 4089 4485 4376 5096 5378 6497 5852 6953 1244 4297 5086 5422
14962 1837 2219 3340 3592 1047
14963 4545 3799 615 2264 5488
14964 4553 5528 5456 5873 2450 2955 3401
14965 647 1809 2766 3536 1848 4083 4360 5838 2105 3059
14966 2489 4764 5432 3239 5638
14967 1423 2857 5558 271 2931
14968 4400 3413 3995 1779 5762
14969 5609 641 1843 1867 5964 6005 203 2665 4097 4752
14970 498 987 1062 1870 2813 3012
14971 835 1047 1304 5689 2369 2693 5704 452 4855 5496
14972 3843 4867 568 5851 6490
14973 2585 1178 4995 987 4274 5509 1438 3359 2847 5258 1847 1848 1347 6491
14974 2032 2224 742 850 1261 1981
14975 129 429 460 10 246 658
14976 5522 185 1588 3989 31 4083 5759 1616 3244 1589
14977 1516 4446 245 4803 4891 566
14978 5535 4910 1637 486 1044 1373 2195
14979 1755 2569 3702 1254 3469
14980 1402 2123 2814 3554 4628
14981 1236 2435 2341 2386 3489
14982 3025 375 2678 3242 1044 1202 2718 6 1740 3527 420 1861 1933 2555 775 6140
14983 2128 4008 3929 5147 3585 6005
14984 485 1405 3365 3373 1759 4011 2805 4207
14985 6522 6125 6745 6802 6980 7021
14986 108 1455 3150 3671 537 782
14987 5320 5566 6128 304 2962 4318 5224 6660
14988 120 4748 4351 5503 5056 6227 5879 5958 6275 6507 6387 6855 3124 6782 7028 6437 7029
14989 960 2450 3453 553 1650 1887 2824 2874 3851 6179
14990 5063 3877 939 1770 3001
14991 1958 2193 2696 2827 6740
14992 1280 2100 2136 2797 3564 2099
14993 3214 670 695 1047 459 1915 3001 996 4712
14994 2369 2422 1588 4842 5979 547
14995 1935 2434 2450 2146 562
14996 379 3696 4913 3400 2376 4391 5176 5470 2775 5979 246 366 3667 3774 3067 6969 3931 1233
14997 2754 5379 5812 1309 3890 595 2120 2284 2756 5524
14998 4187 3095 958 1242 1551 2999 4806
14999 5556 483 1819 2323 4028 5691 6143 1251 2897 3956 1756 3144 3194 5222 5404 5540 5658 5797 5803 5979 5992 6332 6462
15000 840 2901 4156 4253 4842 5713
15001 1714 1921 2634 2181 2007 201 596 4330 1987 1044 3184
15002 498 3669 4151 3658 5449
15003 4490 1853 4201 2379 4622 6839 3640
15004 201 2278 2988 3679 3834 5020 5979 6287 6684 2756 5944
15005 2441 282 1634 2103 2289 784 2914 3353 3545 3947 6332 2301 2721 504 5594 6375 1258 1887 2284 4208 5414
15006 3149 3239 5587 6795 6593 1146 1973 2732 4198
15007 84 1831 4582 4724 2535 3646 2254
15008 1421 2535 3731 480 584 5916
15009 318 840 1314 1859 939 1071 1339 991 383 3012 2438 1981 2017 3931 2242 5417 6507 6611 6264 6893 5778 6908 7028 6919
15010 756 1534 1906 5844 6539
15011 1358 3353 960 4874 5162
15012 2498 3852 3834 1402 633 634 2535 5386 6160 2301 3531 6672 3343 3633 5456
15013 2951 2959 1309 2158 3073 3409 3663
15014 177 1923 2739 3343 4004 6807 3992 4469 6177
15015 1042 5809 544 5118 5003 6290 6022
15016 4843 1881 995 2904 4586 2097 3995
15017 1912 3809 3830 4509 4711 906 304 3743 6053
15018 114 3314 3353 6799 1485 5563 3956 5556
15019 2727 3566 3932 595 5902
15020 2537 3278 4404 2091 3426
15021 1261 3637 2514 2672 1961 6257 1544 4889 5495
15022 1822 3158 3286 675 3519 3932
15023 465 840 1044 1202 1214 3932
15024 4801 830 2660 5544 1711
15025 573 862 1064 4066 1618
15026 167 3457 4156 6664 6907 7009 7017 6252 1136
15027 4261 1948 3348 3356 3981 4743 6029
15028 1242 4797 6654 795 1631
15029 5667 6167 177 1047 4352 4905 5448 6577 6679
15030 186 28 352 5955 6296 5543 6512 6581 6410 6522 6226 6638 6729 6604 6319 6523 4065 6788 6812 6957 6925 7012 6941 6943 6945
15031 685 2354 4938 3461 4391
15032 1540 2369 3824 5191 5413 6129
15033 2499 3453 4344 1445 2838
15034 1782 3026 3683 4768 4789
15035 25 603 940 1842 3060 3140 3617 3819 1347 3764 6719
15036 1714 3583 6493 1170 5312
15037 2123 2797 2892 5524 5904 2572 4628 6543 258 1187 2978 3838 4097 4578
15038 498 1309 2702 5563 1786 4578
15039 4820 304 379 1544 3480 2499 6320
15040 1383 2460 3142 1742 46 2369 2925 3004
15041 1263 2505 3001 3180 3448 5074 4236 4286 1302 5834
15042 3515 6348 647 6689 1424 3668 4446
15043 960 4202 5203 3574 4112 3983 1844 6065 6215
15044 4089 5316 6043 6175 6392 2937 6721
15045 537 3453 4154 6033 6675
15046 1 639 1887 2195 2756 6321
15047 294 295 296 337 417
15048 2702 5328 5 692 2976
15049 1867 4239 2329 3549 6603 6992
15050 1106 1124 699 496 558 3012 1192 177 2017 1762 3849 412 4789 2002 6117 7044
15051 3947 5819 5359 3184 3060
15052 1034 1432 1848 2663 350 2673
15053 999 499 991 3849 4163 4905 5047 5416 6125 6266 6907 6974 6939
15054 5456 465 591 2838 3976 4089 4459 5537 5733 7038
15055 402 917 1693 2099 2976 3716 3796 4825 6096
15056 2801 2676 52 95 392 752 4923
15057 5807 5997 5996 5994 3388 5153 1226 2059 6096
15058 2659 1402 3464 6036 6074 6381
15059 994 3677 5667 5666 5782 6004 304 3713
15060 73 934 1090 1385 1612 1650 1696 1847 1914 2242 2450 2951 2981 3157 4032 4442 4900 4905 5144 6317 5501
15061 5294 840 5197 5979 893 772 1636 5171 5191 3012 5721
15062 400 109 290 420 90 510 1530 2833 6893
15063 3931 772 3112 4965 5480 742 5756 6390 2027
15064 3284 5220 5587 5895 634 4446 4496 4905 5386
15065 408 1045 2528 2569 747 1346 1956
15066 379 4441 459 692 3976 2242 5837 858 3469 5537 5086 6412 3479 654 2050 6504 5879 6676 6573 6662 6125 6576 2083 6856 6875 6946 6876 6995 7023 7024 7006 6773 6969 6999 6781 6994
15067 1925 364 866 1103 2460 4008 5498 5530 6035
15068 2060 670 3245 4268 745 5346 1174 2424 2999
15069 419 3414 5211 458 7014
15070 1889 3857 3866 4031 6029 5 5537
15071 304 566 5224 6931 498
15072 159 660 782 1273 1309 1464 1589 1655 1897 2569 2765 3178 3185 3220 3361 3365 3372 3412 3417 3428 3804 4035 4515 4552 5245 4626
15073 853 901 4174 1010 3961
15074 1435 3929 5230 5196 954
15075 6080 2323 4225 5065 6281 4194
15076 1099 1476 2123 368 6091 3554 6265 4577 5852 5638 5400
15077 1944 4779 4028 2460 3679 3208
15078 196 537 1808 6268 6679 5680
15079 5115 5985 2674 5666 6321 4794 4874 5796
15080 178 1233 4689 2184 6508
15081 608 136 1263 1302 5772
15082 6791 25 5466 6414 6840 1255 1432 2031
15083 1044 1483 1913 4145 4727 5039
15084 2460 6729 2369 2599 2724 1618
15085 449 1925 6371 4369 796 1509 2195 2947 3790 6504
15086 2482 1929 2193 1077 4490
15087 6216 321 3143 3263 3910 4808 4856 599 2020 3030 3409 3883 4569 4255
15088 641 2499 4049 5232 5473 5476 6409 6503 188
15089 366 610 1233 1326 1982 3512 5130
15090 2978 3278 3921 4229 1277 3374 3375 3498 4580 1044 3499 527 535 976 998 3030 3263 3315 3866 4008 4547 5230 5583 6725 1158 6342 3783 4252
15091 1047 2750 3193 3541 3560 4839
15092 25 382 906 1179 1248 1400 1434
15093 73 401 563 675 994
15094 6386 1653 6799 1778 2684 3289
15095 3929 1047 3335 3971 3972 6059 5612 4094
15096 4507 840 1759 2460 3214 4198 5312 567 2593 3278 4008 5189 6181
15097 3364 4578 3891 6915 6787 1450
15098 1671 1610 3348 1816 2610 3571 551 3275
15099 543 956 1522 2801 3400 5717 775 6281
15100 917 1396 1481 1714 1809 1844 1931 2756 2834 2863 2946 3542 4008 4360 5198 5312 835 1791 1922 2657 3539 3557 3706 4804 4808 5625
15101 2962 4878 2756 4340 4612 6572
15102 717 1755 1887 3460 4212 6312
15103 6518 322 1285 4252 5627
15104 18 177 3870 6331 6636
15105 61 3520 1855 5177 1135 2801 4629 939 6264
15106 3064 196 772 3513 4832 4871 5049 1638
15107 5304 5305 5306 6701 6741
15108 1957 3066 3502 3874 893 998
15109 3466 4028 2052 3284 4097 4628 6167
15110 177 54 585 731 434 523 1102
15111 1911 2673 1348 2460 6594
15112 1015 5285 5436 939 960 1161 1588 3059 630 1887 2090 6043
15113 735 5198 1526 2090 4447 4324 2460 1544 2323 5787 6304 5784 2870 3278 817 5869 46 2193 3786 6706 1793 3813
15114 832 4646 2479 6393 1530 2451 5116
15115 409 658 903 915 603 798 917
15116 123 83 103 66 63
15117 4846 5378 5970 2838 5796 6171
15118 6603 6141 3881 4027 2161 2790
15119 587 2952 5478 5563 2046 2460 5471 6561 6613
15120 4059 4336 6066 6834 54 4465
15121 772 2175 3193 4400 4416 4696 2242 4829 119 4769 5157
15122 1755 6592 1560 5788 6049 6204
15123 1628 5156 6030 755 3134
15124 1433 2107 2856 3774 5065
15125 720 3610 6181 1814 1973 3038 3315
15126 2364 601 939 1789 1738 2368
15127 525 991 1172 3877 5039 5485 5645 2888
15128 78 1173 4175 4376 5502 6546 5698
15129 1662 2003 3149 3688 4712 5559 3764
15130 715 3072 4113 25 14
15131 4655 4362 5015 6676 6822 6604 6881 6523 6949 6965 5778 6907 6908 6979 6988 6939 6967 7017
15132 1179 3351 5063 3957 5615
15133 4260 842 3143 1195 1491 2235 1529 820 2054 3978 3053 4204 2092 6328
15134 1852 455 1865 2032 2951
15135 127 484 707 595 597 1165 6725 463 657 5949
15136 5456 2006 3888 4046 352 6383 3964 4768 2482
15137 181 43 142 202 239
15138 659 663 954 1153 964 515 2000 828
15139 474 1199 2918 4268 6386
15140 1099 4193 4578 3143 2840 3923
15141 4789 3356 3818 3013 6464
15142 222 514 627 824 4254 729
15143 1568 1815 2460 3666 4578
15144 3792 5386 5532 2951 6035
15145 208 693 3599 460 3066 4447 2838 4625 5629 1477 2038 2224 6088 5049 3973 4212
15146 595 840 3018 2110 6105 2430
15147 627 939 1432 1931 2147 2327 5115 5558
15148 1843 2337 3515 4008 54 445 6597 3299
15149 4769 6890 2658 2718 4423
15150 1438 1714 2354 3012 4312
15151 3929 365 917 2672 4054 5058
15152 939 3217 6140 915 3560 4504 3627 4019 4139 4144 5523 6136 962 1813 3265 4097 6410 5803 774 6051 6279
15153 3214 7024 7025 1116 6766
15154 1600 3350 3201 791 1409 1765 3263 3570 3902 632 1851 3856 4404 1827 1844 3038 4710 1347
15155 80 471 840 1044 1201 1887 6706 3064 400 1190
15156 90 1263 1432 5235 5366 5493 6370
15157 3856 5528 2832 6276 4641
15158 1698 2630 3372 3673 4160 4466 4574 4614 4842
15159 3931 5756 6298 1064 2482
15160 1079 1164 5484 6329 6465
15161 991 906 939 1071 1480 1813 1998 496
15162 1263 4096 4545 4842 5733 6184
15163 46 516 1560 6231 3342
15164 342 309 160 162 269 312
15165 3676 3365 4578 4625 5157 4573
15166 1347 2095 1263 3941 1272
15167 196 630 1106 2049 2809 5560 5809 6268
15168 44 67 420 690 1016 1286
15169 650 6116 2304 713 6279
15170 2750 4265 1182 2550 2551 3457 5049 5224
15171 831 1106 438 874 891 927
15172 610 807 1122 2482 3172
15173 1923 2323 3289 6611 11 6907 7028 6774 6997 6772 6994 7016
15174 3520 4947 742 4551 514 1172 1432 6001
15175 82 830 1318 1711 533 2369 2504 2881
15176 1427 2042 1217 1484 688 709 3551 3066 4760 4937 5760 6624
15177 3409 3410 4768 5975 1173
15178 639 6115 882 2740 3226
15179 98 580 647 954 1063 2184 2460 2485 2750 2976 3249 3768 3929 5905 6350 6603
15180 52 54 554 837 1362 1514 4712 602
15181 6033 3472 5357 3834 4253 4499
15182 3604 3338 1815 1568 3380 3656 2824 5990 1122
15183 1881 3372 3607 3941 6634
15184 527 879 1034 1720 1826 1713 2454 3041 3450 3420 1316 5057 1526
15185 915 2671 3979 4142 3183
15186 939 2649 1448 3716 1476
15187 793 4829 5495 647 2067 3131 3718 674 1233 3191 3610 3739 6164 1740 1202 1432 3964 1636 3667 2379 4285 4750 5743 6554 3076 905 6192
15188 3947 3948 282 1792 2658 2460 939 2660 3239 5794 3394 3224 3506 2643 3530 5074
15189 660 837 2460 3226 4851 4521 6222
15190 465 205 2175 1521 54
15191 4225 5971 2284 3047 4141 4700
15192 1778 939 832 311 177 183
15193 334 3365 8 2640 5378
15194 761 372 498 2690 4049 4842 1298 4008 992 2184 3537 567 3438 4795 1844 4894 5877 830 5638 6398 2430 3845
15195 2312 2478 3012 3059 4194
15196 2782 3690 5241 2331 6540
15197 2460 687 2692 3663 4149 6175
15198 5452 5735 1219 1610 4035 4374 6354 6253 5757 5821
15199 960 4500 4284 4906 3160 6449
15200 1791 2460 3076 3343 514 3372
15201 5350 3896 558 5371 2593 3347 3410
15202 177 1020 1742 2616 3413
15203 2955 3194 2732 3030 3339 3409 3410 4812 6279
15204 537 3363 4624 5176 5849
15205 4144 2692 4139 2718 1179
15206 246 675 1706 3570 5535 4355 2535
15207 998 1496 1544 2111 2323 2675 2808 3101 1135 1870 2813 3862 4285 4496
15208 1800 370 6682 2589 5557
15209 3467 6683 3193 4001 5549
15210 1887 4743 4874 5376 6122
15211 3233 5701 4284 46 1934 4024
15212 800 238 1106 3025 1799 5021
15213 1907 841 880 1847 2444
15214 482 3544 1674 1047 1582 3115 1588 2129 4804 3802
15215 109 830 934 1815 1824 1867 2569 2581 3142 3263 3655 3941 4666 5840 6097 3321
15216 1187 1887 4208 4641 5410
15217 5238 493 978 5746 6732
15218 498 1138 1182 1992 2027 2030 2112 2479 3367 3456 3560 3881 4545 5325 5802 3348 3194 5223 3059
15219 832 1044 3779 54 2195 2057 5118 3668
15220 15 420 445 3184 4212 4723
15221 906 917 939 5126 5497
15222 482 660 1827 4153 2049 4259 5711 6002 1122 3516 4154 4697 5422
15223 1047 460 654 1122 1530 1835 3929
15224 932 6180 2549 885 6494 6336
15225 4028 1853 2251 2304 2909 3092 3809 4419 5513 6385
15226 3482 3514 1064 3679 4922 532 1864 3516 2454 6281
15227 545 4377 3049 3115 258 2430 2916 3379 6584
15228 288 1135 2730 3064 3214 4275 1759 5003 1987
15229 545 2232 2976 5672 6873
15230 5803 6296 482 6795 3374
15231 458 549 3252 3964 4375 3360 3363
15232 149 496 1100 1406 4415 1266 1898 2970 3466 1106 3315 5955 6143 25 1015 4482
15233 3288 4010 2639 1210 5199 5517
15234 641 2756 2898 2976 1746
15235 634 1136 2115 4028 5621 4535
15236 3263 267 546 832 2693 2962 3347 3504 3586 5112
15237 1545 2627 3811 2351 5757
15238 2655 4062 5059 2641 1306 3515 2106 4664 2481 817
15239 1669 2417 3397 4256 5335 6033
15240 6243 201 1633 2380 3252 4689 6382
15241 2307 2520 4442 4771 3382 2300 5310
15242 924 937 1514 1523 1976
15243 400 3071 837 3081 2671 3184 3060 2039 1347 3891 304 5115 5412
15244 742 753 799 2479 991 3365 188 652 1044 2927
15245 713 3361 3546 4142 3251
15246 1359 78 5015 88 1808 2740
15247 2730 3143 3858 2061 4496
15248 848 1016 1070 1098 1494 1759 1853 2088 2732 3874 4340 4789 4909 5560 906
15249 746 868 1779 5340 748 5255
15250 3960 6281 6622 2322 4879
15251 659 675 729 1544 1858 379 772 5809 3652 3727 4883
15252 2947 4198 2987 2460 4689 4212 4298
15253 4334 3709 3841 2032 4531
15254 414 460 266 341 72
15255 383 3896 4618 5581 4015
15256 1809 1956 3012 4318 5449
15257 1813 1494 1170 2792 6096 939 1098 865 4878
15258 994 3927 2722 1039 1306 1713 2480 2750 2992 304 991 2995 1587 4051 2952 3520 434 1446 2231 4680 274 812 1174 1198 1586 4940 2881 1621 1887 546
15259 4360 4689 5015 5667 5782 4794 6311
15260 3071 1214 3506 3932 2315 2560
15261 530 2908 3226 5002 670
15262 3678 5198 1728 4894 5575 5666 5021 3012 167
15263 1106 1544 3154 3651 4003 3701 1981
15264 3743 482 1432 2671 1755 5675
15265 939 3191 907 1041 1480 2214 4407 306 2193 3075 4805
15266 224 400 470 3201 883 1598 3025 3410 2677 3263 1142 1568 2020 3108 3782 3968 4196 188 1728 3794
15267 1152 1293 2232 3898 4697
15268 3030 3183 5537 6382 6557
15269 1037 2723 4282 5086 5945 6544
15270 2279 2300 4042 4045 4519 5021
15271 2833 4451 109 120 372 5312 5266 6808 6904
15272 2907 4953 4957 2839 4012 772 1036
15273 675 1025 1852 3339 3515 5583 537 6062 3059 304 3297 6729 1588 5638
15274 370 929 2213 2835 4028 4891 1103 2567 4781
15275 1650 1849 2976 4696 4340 3270 5952 3445 3952 1588 1714 4368 4227
15276 523 2369 4712 102 1227 2511 1849 203 3819 1563
15277 4250 1810 4873 4748 1973 3343 4349 5047 4782 109 3546 459 1791 4441 5480 5060 3780 1881 6183 6500 6193 6309 5849 6662 6834 7030
15278 4706 3226 517 1150 3554
15279 1138 2976 3654 2369 1087 5086 4205
15280 10 102 56 71 164 213
15281 998 5812 4826 5570 5638
15282 234 52 1153 1242 2142 1673
15283 5950 942 1136 1439 5945
15284 865 896 1047 3226 4028 4054 4627 4664 5414 6683 6887 5011
15285 366 1981 4571 1544 2846
15286 907 2450 3957 4285 917
15287 1232 991 2203 2350 2535 3388
15288 2242 5484 5056 3191 4032 2723 3263 5525 245 882 998 2756 2956 4089 4152 4282 4871 5814 5815 5376 6283 338 2193
15289 1517 1725 2146 2756 2760 2884 2899 3882 4894 235 595 1165 1759 2897 5196 486 2049 2693 2694 4482 5126
15290 1174 2535 3388 3931 2569
15291 2941 675 1723 1658 5134 5371 3357
15292 420 2624 4247 4583 3074 837 3184 4793 5638
15293 1933 3948 4107 2822 519 1192 3380 4712 5118
15294 1480 1844 1853 4572 4602 4979 5164 1198 1560 2046 2636 4816
15295 2645 4932 6173 2376 3030 5366 889 996 3655 5099 5825 4013
15296 1597 1374 1494 1428 6539
15297 3194 1804 2449 939 5325 728 5086 304 6142
15298 3614 5872 52 3060 4230 3607
15299 3989 25 2454 6253 2856
15300 259 2219 4008 2840 4724 5228 1233 5740 1271
15301 4346 2575 4562 3929 3931 4696
15302 2479 2569 3365 3506 4630
15303 4043 1203 6750 3315 4680 6565 6689 554
15304 2376 1505 830 1798 1317 3891
15305 956 1920 2434 2643 4067
15306 3294 4435 282 6672 2460 4965
15307 3502 1071 4842 5098 6081 939 3938 4657
15308 997 1055 1206 6716 4178 3059 1530 2824 4971 1013 881 3764 4418
15309 3765 3824 3929 4842 2396
15310 4696 2881 5179 5683 6295 6543 5808
15311 1242 3468 4209 3060 1530 2618
15312 1831 3365 2033 92 1557
15313 908 1925 2712 1024 2086
15314 4036 2693 3321 4573 4643 5468 5920 5790 1071 4056
15315 1012 1791 2861 3928 2730 6163
15316 177 830 924 2928 3590 4585 6473
15317 3713 3393 1373 1494 1337 6013 4978 3410 1558
15318 1349 5313 4942 245 2583 544 2938 3715 5221 4551
15319 1595 2757 2808 4842 1087 4924 2618
15320 2567 486 1107 1402 1759 2369 2545 2904 3362 3586 4519 4567
15321 3001 1831 1698 1736 4646
15322 6590 2024 3294 3515 5970 991 3964 4376
15323 665 2976 455 1151 2144 5401 5624
15324 1701 2020 2738 3866 833 5413
15325 1982 3957 2981 1063 2551 3515
15326 31 267 1432 2525 1423
15327 458 6863 7009 7024 6969
15328 675 784 3453 5547 6407
15329 3862 6858 998 1588 1637 1808 2569 3323 3409 4965 5787
15330 1485 3162 5583 4400 6204 3410 3665 3783 5905 6490 6670 2593 5366 54 2909
15331 2495 441 598 1242 1858 2184 4454 5378
15332 1887 3183 3971 4869 5170 5456
15333 169 1633 1728 633 3814
15334 2276 487 1522 3353 5439
15335 10 49 109 551 924 1831 1998
15336 772 1146 2718 2992 939 1044 1752 1759 1796 2572 88 2999 6279
15337 924 1227 1037 1432 4934
15338 3809 1329 2053 1711 4496
15339 5893 592 3056 5705 5707 1509 1530 1981 5704
15340 1299 1432 2327 2669 4145 1501 2693 2826 866 1530 1948
15341 5635 5388 5883 2512 293 6160
15342 227 460 429 501 409 24 492 28 50
15343 445 3012 2451 3400 4117 4388 4510 627
15344 554 641 2813 3400 3929 4545 420 573 2138 2460 2837 1303 4760 6284
15345 1622 5195 4689 2710 5985
15346 401 420 3561 4922 5538 1660 2970 5696
15347 2682 1283 1299 2322 4976 5443
15348 6689 1037 4220 6583 2748 4446 4894 5886 6117 6675 6822
15349 1430 335 1653 685 3006 3277 2101 5458 5646 125 2758 1959 257 5949 5185 2950 4139 6314 5424 3214
15350 366 549 4844 517 894 1283 5979
15351 4672 5537 5422 90 152 810 2184 3012
15352 917 2327 1740 1432 1886 4072 4143 905
15353 590 3765 1528 2046 2433 3047 3075 3214 691 1897 3611 4012 2249 3278 4205 90 2888 152 514 2265 5634
15354 1077 3059 4292 3783 4701
15355 2953 566 2237 3346 4139 5432 4268 6192 25 1844 6543 498
15356 902 939 1752 1728 3098 3901 4229 3059 352 3923 4588 109
15357 2049 1392 3194 4680 6209
15358 2159 2296 132 412 554 797 1214 1421 1798 1866 2265 3200 3263 3353 5850 6215
15359 554 610 674 872 973 1037 1419 1536 1588 2090 2093 3715 304 905 1501 2750 2802 2806 3047 3519
15360 1912 5683 6228 3180 1306 1432 3957 5757 958
15361 963 5284 2775 595 4434 4689 3923 3047 2284 6175
15362 1108 937 2323 2861 3214 3294
15363 282 366 2122 2976 3472 3929
15364 2080 3782 4344 924 939 420 1047 1392 1769 2472 2689 4010 4089 4552 1106 2658 4618 4479
15365 2978 4183 4134 1159 15 525
15366 840 899 1016 2481 5124 3695
15367 907 1887 2364 3251 4008 4750 4952
15368 5651 2988 3561 3733 4965
15369 4521 465 1740 1385 1432 6754
15370 554 2219 3351 566 5376
15371 1804 3609 1821 2460 2657
15372 2640 2092 6356 647 782 3453 4781 5378 5814
15373 2460 1161 3340 1964 1070 5067
15374 1010 2161 2472 3342 4154 5315 6035 6046 6431
15375 2479 810 304 1329 2288
15376 1867 2183 3030 3409 4587 4769 5157 5563 6828 6908 4185
15377 760 2824 2129 3183 2276
15378 5335 4212 4573 4726 245 6001 203 4452
15379 606 5750 3439 5431 78 148 1962 2513 1161 4100 872 2573 5495 2460 1061 1959 6678 3341 73 901 4602 4578
15380 5849 6676 6822 6827 6863
15381 1122 2188 2510 3410 5513
15382 177 998 1071 4685 6114 2090
15383 3521 4691 4814 5610 4268 4551 5519 5979 6204 1755 5412
15384 1824 1826 969 1791 4158
15385 516 235 2271 2276 2339 3816 527 868 3278 1395 1898
15386 1824 2907 3758 3765 3822 4689 1864 4889 5524 6543
15387 2460 2775 3214 3365 3897 954 4364
15388 832 972 6211 6213 6214 6518
15389 2369 1408 1521 2322 3302 5152
15390 81 2460 695 1325 1467 1468 4738 784 5636 5533 3978 4971 5705 5866 6279 6624
15391 761 1368 1530 2193 2253
15392 492 924 407 3353 3698 2369 1432
15393 2491 1756 2976 3573 3601
15394 6711 6708 6709 6710 713 2369 2460 3184 3458 5527 6177
15395 2212 5416 6798 6773 6969 7012 7008
15396 1320 3068 54 297 2819 6596
15397 630 1037 1135 4072 5136
15398 178 486 568 2989 4475 6141
15399 424 2512 3158 6021 3026 5222 1432
15400 1071 1170 2122 2861 2951 3047 4740 4871 5004 5227
15401 610 2299 2486 3355 3569 3865 1290 4803 4808 583 4625 4712 2918
15402 627 799 935 1202 1701 1973 1327 4868 566 573 1588 2168 4696 5074 5227 1306 1063 1064 3405 728 939 2668 3214 1780 2195 739 1198 2843 2502 3078 3586 4099 742 4702 5899 3154 3443 5701
15403 4736 4808 998 4055 1107
15404 4989 5493 5886 2909 4948 1020 3335 6913 1215 4890 6623
15405 6388 2838 2678 2689 5138 5467 6640
15406 3222 3383 652 4318 1412 5574
15407 2349 101 682 5516 4712
15408 1527 1992 3455 3546 2597 2518 2610 998
15409 25 2642 1190 3365 3590 5376 5801 567 1688 2327 3618
15410 1530 2265 2789 2881 6379
15411 2765 2625 5344 1385 1887 2618 5897 5950
15412 5449 6228 5103 5232 2796
15413 1961 3979 50 496 1242 1263
15414 4496 975 5997 3679 5874
15415 4028 939 1987 5443 3453
15416 2818 2871 4083 2912 1179 1496 2813 2881 3515 3813 5224 5522 6501
15417 3184 3214 5396 2032 1856
15418 649 1393 2115 2116 4901 797 1484 1869 958 163 727
15419 1497 1600 1047 1948 5470
15420 955 1586 1958 2526 4230 5363 6127
15421 530 1852 2046 633 3294 833
15422 998 1056 2460 3453 5905
15423 2313 3931 5777 3143 5093
15424 1070 2203 3929 1432 3758
15425 3460 447 729 2231 4317 4734
15426 4071 534 1010 1358 2644 3750
15427 2460 2452 837 692 6246 6810
15428 127 3365 4251 5424 5946 6672 1966
15429 1309 2478 3184 3383 5168
15430 1851 2088 2090 2674 4097
15431 3929 474 1591 2109 1754 3069
15432 253 3849 3931 5457 5849 6889
15433 1242 2756 3263 6179 6427
15434 79 445 5065 5638 5775
15435 724 1233 2323 2947 5598 5990 4922 991
15436 1264 4209 2756 5522 4100 5093 5094 927 5715
15437 4045 4693 2624 2792 4049 3886 3951 2323 3329 4640 4878 5340 5561
15438 414 2017 528 2532 3568 3854
15439 2826 1233 917 5772 5335 2288 3905 5179 2460 2888 4418 5211
15440 3410 4318 3409 641 889 4420 2816
15441 2962 2705 654 3078 4071 4540 4837 2092 3440 3995 4101 5271 5582 4983 6572 5543 6127
15442 84 782 169 3194 2105 3059 4552 2750 3995 4489 5593 5814
15443 960 3880 5026 2773 2938
15444 6605 5606 6341 945 1308 1899 2300 2839 4246 6427
15445 382 426 2560 2623 2970 5006
15446 3303 5176 5530 1214 2904 3214 6296 1392 1481 2674 5401
15447 201 238 275 337 429
15448 2271 852 1646 1032 3173 80 1192
15449 4414 267 3703 3877 4101 4283 4220 4347 4527 6516 1487 6539
15450 3103 893 2184 3758 5379 5985 6844 1433 1759 3074 5366 6177
15451 2249 849 474 4133 512
15452 880 400 4894 1987 1432 4097 2750 627 1588 2020 3448 1329 304
15453 3373 6317 844 4335 6746
15454 1142 1316 1430 1568 2020 3410
15455 1900 2643 3131 3343 5312 5 938 1752 1755 3405 4376 4942 4563 6022
15456 2015 188 2122 3181 3758 4700 923 5873 3891 6912
15457 4935 2249 3370 4224 5186
15458 1106 1471 2663 1363 784 148 4367 1321 4015 5443
15459 2003 998 554 1882 2535 3152 610
15460 1903 1926 1236 2909 4276
15461 5950 1809 2112 6177 5895
15462 18 400 962 377 352 627
15463 3157 815 3297 3668 4901
15464 3866 3953 5300 2861 905 913 1424 4448 3115 1328
15465 1063 1261 1808 1939 2460 2659 4087 4603 4847 5042 5449 912 939 1255 3923 4097 4664 5873 4542 4527 5584
15466 1011 2809 4883 4913 5412
15467 842 2732 5219 539 4113
15468 2384 2386 4680 6662 6787
15469 677 1226 1520 3194 5757 6328
15470 1881 1779 3639 3977 4084 4809 4235
15471 1003 3359 3805 2213 2888
15472 185 1057 1268 1297 1672 2838 4011 4101 4229 4696 5873 4940 5706 5707
15473 3294 4193 3901 4808 1631 5432 1906 6215 5413
15474 401 1887 4316 4625 5445 6984
15475 1323 1597 3148 3421 2914 3347 2944 3233
15476 2419 4769 5313 861 3263 4258 2418 2718 2756
15477 6781 6743 2904 3406 5973 6713 6875 5414 6766 6963
15478 2535 917 2053 257 1493 3553 4072 5031
15479 1432 1880 3566 5376 304 954 1769 939 1981 3046 3548 2880
15480 756 177 2490 6000 482 1217 1867 2765 3506 3515 5176 1047 5717 5979
15481 1236 1821 3343 4723 5666 4750 5895
15482 2160 3687 1106 3201 939 85 2472 1981
15483 1047 2420 3242 3477 3050
15484 167 1248 1468 1502 2662 3142 3348
15485 1106 4567 3809 3991 4046 1303 2369
15486 5517 6635 3928 4866 5934
15487 4482 5378 6706 738 2279 2478 3278 3867 4131 5138 5756 5805 3362 6175
15488 611 1106 2737 3524 3290
15489 736 4603 5232 3727 6086
15490 3234 2946 4417 4372 2382 1588 192 1440 3586 971 1256 1393 2652 3712 659 4680 4997 554 3181 5232
15491 246 451 1011 1121 2046 782 1540
15492 1918 2116 2849 972 2183 2750 2951 4754 5720
15493 1526 3923 1728 2103 2327 2827 5058 5093 5778
15494 4587 3448 3099 4089 2904 6888 6447 3872 5432 5681 6897
15495 4198 4509 34 210 1535 2032 2184 2692 3143 5449 5787 5442 1214 1565 3251 3155
15496 977 1073 987 4680 6004
15497 78 2808 1306 5175 1161 2600 2951
15498 874 1207 4808 2830 3862 503 6539
15499 6995 7023 6960 7024 7006
15500 1760 3277 5346 5704 5705 6749
15501 1323 2065 798 683 1263 1760 1966 3559 3701 4040 4712
15502 6073 1233 1813 2146 5493 6806
15503 1756 2383 2847 2909 3118 3964 4046 4956 4965 5310 5513 5558 5963 6086 6412 6621 972 1438 6043 6449
15504 995 4013 4773 2486 4542
15505 1480 2327 2452 2574 2482
15506 25 490 837 3689 2460
15507 3891 3518 4842 3621 2315
15508 1795 785 2041 2559 2782
15509 2702 2952 3453 5706 178 3277 2369 6075 812 6656
15510 1791 2290 2354 3504 3515 5386
15511 761 5335 2449 4285 1831
15512 1987 2917 5361 6516 1212 4290 996 4840 830 5630 5706
15513 125 2479 5768 5877 4156 6375
15514 4712 960 961 1254 2666 5772
15515 176 244 80 351 460 10
15516 939 6278 3306 3358 2756
15517 1016 1494 1544 2951 3515 3794 3891 3901 4209 4436 4848 4941
15518 1328 5851 6161 274 519 4308 5424
15519 602 3214 4088 5157 5065 6295
15520 3146 3310 3519 515 2617
15521 2897 420 2479 4696 6449
15522 8 1345 25 1432 2532
15523 3507 4573 4841 2623 3888 4852 5441
15524 2750 3758 4338 4868 1064 756 3139 1063 4164 4205 2560 2561 4479 3564 2191 5290 5428 4289 1881 4415 3522 1559 4257 3184 5571 5118 1864 2791 5003 4976 3896 4952 3580 3291 4780 5558 1875 5310 52 850 1756 5930 4867 2518
15525 1273 3514 3542 3567 3931 5225 5609 5366 6888 1074 6806 6758
15526 420 2722 3308 4723 3751 3309 2659 2746 2909 4727 4631
15527 1004 2131 4014 5433 6512 6812
15528 2659 5900 640 2193 5265
15529 90 2329 3002 3251 6453 1839
15530 772 3339 516 3208 3549 4034 4977
15531 651 5878 6253 5058 6791 6789 6875 6954 6889 6968 6960 6961 6798 6969 6772 6717
15532 3521 318 2153 3947 5560
15533 1090 272 938 991 2694 2695 2697 2699 2944 2689 140 426 2204
15534 633 661 6347 810 514 1044
15535 917 1233 1728 4599 5198
15536 627 786 2744 364 1385 4460 6157 5346
15537 2673 304 1797 2369 3901 603 3278 4585 1981 850
15538 567 2838 3226 5292 5537 6476 4229 6448
15539 2096 5086 1151 1633 2369 6225 3643
15540 4083 108 4899 5425 5756
15541 482 633 4311 6105 6305
15542 24 2327 3877 3932 316 3440 112
15543 1880 2492 3077 3928 4906 5177 5537 844
15544 1261 4490 5524 5525 6509
15545 3441 203 991 1263 4570
15546 3872 939 25 267 3069 3555 1494 970 5560 1074 4272 6190 2758
15547 1752 2479 797 3356 4577 4623 2277 4787 6544 474 1588 3208 4760 5757 4573 4585 603 976 1887 5706 5707
15548 5558 2618 546 5775 6279
15549 5705 5706 3064 4643 4644
15550 695 1071 3981 4625 5308 6594
15551 2976 3192 5558 6001 1097
15552 2144 567 583 610 1493
15553 510 2569 2709 4577 4787 6714
15554 1443 6522 1600 1847 1044 3855
15555 465 2185 6268 4689 3872 695 1335 566 3365 3630 4805 4984 6905 46 893 994 1309 2758 3353 3409 4379 4841 842 4134 6610
15556 5563 514 1172 4072 6163
15557 2122 2220 3834 4378 5699
15558 2115 2735 1729 1821 6323 6338
15559 1636 2187 2339 3862 6099 6643
15560 4205 647 1263 3184 2249
15561 10 43 51 77 207 295 1227
15562 2460 2976 5094 6353 6451
15563 1597 1703 4031 4315 3685 4833
15564 917 3295 3046 55 127 1385 2046 2107 3226 3929 5193 5809 842 1392 5918 6303 6514
15565 5223 5911 3348 3465 5558
15566 2766 3214 80 203 1233 1740 3868 3822 401 5672 5962 6834
15567 2512 2869 3971 3204 3618
15568 630 2090 4446 5346 6194 5828 523
15569 1638 1588 4073 4760 5138
15570 6269 420 6729 6791 1135 939 1047 537 6875 6876 6914 401 5778 514 830 304 6990 6919 3060 1200 6918 2732 3372
15571 1544 1755 1047 2569 2678 4561 6140 6278
15572 939 4697 3018 4602 5020 3409
15573 797 2072 3050 3106 3784 3845 4298 4901
15574 4374 1200 2892 25 1560
15575 1728 5172 1755 2710 3592 4628 6089 882
15576 1738 3995 6167 4536 6634
15577 893 2510 2962 5379 6344 6479 6649 6763
15578 466 5809 997 3964 226 1135 2450 5837 67 917 1263 3282 458 2242 1047 1690 6040 675 6227 3546 6008 5224 1200 2740 5878 6251 3115 6407 6314 6507 4809 6596 6729 6315 6576 6610 5550 6834 6912 6950 6266 6987 6901 6979 6715 6530 6273 6785 7049
15579 294 9 142 1056 1076 1622 1792 3723 5311 772
15580 127 245 401 742 1041 2718 3791 6933
15581 1153 1835 3415 3804 4194
15582 3928 4664 5757 1987 3543 546
15583 78 3409 5021 2158 1609 4032
15584 836 2846 3448 4230 5180 5413 6129
15585 1494 2211 2485 4615 4789 939 2878 1883 2726 4365 6476 1097 3348 3821 3791 1149
15586 1228 2030 1319 4696 4834
15587 5525 2032 3397 4701 5086 5087 5937
15588 482 1973 3890 4335 6093 6706
15589 1309 3037 1368 2806 592
15590 379 1136 1576 1616 4035 4496 4675 4769 5433 5528 2377 3720 4348 3655 6179 4577 5397
15591 901 1508 1693 2511 3666 6635
15592 5 1534 1740 1887 3183
15593 998 1202 1791 1808 3064 3781 4521 675 917 1432 1864 3561 5530
15594 3461 5757 3343 1717 3874 3035 5485
15595 1678 1832 1009 1277 1406 1402 3831 4179 1475
15596 2962 2592 3782 2908 5853
15597 54 516 4212 4645 4648
15598 6578 6594 6117 5876 6874 6958 6978 7026 6678 6997 6969 6916
15599 11 186 57 43 80 10
15600 1791 459 5061 6183 6538 6315
15601 755 1588 1853 2355 4591 4913
15602 22 71 309 337 1516
15603 1135 1672 2122 5003 5870 2542 4842
15604 5802 2629 3158 4129 4594 5895
15605 4941 4965 5171 102 4030 5341
15606 514 1432 1765 3347 3888 4121
15607 1064 1066 3162 3263 3410 1530 2137
15608 1015 2593 3397 3409 3410 4587 5990 6431
15609 4190 4446 845 756 937 4530 1780
15610 2888 4211 5307 2901 581 6252
15611 4507 5466 73 3947 3869
15612 1483 4072 6676 5643 5637 3012 5456 6252
15613 4580 3012 5756 4577 3672
15614 695 746 2666 2952 6236
15615 1015 4397 4446 1037 1309 3333 4954 1639
15616 401 1427 3877 4146 2674 177 2907 5674 483 1308 4605 4901 5636 5905 6713 1752 1987 2851 3290
15617 648 2418 2862 3793 4257 3687 5229
15618 2539 4147 2195 745 797 2086 1100 4172 2598 527 1621
15619 79 1822 4911 5402 749 3691 3851 4193 5021
15620 772 1808 1843 3764 6989
15621 304 2688 627 2553 4465 3805 5413 3961 1851 2950
15622 998 1297 3560 3851 5525 5694 267 3663 5863 1956 5193 6557
15623 840 955 1650 2951 2976 3830 3929 5666
15624 3226 1584 810 5558 6620
15625 54 4405 5873 743 2502 3474
15626 633 4879 2669 1608 4212 4581 2276 498
15627 2326 2931 3383 6539 850 1534 4619 1877 3099
15628 10 22 83 117 126 281 294 327 288
15629 3434 1497 1518 3766 4997 5487
15630 2897 2092 2951 4801 5587 401 2380
15631 835 1813 2761 2898 4053
15632 1047 813 1406 1135 1710 1764 1291 5439
15633 905 1097 1233 1262 2517 2678 4101
15634 955 3380 4684 6258 3605 1007
15635 4180 5417 6085 6397 6664
15636 850 1402 1530 6274 5757
15637 2976 3768 4582 775 1672 5838
15638 3047 3929 4374 1987 1643 4689 6413 3554 6274 6754
15639 2235 1745 2184 4548 708 1775 4986
15640 1497 1956 2165 2874 3032 3344 5442
15641 43 264 957 3448 4008 5420 5425
15642 1492 551 2970 4664 4097 4835 4786 3476 1591 5258 2059
15643 3143 2506 2761 6619 6927
15644 410 1491 109 4863 3614 4842 458 2242 5955 6296 6893 7001 6940
15645 5826 110 742 960 6665
15646 509 550 1106 4062 850 1044 1530 1588 3205 4797
15647 1650 1728 2946 4894 6197 6933 742 883 5138 6295 5975 5579 5666 6283
15648 557 3931 4168 4708 5056 6516
15649 964 968 1393 514 3879 203
15650 1323 1935 5782 975 4798
15651 4097 5346 3363 5808 6147
15652 2052 2369 3586 602 5310
15653 998 1214 1556 1283 640
15654 3526 4532 101 4842 4901
15655 725 1318 2323 1282 1285
15656 2323 2511 4535 4781 5598 4601 603 4585
15657 611 6382 654 5334 5778
15658 1832 2578 3060 2391 2535
15659 1103 1703 3064 4285 6253
15660 80 1961 1235 3561 4631
15661 203 400 4239 4901 579 52 401 523 1072
15662 2827 4089 5640 5960 6209 304
15663 179 4028 5628 1128 6036 6167 6723 2669 2032 4628 6472
15664 554 5711 6177 6457 6593
15665 6766 1146 4627 5376 6158
15666 186 312 465 82 158 342 188 57 54
15667 1062 3443 3856 190 2634 5 2813 4268
15668 1922 1921 727 1550 627
15669 2909 3263 4878 3751 5482 996 1765 3239 4877
15670 573 1561 1682 1494 3269
15671 207 1627 1804 4452 505
15672 194 2869 1760 5905 3226 6743
15673 120 832 1221 3066 3416 3453 4376 5442 6033 6179 917 1864 1887 3762 5351
15674 2369 713 4649 3363 3993 5689 2786
15675 88 1982 2327 4907 5346 1723 2587 3630 4567 5852
15676 1440 1819 6194 5292 6783
15677 4518 140 2031 2678 2920 4727 2144 5429 6840 6101 6552
15678 1106 1610 2178 2210 2593 2952 3174 3333 3532 4270 4397 4496 4621 6483 6609
15679 675 1522 4143 4031 2369 5191 6129
15680 770 304 958 3059 4720 4953
15681 80 2112 3515 5882 1103 4689
15682 4794 2846 3012 4499 5110
15683 127 880 939 1154 2450 4118 226 1106 6179 1923 1960 2369 5224 540 2299 2679 2725 5730 2881 2220
15684 1432 3281 4842 955 5340 5873
15685 1787 159 959 1912 1925 3805 4498 4582 4963
15686 4285 3624 3753 2144 4971 6215 6636
15687 991 1984 3191 5798 6372
15688 2659 756 4148 610 3839
15689 404 306 629 479 26 1227 928 6536
15690 1909 188 1214 2338 2479 2511 4435 6419 6598
15691 459 458 2242 5787 5550 6797 6893
15692 1249 2088 1172 4095 6370 6386
15693 2066 1768 4133 14 4244 6181
15694 127 2624 5937 3144 3554 5645 5746 6349
15695 2193 2386 2384 4392 5422
15696 6370 1645 1904 3413 4368 5541 1550
15697 1115 1083 852 1588 14 931
15698 3677 5667 5220 1263 1358 1544 3517 3683 4089
15699 1326 2359 149 1406 1856 3599 4937
15700 3388 1467 1878 860 2249
15701 4993 5219 972 4167 4553 4940 6073
15702 1496 2548 1915 2337 1714 673 2242
15703 5807 1633 2517 2599 2809 4488 4759 6166 6542
15704 3537 991 3502 5413 2669 3457
15705 633 5520 2323 2861 4781 3866 203 2450 5827
15706 245 6227 3875 5349 5422 6273
15707 1106 1219 6036 6076 6647 1227 4610
15708 2775 2914 3080 2468 3854 3347 1874 4278
15709 5115 1492 2129 5337 5873
15710 1824 2323 4008 122 245 1706 5693 482
15711 1714 1432 2486 5249 2332 4212 3378 5757
15712 2166 4374 5580 1544 5030 6106 1122 5537
15713 3264 3109 3656 4291 1534
15714 366 1813 3436 3691 1578 1676 3065 3148 3489
15715 1735 4118 4697 4937 627
15716 52 235 3383 3507 4625 3670
15717 820 3044 183 5362 2460 1615
15718 3189 4198 4664 5519 4891 4340 1432
15719 2059 3949 1226 2115 4034 5293 5995 5997 6747 6852 6854 6856
15720 4646 3363 5408 954 6215 5707 4311 6561 6093 5809 6404
15721 1633 4327 5954 80 2822
15722 556 1713 2978 3348 3891 6283 850
15723 3180 4857 4916 770 5772
15724 832 3851 4941 1194 2146 2323 2354 3409 3410 4866 5376 5381 5576 6292 3685 4534 4787 6607
15725 1289 2049 3372 3469 3957 5894 6005 177
15726 201 842 2587 3448 5534 6225 6931
15727 2936 3021 2136 3301 3315 2715 750 1298 1319 2199 2710 2827 3202 3405 4144 864 84 624 1233 1740 2636 3877 4097
15728 401 546 674 1044 2909 3190 5666 6189 1481 5093 6266
15729 1392 3278 3628 4250 4967
15730 1106 1405 2123 2249 498 3012 352 353 2022 2072 757 1588 2632 2881 4570 1363 1534 5844 6540 1550
15731 5433 329 2565 4579 6229
15732 742 1047 4010 4689 2369 3050
15733 3833 5113 674 1929 3082
15734 80 869 3214 4689 4879 4625 5118 5362
15735 6242 546 5320 6291 6572 6711
15736 3342 3877 4101 4215 3701 5184
15737 2535 2115 3383 2607 4205
15738 2163 5742 840 2562 2588 5423
15739 4989 6672 4185 4450 437 1867 2775 2823 2838 3809 5353 5677 6842
15740 704 618 88 2383 4176
15741 756 514 1222 5720 1791 6700 5034 4610 6509 2032 1896 6926
15742 5872 2897 3605 3789 6170 5065
15743 1798 2184 498 6099 6279 4874
15744 54 459 5345 4873 3707 5849 6504 5070 6904 6956 7022 6917
15745 115 1726 3476 3765 4193
15746 906 134 808 1191 832 4936 3047 1358 1863 1868 5852
15747 4250 4420 363 4727 3183 6273
15748 2831 3620 2373 4097 5770 6725 3233 4193 127
15749 5021 530 164 2659 674 1588 3641 3876 4052 4365 4727 4835 96 3356 1323 1741 5707
15750 1322 1563 2116 3011 4137 5024 6737
15751 429 460 457 784 627 884
15752 4758 573 687 1323 2106 2458 4351 4823 4905 4906
15753 465 321 2956 3655 2593
15754 2032 1106 1851 3233 3453 4967 3758 1047
15755 1313 2193 2323 2650 4883
15756 3898 1214 1359 4275 164 2942 5949
15757 323 617 801 832 1097 1326
15758 4285 1588 2448 2718 2920 3827 4352 5093 2327 5862 6321
15759 1563 1588 2132 2884 1077 2207 3038 3490 4867 5168
15760 545 673 1588 5157 6075 6204
15761 3906 2541 694 2920 4229 4934 1786 4746 5346 675 2966 3695 4075 5368 6222
15762 1625 1710 3867 5754 6163 6194 6555 6570
15763 1791 1986 1016 2827 991 3290 1375 2132 4237 1161
15764 440 987 25 1107 1474
15765 553 3010 4008 2007 709 4152 3354 4185 4057 4264 5004 5266 5575 5677
15766 379 1975 2962 966 4798
15767 301 337 924 404 1759 2833 2363 73 2288 970 3083
15768 1161 2962 3263 3844 4209
15769 3118 3812 2205 6370 54 2013 1244 3372 2904
15770 366 1720 3782 5481 6341 4185
15771 673 1655 1851 3863 4697 5324 6061 352 1526 3097 4089
15772 3365 3960 4697 5312 4241
15773 1959 2247 2300 2460 6822
15774 917 1984 2615 1392 4191 1659 1458 2369
15775 1000 1306 1792 2479 3694 5484 5757 1233 5584
15776 420 2665 2670 1725 1419 2649 2361 2970
15777 76 172 10 77 103 186 251 377 434 1042
15778 670 679 1110 1517 2072 2786 2951 3464 5988 6182
15779 1627 4842 533 567 812 2272 4114
15780 941 3412 4627 5914 6766
15781 889 998 1385 1497 2374 4052 4147
15782 194 832 972 1728 2944 2984 3242 870
15783 2466 2597 3339 3591 4708
15784 607 772 2245 797 3368 4695 672
15785 1650 2918 3543 3758 5009 5021 5283
15786 1099 6836 4578 5157 125 2122 3220 4040 4724 5841 6050 6721
15787 1480 1714 2827 1452 1391 2327 3183 4712 3764 4097
15788 4127 4128 4035 1497 1931 3434 4352 5346 749 1079 1848 1990
15789 304 3219 2090 2669 2985 5530 6159
15790 1288 3870 3945 3949 3950 3965 5683
15791 5263 278 2119 3412 714 5192
15792 3300 972 1924 3312 6398
15793 177 6576 6988 6437 7017
15794 23 1125 183 1139 2793 4664
15795 5413 114 939 3901 4575 6127
15796 1037 1103 1198 3442 3521 4285 4727 6117 6250
15797 570 2072 2299 3506 2404 6159 1815 1968 3483 4817 5606 5208 487
15798 4620 178 245 1597 1867 2417 3305 4466 46 516 725 5346 5558 144 2881 3396 148 5638
15799 1170 1887 2004 2674 4284 6810
15800 245 2891 4237 6624 304 6099
15801 1959 2181 2232 2130 2020 1815 3410 4677
15802 595 2376 5009 3078 4515 2718 3251 3877 991 1233 6108 6169 6771
15803 3611 4564 5342 1074 1358 5337 4833 3295
15804 109 1987 2452 3451 2274
15805 1135 1251 1851 6171 1151
15806 102 288 2046 2088 3557 5021
15807 10 77 109 118 142
15808 177 6135 6592 122 939
15809 3225 3059 2750 183 3383
15810 400 496 410 2407 6029
15811 742 3519 3524 3929 4667
15812 754 810 1887 3004 6504 3003
15813 3486 4592 4870 5221 5312 6170 6402 6548 6766 748 4110 1418 1705 3363 3460 4623 5124 6477 1829 5891 6029 6640
15814 1309 3516 2075 4040 4835 3783 5160
15815 1887 3266 3712 4765 6438 674
15816 1263 3537 3779 5758 5759
15817 3059 4448 5294 5362 78 595 960 2936 830 6088 1358 6476
15818 423 1979 2536 2574 939 1801 4468
15819 1318 2763 3453 4628 5138 1768 6891 2680 6336
15820 2153 2904 5049 5205 595 3758 4965
15821 1516 2331 2460 5203 6742 5 333 6563 6725
15822 245 5907 3298 733 6540
15823 177 1675 756 3866 4899
15824 1885 2542 2598 3356 4664
15825 2230 4089 682 610 2535 4628 567 1971
15826 912 4365 4587 4727 5517 5613 5821 25 4874 5777
15827 1309 2756 2951 1755 2327 5270 5271 5537
15828 1714 3521 4842 4900 2650
15829 282 621 2551 5160 5569 5992 3715 6423
15830 3384 4450 5347 837 2592 945 1239 691 713
15831 3560 179 998 1135 3758
15832 304 754 1044 1058 4258 420 855 2976 3502 5645 811 1987 832 939 1161 2649 3543 3664 2537 4362 1227 492 2574 1016
15833 3142 3852 840 772 2211 486 3570 931 2369 3194 594 965 1765 5700
15834 5598 1154 4454 5711 46
15835 6117 6614 3779 4812 6167 6743 5905 6323
15836 1515 742 407 991 2569 1383
15837 1283 1530 5979 6255 6548 6880
15838 939 1171 1588 1830 1844 2214 2651
15839 320 321 1824 2130 4930
15840 1814 4374 4802 333 459 716 742 939 3007
15841 598 5774 2916 6314 4680 6005
15842 3521 2184 88 3866 185 4065 4283 5522 6107 6374 6752 3855 4008
15843 3285 630 1135 1240 1803 2410 5177
15844 1135 3457 987 1467 1840 5232
15845 1596 441 407 960 1432 1480 1755 2106 2327 2666 3340 2513
15846 4053 2422 3412 4566 4809 4585 743 844 1303 2176 3106 3363 3800 4964 1226
15847 2806 1844 3958 4465 4266
15848 939 562 1924 2231 3736
15849 3365 5525 6135 6734 1242 2460 3923 6289
15850 635 1182 2048 4109 6158
15851 2279 3390 2482 1875 2851 1329 4539
15852 315 1987 6381 120 459 827 1283 1284 1507 3457 3929 5710 6067 6354 2890
15853 1313 4337 5999 1663 6077 537 6823
15854 4977 4870 3059 5115 1981 3214 3290 4489 5446 6567
15855 4260 4750 5456 5508 5574 5603 3124
15856 2351 2797 4624 4809 1284
15857 2426 4195 4252 52 1550
15858 627 670 761 764 1440 1841 1881 3180 5691 5757 6179 6476
15859 1079 2497 5209 5547 4198 4409 5687
15860 4676 6561 595 3214 5157 6146
15861 4088 3374 6729 6733 6994 7005
15862 321 3409 5366 6109 6343 6744
15863 939 3543 4689 5037 5104
15864 34 109 129 345 411 625 927 998 2032 1374 1432 906 2276 2666 1967 1003 446 1539 54 474
15865 545 1226 4407 906 972 3620 1701 1750 412 3231
15866 5175 2 1440 1716 1958 5019 6278 6409 6524 880 2079 5202 6412 245 282 283 2674 2948 5427 6369 738
15867 1509 4891 5160 5380 6038 6099 6165
15868 5667 3496 5782 2369 1148 6298
15869 4033 566 3354 4011 4204 5537 5982 1285 2132 3359 1864 4626 5191 4756 6401 5453
15870 3295 4178 4879 366 3611 5736 6242 754 1433 2898 1534 5489
15871 1310 2006 3372 3730 6338
15872 2388 1179 1233 2901 4104 5785
15873 1436 15 3852 1447 29 722 797 884 994 3350 3014 4862
15874 660 365 983 1044 1346 1380 3690
15875 1410 1686 1405 1895 2399 1094 2337 2310 6349
15876 1387 607 1791 5266 6275 6662 6834 6745 6954
15877 2352 2344 581 1544 2485
15878 5664 3822 6884 3378 6704 1179 4628 4750 3866 203 5386 6476 6477
15879 2084 366 282 772 4689 6217 6218 5240 1094 3184
15880 1813 3047 907 2722 5717
15881 1299 1404 2678 2838 3357 3792 5809
15882 3915 935 11 2750 3834
15883 1326 5800 1655 2881 2951 5401 5977 1283
15884 19 1151 6543 939 2327
15885 79 2169 447 335 2756
15886 1432 1641 2327 2715 3082
15887 2092 2369 4365 188 782 1655 2090 4198 5863 6635 6177 4521 6579 5447 3931 3947 4437 5378 6509 226 1047 6402 1187 3060 1025 304 2934 6511 3877 1026 1318 2598 2626
15888 1341 1855 3957 4260 5570 6483
15889 630 5775 188 6159 1135 675
15890 1900 5537 222 6126 493 4661 5248 6490 6903 3348
15891 1209 1493 4152 4153 2587
15892 3551 3971 2693 3277 3378
15893 88 3513 1911 4726 2669 4518 4752 1755 1887 514 2339 1745 178 3465 2366
15894 2248 2369 1851 2808 627
15895 924 1134 1137 1219 2572 125
15896 659 5322 2383 2384 3291 3397 3837 3994 5407 729 3589
15897 1025 1787 1035 1826 2800 4477
15898 939 991 1047 1107 1562 3560 4879 1485 2535 4034
15899 675 3362 4089 5086 5558 6072 4826 4827 4320
15900 603 177 1240 4880 5024
15901 2761 3362 6338 3354 5526
15902 1739 939 991 2461 1361 976
15903 140 546 939 1200 1668 2460 2669 2846 5525 1588 4844 6225 3372 4803
15904 2090 2950 2966 6035 6723 2460
15905 244 417 4329 5522 2220
15906 93 97 206 460 603
15907 2906 4240 5511 3614 3586 46 322 514 728 812 1887 4676 2383 3378 303 1151 2602 3893 3479 3059 4292
15908 1184 2526 4552 939 1841 4436 2116 4470 2051 4200
15909 631 782 1791 5257 5485
15910 1843 4083 4967 283 1887 3291 4587 6426 1705 884 1077 1194 2545 2693 2846 3573 3586
15911 994 2460 6547 675 3226 5045 5581 6028
15912 2535 6073 901 3253 5481
15913 178 2233 6426 4757 2144 2415 4269 1011 5790 6709
15914 1770 567 3408 4489 5363
15915 897 3739 1009 5165 4927
15916 570 3080 2806 1876 1966 2669 3099 4144 3607
15917 120 188 307 77 252
15918 5312 5716 5176 3419 5587 6418 6598
15919 5756 3786 90 493 2762 4901 5757 5089 972 3056 6449
15920 1716 3233 3701 6036 486
15921 1752 282 1648 383 2656 840 1686 1362 2728 2657 3773
15922 939 1497 188 2827 4292
15923 1468 2181 3882 927 2032 2750 3025 1146
15924 3394 1015 3409 3922 840 710
15925 60 514 246 352 832 1302
15926 4837 3226 4835 1911 6973
15927 5919 246 2046 2460 4062 4922 5237 5838 2740 5994 6495 5413 970 5776
15928 1004 2381 4696 4842 3183 2838 5686 831 5474 5620 5883
15929 830 1233 1633 2974 5652 5775
15930 2158 2959 4093 4400 5323
15931 1211 1308 1432 2327 3022 3881
15932 2050 3071 3172 5921 5996
15933 4028 3180 5138 5845 5846
15934 127 2574 2319 3569 2829 1403
15935 420 1712 3062 3906 1218 1844 2369 3479
15936 1077 960 679 420 2734 5640
15937 1589 2331 2406 2946 6035 5867
15938 1755 4011 6208 1446 2383 6493
15939 1189 835 4547 3633 4412 4426
15940 5659 3332 3461 6170 3462
15941 1496 1323 2509 4777 6068
15942 2514 5462 6403 964 5717
15943 2994 3217 6101 715 3173 4567 4589 4590 3981 5350 6760
15944 1951 2201 3929 4351 4697 4723 1634 839 2094
15945 24 5400 46 677 830 1810 5873 6355 5401 764 5558 6293 4602
15946 2477 1435 1712 2011 968
15947 772 3180 4052 4961 5312 5071
15948 830 1044 1432 2146 2301
15949 2369 3871 4689 1813 5297 5319 554 906 1161 2046 3365 4089 304 1200 3343 6386 6421 3143
15950 906 917 4509 5015 5157 6278 73 4147 5386 6050 1759 3758 5176 1233 554 2075 3834 6762 203 235 4808 6187 3365 5782
15951 5456 31 978 5532 6420
15952 2565 2838 3263 3874 5537 6479 830
15953 304 3142 3362 492 855 2310 5413 5214 4831
15954 2017 3375 6214 6520 3327 78 2235 2678 2852 4283 4454 4835 6385 4940 6518 4793
15955 459 5283 6813 6853 6980 7004
15956 703 486 469 743 832 1153 2265 871 3804 1071 1409 2231 3239 830 6973
15957 5043 845 5416 6496 6854
15958 794 1122 5827 2454 3026 4515
15959 3179 2791 4803 3401 482
15960 1432 1755 1887 5413 6582
15961 1881 3719 5072 5612 5873
15962 5810 465 1242 2175 3931 4365 5191 5558 5976 6036 6129 6622 125 331 364 598 633 2460 3851 5353 6512
15963 742 2267 2415 2515 2573 2672 2690 2951 2952 3193 3234 3898 4894 1509 3964 4229
15964 4023 4352 893 43 400 4008 2350 1202 4906 4144 3629 4553 4074 5094 1424
15965 395 1283 2193 4013 3589
15966 2460 2168 2435 2892 4194 4368 5358 6058
15967 2913 3470 4219 5757 6133
15968 5667 1987 6283 2195 2382
15969 3194 5390 1896 3855 4857 5548
15970 1595 5522 5709 812 1846 4664
15971 379 2436 1056 4521 6367 3203 939
15972 2838 1847 6126 6216 6283 3891
15973 6323 6507 894 6729 5410 6677 634 3931 6125 5470 5471 5598 6503 5525 6788 6814 1037 4318 6819 6951 6875 6965 2724 3124 6969 7024 7023 6961 6971 6999 7006 7030 7029 6916 7012 1136 6918
15974 1391 5118 420 1063 5784
15975 1136 6025 6922 1439 2300
15976 2182 2323 3233 4318 627 927 2531 2567 3923
15977 1432 5138 5530 5613 5765
15978 1483 3634 4780 514 2920 3795
15979 2681 4628 5704 4681 4117 448
15980 334 1227 335 3789 4696
15981 204 501 215 429 460
15982 304 939 2288 2824 2946 5706 6984
15983 2485 5544 5517 1655 1867 1851 3881 4628 6338 6619 6133
15984 6382 6135 6149 6839 6842
15985 4496 4652 6268 6772 6812 6269
15986 3758 4789 4151 5838 917 3367 5666 6088 6766 3416 3365
15987 5432 3932 4489 60 610 2369 2560 6632
15988 482 6184 2323 5757 6177 6507 3194 939
15989 514 2203 3294 3524 678 1924
15990 2820 3953 2744 2880 12
15991 531 498 1252 1385 1759 3290 1660 1814
15992 2908 4152 613 1544 2732 2897 4012 5344 634 5208 4877 5638 6693 304 610
15993 4447 4470 6282 5517 6001 6161
15994 2657 3609 4108 5126 1786
15995 3881 5223 6108 4737 2253
15996 81 438 1519 1712 2482
15997 2750 1687 4207 537 2132
15998 2323 2907 3655 4781 5015 5104 1881
15999 673 1496 2692 3952 1887 6146
16000 1858 3217 245 1044 16 2591 1861 558 3816
16001 754 972 1051 2146 2447 2479 4012 4358 4521 1753 3867 5663
16002 1050 5211 4696 5215 6539
16003 2617 3290 1340 2533 5180
16004 5800 4973 3021 3974 4982
16005 5499 1567 4624 5922 6625
16006 179 4696 1004 4711 2752
16007 2460 3142 1636 3460 125 2737 2746 4449
16008 567 866 1544 1371 52
16009 1383 279 815 2109 2804 5278 5977 5570
16010 1740 5666 5784 5786 5979
16011 3822 2460 2808 3922 4052
16012 2793 3472 1636 4884 5224
16013 4552 1618 2738 4359 1981
16014 734 1357 3410 1047 1550
16015 1190 4201 3580 3589 5310 6351
16016 3367 772 2430 2769 6170 6624 1201 1305 4156 5530
16017 857 304 2430 641 1015 1037
16018 1047 5731 6292 245 710 3465 5155 5456 5480 5537 6035 6462 6635
16019 1112 5456 1484 4901 1530
16020 4028 4640 2502 1815 2144 352 2161 2600 2962 3339 4400 4659 5422 1653 2758 5277 6108
16021 774 2569 3632 2745 3201
16022 2181 3956 5980 246 1899
16023 1445 3520 4273 4163 3607
16024 3515 4259 1867 3060 2110
16025 2020 2397 2645 2920 3973
16026 46 525 1496 2195 3826 6063
16027 78 352 1012 1492 2379 2619 2976 5411
16028 3234 3030 3420 4959 6147
16029 10 77 663 745 3444
16030 2327 4450 5224 4631 1273 1885 3524 1752 4184 5118
16031 1909 2551 4335 5196 465
16032 458 6323 3342 6117 6802 6876 6957 6969 6974 7006 6985 6773 6998 6999 6916 6772 6717 6994 7020 6874
16033 1760 573 797 2184 927 1720 788 1410 789 793 1106 1972 2116 2236 820 1313 5666
16034 4209 3833 3422 4089 2246 3570 1393 6541 4555 5997
16035 1786 797 2561 2970 3390
16036 379 3194 5797 772 5628 6440 6669 5699 6646 6706
16037 432 1855 5156 5558 3586
16038 1071 3290 3457 3891 5312 5246
16039 10 22 289 428 462
16040 832 1329 2988 3506 304
16041 5258 1347 2756 5925 6180 5487 6657 4384
16042 31 3630 4143 6028 6584
16043 1844 5976 692 5610 4835
16044 537 3510 1319 3396 151 391
16045 3405 420 787 835 3060 3115 5605
16046 2723 1091 2617 4242 4671 5507 3035 558 1209 751
16047 730 1106 3687 803 4194 5111 5795 5118 6539 5177 6653 6914
16048 1222 1330 2046 5564 554 2538 2561 6359
16049 1097 226 517 2740 3070 4808 498 797 1044 2339 3862 4539 5744
16050 3494 3849 3951 2435 5283 6275 6117 6611 6387 6967
16051 939 1752 2583 759 2147
16052 742 998 1328 1440 2184 2460 3216 3364 4487 5558 6294 80 546 3365 4727 3060
16053 6253 1804 1701 1741 2758 3822 1009 1755 4089 6135 6687 6955 2565 6762 6912
16054 755 574 1202 5873 832
16055 1713 2168 2981 3877 567 3832
16056 726 580 1849 5598 715
16057 4008 897 994 2988 3060 1413 5310 5349
16058 2132 1701 2203 2663 5756
16059 2897 6179 713 1881 5206
16060 238 924 378 409 350 1048 406
16061 2897 4097 4340 4692 4712
16062 2450 3076 3868 3931 4727 5558 6864
16063 201 3010 4948 4516 1591
16064 321 1438 2112 4256 4769 5513 2020
16065 4804 5157 994 1392 1752
16066 1976 2001 3246 4212 725
16067 675 1987 2674 3281 5985
16068 2218 2306 3826 5516 1936 2130
16069 1337 3068 3516 6338 6348 6434 5003 6431
16070 95 742 1650 1808 1853 2356 2512 3331 3560 3867 3929 4859 4905 6179
16071 379 532 1750 2146 4101 4482 4563 5314 4539 4743 304
16072 3108 1943 1964 2055 2065 894 6836
16073 987 1263 46 246 1791 4697
16074 17 455 2369 4964 5905 6179 1285 4893
16075 1064 3626 1043 3776 5176
16076 1209 2346 2917 2970 3013 3361 4359 4573 4624 5310 1653
16077 4433 1356 4430 4431 4965 3636 835 5086 1381 1392 3323 4727 6624 2161 6884 6479
16078 6241 196 1755 2460 4879 5160 5905 6821
16079 2569 3025 3929 4531 2669 5522 25 2555 1172
16080 964 1328 1793 5705 2881 5707
16081 707 787 1086 1103 1626 3217 4298
16082 1701 2162 2479 3365 1919
16083 178 482 3157 1530 5258 5852
16084 31 1460 5289 5238 523 1588
16085 455 2369 3610 4167 865 3866 191
16086 5 567 991 2195 3208 3877 6974
16087 5995 1714 1864 5196 6009
16088 318 492 458 927 1015 1044 3820
16089 537 998 1809 2323 2622 5021 5810
16090 2908 2569 496 5872 6504
16091 238 4302 2032 4257 5245 5923
16092 4007 4005 4349 4873 4905 4748 1791 4757 5196 2242 5787 6078 6257 5569 6365 4188 5836 6568 6661 6684 6635 6673 6766 6117 6576 6983 6889 6890 7026 6916 7029 7041 6997 6944
16093 2169 492 1287 6453 2909
16094 407 2583 1450 1251 6108 5258
16095 45 865 1233 2479 6036 1138 3365 1750 4480 6501
16096 375 1849 4521 6622 530 994 3540 5566 2551 1135 2740 3462 6237
16097 3359 3360 3361 3412 4580
16098 516 3101 6324 6700 6720
16099 1401 4956 5258 830 1107 1588 3334 2970 482 797 1347 2323
16100 32 202 255 304 420 695 813 1907 2070 2173 4237 1579
16101 2115 537 2138 2598 4233 5809
16102 4777 5863 88 2323 2450 3983 4475 4889 3060 6321 401 2598 3973 482 514 4832
16103 977 498 4104 522 2600 3315 257 1621 3007 52 222
16104 282 955 1242 3302 4008 4229
16105 4587 3351 5726 692 2669 1494
16106 2285 2287 917 4008 5863
16107 318 179 246 5530 514 5747 3668 5238
16108 177 3466 2312 4795 691 595 566 754 3331 3890 5149 3929 1044 6073 844 2692 6653 6436 2394 2661 188
16109 3054 2384 2386 1586 3440 5708
16110 566 492 994 1794 529 897 1494
16111 2213 3194 939 1534 3388 5634 5930 6126
16112 3056 4212 4901 352 454 745 3303
16113 374 563 4355 4601 4960 2976 2535 5703
16114 3059 3795 2011 1621 3586
16115 2933 3488 5667 6124 5811 1881 1779 5008 5588 1116 2959 4344 4587 4579 4602 5075 4650
16116 367 6755 6798 7003 6997
16117 2015 2842 34 465 1202 2130 4008 948 185
16118 5335 2263 4535 654 5085 3268
16119 845 850 954 1107 3521
16120 109 567 1701 555 2025 2267 3060
16121 3457 3244 3298 1450 1544 4712 5511
16122 991 2249 2323 271 1501 1740
16123 710 1975 2364 2732 4076 352 2693 3700 4268 1268
16124 6863 6733 6889 6935 6965 1003 6975 6422 6925 6437 6528 6994 6917 7020 6565 7045 6877 7040 6878
16125 79 1256 2098 2652 770 401
16126 459 1791 109 458 6729
16127 142 75 77 429 481 622
16128 1844 2884 5918 6037 525
16129 1262 1687 5157 6439 6996 7012
16130 379 2232 2594 4909 1222 6117 1373 1588
16131 3709 6289 486 5775 3796
16132 3084 6325 6500 5849 6527 5410 6410 6226 6665 6637 6766 5876 6893 6523 6782 6978 7003 7015 7012 7040
16133 44 248 148 223 234
16134 2611 2450 2761 3183 5463
16135 4789 4794 4833 5782 3620 4791 5666 1494 2242 6040 6572 1848 2945 671 6898
16136 772 3065 366 2435 5208 6480
16137 1806 2821 2927 3239 4268 4577 4586 4787 5206 5208 5363 5445
16138 1615 3679 5503 3042 6573 2396 3959 2511 1273 2952 3560 2976 1714 3931 6604 6117 6827 1214 2460 5408 6904 6908 6974 7006 7019 3354 6785 6918 6939
16139 1631 2630 2884 3050 3516 4157
16140 987 1384 3238 4200 4888 6384
16141 1714 1161 5211 1037 3514 4232 4878
16142 1720 1423 1105 2525 2426 4039
16143 3633 4419 4628 5093 5990
16144 5667 6410 6651 6893 6812
16145 80 3343 3489 624 533 610 4146 4238 4741
16146 458 1202 1759 2758 3793
16147 4028 6513 3226 3809 2565
16148 1831 3084 627 4005 6407 6408 4976 6791 6834 6889 6798 6776 6999
16149 2460 2693 2892 4553 5345 3964
16150 4101 452 1187 1201 6323 6461
16151 384 492 554 1494 1780
16152 1012 2458 2718 3133 4021
16153 772 4436 704 761 1973 3047 3919
16154 756 936 140 2945 3059 3379 4172 5781 987 3964 6636
16155 250 459 5070 6664 6950 6907 6969 6775
16156 5511 1063 4298 514 4402 627
16157 121 2861 2992 3716 4557
16158 4198 2323 2962 2934 3263 1299 1242
16159 3795 797 1424 2143 1171 2138
16160 537 5882 455 3855 6135
16161 2750 3108 3021 4417 2322
16162 78 367 471 555 1037 1079 1325 1368 1720
16163 2106 1219 4285 5075 1480 3776 4038 4894
16164 3931 4790 5667 5782 6333
16165 1759 1954 4068 1712 4255
16166 866 5946 1517 2251 3030 3263 5366
16167 3866 3678 4306 4695 5114 3554 5929 6706
16168 6112 4989 4666 1867 1467 3251 3585 4198 5560 772 4101 4284 5904 6004 2657 7035
16169 414 465 276 299 342 429 250 155 97 340 400
16170 4438 5157 5349 54 2146 4496 4789 4792 4794
16171 429 196 43 352 1834
16172 939 1639 1772 2662 3263
16173 793 2876 728 1588 3856 3952 5538
16174 3453 5537 6135 6250 797 6723
16175 3105 2978 3215 4211 3311
16176 2460 1852 2914 3389 4941 5140 5937 6204 6457 1261 4205 1428 3356 6544 6545 2650 6460 6472
16177 630 939 3512 4727 6484
16178 3310 6825 1578 1897 3194 4008 4040 5408 5547 5560 5785 5787 5976 6257 4383 5208 5809
16179 3254 5341 5874 6708 6709 6711 5546 602 850 1482 4718
16180 717 1063 1438 3517 3589 5015 5987 5755 6706
16181 1827 3475 2669 3294 3851 4873 5621 6096 6236 6823 6973 4835
16182 1258 73 1948 5530 1721 6374 3822 6830
16183 3871 1432 2659 1842 539
16184 1197 3365 3535 4383 4855 5159 5456
16185 46 782 934 1100 2083 5638 812 5394
16186 1664 1693 2148 3882 3883 4344
16187 2323 3315 4598 6507 773
16188 6590 991 567 926 1079 3179 5598 6887
16189 1518 1867 3294 3929 6410 6706 2377 24 1791
16190 1414 1849 2756 2951 2952 5701
16191 2127 4596 692 924 1233 2707 4599 5456 5414 1973
16192 14 70 469 720 3325
16193 10 207 251 216 247 341
16194 350 4419 1179 2678 4322
16195 2183 109 459 3396 6863 3342 6994 6944
16196 2377 872 4437 5539 5074
16197 955 2323 1323 5386 5389 6171 1791 4094 5 1740 2301 4084 5696 3060 1530
16198 2889 3813 1441 2978 4548 5691
16199 3194 426 1178 1624 3144 2001 4106 1673 3620 1612
16200 3957 3431 4376 6884 4833
16201 939 807 2838 1227 4180 571
16202 2305 177 1077 2963 4066 5070
16203 580 1516 2108 530 994 5442 2460 3180
16204 1135 2460 5335 3143 4680 3931 2563 159 5980 2988 5712 6242 1588 6707 1202 3660 2288 2688 6732 5790
16205 42 77 167 187 222 380
16206 3472 54 2583 5207 4044
16207 833 3702 5547 132 2512 4727
16208 5286 6387 6576 6855 6817 1136 3354
16209 466 514 1077 1242 1424 3794 4889 4956 4967 5118 5362 6005 3811 5123 6698
16210 4608 1161 2046 4587 5182 6681
16211 634 800 2323 5456 5499 5716 5919 5979 5925
16212 830 1321 1544 4368 4611 5088 5535
16213 1122 1432 2193 2216 4205 5189 6099 6104 6829
16214 2460 3448 5234 6292 3905 5803
16215 633 994 1171 2406 3291 4290 5495 5576 5666 5736 6295 6298 102 1358 2054 3515 4113 4689 5234 3694 5345 5898 1146
16216 1034 1247 1465 991 2457 4938
16217 24 246 253 206 37 266 461 420 470 57 64 160
16218 1973 2976 3214 4488 5285 6225
16219 3023 3560 1588 3566 84 3263 5400 5337
16220 1194 2598 1263 1201 3007 5558 4860
16221 742 664 1966 3183 3683
16222 92 128 235 772 1097 1214 1438 1718 2364 3138
16223 1392 2510 3084 3650 5938
16224 4601 742 3931 6292 6874
16225 5335 774 3371 3896 4727 4879
16226 627 2663 580 1071 3453 3766
16227 1981 3278 627 3723 4446 2535 2678 4101 4573 5512 5583 1190 2684
16228 2797 2327 3667 1242 5316
16229 2418 4842 465 5177 6374 3866 5953
16230 2146 2689 2696 3878 4752 5340 3407 426 5706
16231 850 4861 1309 3124 5414
16232 1263 3173 3347 3262 6157 4402 4878 5424 6217
16233 482 2090 2323 2756 3922 4965 5232 5522 5979 6410 4083 4842 2761 6065 5800 3263 4246 4279 4587 6427
16234 1528 896 897 3887 3888 4046 6220 6427
16235 68 2323 5980 4438 5362
16236 2750 5513 554 997 2756 3834 3897 5730 6234
16237 4695 960 5138 4659 2641 3343 6215
16238 1044 1881 2920 1432 2787 1480 1755
16239 675 2358 2976 4496 5558 364 939 2904 3001 3413 3949 4368 4750 4951 4980 4841 14 537 1309 1598 1808 1865 2052 4452 5086 6204 6349 6729
16240 3596 4402 1867 5266 5522
16241 6032 4551 4945 401 1015 1309 1432 2377 4628 6557
16242 2743 3026 3180 4287 3592 322 4358
16243 1268 5112 715 1274 4540 4621 4976 1063 3182 3655 4643 6691 1653 3149
16244 80 279 896 924 991 3569
16245 177 3610 3932 3013 3921 3551
16246 1588 1298 3205 3846 5477 3065
16247 3294 2665 1009 4870 4106 3012
16248 3677 3683 4410 1653 2235 2288 2535 2824 3363 4103 4527 4654 5413 5772
16249 3289 4590 4591 3694 1263 4864
16250 3463 5502 1824 2645 6393 1848
16251 1759 2015 3367 4370 5505 5524 6248
16252 1432 2765 1753 5476 2663 3469 3995
16253 5259 816 6081 2271 6112 6022 2193 4586
16254 203 267 514 1392 1481 1483 1755 1887 2715 2721 3663 4815 5044 5743 5851 6209
16255 177 2750 2634 3314 3739 4146
16256 2010 972 1927 2193 1271 4842 6780 1195 6753
16257 5345 348 486 742 893 1051 1853 1865 2323 2511 2857 2950 3309 3541 3766 4012 4340 5558 5598 5752 6056 832
16258 5172 4084 5709 5724 983 6431 6623 6165
16259 1804 1821 1827 2657 4057 6114
16260 537 2545 4008 4906 4974 5784 5787 3149 6720 812 1842 5247 5258 6279 5762 5512 5619 6240 6492
16261 4873 2242 458 5787 6789 6889 6968 6998 6772
16262 569 3626 1533 1088 1698 1736
16263 196 727 3851 4527 5757
16264 4628 4844 6222 6225 6665
16265 245 1633 2710 2901 3696 6002
16266 3158 474 2324 5211 5786 5320
16267 865 3294 3060 2052 6088
16268 3521 5217 3561 4376 4859
16269 3069 3329 4629 3174 5556
16270 4782 934 4789 756 960 1037 2384 2386 3374
16271 2032 3294 3750 5408 1106 2807 3030 1044 1432 1471 1536 1537 3263 3445 4739 2540 2970 4046 5731 6252
16272 4600 2031 4851 4067 6243 465 3064 5812
16273 1009 4746 1845 6391 5576
16274 1588 5814 4324 6093 2253 5125 5497
16275 1538 1815 3030 5080 5730 6543 6544 6545 2028 4097
16276 1939 2163 2548 1792 4966
16277 2020 2161 2839 3643 5365 6492
16278 52 74 1270 1814 2116 2232 2549 4166 4771 1618 4664 304 3357 3756
16279 4156 1774 2245 2381 5597
16280 1401 5429 6075 6176 6376
16281 4706 1759 6337 1480 2450 5979
16282 4026 68 4496 5442 127 2756 2856 3247 4067 4689 641 1227 746 2843 441 3361 3367 1428 4177 203 1122 6121
16283 2109 6462 1711 2735 2840 3726 4008 5877
16284 877 1194 1200 1562 2717 3706
16285 1738 642 2095 4266 4833
16286 203 5757 840 4215 5887 6927
16287 188 428 289 341 54 2001
16288 35 400 413 188 304 204 377
16289 2211 955 1063 1377 3268
16290 5044 6252 6636 576 4120 6754 2838
16291 4815 592 4922 5459 5493
16292 690 1032 1043 1201 797 2147 4113 6799 4816 2669 4951 2195 3788 4682 5265
16293 2950 1233 1249 2945 4818 3929 4592 3879 998 562
16294 1058 917 1446 1636 1003 1744 1660 2978 2504
16295 2183 855 1054 1122 1499 5720
16296 2991 4435 4185 548 659 713
16297 657 775 777 379 518
16298 431 4028 485 885 1146 1516 2103 2289 2369 2600 840 259 2951 2090
16299 1887 1922 4097 5570 2535 2460 3180 3679 2369
16300 366 1470 2300 4057 6339
16301 2508 1214 1483 5584 5666 1636 5260
16302 3761 3037 4874 304 816 6504 2939
16303 756 760 2042 3832 1537 4347
16304 1161 3204 912 934 1752 2807 4308 4727 6578 4139
16305 527 3901 4230 4573 4647 4648 4758
16306 991 1815 4383 595 2106 2724 6601 185 2460
16307 5949 101 1046 2646 2433
16308 939 1792 1844 2277 2788 2789 613 2958 1981
16309 2904 420 756 2514 4308
16310 2756 3922 1432 4932 6769 3685 6332
16311 1057 1306 2327 2897 4690
16312 1516 3448 2277 4712 1550
16313 3142 498 851 1292 3236 4194
16314 924 1796 25 1432 2674 797 200 1263 1433 1887 3254 1973
16315 2147 4828 4991 5344 5617 6756 6764
16316 1432 1987 2678 3633 1240 26 3922 923 2006 3731 4209 5095 1227 3669 5839
16317 177 3342 3365 3373 2758 4198 5105 3401 2988 3809
16318 850 1631 454 994 3173
16319 1071 5447 5448 1356 5969
16320 437 726 888 3515 6689
16321 4032 4463 5787 2542 5494
16322 4496 5558 3956 1044 1848 3987 5809 5886 674 3855 6888
16323 3836 4256 3440 3809 2583
16324 2162 939 1385 1573 546 6299
16325 1754 5587 687 2743 3824 3834 4947 6340
16326 6107 6222 4837 5138 5873 6225 5979 31 2587 5517 6544
16327 1523 3340 1834 148 1685 1857
16328 3126 674 2035 3339 3351 3581 3751 3922 4037 4057
16329 1438 5127 5129 6583 1792 6010 6267 6633
16330 2744 1813 2593 4086 3736 610 1924 3847
16331 2663 25 1934 2756 4640 6278
16332 1373 390 5238 832 3881 3890 1614 3101 6019 4156
16333 121 1063 1728 3294 5803 6074 6129
16334 85 148 1161 1922 2327 2827 3409 5757 6878 6930
16335 121 4370 1233 304 2052 939 1016 2758 3263 3280 3774
16336 177 44 566 10 77 343 1032
16337 245 2668 4551 3806 4627 6065 651 5526
16338 2946 3761 4032 4152 12 1483 3580 6238 6141
16339 5979 6186 85 455 1565 830
16340 797 3549 4402 5542 1530
16341 1600 3030 4008 4232 4762 4947 5583 6427
16342 1502 4212 3064 5558 148 6332 6625
16343 742 1014 1016 1712 1714 2323 2391 2804 3687 871 5258 4733 5330 4383 633 3226
16344 1406 1813 4419 3526 4494
16345 364 3032 465 1010 1887 3183 4008 5487 5711 1223 1496 2772 4475
16346 5627 3012 5056 6174 2032 3294 641 1106 1759 3064 3448 3929 1044 6199 4965 5816 6344 3409 345 2976 1757 2220 2684 2956 6691
16347 1157 525 1530 1966 1973 3315
16348 2449 563 1706 2941 867 2988 4152 6504 880 1160
16349 366 1897 2112 4374 3019 4013 6621
16350 3056 4051 4268 1869 850
16351 991 2109 1424 4317 2816 311
16352 1432 1979 2897 1977 1978
16353 1494 2450 3561 4789 4922
16354 670 1146 1433 2917 5556 2129
16355 164 452 1759 1931 3072 4352 6022 6351
16356 304 95 2921 3238 3661
16357 5300 3467 3822 6247 2481 3537 3758 4008 4775 5530 5810 4207 6136
16358 1530 3923 4253 4963 5480
16359 6296 1755 2479 2827 3923 5386 2981 5959
16360 420 460 1227 204 10 501 80 186 216 57 415 246 400 404 66 202 238 252 325 102 496 300 600 78 24 5949 139 1185 761 1097 1038 558 1156 4808 607 2515 1588 4010 1462 1204 2276 2592 3323 3625 152 5513 4117 1966 5456
16361 2756 4965 5378 5754 6212 6886
16362 1438 554 1092 1093 1106 1494 3834
16363 2130 2478 742 924 4862 4973 3633 2111
16364 709 862 1784 1831 2632 3506
16365 177 893 3774 5148 203 3465 6658 3010
16366 841 797 1612 2430 3012
16367 59 64 324 470 465 670 43 2976
16368 238 2020 2761 2892 3144 3263 3685 4574 4602 4769 4812 5340 6457 6889
16369 3214 5138 679 2369 5613 6673
16370 867 927 4055 5160 5426
16371 1987 5220 4285 2132 4447
16372 267 498 917 934 1929 1930 2327 2939 3468 3715 4285 4873 4881 1714 5315 6433
16373 1172 4300 5221 3834 4879 5721 5722 6391
16374 486 628 2136 2289 4801
16375 4351 4721 4905 1051 3204 3399 5757 4353
16376 66 68 100 155 204 212 221
16377 946 3266 1047 630 1004 1135 3307 3765 5598 2232 2168 4097
16378 1740 2037 2660 4101 4539
16379 2364 2377 188 987 2323 2147
16380 939 1075 88 185 1047 4434 4936 625 3586
16381 977 1158 2147 5198 459 2242 4965 6864
16382 1004 772 3202 3294 1987 2574 4044 311 36 1144 90 5961
16383 3949 1012 5395 5556 6143 1175 2092 3100 5598 3356 3372 6766
16384 5 2099 2224 3372 3983 5312 6323 2669 3409 3410 4097 5689 6225
16385 2976 5341 465 1494 3573 4008 4055 4352 4397 6378 6579
16386 1612 2046 3294 5696 5318
16387 5318 2020 5606 1273 3397
16388 559 578 2337 3581 1813 3686 2021
16389 5070 6573 6729 6226 6117 6837 6610 3342 6834 6895 6946 6948 6733 6995 3124 6903 7006 6773 6776 6565 6785 7017 6938
16390 1286 1811 2882 6360 6718 6965
16391 177 554 2478 2486 6141
16392 772 3163 3987 1406 4473 3417 3208
16393 2219 1588 1708 2976 3338 4154 1184 334 5521 4847 3793 764 1589 2920 3902 4153 4268 5413 4206 493 1741 5294 5418 1239 246 2847 6313 2302 5868 6013 6630
16394 1037 2645 2962 3033 283 4256
16395 245 5178 5758 304 3589
16396 939 1003 149 1982 1701 3233
16397 711 1106 4664 939 3060
16398 440 541 26 53 1530 3275
16399 1071 4521 772 1987 6036 955 1755 2050 5417 5666
16400 2898 3143 4446 1242 2758
16401 1006 2898 6171 6143 6242 1843 2951 865 6503 1759 4796 1847 2823
16402 6700 3343 6474 3434 3155 4952 3683
16403 2655 4530 6059 625 893 2090 3504 4068 3225 2027 2758 4195
16404 2775 4249 3270 4712 1881 1906 1347 5638 6201 6540 3764
16405 927 1368 1263 80 1981
16406 2251 4469 4811 2327 3627 5873 3263 3604
16407 431 498 527 3515 998 2478 128 4782
16408 55 1568 2397 3409 4324 6046
16409 927 1009 1979 3497 5949 1802 2330 767 1233 2360 1796 496 962 2032 3115 2260 1557 832 967 2310 878 1362 844 2215 3622 1996 2698 2288
16410 2956 4160 5738 5704 5705
16411 10 669 603 1286 1526 1644 563 879 1484 2249 644 2477 2115 955 2685
16412 337 77 44 169 59 312 462
16413 630 5914 996 2248 5070 5302 5489 5522 5571 6218 6279 6342 6906
16414 5474 1766 4159 5468 6108 1003 1550 3764
16415 2841 2856 3971 4895 5977
16416 2048 5448 998 5648 2130 648 4478 4574 6881
16417 4667 3316 2329 2758 5617 5717 1447 4628 4707
16418 1956 966 2279 1432 1511
16419 1428 1734 3118 3184 3310 4809
16420 127 3353 3692 4008 4012 4163 4209 5929 5384
16421 2644 5366 3410 2593 3389 3409 3481 4246
16422 1032 356 1312 1328 2299 3863 454 615 1747 2109 2271 3300
16423 4991 5326 5574 5958 3904 6691
16424 2355 2460 4374 6849 3610 6646 516 5850 6043 6439
16425 1636 2588 4097 5909 5937 5973
16426 713 1103 1621 2881 4294
16427 581 444 1791 2223 1494
16428 1927 2554 375 1924 3780 2880 5123 3658
16429 926 3030 3339 6306 6933 6823
16430 482 1004 2131 2548 6308
16431 1881 4577 713 4580 5118 5796 5362
16432 700 1779 2878 4152 4932
16433 6487 3488 3912 5838 6155 6475
16434 939 2357 246 2264 4374
16435 964 2844 2553 2502 3646 1723 3383 514
16436 2323 3284 3866 837 4735 6465
16437 224 301 218 290 296
16438 1414 1533 1787 2930 1450 1041 2045 4883 5704 5930 6255
16439 2572 3012 3415 4055 5756 998 4905 5979 3369
16440 5234 840 3243 3734 4330 5751 455 5537
16441 567 2985 3516 2920 4193
16442 359 420 452 537 742 1529 1544 1851 2168 2242 2693 2909 2952 3263 3896 4008 4152 4211 4482 5070 5138 5335 1753 6283 6180 835 4089 4259 4879 3022 2596 5086 6903
16443 5980 98 3543 3992 5132 3735 6143 1236 4496 363 2369
16444 23 94 231 24 155 275
16445 151 1412 1446 2265 2813 306 2773
16446 1303 1272 2535 14 196 757 1010 2218 2299 2756 4318 4640 5100 1135 3290 3291
16447 5142 1819 324 566 1786
16448 796 991 179 591 1895
16449 2184 552 2717 3521 3853 1021
16450 34 331 1653 412 6373
16451 148 4034 6073 1693 2110 5558
16452 5633 3524 2957 3557 6630 1636 7035 6313 6757
16453 6583 46 5827 2090 5 3194
16454 5757 3294 5271 5905 6743 6748 6908
16455 2220 148 566 1298 1813 3466 4777 5385 441 1591 1826 2032 2551 2552 3537 3858 4868
16456 727 1037 1381 1912 4318 4659 516 2369 4089
16457 3202 318 660 783 2537
16458 1496 1791 3929 4689 2220 5238
16459 5416 754 3200 6152 4419 4298 6360 3834 2083 20 2311 2999 1701 304 2693 3363 610 1862 3388 4573 6729 5730 6195 6662 2950 6665 405 545 991 2689 6728 773 2418 5138 5346 6951 3290 3624 6903 6995 7021 3059 1756 6772 7029 3182 5310 7042 659 174
16460 2 831 3342 1881 177
16461 1591 1056 602 1588 2182 3012 492 1596 3553 687 808 1106 1688 1849 3234 3456 954 1867 2032 4012 1214 1701 2024 2070 2301 3183 3191 3724 4421 5273 4723 303 3357 4066 4211 1393 2369 5307 3974 1791 5979 3932 3949 1015 5631 6233 4966 5832
16462 917 1544 2251 4256 5366 5946 2323 4089 4927 4842
16463 78 164 232 443 10 204 246 414
16464 1716 2535 4941 5232 742
16465 80 77 167 203 400 415
16466 2493 736 1544 5176 6198 6394
16467 1122 1712 593 1631 3299 3396
16468 1079 2432 5443 6047 6565 1827
16469 581 659 1208 3858 1903
16470 2020 3397 4624 3338 1432 2187 5318 2394 5030 6777
16471 567 1233 1544 140 835 2369 4842 5412
16472 2158 2466 4811 917 2160 2353 3410 3574 3976 4014 6109 4587
16473 4154 4152 5021 3309 3504 3779 4330 2460 2479 3449 3916 4328 188 4032 4533 5874
16474 1729 2118 5256 6064 659 666 830
16475 1202 347 4553 80 695
16476 837 1037 1779 1935 2147 4810 5587
16477 5159 125 196 333 4800
16478 654 2045 148 1958 3834
16479 570 928 26 770 4734
16480 675 1106 1233 2150 2723 3066 3758 4873 5929 5126
16481 2727 1867 6475 4012 1385 3143 5557
16482 3316 3175 4359 5007 1653 2956 3886 4161 4253 4958 5367 6302 6403
16483 695 222 1391 939 1424 2193 3342
16484 31 188 434 728 3929 4975 5757
16485 2477 31 1713 3517 1758
16486 84 819 874 2731 4966 2807
16487 917 2750 1690 2920 1233
16488 1233 2452 3036 3687 844
16489 482 1280 2512 4905 5127 5129 3453 5537
16490 459 1791 5489 6365 5015 6522 6790 6852 6899
16491 2519 4419 852 3713 6490 742
16492 4605 306 1187 6281 6288
16493 148 294 115 1047 2707 1087 3006 480 3676
16494 1303 1887 4194 4589 5558 6200 2838 4551 5757
16495 1054 1432 2710 2756 3143 4031 5477
16496 4284 4764 1575 2740 4082 5094 5548
16497 596 1082 1118 1887 2438 3690
16498 6268 5543 6416 6578 482 840 6594 6512 6762 6766 6125 6811 6893 6789 6117 6954 6882 6908 6889 6968 6957 6961 7023 7025 6956 6969 6565 6917
16499 1098 3948 5237 1435 2116
16500 1233 1759 2001 3106 3479 603 683 850 3474
16501 2783 3895 3181 4712 2785 6372
16502 4437 5312 6050 6072 2194
16503 5587 4457 893 897 3679 3691 5216
16504 179 3171 3356 3600 4356 4901 5349 6043 6066 6880
16505 1586 1483 5382 2724 5851
16506 183 1316 2552 5775 4842 2909 4614 4701
16507 483 647 1159 1262 6477
16508 4905 109 2242 458 5812
16509 1071 1922 2251 3268 3146 1032 4712 3205 1981 177 759
16510 3410 6109 6885 6062 6876
16511 246 4008 4469 5694 6874
16512 13 28 43 44 59 202 586
16513 2909 5430 15 1172 3030 3845 5183 5248 6966
16514 1432 1929 2168 2304 5808 842 2327 3076 3957 4936 972 3035 5238 4365
16515 465 994 2669 4884 3360 3412
16516 43 161 42 78 3 81 10 245
16517 92 25 1432 4239 2886 6506
16518 3362 3520 1283 3099 3356 4625 6255
16519 4605 1047 2193 3022 3521 3923
16520 3062 188 1799 2572 566
16521 1512 3158 3921 6108 659 5014 3764
16522 304 3060 4345 830 4562 5638
16523 2277 5086 1159 4551 5432 5232 4033 1642
16524 591 1530 717 2186 166 1922 3315
16525 1349 1714 2279 3832 1791 3496 4044
16526 2443 3363 4625 1904 6787
16527 219 271 498 3197 3497
16528 1047 832 514 2978 3288 4092 3342 807 3082 1802 4579
16529 3467 3761 3949 5598 3410 4290 1037 1313 80 1015 1544 4008 483 840 1273 2160 3506 3883 1274 4769 4856 2161 320 3030 4860 1588 5093 5094 939 3554 1534 2807 4922 1742 4048 1135 5530 6490 5757
16530 10 23 120 414 438
16531 1728 3364 2671 2679 924 1034 2327 4731
16532 681 1047 437 555 1226 972
16533 1471 1588 3383 4097 1485 4965
16534 1201 1827 3372 4628 5537
16535 1347 6102 3837 5285 6116
16536 3761 1283 283 1309 3311 4113 4948
16537 1369 2539 2290 2897 5376 6241
16538 4697 610 627 1371 3416 3032
16539 2237 3527 4082 5657 6603
16540 127 164 792 998 2460 2644 4044 1358 3250
16541 837 912 916 1172 5757
16542 832 3795 5454 633 2229 4568 4867 6013
16543 4578 830 2032 3071 4689 5481 4097 293 6349
16544 333 3226 3453 3730 6236
16545 188 995 1330 642 3050
16546 713 2870 3294 4035 5211 5873 6415
16547 991 1202 1755 3294 4941
16548 5725 3247 3912 812 2430 4170 4298
16549 508 1973 2135 2383 2389 2428 3575 3605 5661 6823 1579 6075
16550 904 1071 827 1190 770 2764 2970 3713 1887 5712 1078 5954 6562
16551 4573 2046 5221 5520 5786
16552 4228 4260 5570 5872 3059 5781
16553 177 2460 80 5456 1505 6140
16554 917 3929 4008 4817 4826 5058 5357 6764
16555 3005 3099 3333 1550 778 1758 5334 6266
16556 2209 1653 3060 482 1855
16557 67 1500 1100 2463 927
16558 602 939 1233 2970 2986 4205 6380
16559 2870 1752 1869 661 6263 445 2095 2890 4901 5636 757 420 1815 3764 4929 5118 5362 630 3845 4128 4590 5378 6374 768 1222 3340 6752 835 939 3183 832 508 1319
16560 1233 3309 5193 5386 5493 6135
16561 928 607 2514 5263 2655 4292 4913 6242 6569 2418 5816
16562 219 834 976 898 1243
16563 6512 6536 6791 6773 6982 6717
16564 5705 201 1720 6112 1923 5108 3406 1507 5008
16565 3366 2128 4696 6080 4097 4942 942 4878 2723 3401 2666 5030 3995
16566 1791 2242 6594 6117 7009 7018
16567 400 972 610 551 567
16568 3365 1428 2909 4947 4958
16569 339 404 627 1071 1291
16570 120 459 4375 6815 6855 6999
16571 884 5800 16 185 1021 5263 1621 1159 1981 6337 4168 5057
16572 1187 3397 3004 4589 1195
16573 3084 4873 5977 6183 5578 6099 6696 3174 5014 6901 5669 7012
16574 304 3949 6153 4909 5962 3745 4184 5437
16575 245 2920 3241 3356 4013 4261 4747 5130
16576 6760 832 2306 3174 3182 4198 4873 6188 6479 6868 6918
16577 1438 1604 830 7035 7036
16578 2168 1957 3576 358 1660
16579 5727 4256 2096 2705 2954 2959 3337 3450 3886 4769
16580 1669 5160 729 1004 2208 3604 4230 4712 5149 5258 46 2901 5949 4420 2986 3589 4075 4297
16581 4255 165 3263 4805 5582 7050
16582 2460 3547 1831 5283 1310 1960 3243 5345 5809 994 3779 6180
16583 2907 915 3343 4171 4581 5176
16584 3534 3342 3143 1921 85
16585 1227 3101 4278 245 2693 2976
16586 334 906 1427 282 1071 1142 1573 1899 3338 939 2430 3494
16587 2547 3103 421 5157 5202 5525 2904
16588 10 304 1227 188 439
16589 1044 1433 2205 6038 6359 267 1757 2052 4577
16590 2027 3214 4012 4381 4613 5752 6253
16591 1513 840 3282 3057 4510 3117
16592 95 679 682 3388 6126
16593 3563 3861 6286 6791 6954
16594 9 148 167 400 80 554 340 404 304
16595 1346 67 1371 2491 1087 4625 4579 3363 3577 5188 1234 5455 5266 1530
16596 1161 1634 3367 5312 6344
16597 1047 991 1106 1759 850 3277
16598 3342 4352 5696 5809 743 953 2109 2379 4750 5979
16599 1809 1811 2347 2636 3354 3414 3563 4006 6790 6812 6864 6117 6921
16600 1374 939 2770 2277 2304 1844 2518 832 1044 1760 1875 2249 3007 2365 3507 292 2222 1947 2450 2723 2823 5965 4008 5044 826 1530 2724 3149 3234 4550 5192 5335 5713 136 2356 2508 5456 6360
16601 1562 1808 3514 4877 6344
16602 563 1887 6074 15 830 6127 6167 6323
16603 670 492 840 1639 1908 900 3326 702
16604 566 674 830 3779 5378 6295 6688
16605 2735 3679 3931 4817 2123 6290
16606 238 905 915 3077 3758 4083 4614 1981 5489
16607 2184 807 1701 2692 3364 3448
16608 770 5344 5056 3821 5228 5324
16609 4181 6535 3666 5975 6778
16610 2090 2836 5142 6279 4201 5091 2147 3331 245
16611 245 675 1217 4879 304
16612 2477 2251 3405 3084 996 3348 3832 2792 2898 3122 5294 5061 5911 3737 5626 5070 2109 6762 6745 6946 5334 6915 6876 6995 6908 6889 6890 791 6968 2808 6715 6773 6919 7026 6994 1849 4383 7039
16613 2082 3211 2602 3586 1172
16614 107 266 337 295 129
16615 1641 1714 1719 3566 5759 1161 5193
16616 2479 3866 498 621 3730 6723 3929 6597 4965
16617 728 1759 3521 4008 4504
16618 203 318 2460 2951 2598 3249
16619 205 832 5535 5424 5574 4211
16620 2945 188 3314 1480 2718 2636 285
16621 6332 226 530 3226 786
16622 4530 31 1012 1853 5058 6093 6359
16623 163 1931 2083 4113 4803 6787
16624 5346 1968 1530 4773 6098 6299
16625 1126 722 2186 1960 1533 109 120 459 5283 2242 5211 458 5787 5416 2193 6578 5849 3698 5118 6117 6968 6986 6530 6925 7026 6969 6989 6859
16626 4012 6057 1669 2338 3141
16627 5336 6090 872 2323 3353 4859 1513 1759 4008 2309 6306 267 1107 840 835 5011 5087 5412 5880 6261 6752
16628 1190 1242 4427 5178 5180 3981 5799 3058 1653 3594
16629 5543 6269 5878 6512 6790
16630 2892 2920 3993 5937 6490 1887 4031 4578 4888 5753 6537
16631 178 6305 4027 2732 2184
16632 4761 1687 4631 3082 4664 2251
16633 569 1103 3932 5015 5811 5074 3792 163
16634 4319 4578 4584 5157 3234 701 1379 4245 2756 3670 1597 1784
16635 1568 2020 2545 3886 5270 185 188 3685 939 3782 3888 5582 3006
16636 4176 2240 2644 4638 5366
16637 5273 2838 2956 3985 2693 1793
16638 709 1494 2323 2765 4193
16639 765 2845 1232 352 353 1025 1134 1135 1323 1468 1701 1703 2669 3274 3642 3929 4330 517 2502 2838 4879 5022 2404 724 4206 4229 392 304 455 1616 2369 3586 3790 6262
16640 88 2457 2740 561 15
16641 710 880 3214 5017 627 3726 3934 747 1170 2939 552 3046 2669 70 3388 3846 3056 939 1174 2870 79 4664 5412 3060
16642 726 1052 595 4446 4963
16643 2721 3278 3964 5775 1143 3586 4149 6338 495 1672 445 3865
16644 2987 2250 2323 3698 5413
16645 250 409 36 1424 1825
16646 977 1532 1591 487 618 1249 1542
16647 1576 2894 2913 3258 395
16648 2155 2029 2251 366 1518 2483 315 188 3044 1044 3277 2620 3005 534 1815 1097 5849 5850
16649 654 3294 3479 4809 5003 5433
16650 6400 401 5105 4298 15 16 5638
16651 2116 4787 5346 5852 6653
16652 4060 2693 3876 960 2892 4952 962 2145 4157 1924 5569 5700 3361
16653 602 4862 5287 6253 2689 5282 5220
16654 3833 4706 4496 4013 4976 6282
16655 923 1330 1687 2046 2208
16656 5558 1233 1847 2669 832 6094 1755 3796 3983 5746 6354 2873 6331 4419 5778 2504 6142
16657 319 567 1815 2460 3030 3615 4737 5380 5525 6109
16658 3193 1219 4302 1047 3947 6633
16659 2640 164 1743 3515 4774 1352 4303 5065
16660 5346 185 830 1824 1292 2950 2976 2220 2050 2819 2871 3149 5986
16661 4026 621 998 3928 577
16662 1103 2168 2245 2721 2740 3766 4147 4404 4789 5381 5560 6173 4365 5894
16663 188 4023 728 812 4392 3175 4711 3056 5722 5638 6800
16664 2460 4965 1755 3830 4496 5420 6706
16665 5101 2690 2460 4323 4479 4712
16666 840 897 3294 3509 917 1115 3076 4794 6625
16667 583 1499 1534 6539 5595
16668 3107 88 5099 3180 1469
16669 1847 6503 6653 5560 1044 4171
16670 610 1756 3119 4573 2593 4879
16671 1921 2479 4168 4298 4691 6275 1336 2460
16672 735 447 566 733 850 1720 1981 2144 2327 2399 3099 3677 4449 4794 4833 5581 5667 3149
16673 78 1348 2548 4495 203 2909 2762
16674 4008 5963 2718 1044 3362 3365 3862 4120 4578 5619 2739
16675 3874 2852 6302 4484 5442 5838
16676 1424 4028 4062 4154 5208 1813 4605 1428
16677 3143 2323 5019 6409 3367 4496 1499 3351 5757
16678 86 243 23 239 80
16679 148 1214 2702 4842 5946
16680 3618 1135 1439 5531 695 4242
16681 352 2203 2899 4292 6234
16682 1309 1323 1849 5558 6182 6237 5238
16683 2740 4211 811 4365 5454 4539
16684 4360 4993 5456 2572 1526 4404 1198 1687 537 5558 893 3635 6418 3233 674 201 6175 1044 2650 6804 2917
16685 190 580 2702 3180 3766 4198 939
16686 1273 3712 2129 6464 5456
16687 370 4227 515 728 352 2387 4134
16688 5148 3931 4009 2569 5093 2917
16689 117 553 681 904 385
16690 2833 3849 2242 6286 6358 6410 6745 6951
16691 1251 4519 3506 3273 1988 2944 2719 807 2701 4490 1851 3862 4526 4302 1884 2356 333 1097
16692 1054 4012 5422 5368 5783
16693 968 4171 814 1151 4268
16694 4352 531 3410 2807 2824 1942 4156 2091
16695 3180 5000 5770 939 3932 5784
16696 1588 1633 3012 3045 2750
16697 6931 580 1633 4689 6167
16698 3149 2488 3113 3355 3357
16699 1416 6067 6306 2591 3654 4154 4475 991 992 1588 2032 4173
16700 2933 3765 2434 3301 4140 5353
16701 2804 4268 304 1855 6619
16702 1294 5808 5213 6391 5128 6865 1354 5780
16703 2976 245 3277 4794 3323 713 2524 2952 4746 4894 5104
16704 5615 2857 3880 322 6284
16705 899 962 1047 250 553 625
16706 1491 4353 4873 109 4250 5491 5508 6360 5878 6949
16707 1981 349 597 1427 5902 3434
16708 1340 603 2193 4193 4252 5838
16709 88 2187 3660 3855 4378
16710 2735 5986 2182 3226 5946 257
16711 1588 1853 2090 2289 2323 3592 3866 4694 4783 4915 6093 2569 5821 1887 3060
16712 1706 2950 2999 3855 4624 5537
16713 315 540 1473 4780 2299 4430 5413 810
16714 2108 603 73 279 880 1233 304
16715 3030 3410 3514 3618 2756 4100 1601
16716 133 5685 6184 6874 5530 2075
16717 1125 1321 1561 1981 3845 2685
16718 1740 939 1931 4313 1106 3020 3790 6135 455 592 5118 3183
16719 44 117 250 413 416 450 669 193
16720 3516 713 2380 715 5872
16721 1107 2752 3866 4691 5830 6963
16722 1196 1415 3590 5489 5490 5914
16723 4352 2732 4374 5660 5512
16724 563 1242 6245 1354 2329
16725 6788 6789 6812 6872 6935 7024 7025 6774 6775 6899 6994 6877 6878 7040
16726 432 998 1070 1524 1687 3026 73 3758 837 832 797 842 1044 1861 1006 6743
16727 2756 567 4419 5537 716 844 3263 2264 52
16728 1544 5470 2232 2303 4627 5876 4892
16729 1708 4389 1576 3030 5757 3964
16730 333 889 1207 1328 3245 983
16731 192 1109 1806 320 1789 3378
16732 830 955 1004 1044 1190 2198 2650 4583 5142 5520 5705
16733 782 2323 3367 4826 4875 4941 3144
16734 167 927 3929 1377 3326 4565 7047 537 1461 4146 1728
16735 1072 2113 1544 1063 2569 2825 840
16736 1496 2032 4008 2951 3103 3343 3228 459 1323 34 998 2452 2732 3278 1978 545 4759 4230 4318 2821 4362 573 769 4082 4284 420 2083 4675 5031
16737 837 1424 2143 715 2970 4498 5986
16738 2168 2599 4112 4562 5221
16739 769 2202 1368 610 998 5669
16740 1499 3059 3562 3660 4304
16741 1595 1097 2535 3388 3448 4212 4113
16742 927 1011 3011 3067 530 1695 917
16743 1103 1824 2538 3226 3294
16744 1588 1755 1759 4008 5979 2669
16745 2357 3145 4554 5242 6535
16746 1759 1706 3980 4760 5570
16747 3331 6179 486 1135 2020 3410 4569 6253 1134 1843 2466 2976 3164 3753 4587 4866 4878 5481 6241 5555 3124 1246 2839 4809 5093 5366 5773 6135 6900 1844
16748 6053 4814 4936 5614 458 6931
16749 1853 1887 3183 3284 3866 4419 283 2323
16750 1536 1987 840 1217 333 1746 2452 3821 3957 4238 4842 4787 5722 6264 6761
16751 2897 2976 4687 1588 4963
16752 5665 5664 1012 4200 1987 5803 3947 6579 1544 5153
16753 899 1098 1226 1453 5996
16754 1135 2323 3584 486 2857
16755 1308 1741 4253 735 1544 1633 2460 3193 3866 4150 4383 4821 5160 6145 6476 4365
16756 5869 5873 3060 1187 3496
16757 283 976 1242 2948 4680
16758 320 1068 2939 4173 2038 2137 4580 3360 4446 4935 581 6102 6296
16759 2775 226 809 1756 1959 2188 2535 3878 4032 4383 4418 5525 581 4260
16760 5531 862 5366 321 2619 5493 5726 3967 483 687 5543 5727
16761 1355 1638 2710 3194 6177 6972
16762 3549 482 1544 2777 4601 5598 3758 4587 6660 486 2166 2569 2612 4727 3158 5714
16763 486 1200 1755 5278 514 1053 2517 2109 4542
16764 4102 4465 4690 6350 2383 4857 5308
16765 73 458 1139 1140 3765 4256 2987
16766 5427 5274 965 3059 6912
16767 2732 2987 3026 3342 3791 4535
16768 2640 148 1588 5979 4447 6206
16769 1355 4059 5049 627 1929 4489 4528
16770 1406 2625 1844 4271 3891 5634
16771 939 2061 1072 4616 1328 3901 5412
16772 4384 4605 4800 5347 2823 356 1071 1161 5425 1373
16773 1694 90 152 583 2001 1366
16774 401 1856 1866 1406 2782
16775 1071 1752 3251 3479 1491 3586 3961 5293
16776 2908 2232 3766 5825 6135
16777 335 2038 4496 4637 5559 1780 2669 5558
16778 2238 2765 4039 4522 5558 5559
16779 282 917 2115 1106 2066 2759 1904 3698 31 1932
16780 501 927 2230 3383 2974 1202 5547
16781 5774 6418 1701 2084 5195 3515 5711
16782 164 188 64 169 186 206 207 218 63 897
16783 883 3050 3294 5975 6658
16784 2775 3780 4512 1864 840
16785 6079 6313 6858 6912 1653
16786 4198 883 2032 2460 4105 5783 1598
16787 900 3048 2945 4585 2412 3932 4089 4229 4787 2052 2193
16788 5465 6216 960 6512 1047 1636
16789 3929 4201 6574 4727 5558 2615
16790 179 859 1259 2577 2966 3538 3867 1853 963
16791 304 1678 719 54 4929
16792 1293 1455 1731 3929 5312 5449 6679 5074
16793 3674 3758 4696 5065 6283
16794 2241 3931 2090 4446 177 2569 1843 4260 880 3310 692 5001 352 46 1452 2032 283 1948 32 537 1529 1887 3072 3353 3396 3671 3752 3914 4062 4429 4430 4448 4954 4994 5056 5140 5220 5396 5513 5570 5130 3658 6438 454
16795 3521 1135 1439 3409 3457
16796 95 3861 6387 6576 6610 6611 6808 6531 6773 6998 6999 6994 6772 4383
16797 845 1037 1054 1107 2027 2028 4012 4560
16798 1836 1450 2369 4170 567
16799 1432 4278 5715 716 6473
16800 1121 5376 5422 5598 6386
16801 1146 1400 2606 2772 2827 2966 3366 3642 420 695 1865 2364 908 3075 2327 2539
16802 238 1151 516 4168 1077 4156
16803 1880 4965 567 939 3923
16804 514 2031 2032 4551 6411
16805 2797 3957 4760 5814 654 4085
16806 186 294 299 573 764 766 1037 414 185
16807 1263 4280 909 4226 1790 2636 1595 2447 3314 3912 1189 1044 2712 3579 3310 1421 1589 3374 95
16808 1432 6291 4716 6871 1567
16809 840 1047 1483 2460 3064 4012
16810 3294 568 1713 3541 6204
16811 3162 4246 4705 5030 5056 5312 5583 179 2094 4807 4919 5835 4501 3249 3964 6786 1358 2979 4710 5755 6370 3056 4239 7050 4984
16812 168 34 77 49 192 164 460 428 226 208 537 1585 3494 6789 6523
16813 939 227 5949 1230 1056 3515 606 3520
16814 5456 2625 4198 4889 5373 6159 6279 6616
16815 2211 2643 924 1427 2638 2364
16816 756 3866 3194 3295 4229 179 5312 5914 6273
16817 1236 1334 487 1648 2222 1831 304 4376 4842 3964
16818 2460 2775 4559 1009 4651 3806 5093 2435 2583 3516 6493 5413
16819 840 1263 4704 3978 4553 4712 6520
16820 782 2460 4157 5408 5759
16821 1853 954 727 1219 1878 3342 866 1781 2018 2555 2560 3421 3622 3462
16822 968 5621 5376 163 5517
16823 5328 4068 5227 3305 4030 5544 5376
16824 625 1690 830 1419 4867 132 1833
16825 627 5515 1016 1273 1899 2300 3263 3316 3347 3955 4256 5582 3483 4025 2046 2593 5824 2132 2551
16826 15 3684 5637 794 958 3060 3786 4452 5800 5098
16827 2097 3362 3004 3333 3363 6667
16828 670 991 1211 1009 420 647 906 3077
16829 534 2839 184 2669 6365 405 3537 3758 687
16830 899 304 532 1098 784 844 1365 1092 2508 2316 5060 2242
16831 88 537 3929 4352 4908 5809 6598
16832 3758 4702 4941 6295 3855
16833 3372 4724 5413 6225 830 2532
16834 4415 2063 2595 3901 5558 5873 274 498
16835 6739 2908 3730 455 1536 4835
16836 2792 581 3410 2593 2962 3661 1471 1899 2959 2909
16837 188 1064 5738 905 4353 5537 6348
16838 3263 3413 3715 4482 4942
16839 4696 1696 1978 1513 4044
16840 4696 1214 1782 2264 5376 5606 46 567 2288 2369 5638
16841 148 4117 5389 5074 4285 6449
16842 4941 1136 4109 3512 4992 6151 3776
16843 352 3060 3891 5843 6913
16844 5537 267 4624 4628 6268
16845 1650 2432 5205 5227 5566
16846 4758 917 3030 4311 4578
16847 5787 5416 6117 6904 6968 6889 6969 7026
16848 2599 518 884 968 1393 3208 4171 5312 2960
16849 1135 1136 1128 1129 3808
16850 1427 2115 3874 5374 670 2301 5205 5408 6205 2517 4697
16851 606 1867 4958 5803 3090 5628 6920
16852 5241 728 2596 3610 3868 4694 5686
16853 2515 2976 3578 664 670 1823 5759
16854 1575 1851 1925 3009 3051 4965 1349 2323 3866
16855 148 1345 3060 514 1450
16856 145 185 304 546 830 1214 1432 2195 2625 3183 4097 4272 4842
16857 2838 2195 647 3218 3696
16858 924 960 1988 3929 4068 580 826 3342 530 2438 2672 3448 4800
16859 10 129 176 188 204 246
16860 2944 3049 4976 1855 3632 4699 1044 2892 4294 2545
16861 6580 2760 6241 6242 5995
16862 1015 1779 2761 3834 4031 4793 5056 5138 5376 1432 5979 5394 5666 5177 2756
16863 1233 1759 2040 3142 4008
16864 5657 487 1524 2123 595 844 1887 2952 3451
16865 835 3514 719 2397 2592 3291 3410 3182
16866 431 432 2449 3214 1400 2132 3569 4277 3030 4698 2645 1730
16867 5733 3323 6344 1233 4823 6073
16868 1242 1529 3012 1701 3907 1598 4418 3072 3294 4937 6180
16869 2483 2647 2750 3202 1438 1804 2843 3780 2085 4706 3691 5449 5782
16870 191 2327 3410 4376 5413 2184 939 1544
16871 387 1931 1937 2155 2158
16872 1233 2461 1986 1308 1105 2023 2491
16873 3929 120 459 5060 458 2242 2212 5416 5958 6573 1240
16874 1346 5270 7050 5592 539 3144
16875 3353 6151 1865 3295 5757 2046 4209 2120
16876 610 2595 2596 2838 3516 3757 5949
16877 90 177 342 367 450 603
16878 728 1233 2437 4689 5537
16879 2911 6306 2598 5376 5386 5389
16880 2838 3061 5949 7047 321 1788 1841 2251 474 6346 246
16881 117 203 400 278 418
16882 252 43 120 188 249
16883 4754 6189 2827 4115 4943
16884 4076 1635 3059 6498 4469
16885 984 1433 4351 5413 5663 5965
16886 379 2084 5835 3822 5556 2951
16887 2323 4318 1461 4097 5598
16888 158 204 251 312 460
16889 61 4609 4256 1023 4366 3022
16890 1728 2517 4942 5335 1233 2147
16891 99 108 3129 3340 1688 3856 184 3410 2593 5236 6890
16892 1598 5498 563 1330 5543
16893 5294 3184 4419 5490 5508 5872 6374 1621 1851 810 2288 2430 5636 6526
16894 400 519 1227 325 772 1169
16895 3263 4246 5543 1309 1381 4521 5367
16896 883 2976 3441 3775 3796 6217
16897 6715 6754 830 5958 6449
16898 977 1031 320 1539 136 1475 1451
16899 3832 759 5023 3517 6378 905 5371
16900 1925 78 1630 1057 3047 2479 2288
16901 939 992 1432 1920 1209 558
16902 2656 1044 1204 3755 4564
16903 567 2201 3234 1513 3788 5485
16904 2976 947 1653 5887 1563
16905 4013 2899 3263 1159 1756 1815 3380 3973 4675 4894 2313 2645 5029 6242 4046 3656 2773
16906 1737 4349 5172 2273 3198 3517 4247 4205 4391
16907 762 975 2122 6339 6507
16908 3831 6125 6117 6893 6872 3306 6957 6958
16909 498 1432 1480 1887 2327 3251 4097 4285 4936 5093 6040
16910 129 4748 6981 915 1537
16911 1044 1107 4230 454 1849
16912 580 892 893 1309 1720 1897 2460 2538 2675 2750 3448 4961 5949 400 2198 4419 5003 1639 3172 4300 566 6044 6477
16913 573 656 657 923 962 616 1306 5481 6326
16914 2478 5142 897 3874 5733
16915 486 950 1077 1078 4956
16916 673 2109 4448 2479 5176 6491 5655
16917 1772 1508 498 2231 3764 5559 5986
16918 1975 1811 4873 1865 120 1791 458 2212 6507 6496 5070 6522 6662 6125 6576 5408 6995 3354
16919 4172 757 1851 2809 2940 5487 5900
16920 5195 4209 892 2718 553
16921 1787 1023 1242 1887 2482 525 2193 509 3587
16922 4013 4733 5475 1190 1358
16923 1251 879 1146 1756 1759 3673 3383
16924 4899 5757 558 661 850 1736 4539 5275 6099 6170 6639
16925 383 2999 3262 4260 70 610 1135 1406 2838 3576 4737
16926 337 378 622 658 928
16927 2977 1329 2827 2951 3351 6082 842 4201 6716 6997 4610
16928 3686 3516 537 3184 4113 4922 2071
16929 3941 610 679 1755 4623 5312 6632 627 674 1688 2160 2669 3362 4624 4626 5537
16930 1956 2232 1728 1103 939 1044 3152
16931 3410 3961 3894 4578 5157
16932 3527 745 1201 2578 3158
16933 13 43 44 129 202 239 429 465 97 150 400 37 188 201 213 175 39 245 351 252 10 1060
16934 1958 4071 3750 4494 3586 1966
16935 1791 2242 6791 6789 6811 6997 6999 7002
16936 177 3326 5198 6721 1098 2565 3679
16937 424 2633 5156 3632 511
16938 4952 1946 6126 3156 3359 3360 3981 4624 5312
16939 3468 1740 2146 2756 2952 4144 4521 4812 258 5530
16940 188 2123 1226 2001 1814
16941 840 6125 6838 6946 6954 6733 6978 7026 7028 6995 6996 7006 6773 7004 7005
16942 167 224 400 669 90 447
16943 407 117 1032 4055 5352 458 1154 3874 4257 5809 2804
16944 837 482 1016 1516 1907 2202 3410 1300
16945 23 188 212 253 266 342
16946 44 233 991 1071 4807
16947 1703 1646 2814 3578 1405 1044 1047 1200 4628 4823 1209
16948 756 5074 5907 5979 5873 2098
16949 1814 95 602 2824 5258
16950 830 2472 3597 4193 3607 3327 5876 5576
16951 1956 830 2386 2724 5769 6714
16952 10 64 367 400 429
16953 1591 465 5378 482 1848 3866 5420 563 954 1071 1432 4664 2323
16954 5919 6180 674 1306 1920 2300 2460 3214 3537 5157 3858
16955 2238 804 3175 2615 2784 1608 5576
16956 755 1327 4736 5144 5051
16957 514 3790 4170 304 797 4191
16958 5757 1544 1617 893 1078 5086 4789 4689 3225
16959 478 2497 3971 3874 6697 6911 4370 5493 5732 6848 4842 6067 5743
16960 401 975 1152 840 1462 1165 2010 2833 2935 1346 627 3849 3861 1810 5117 4757 4966 6298 5878 6315 6788 6812 6904 6733 6995 6958 7024 6985 6529 6531 7030
16961 3520 4936 420 2625 5285
16962 974 1103 1588 1987 2327 2671 3365 3610 4101 4727 5628 6134 674 830 839 5851 786 4097 5570
16963 304 830 1438 2277 3901 4154 6729
16964 716 54 2950 1328 2479
16965 3923 4866 1432 6816 5466 7028 6717 1534
16966 3453 687 2460 3836 4253 6180
16967 6033 823 1912 4965 6596
16968 713 3537 4446 5481 1797 1973 3264 3469 5224
16969 1071 1321 1125 1208 2905 4697
16970 1813 897 1071 4193 927 1106 3704
16971 334 3250 2615 4312 6393
16972 1651 674 747 994 4696 5049 5065 5573 832 516 567 2072 953 3205 3874 4212 1242 4033 5705 5739 2085 5189 4403 5157
16973 2090 4311 1373 4506 4675 5852 5965 3518
16974 1076 4351 1650 1853 4355 5754 5838 4188
16975 455 2415 1759 3611 2665
16976 5830 2477 5777 2659 5702 5085 3764
16977 1179 1283 2904 3992 4013 5030 5189
16978 608 69 852 791 801 572 905 1141
16979 1860 495 830 5018 5772 3377 5775 5258
16980 10 304 939 1954 335 1034 1047 1791
16981 2369 11 807 954 2304 2838 5706 6386
16982 1309 1099 2952 5478 1063 3929 6349 6351 4801 5232 2203 2615 6096 3012 2447 6476 3851 6982 4376
16983 49 275 181 309 327 440
16984 32 487 840 893 1063 1071 1529 2061 2162 2443 2943 5378
16985 1409 1327 1122 2970 6539
16986 1037 1914 2989 73 5502 6148 6844 458
16987 647 4452 1820 4942 5413
16988 4446 5204 632 2168 5024
16989 5338 555 3964 4051 5456
16990 1263 4376 1703 2412 2460 3796 6323
16991 2572 3849 2112 3387 5060 5509 6319
16992 1632 1227 6262 6464 4940
16993 178 1051 2106 2970 4351 4894 4905 5692 5695 5711 6822
16994 1411 4071 4516 2265 842 1544
16995 177 1604 5990 282 893 4049 4663
16996 2502 3964 3506 4259 5693
16997 2920 1371 1779 2005 5177 5881 5757
16998 400 1385 2941 336 2759 3690
16999 1753 1813 1853 2988 4008 4159 5111 5528
17000 991 2005 2957 2253 972
17001 3866 1373 3180 797 2369 5974 3941 5638
17002 202 3012 2060 1713 2680 3710
17003 730 1042 200 3302 3530 2249 6292
17004 4624 5736 54 1987 3594
17005 2011 2150 646 1528 2609 3945 4894 2106 4748 1739 2370 1791 2750 120 2446 793 837 1263 1323 1655 1987 2952 4012 4664 1438 498 5284 5060 1713 2636 4863 2242 458 5787 6504 6405 6314 6512 6195 6852 6875 6901 6678 6987 6874
17006 238 511 1047 1956 2976 3263 3372 3941
17007 1546 4485 6728 6854 3388 2970 715 807 2129 3183 6292 6883 1841
17008 1130 595 742 924 2460 1071
17009 659 773 1445 1643 5516
17010 492 906 3877 3949 31 1713 2809 4614 1097 1653 4976 5570
17011 2220 939 1119 2323 2926 3228
17012 4578 401 2315 3214 3357 3365 5056 5346 6349 6897 6888 6126
17013 3193 4268 4545 4598 4851
17014 573 4446 5443 5711 2104 4036 6547 5118 3277 5617
17015 2323 1800 1925 1712 4195 4238 6040
17016 1009 2768 3367 3543 3545 3628 3717 5143
17017 210 627 1015 1071 3630 3923 2663 1621 3586 2369 4159 1844 850
17018 3790 1841 3216 5667 3173
17019 687 1959 2742 2750 2337 1467 1544 2472 2897 3479 2352 2481 58 546 2944 3001 4011 3562 3030 3783 3882 54 4552 5306 5887
17020 2062 2346 4880 1453 1364 2756 6177
17021 2360 4515 5775 4445 335 3560 800 1107 1303
17022 857 1071 2601 303 1650
17023 352 830 958 1135 1948 5347 5809 4373
17024 2093 3922 420 1791 52 2031
17025 792 2130 203 4994 3452
17026 1553 3989 5667 1200 5537 3060
17027 1712 1016 401 1044 3002 3362
17028 333 917 974 1096 1283 1432 2065 2131 3356 3362 3521 3715 3766 4013 4147 4479 5080 5346 5493 5997 709 772 939 1728 1844 2112 3496 4089 4117 4602 4727 5362 5721 5756
17029 1373 31 2369 3957 4097 4229 46 1672 3522 4540 2009 5145 1432 4172 4986
17030 3524 3796 2990 5852 5157 4578 4586 5180 1653 1814
17031 1016 3010 2183 863 2109 6671
17032 3118 5461 3935 1328 6624
17033 958 2287 2730 3245 3430 1034 1643 396 1688 3247 3272 3448 849
17034 837 1274 1297 2460 3604 4791 4842 939
17035 1198 140 2633 812 3180 4760
17036 445 3263 5215 6244 6931
17037 6139 629 991 1044 1047 1211 1289 1813 1823 1887 2084 2593 2638 2718 2720 2790 2934 2950 3109 3204 3239 3251 3278 3326 3416 3783 3903 4408 4784 2713 5931 954 1827 2268 2383 3439 4008 4453 5102 5312 5540 5614 5821 5963 5546 3609 4057 4678 5700 5853
17038 2233 1588 1598 2046 1047
17039 867 1455 1655 2323 3038 3727 4002 4467 5255
17040 1107 2072 1658 1844 3570
17041 201 1135 3457 5193 5202 5625
17042 3923 3932 3517 4975 2213 5499
17043 5882 6174 5543 5583 1706 2897 5086 5538 5582 5873 3184
17044 458 2242 5787 5809 6085 6298 6507 4052 5070 6706 530 5410 6125 5232 6813 6874 6976 7006 6773 6998 6917 7012
17045 2449 2238 1904 2569 2846 2976 4012
17046 2183 1844 1588 2024 1582
17047 73 1480 1588 1755 2380 4065 6589
17048 3863 674 2039 6294 6081 919 3363 4971 4972 6495 6873
17049 98 331 1044 1198 1259 2756 4481 744 5086
17050 142 459 71 337 416 251 290 342 301 481
17051 1071 1323 1842 2294 2460 3183 3362 4117 5811
17052 1809 663 685 1461 1854 2140 564 318 1216 3877 2129 751 3431 3556 164 4808 1637 3155 3353 627 1841 2569 563 2323 12 3515 3726 3444 981 1750 473 3560 3861 874 1692 607 642 1084 3562 3565 2882 125 169 290 3263 3600 1121 1889 2071 1211
17053 1998 2304 2466 3030 3339 3440 3655
17054 437 1849 5558 5782 6653
17055 5202 641 26 659 6800
17056 203 1442 1755 1848 3434 3948
17057 3194 2479 4008 5312 4931 5742 772 1009 5775 5520
17058 2501 3627 4689 2674 4156 271
17059 7030 7008 4042 7012 6916
17060 442 565 887 1016 1429
17061 46 546 551 5413 5638 192 2369 6512
17062 1765 4954 5756 1330 6177 1335 4955 5635 1391 5638
17063 78 3025 4318 4724 4956
17064 2159 3063 1407 2593 3625 4920 5441
17065 148 4008 4545 4842 5168 5875
17066 1106 3405 4105 4198 4789
17067 1677 3401 4333 4659 3921
17068 352 201 177 3761 772 1804 3313 3410 775
17069 203 2184 2952 4063 4181
17070 3429 3430 3066 3323 5757
17071 527 185 1323 3060 3098 5260 6002
17072 1381 2144 2193 2195 2595 2597 3205
17073 1296 563 648 1480 2421 2712 3135 3236
17074 1071 1544 4842 1853 6715 4801
17075 1959 4284 502 4944 3302 770
17076 256 525 1159 5511 850 1300 2071 3695 5705 2546
17077 1272 1881 3184 4117 4272 5520
17078 1943 603 4727 5800 6283
17079 2413 4541 5536 5962 2583
17080 424 754 917 1432 1889 2410 2466 2551 2718 3079 3294 3541 3589 4097 4192 4440 6130 2644
17081 400 632 1735 3030 3502 5782 6681 4496
17082 747 1881 4415 4888 5386
17083 5666 5470 5138 6307 5671
17084 3958 2107 4818 4934 5852
17085 185 798 939 322 1220
17086 1064 1135 3866 1867 2045 4052 5385 6005
17087 455 1167 3611 2598 3184
17088 643 1362 2842 1077 3224
17089 321 1175 3261 5877 4827 4784 865 1015 1201 4012 4878 5778 6129 675 830 4689 6477 6579 6753 5558 2998 2052 3335 3306 976
17090 3866 1227 4789 2994 6762
17091 1614 6246 974 3923 4503
17092 2397 3934 3030 2593 2765 3782 5302 1432 5852
17093 2020 2510 2592 3018 4631 4877 4246 4250 4348 5757 563 1273 1752 3514
17094 5456 6030 1263 6310 3845 5248
17095 1923 2220 5147 5344 830 1887
17096 432 1813 3855 939 4351 3184 2650 792 592
17097 598 3343 5721 4835 4837 4843 4844 1332 1628 2369 5413 2009 3038 1450
17098 4159 5793 465 1957 6139 6194
17099 1327 5016 4446 4728 5949 303 2211 2486 1058
17100 387 1725 2535 2623 3515 4521 4905 5044 5215
17101 1004 627 774 2569 2743 2898 3365 5558
17102 3678 2728 4573 5086 5373 5413 5743 6386
17103 1391 203 563 4776 5422
17104 939 3801 3929 4118 3226 5807
17105 3931 2020 2756 2788 5364
17106 1020 754 2095 1981 4147 627
17107 179 246 2406 2775 5176
17108 2829 1856 177 1523 3287
17109 177 10 275 337 2206
17110 235 595 1161 1865 2046 2460 3032 3365 3406 3653 4008 4012 4435 5809 5812 5979
17111 1831 4608 5090 5335 1427 1598 4311 4922 5071 6179 2638 3685 3975 4412
17112 4939 366 3214 5237 4415 304 1226 1406
17113 1424 4205 3175 159 3336 2446 3862 1010 2346 1457 1904
17114 347 379 129 438 481 10 460
17115 1031 1533 1179 3276 962
17116 2781 2883 4737 1779 4740 5157 1194 1432 6242
17117 2732 2750 5373 5685 5450 492 2531 4745
17118 5750 5641 6164 6171 1687 1740 2188 5138
17119 304 939 2193 4198 1797
17120 1320 4712 503 3296 3586
17121 2611 4421 5056 3445 3862 4067
17122 2863 3194 3504 3675 4914
17123 2166 1383 1071 4618 4816 6143 6651
17124 1207 4146 835 3013 4734 1653
17125 647 5417 1847 2109 5366
17126 1170 3173 3973 4229 5619 2598
17127 2756 3796 4344 5702 5196
17128 2535 3365 4473 5153 6127 6223 6799 6126
17129 659 1981 2962 3366 4965
17130 683 1192 1653 2361 850 3799 4495 5917 6506
17131 2672 887 2635 2278 1558 844 1047 3877 1494 2535 3388 5687 554
17132 345 1811 2347 2833 4006 4873 4905 109 458 2242 5812 5837 5956 6296 6125 5408 6893 6999 6917 7012 6785 6874
17133 2851 486 2456 6516 591
17134 1759 2432 6497 1140 1563 3696 6105
17135 2168 3630 4187 4347 2210 3787
17136 2889 1703 1949 5104 5157
17137 2795 2955 3421 1887 4628 2249 3263 36 5403
17138 1186 1672 3143 3881 5672 6050 6167 6972
17139 2637 3767 4285 1577 4229
17140 5189 5761 6135 3516 3983 4841 3500 6448
17141 675 5066 5196 1405 3405 4831 5085 5777 6135 2660 2277 5221 3658 633 5664 5852 3360 2193 4365 1850
17142 1588 3944 3645 836 3973
17143 203 2090 4101 5413 972 3184 5873 6483 6386 6101
17144 36 92 2376 3060 648 742
17145 782 998 1201 1655 595 1090 1759 3294 3837 1757
17146 1373 1044 1159 516 814 1577 2452 3307 3739 4727 4285 4905 5650 5456
17147 1899 3263 3201 1843 2897 2959 4878 4587
17148 322 725 3237 661 5112
17149 1306 2055 5193 196 317 6487 1517
17150 5157 482 2988 3524 4468
17151 797 465 1513 1981 923
17152 2112 1755 4097 1016 835
17153 392 1885 2160 2962 6341
17154 2374 5476 4101 5661 6107
17155 2460 2323 5059 4909 5150 5431 2721 4198 5979
17156 54 1981 2213 4936 1762 3446 2909 5972 4867
17157 4012 1887 2920 3877 4285 4727 4963 4979
17158 177 927 2239 998 1809
17159 4222 3560 4351 6598 5378
17160 3800 52 1718 1981 939 406 3877 960 1945
17161 34 4646 1588 4494 4648 4945 5314 5519 5979
17162 906 578 2265 3004 3121
17163 4139 2370 2997 3001 2432 5965 2168 2671 4191 4936 917 4789 4540 4743 4013
17164 3712 4794 5670 6382 6511 3448 4376
17165 1432 1178 5394 1328 3288
17166 1785 2315 3263 2644 3339 3401 3713 2274
17167 858 972 4285 5630 6135 2051
17168 6716 3472 830 2838 939 3388 4477 5994 5248 5818
17169 267 518 2190 3077 3957 1179 2535
17170 4842 4260 4539 4589 4935
17171 1226 1233 3395 3957 4044 6104
17172 1092 105 3647 3403 729 5558 6360
17173 188 807 832 906 992 1056 1363 1483 1638 2195 2769 2978 3024 3214 3365 3838 4294 4557 4624 5112 5164
17174 4643 4645 4648 4649 6628 5314
17175 2112 6236 3434 5743 5903
17176 3866 99 284 933 4875 5024 5946 5376 6371
17177 530 580 1865 2940 3165 3226
17178 3374 3414 5 1044 1423 1428 1599 1841 2079 2587 830 3170 3951 3354 3494 2222 2415 2474 2593 2976 185 1097 1378 2020 2369 4156 434 855 1003 1534 5558 6040 940 5475 5503 5849 6506 5070 6264 6789 6864 6893 6266 6644 6954 6874 6974 6979 6919 3526
17179 573 2115 1799 1063 6387 5484 2329 3156 88 159 1544 2323 3233 4039 4509 5537 5556 5666 4227
17180 3906 2750 4525 4614 203 3705 288 5169 1831 4658 3184 1863 3360 2985 3363 850 1981 2220 4567 5310 5905
17181 934 5481 530 597 1791 2323 3226 4760 2195
17182 1190 4152 6332 1273 4587 6479 7036
17183 610 1047 420 2027 3315 2663
17184 132 325 4008 3213 3550
17185 772 2361 2807 4689 1735 6989
17186 3722 998 1202 802 1922 2750 4689 1227 4285 2482 2187 5092 5516 2650 627
17187 2545 2232 4097 4879 6931
17188 1383 3847 5007 4584 5443 5994 6653
17189 1639 3629 474 2266 3750 3921 1653
17190 529 341 834 1375 1652 2756 3543 4652 5519
17191 3711 352 828 850 2857
17192 606 630 757 3180 3244 4198 1044 514 6628 6629
17193 54 1966 445 657 1002
17194 2027 3409 3410 3655 3753 4587 5486 5666 6561
17195 5563 5905 6672 6713 6743 6932
17196 246 102 2376 5015 5816 1047 4225
17197 420 440 278 75 77 188 246 928 3012 795
17198 190 6672 621 4094 5495 6565 6675 835
17199 2115 3401 3615 3616 3624 3625 4689 5513 321 994 5074 1480 4878 5539 5821
17200 1811 1788 690 1786 1968 968 2294 3084 5258 1283 1530 6536 5771 4572 1853 6638
17201 4304 812 1303 3813 5263
17202 2561 4363 4894 5703 5706 5707 3342 5705 2631 4625 627 5982 3356 3263 2235 5310
17203 3515 6445 2721 3795 5851 5871
17204 400 628 2720 140 775
17205 4318 998 188 5278 2231 2863 246 2678 2729 1106 1432
17206 3931 4820 2583 3047 5210 5471 6292 6375
17207 1735 1759 2129 1373 1952
17208 109 208 239 266 306 167
17209 2488 4683 1603 4460 5675 6448 6539
17210 3554 1889 2640 4265 1108 6102 6751
17211 1975 4321 939 2383 2976 151 1981 3060 1135 5559
17212 2323 3896 4905 5021 4011 1856 1857 3418 4602 5506 2767 5376 1194 2763 2920 4365 2723 5164 5762 445 4567 5459 682 6476 1402 4577 5281 6281 2881
17213 25 917 2264 4351 1432 2079 3632 2450
17214 2867 630 671 927 1037 1048 1135 2087 571 2931 568 1962 2677 3234 5379 5500 4438 1621 3131 5456 581 1196 2266 5489 6147
17215 1701 2323 205 837 1544 2182
17216 566 2460 3226 872 4147 4452 4664 514 1078 1282 4526 3184
17217 1791 6583 934 5939 606
17218 4842 5168 6007 6931 6600
17219 224 554 23 404 409
17220 267 3194 3229 4482 3948 6210
17221 1567 1700 2479 3066 456 905 2046 2512 3611
17222 3550 5663 3957 6420 31 2715 5547 1335 1483 1499 4285 5570 6544
17223 4770 1900 2323 2333 3777
17224 1 2046 4311 2090 4446 2369 5418
17225 3336 2327 2430 3918 5907
17226 3060 1503 772 1218 2460 3365 6236 6278
17227 795 5666 6474 2953 5888 4285
17228 3305 707 1496 2914 3374 6583
17229 3504 2804 465 1330 2479 2718 3541
17230 567 1550 1904 2807 4253 5057 1521 2134
17231 1115 2955 2738 3339 99 1227 3410 1472
17232 43 109 250 23 142
17233 3866 184 1853 2839 5456
17234 2669 915 3758 4749 4814 4456
17235 3931 3274 507 927 4198 5224
17236 2866 3349 4891 4651 5656 567
17237 737 2756 2959 3061 3263 4768 939
17238 573 762 1667 2131 2797 4998
17239 209 498 1103 4521 3392 1710
17240 1233 98 331 537 3226 3768 3824 3929 4285 5500 6931
17241 3739 4263 2123 2435 2892 3275
17242 3143 1595 3194 4411 5666 3496 5376 1973
17243 1547 1824 1860 2512 2545 2723 3560 4541 3362 2962 4877 5486 6273 675 3409 4046 1981 3347 5350 6099
17244 1849 5256 1352 6033 537 6896
17245 837 924 998 2456 2765 5312 2897 6278 1755 3334 4585 5408 546
17246 968 4989 1678 1217 6256 6219 5462
17247 1060 2038 2221 3703 3923 3957 4139 4374
17248 1194 1402 2345 3143 3367 3368 5386
17249 2323 4917 6085 3240 3821 151 807
17250 1505 756 822 1306 1533 3690
17251 5965 4247 5019 5385 5962 5964
17252 4010 5839 46 4274 2220
17253 455 1935 3194 4008 5816 3543 5138
17254 1227 2946 4900 5785 5786 6418
17255 243 312 417 10 290 307 429
17256 1980 1993 1268 1231 1931 2276 3365 3704 5114
17257 3378 687 6671 6766 6833
17258 2718 2821 3250 4101 4139 5384 5951
17259 837 3562 3097 710 5206
17260 4143 3284 4360 3931 1004 5598
17261 2084 6143 3263 5512 5756 321 6243 5611 2761
17262 6300 6311 6180 880 5024 5905
17263 2438 888 2987 65 3292 466 3989
17264 1588 4696 5739 6298 6626
17265 2365 840 845 1481 1595 1759 1848 3373 4424 4963 5240
17266 1791 1914 5386 5389 5964
17267 1544 893 1242 2952 3669 4087 4200
17268 837 1137 6374 1849 3795
17269 4545 6033 6760 6287 1161 5599
17270 2449 2524 4964 6289 4170 1494
17271 2797 31 3637 5194 1072 4268 4267
17272 5470 5471 5481 2348 148 70 4292 133 5741 3600 4842
17273 6774 6285 3143 245 654 6141
17274 1573 2112 2665 3475 4835 675 3077 5526 5796 5899
17275 11 1255 1943 2055 2065 4757
17276 1755 2827 4649 4967 5088 5755 974
17277 1306 1655 2663 5537 3660 4960 1537 5401 6098
17278 2833 5956 3931 6789 6890
17279 5517 5519 282 3967 5737 6117 4652
17280 784 832 917 939 998 1214 1736
17281 4894 188 3506 1432 3551 5263 1904 2633 3251
17282 2168 3365 113 283 426 1588 1887 2164 2522 2583 2590 3529
17283 1210 1432 6622 516 4551 5359
17284 886 976 2978 3961 54
17285 1383 2115 1756 1815 4691 4550
17286 3964 3866 60 4546 4152 4625
17287 595 1912 4152 4374 5525
17288 3388 6761 906 998 1606 4715
17289 4272 92 5586 583 968 1053 1424 1450 2054 4080 4212 6234 5456 6500
17290 1262 733 1767 2369 1428 5412
17291 5193 3554 993 193 4117 5131
17292 6550 5484 382 2899 5557
17293 1844 5111 5112 5388 1128 6170
17294 5411 6870 2692 3557 6847
17295 3834 3946 3766 749 3226 6241 6389 486 2669 5778 2897
17296 3214 4351 4472 5814 6503
17297 429 440 471 573 766 893
17298 736 761 820 1011 2808 4674
17299 2323 3342 4285 3513 1075 5537 245 6544
17300 1165 1790 2214 567 2666 4551 11 2682 5134
17301 366 5472 5560 3904 6268 6653 125 196 1633 2183 2184 5015 5782 5960 5979
17302 54 1796 2394 3891 6073 6099 6101
17303 121 687 1844 4951 3768 567 2846
17304 1204 2599 2758 2808 5074
17305 1655 3249 4894 5496 6266 1850 4035
17306 498 994 1791 2756 2951 3453 3851 4028 4839 6298
17307 1001 3586 4901 6017 4236
17308 188 927 960 998 1998 4700
17309 5413 6626 1791 4842 5427
17310 4352 498 4480 5064 5162 5605 3380
17311 530 1222 1725 2571 3124 3793 5472 4954 1328 4611 3824
17312 1127 3511 2748 866 3906 2892
17313 917 1864 2106 5357 5456 817
17314 304 322 815 194 352 603 784
17315 2340 3344 3514 4912 817 4712
17316 1233 3353 5135 420 830 2669 2718
17317 2590 1791 3586 581 3294
17318 3095 1712 607 1110 2078 2501 4003 976 3149 1094 2271 3001 3184 3355 3359 5490
17319 2017 3951 6895 6904 6968
17320 1232 1912 3194 659 692 1337 1814
17321 1588 1260 4285 4306 5581
17322 6776 6528 6994 7005 6918
17323 188 246 5763 5886 6167 4672
17324 3516 1446 3751 1004 24 4298 2881
17325 1530 2304 2897 1544 3144 1711 2195 6539
17326 5245 4755 5916 2494 304
17327 939 2197 2235 2687 3180 4365 4574 6130
17328 1395 3184 2535 5175 4595 4950 5103 906 939 5356 5803
17329 318 2523 1814 3214 5666
17330 1649 2087 496 2415 192 1426 1862
17331 1359 1811 1059 1430 2347 2017 1791 1896 5559 6644
17332 1899 2592 2593 2738 304
17333 1585 5318 5479 5922 1428 1723
17334 2732 5056 3874 4696 5387 6063 6223 3601 6029 7037
17335 4057 349 447 1447 2288 2615 2904 5363 5433 1242
17336 954 5032 5988 441 1831 1347
17337 3263 3365 2583 4229 6447
17338 235 932 1103 1535 1536 1537 2112 2619 3294 3365 1628
17339 1825 374 3939 3426 6063 3942 4418 5954 747 3594
17340 2158 5502 5030 5201 321 3401 6334
17341 334 1720 2375 3929 5209 455 1897
17342 5335 3241 3374 3375 4152 4340 4952 3809
17343 1981 4212 5349 6377 6209
17344 246 1831 939 1263 3115 4842
17345 1098 1226 2115 4034 5190 5226 5807 6091 6095 6129 6096 4036 5209 6747 6814 6815 6817 6818 6820
17346 3149 3393 3608 5634 6114
17347 19 257 2732 3277 5630 6240
17348 5193 304 1037 1385 3072 6035 1881 3575 5432
17349 4727 2168 2327 4097 5426
17350 3001 6180 6179 5636 4551
17351 1009 3078 3323 3548 3957 3979 4044 4653 6215
17352 1749 2897 4324 4396 4429 5872 593 2129 1756 3263
17353 2928 3091 3398 3609 1821
17354 167 222 268 417 304 367 24 209 199 90 4351 1810 5285 6364 6367 6397 3931 6635 6117 6864 6890 6733 6965 7009 6889 6907 7006 6957 6958 7013 6969 6565 7029
17355 441 1135 1638 1809 2669 4139 742
17356 54 6539 95 6279 5691
17357 715 1660 2824 4576 4637
17358 847 547 653 899 991 1347 1452 1765 1790 2142 2435 2583
17359 850 2662 3862 3410 4937 6559 5201 178 5583 1273
17360 379 630 1853 454 1495 2976 3032 4008 4198 5381 5952
17361 1815 2792 5365 5616 5839 6479 3655 1256 2098 4940 5638 5762
17362 1526 2951 5202 1233 2695 3263
17363 760 644 1853 761 1972 1787 4847
17364 3018 1155 3915 627 2231 2397
17365 1481 3046 3343 3409 5614
17366 487 1478 546 4740 2760 3185 3364 3047 4205 1299 4827 5666 3560 3851 676 6733 452 5492
17367 772 1106 3923 3932 998 1214 2841 3896 3937 4889 6086
17368 1844 441 830 2450 4126 4475
17369 337 377 258 292 4006 5849
17370 815 2996 3887 1529 4949 5227 3263 5942 1804 5158
17371 1231 185 4124 1759 654
17372 1930 4712 5904 6236 2460 5905
17373 641 832 1514 3219 4664 657 813
17374 865 4771 1315 1116 2765 4726
17375 2032 4805 5325 5950 6181
17376 25 63 1262 1723 3548 3554 4152 5376 5950 830 842 1020 2120 2145 2301 2350 2605 2616 3334 3351 3663 4936 5093 6275
17377 3251 3654 5208 6135 2946 3372 6409 6660 6891
17378 2954 426 1194 2688 2734 4626
17379 6729 6677 3342 5058 6788 6834
17380 1056 2790 695 3365 5456
17381 625 1063 1630 2211 3093 3433 1494 1973 2804 3637
17382 5432 2093 4383 3929 2574 5149 4097 4205 5554 6606 1652 203 445 5247 6610 1881
17383 756 6657 6178 3294 6689
17384 793 917 1202 1759 2066 2184 2327 2449 3563 3849 1887 1242 3803 3569 1791 5294 5211 6070 5849 6766 6904 6954 7012
17385 4989 1195 1283 1284 2299
17386 5054 1373 5449 4936 1172 5800
17387 996 1022 1324 4040 4082 5085 5363
17388 6086 3142 1161 5774 5904
17389 3044 939 1373 974 699 5160
17390 361 501 3758 3537 3342
17391 2 437 702 1720 2061 2179 2575 5292
17392 905 2679 4285 1432 745 1044
17393 2833 3859 3563 459 5849
17394 1853 795 1844 2692 3378 5413 2430 3356
17395 43 420 77 108 400 923
17396 939 1811 4064 1942 1924
17397 937 1036 1385 822 410
17398 482 2323 5784 5785 5787
17399 1256 884 1423 4331 4496
17400 939 3739 1240 1981 2970
17401 496 400 1954 2515 63
17402 4284 4865 2548 2824 1636 4967 5761 5757 1323 1847 2951 474 4680 2254 147
17403 2193 5812 125 1779 5757 3685 3354 4567 5376 6154 7036
17404 10 43 56 75 80
17405 4734 26 1054 4447 4997 1534 5451 474
17406 289 658 29 1126 1159 2001 3388
17407 726 68 774 1423 2693 4132 5392
17408 379 2168 701 2082 3185 3361 1887 4750
17409 191 2112 2823 4008 4640
17410 4008 6706 4650 4930 5695
17411 5134 5131 5173 6047 2804 5003
17412 1544 3184 3329 4585 5558 1550 4789
17413 374 437 3830 4598 4851 4596 5174
17414 2897 3143 3952 4089 4842
17415 1522 349 5558 5868 6137 6193 6488 2589 6475 6728 6389
17416 5212 709 2652 5889 6406 6527 6410 6822 6729 6604 6573 6576 6766 6811 6864 6813 6117 6904 6875 6974 6990 7031 6956
17417 3078 3777 4389 899 3874
17418 840 2838 5544 5994 6627
17419 31 5239 352 491 2450 2888
17420 23 80 239 301 460 489
17421 1679 3632 5225 113 2628 5345 1818 2356 2988 4610 2931
17422 2572 3294 3515 492 5056 6151
17423 2601 4292 2272 514 539
17424 2869 5518 2897 2900 4008
17425 1858 4040 4055 4801 5019 5991 1756 2981
17426 486 3372 3976 4276 2559 2784 3657
17427 813 1408 5759 6167 1263 1633 1778 3524 5664
17428 1779 2748 4267 4285 4940 5618 6305 6804 1778 4551 6610
17429 364 1824 2432 3374 3375 4889 5573 6217 1178 3416
17430 6344 465 1887 3923 1965 6932
17431 4668 2182 2502 3409 4097 5378 6136 2027 4372 5630
17432 1974 837 954 3108 2945 2435 3162 3688 458 546 11 3569 6350 5252 5979 3313 1529 3256 3782 2962 4896 4626 6729 6539 255 6641
17433 641 3236 642 3007 1507 3006 4304 5660
17434 108 641 2765 3520 4689
17435 177 1106 4284 901 917 1262 4012 3957 3416 4727
17436 2788 5583 3506 2321 5856
17437 917 1015 1233 1432 2160 2321 3782 3929 4985
17438 1432 3469 4239 4842 5626
17439 4211 4292 4564 5146 2561
17440 4028 6601 865 1098 1716 2061 2492 3929 5520 6223 6367 6512 6580 6808 4965 1432 6227 578 4672 5547 6767 1633 3378 3957 4197 5398 5443 5518 6848 516 2945 4381 6171 6242 6665 4667 6891
17441 297 1273 4292 6434 514
17442 382 920 25 972 398 2187 1521 774 426 2535 5387
17443 321 1056 2251 4185 5422 6757 5720 2824
17444 2511 5059 5091 2110 6402
17445 832 915 1139 3562 5528 6001 6512 6681
17446 2650 3363 955 5134 1209
17447 198 10 54 80 127 129 351 1516
17448 939 4767 6476 3078 687 6727 2379 1323
17449 5543 5047 6637 6760 5456 109 2116
17450 3324 1813 2572 3976 3571 4209 5949 830 2379 3715 1190
17451 2689 3362 3957 4419 4573
17452 44 414 420 622 24 177 471 501 23 658
17453 3263 3339 3746 4315 6239
17454 1544 3409 4941 1261 4482 912 2166 2522 2962 3194 5431 6009 6209 5397
17455 4093 5929 3519 4552 4759
17456 545 1328 2072 3507 3800 3924 4791 1981 514 4297 5456 4541 5342 3214 1924 6282 2430
17457 727 2618 1037 3086 3834 4552 549 2899 167 73
17458 2648 2908 4952 5378 6689
17459 2951 2952 1071 3837 1146 4815 3149
17460 813 1789 1887 2759 2307 4010 4614 2277 3233 4413 5175
17461 3866 430 2337 3054 1303
17462 57 86 83 97 66
17463 537 1633 3482 3725 5204 2235 3370
17464 754 4279 6127 4888 3574 6306 994 1867 2756 5176 5669 4829 6252
17465 12 636 711 1811 2212 6791 6644
17466 4712 5864 6073 465 3419 3784 6323
17467 3855 828 3506 537 1289 1319 939 2307 3645 3721 4709 6447 6459
17468 4965 5177 939 1518 2904 3351 5138 5171 5793 6740
17469 25 3194 4727 6955 2449
17470 4115 6233 3922 4628 5746
17471 1037 2428 2920 3365 4318 4837 2663 3415 2481 4667 1309
17472 2789 2790 2902 3410 3733 5456 4257
17473 102 994 2674 2809 5093 5886 6135
17474 595 3928 3217 6298 4940 5638
17475 2046 3180 3365 4374 5335 5340
17476 3158 5531 6601 6093 78 792 2669
17477 1090 1346 1972 2782 2377 4352 5470 6195
17478 120 782 1071 1461 1826 2481 2758 4515 651 5921
17479 2173 2493 654 1283 4374
17480 359 1127 1466 3143 3643 4545 5340
17481 534 1022 2605 3677 3855
17482 5905 98 441 998 1993 3226
17483 2160 2593 1200 972 4493
17484 3396 4905 2945 3158 4285
17485 5821 5931 4156 4922 6066
17486 3914 1684 245 1432 4074 5551 954
17487 2384 1303 2383 2386 4956
17488 2460 3635 1217 5966 579 2481 6454 6603
17489 830 1550 454 807 835 456 627 715 837 972 998 1016 1044 1432 1598 1655 1701 2046 2327 3012 3311 3362 3929 4298 4351 4628 4048
17490 250 641 1655 1100 1896 4712 4646
17491 4354 4850 610 3362 5814 3413 4089 4648
17492 177 564 813 882 998 1071 1806 2248
17493 127 201 318 2184 1202 2324 2325 2298
17494 2928 3281 4525 1844 3118 3362 4614 3428 2922 1209 1652 4577
17495 382 530 587 744 939 1037 2184 2323
17496 1142 1064 2978 762 527 563
17497 177 432 429 813 52
17498 2289 4724 3560 3703 4689 4968
17499 955 1031 1978 2514 3421 2123 1200 1887 2327 2673 2674 2678 3633
17500 5333 498 527 1496 2184 2432 3064 3278 3367 5893 749 2341 2511 3867
17501 4553 1313 3195 3758 3549
17502 3214 4336 383 2693 2672 3162 1644 2050
17503 886 2072 2193 2284 2472 5049 5762
17504 4966 715 4473 6126 6127 5997 754 5634 906 3947
17505 282 3263 4701 4894 4324 1638 5849 5221 6591 567 2962
17506 1220 4195 1485 5894 379 5258
17507 458 1117 1184 1500 1947 87 3277
17508 2300 596 1095 1646 4439
17509 2203 3582 3279 4062 4912 1510 4250 4516
17510 15 514 540 2541 2542 2906 4024 5138 5363
17511 1435 3957 2756 3605 6760 4539
17512 2518 5601 2207 5505 4972 5524 5810 2565
17513 345 2460 3157 31 757 5205
17514 5378 5979 4468 4052 6545
17515 786 1803 1737 4515 2654 830 1190 2073 2578 2931 3117 4664 1303 2921
17516 991 2031 1037 6208 1135 2718
17517 1480 2567 3632 3703 4287 3728 577 2193 4708
17518 991 1516 1881 3011 4105 4202 4782
17519 304 352 2301 1539 2838 2921 4113
17520 77 337 347 492 612
17521 1728 3014 5451 1159 4212 5189 5762
17522 2514 3928 610 830 3586 4133 5346
17523 733 2027 2956 321 499 2275 2295 2518 2880 4156
17524 3856 5809 6477 842 3367 3549 6268 245 1588 3343 2596
17525 1855 2192 1278 1281 1995
17526 4834 4912 5017 2383 5574 5603 6591 994 2830 3143 4301 5180
17527 763 4713 201 1808 2775 3233 3931 2678
17528 1913 1432 1483 2710 5597 5027
17529 2364 3369 772 5666 5957
17530 893 1037 1219 2290 4446 1851 1887 2307 3795 5294
17531 4269 4750 830 2067 2529 5409 3335
17532 3627 5666 6232 6818 2046 6359
17533 1831 5526 4542 4581 5705 5706 5707
17534 3931 144 1808 1687 5238 1047 4141
17535 972 1200 3610 4930 1221 5312 6766
17536 1319 2460 2914 3343 4330 4383 938 5088 3434 6689 6866
17537 1358 5164 4183 5772 985
17538 3792 1373 1755 3877 3862 5872 5913 1328
17539 1364 505 963 2750 6379
17540 1585 4904 2834 4566 2986 5457
17541 2123 2650 356 403 502 602 2757 3766 4905 2369 3365 3434 956 1097 5861 355 648 1242 1636 1987 2329 2740 4881 5434 6002
17542 374 465 1765 2460 4842
17543 1522 4633 546 3694 6759
17544 1966 2183 5312 5442 3665
17545 3374 3849 4164 3084 5047 5417 5056 5812 2242 6257 5214 6269 6325 5878 6408 6500 6539 5849 5410 6490 6766 6996 6901 7029
17546 504 1588 759 4656 543 3697 4680 5247
17547 1706 1427 2638 880 6279 1690 2090 3239 4542 5979
17548 1070 3624 1383 1499 1701 2572
17549 1103 1325 1957 797 546 835 2244 2266 1701
17550 3868 4097 2572 3365 3550 3877 4851 5996 3867 4599 5157 5522
17551 482 2323 2485 4965 4008
17552 1106 1671 2090 2732 3234 4748 4011 3351
17553 2824 2364 4230 4742 6005
17554 2655 3754 1494 3902 4811
17555 3301 631 1115 1226 1385 1435 1597 2369 4333
17556 193 773 774 233 742 1588 5835
17557 2288 2626 1358 5630 6439 3099
17558 1665 4010 3535 2018 3668 4660 649 2288 3115 917 1047
17559 2435 3932 512 797 5452 5603
17560 2370 1255 591 3502 3561 5301 486 3976 2339 4052 4659 2986 4844 551 4955
17561 4816 675 379 395 2420 3378
17562 1887 3363 4623 520 1172 1421 1582 4008
17563 1071 2750 3326 4066 4723
17564 4251 5049 6629 6628 5942
17565 4768 4853 5592 3354 3357 3370 4789 521 1432 3850 5556
17566 452 4313 4374 537 577 2797 3009 802 3116 5655 679 1808 1508 95 709 695 2248 5258 6351
17567 1588 3194 5770 4167 2386
17568 1338 2921 2951 5386 2201 5310
17569 2460 1820 2095 3813 2740
17570 1702 5044 2693 2235 4527
17571 203 3811 5491 6439 5638
17572 2797 476 917 1044 1329 5413 5930
17573 5056 1323 4340 4437 5662 6349 6661 743 3365 5260
17574 782 5860 4101 185 1584 5537 5625
17575 2047 674 5138 5480 140 2049 2432 2740 5376 5666 5699
17576 3071 1063 1664 6349 1534
17577 891 1514 928 922 1785
17578 3929 2212 2242 5809 6406 5878 6762 6733 6872 6935 6996 7019 6925 6916 7029
17579 797 1362 1364 3214 3323 3194
17580 1106 4012 1202 1878 2945 1995
17581 441 772 1271 1432 5660
17582 6364 121 482 1824 2987 3567 3670 5894 537 1591 2674 2721 3632
17583 2450 2572 3416 5692 4052
17584 2945 918 1528 3044 3204 3922
17585 942 2574 5366 611 1415 4259 6057 6060 6177 6733
17586 1517 1578 3850 4426 6748
17587 2512 1798 1852 1693 3009 2756 4391 5679 2577 1694 4325 996 2250 833 3228 3513 3388 5696 2399 4165 2356 6296
17588 917 1802 2722 2976 1323 4374 2147 6075
17589 850 2511 3541 1240 274 1381 5295
17590 670 496 3515 11 647 830
17591 1106 35 2592 2445 1071 445
17592 4965 939 2830 5666 5799 1106 1887 3660 6661
17593 2988 4905 5809 5696 6445
17594 245 1427 1588 2460 2756 2750
17595 2733 2943 1852 2356 3740 1323 1589 1653 2369 2838 3594 4055 4625 5112 6835
17596 3410 530 2466 4548 2693 4552
17597 310 554 1227 23 1475
17598 420 3217 355 3827 4628
17599 80 1544 2493 3929 4118 4560 4697 5456 5598 3786
17600 6323 5998 2838 2740 3662
17601 832 1499 1867 2369 2455 3765 3989 4884 4903 5284 5354 5454 5796 2374
17602 460 960 962 1047 734
17603 546 5460 797 1588 5609
17604 1790 2111 2026 26 3380
17605 1098 1468 1570 1844 2947 3353
17606 1037 1838 5335 2625 2909
17607 5756 6328 5447 109 735 783 996 2279 4048 5516 4390 14 95
17608 1075 356 3957 4285 5376
17609 3740 465 3278 2874 5086 6306
17610 812 1496 1586 2109 3310 3562 70 884
17611 1311 3653 5102 3930 5064 1292 2531 125 196 2946 3428 1480 4814 4101 5570 1179 693 3364 25 140 1391 2678
17612 566 763 1486 772 837 2460 2854 3220 4460 5814 1595
17613 3929 939 1047 1505 1432 3204 2327 3112 5617
17614 2909 2914 3604 5962 4568 2090
17615 177 579 998 4012 799 692 474 1233 267 1678
17616 36 1621 1581 5394 1831 4171
17617 2324 2466 2756 3409 5499
17618 1568 3382 3410 2660 1412 5513 2592
17619 52 3960 4068 641 5977
17620 411 606 2486 3373 3851
17621 850 2051 3195 4696 5016 5118 5376 5484 3606 6746
17622 1883 2007 1508 3252 3582 5730 830 6043 1802
17623 183 1202 2776 31 1233 2196 2277 3353
17624 1619 2020 2065 2155 2157 2362
17625 2323 1650 3223 4998 4357 5525 3233 4154 4910 5449 6134 954 1955 3515 3950 4759 6403 4368 4551 4628 3775 4004 4362 4553 1887 3183 5520 6282 3060 4965 5086 6387
17626 321 4768 6908 3030 5968
17627 5808 5931 2976 4446 4452
17628 4582 54 474 627 2978 3874 4712
17629 1085 2657 4997 5471 2672 1276 4465 3348
17630 5872 1778 1779 2797 2920 3632 4689 4759
17631 316 3573 4622 1226 4544 5140
17632 3560 4156 4648 5707 6540 6629 498 4696
17633 2460 3362 3582 5111 5224 3370 54 1047
17634 482 630 1012 1135 1923
17635 4842 5411 3365 3396 1939 3012 5269 2540 4664 6412
17636 2732 1516 2046 2279 2663
17637 681 2435 2123 5172 6448
17638 972 3554 3862 4564 3035
17639 3849 1016 430 1791 5480 6251 5982 6365 845 6339 6512 6847 6665 6904 6889 6979 6980 6916 6717 7017
17640 601 2307 5205 3519 4696 3516 835
17641 23 43 71 342 481
17642 360 3614 5949 5493 5544
17643 10 22 43 103 120 248 277 295 299 217 80
17644 2300 5197 6184 1720 5558 6503 267 1755 5937 6166 1402 6171
17645 1128 1298 1622 2314 3365 3644 2561 5520 1546 1848 2005 2460 2756 2909 2956 3428 3957 4243 5056 874 2723 3347 5086 5958 1753 5176 2345
17646 148 1044 3786 5593 4842
17647 840 1154 5320 5323 6720
17648 1294 3910 4222 3047 4835
17649 1135 4446 4859 3931 6163 201 5195 842 312 3549 4785 1759 3560 5863 1051 2242 3567 3922 6910 1507 1516 6937 573 4008
17650 906 1047 2644 3462 2115 1760 1887 2636 3740 1922 3761 1791 2773 3806 6279
17651 1026 1775 6135 2892 5003
17652 4520 554 4209 6038 6158
17653 2512 610 1179 1741 2576 4578 5157
17654 149 975 1262 6503 6593
17655 109 641 3524 3743 4748 6674 6811 5877
17656 2709 5754 2089 4362 6402 1243 5558
17657 379 2659 3645 1649 2187
17658 2541 245 498 5118 4212 3748
17659 304 994 2115 2946 3263 3581 4117 4149 5419
17660 1285 4696 3868 1584 3931 5903 6219
17661 2446 5068 1331 1653 4734
17662 563 1047 2397 1540 29 5626
17663 4904 5432 976 3214 5157 5666 917
17664 1716 2823 3247 3340 5502 5558 701 1885 177 1960 2127 3367 3554 4496 3605 6264 1755 3214 3964 120 315 4586 4787 3824 335 797 2650
17665 2718 3347 3263 25 5367 6127
17666 403 1044 3783 178 2839 6157
17667 4750 4439 1563 4209 5335 6111 148 6898
17668 972 1663 3855 4839 5344 70 1423 6137 5949 5460 5946 3110
17669 188 1097 740 594 376 2806 4046
17670 897 4154 5358 5386 4089 5782 4782
17671 2276 445 603 1981 5772 3298 1450 3586 4901 2880 627
17672 627 837 5686 1233 5400
17673 3929 4533 6180 2748 5549 3407 6316 1233
17674 654 2394 2449 3899 4490 6431
17675 5456 6036 1432 3142 4172 687
17676 1432 1047 1987 2460 5782
17677 591 5263 222 952 1621 5346
17678 482 756 2058 2797 4024
17679 795 6332 6348 2988 7035
17680 2162 1518 3352 3448 871
17681 2266 3586 4935 1216 886 3184 3229 2288 4201 5571 797 2369 880 446 5527 3961 4134 1853 3411 633 4658 3506 542 776 3383 5248 5456 5954 3803 3804
17682 4006 4164 109 459 1791 5415 6405 6573 6938
17683 4799 5872 190 1015 1588 4539
17684 3226 3347 1759 1815 4585 5517
17685 915 1588 2616 2758 2838 3866 4089 5823 6179
17686 2168 4001 1530 4759 6539 2220 5177
17687 2104 1765 1373 577 2343 2384 5456
17688 2571 6243 1706 2460 3254 4578 5157 2090 2756 3632 4965 4442 1759 4640
17689 3841 1004 2232 4008 2482
17690 25 916 722 1564 2816 627
17691 2663 1728 1790 2517 2944 2981 1839 401 2838 1773 6238
17692 4560 5090 6010 3448 1432 1920
17693 3066 4794 5764 5765 1037
17694 2496 554 3907 1759 1599 1016
17695 2249 3759 4259 4540 5220 4257
17696 3684 5608 318 1016 1217 2020 3162 3679 4496 5525 5757 5049 5809 1570 2300 5720
17697 245 519 1792 3059 4448
17698 4198 1704 1988 5540 6167
17699 3205 3843 4852 5225 4236
17700 4744 2788 1749 1858 2790 3774
17701 2659 2572 1233 3655 3938
17702 2834 6452 1047 633 2184 3143
17703 2749 3435 3535 420 567 954 1676 2220 2669 2838 3078 4302 4789
17704 4697 1065 2460 2624 148 1100 4331 5509 625 3149 2280
17705 4842 3369 2133 4241 5246
17706 3802 939 3803 2460 2732
17707 57 86 162 164 172 223 248 275 347 428 496 1034
17708 1544 1693 1852 3939 3463 5408 6580
17709 3515 1796 2835 5558 3866 4152 4236
17710 3050 5873 1711 2474 3060 5558 647
17711 3308 1544 2897 918 3957 1820 4602
17712 3849 4451 109 6662 6893 6264 6903 7009 7012 6916
17713 6117 6819 6947 7030 6774 6956
17714 321 998 1899 2592 2839 3409 3624 3694 5366 1740
17715 954 3488 4827 3356 4696
17716 1695 906 1657 2449 3957 4 3326
17717 3231 3813 5852 6127 6706 6279
17718 681 2327 3294 3465 5138 5469
17719 2351 2819 3622 6092 6099 6544 1358 5248 6249 6384
17720 3640 4008 2248 5584 6539
17721 960 1432 1439 4445 1595 2090 3126 4297 5456 1701 4193 742 2517 4172 812
17722 5503 6085 6385 6476 6712 4848 5937
17723 5537 3465 1028 2848 6224
17724 2327 6341 2644 3263 3382 3483 6642 6890
17725 1424 5258 5234 5935 6432
17726 4618 1653 3589 4361 3973
17727 991 1928 2555 602 1966
17728 6644 6904 6813 6853 6854 6995 6994 7032
17729 882 1236 3998 3848 3929
17730 374 3952 4820 954 1935 2545
17731 3373 3375 1322 5257 1957 1958 3431 1025 3905 4551 1044
17732 1432 2460 3612 715 6099
17733 3881 5510 3776 3470 6630
17734 1036 1047 1222 1200 1706 2583 2433 2620 2904 3653 1174 871 2600 3569 3835 267 4304 5022 5337 594 840
17735 3556 4482 4965 5332 6329
17736 177 3466 32 2239 1595 900 4865 5382 3554 1584
17737 917 2988 6163 545 2037 2669 6122
17738 6323 6412 3342 6125 6611
17739 299 23 3038 729 5258 5226 5689
17740 203 2304 3781 3142 3783
17741 537 998 1068 1273 1753 2648 3291 3339
17742 2756 5176 5431 4340 5554 5721
17743 1070 3558 4370 3356 4626 5474
17744 2090 2501 3871 4318 4399 1135 2976 4355 4452 5021 3758 1214 4089 3012
17745 674 2669 1432 1010 1634 4623 2205 3360 797 1433 3004 2581 1195 4735 5412 3506
17746 893 423 1261 2222 2537 2116 2693 3183 2889 6051 1516
17747 2323 2643 4353 4377 6288 165 627 3862 6695 1187 1808 2460 4133 4193 4252 4614
17748 142 109 129 209 805 4631 6059 4926 5364 5365 4660 6334 3442
17749 2460 1385 5069 6115 304 545 675 2248
17750 4689 5979 6036 3691 3845
17751 4828 5617 163 2144 2763 516 1521 4212 4929 1621 5638 542 3586 4297 5263 70 4299 46 5265 515
17752 15 267 364 420 602 812 886 1047 1214 1354 1710 1843 1928 2404 2515 2842 3009 3030 3234 3511 3776 3845 3971 4240 4304 4328 4545 4723 794 2369 5719
17753 3388 3627 469 3002 822
17754 3311 5498 927 6451 2804 2977 5757
17755 32 1071 3449 2527 734
17756 466 5244 6087 1158 4376 5955 6227 6308 3243
17757 1328 1015 5003 5872 4194 2564
17758 1697 1720 188 924 482
17759 644 1236 1297 2232 1334 648 1597 1186 1603 2697
17760 1844 2354 3765 4315 5386 5715
17761 1392 5181 787 882 3965 5808 1194 4539
17762 1756 3127 4343 6143 6457 677 2466 3783 3894 4046 4794 4947 6302 6343 6424 2692 2756 3249 3949 4799 5053 5196 5749
17763 3272 3400 147 318 566 755 5645
17764 85 800 127 1037 11 852 163 939 1406 1300 318 3899
17765 196 201 4201 1051 1563 5757
17766 369 1298 2601 3871 5102
17767 726 761 1526 2505 2790 2804 1064 2689 4011 1736 1789 3363 4215 3263 629 5757
17768 246 325 327 337 377 409
17769 337 554 404 1047 1711
17770 1368 486 54 939 944 2204 203 829
17771 285 352 1337 4552 6942
17772 1273 2823 5422 1107 1899 3009 3263 3410 2106 1432 3183
17773 1438 1942 2027 3365 4352 2438 3739
17774 34 337 43 142 555 330 343 1032 1653 3012 2017 459 6801
17775 387 1770 2184 2469 2833 3556 3964 4157 4333
17776 1709 2327 713 835 2985 3133 3526 3615 3997
17777 6470 4052 5997 2838 1319
17778 67 121 188 1202 2692 3065 4703 5045 5756 5835 6204
17779 5209 832 865 1464 1847 2219 2805 5135 6095
17780 169 5143 5556 1844 2669 4432 5504
17781 2522 5486 5721 6842 6845
17782 939 3291 1309 3064 5495 5598
17783 566 743 828 1044 2369 4906 5873 4454 474 6099 441 4113 5157 6298 6976 1518 6526 6704
17784 248 298 59 97 127 169
17785 5621 6551 1432 3046 3348
17786 1385 1455 4298 203 641 1103 1201 4757 5414 998 3363 2850 514 4496
17787 1424 1790 2632 3079 5907 4448 3059 3060 3736
17788 1867 2032 3369 934 5044 5088 5530 6141
17789 1224 1954 3060 1796 4458
17790 3383 3849 459 3413 6536 6522 6729 4646 7023 6916
17791 2732 4250 459 2945 3347 3291 832 673 1851
17792 185 487 797 1044 2687 6301
17793 140 5114 5056 5193 1924 797 458 2242 5812 5787 3214 5404 5540 6282 6283 6267 4942 5955 6153 201 917 6358 4152 5416 6190 5878 6323 3530 5849 6410 6029 6315 6387 6766 6264 6802 6834 6117 6745 6912 6914 6644 6784 6976 6969 7023 7026 7012 7029 6801
17794 2737 4022 4429 1202 1929 6279 6264
17795 4026 3264 4553 3469 1170 6281 4552
17796 587 3026 4397 78 631 756 1132 1677 3833 5177 5645 1855 3877 4899 5432 2311 1187 2109 2663 3169 5873 6281 615 1586 4498
17797 1712 2750 1233 1432 1480 2329 2758 3510 3569 800 3383
17798 85 2750 201 923 1047 5720
17799 114 2920 434 975 5264
17800 4097 4099 1424 1887 2888 3105 5433 5745
17801 954 2116 906 939 1202 1288 1438 2249 1457 2879
17802 3852 2944 5795 3166 3771
17803 245 2109 4365 5851 4551
17804 352 2391 1635 2275 4177
17805 3931 5535 5644 1844 5993 3516
17806 1693 3939 6059 3368 3838 5851
17807 1550 5410 6834 6890 5698 6940
17808 1070 6179 1516 3180 4769
17809 1735 1233 5443 867 581 959
17810 1562 2511 6059 6598 6694
17811 1151 3554 1309 6086 6393 5616 5302
17812 1711 2251 2472 2693 3180 724 996 1541 3343 3809 4646 2146 3030 3263
17813 2724 4022 6964 858 4085 5729
17814 2183 2799 907 1047 2718 627 2699 837
17815 318 1323 1973 2793 3323 3409 3515 4121 1526 238 812 2300 2908 3357 3621 4392 5047 6447
17816 1227 793 1670 1752 3048 3521 3810 3971 4842 5138
17817 4982 4783 2095 5929 401
17818 998 1201 1214 1496 4661 5312 1016 2669 3845 4227 5714 4539 682 850 1604 2193 6203 179 1446 6323 6165
17819 563 2593 3783 4878 5512
17820 2242 458 5415 5416 5070 6729
17821 5440 5557 1824 2976 3947 3950 5091 6093 5138 5497
17822 358 1015 3064 4209 5056 5757 4212 5638
17823 188 748 1047 3781 4285 5766 6604 1044 4097 6524 122 2625 73 352 675 830 1755 5619 5851
17824 5879 641 595 1063 1154 1470 1494 1588 1867 2323 2425 2976 3294 3345 3448 3947 4198 4374 4696 5195 5312 5366 5477 6245 6350 6636 1563 6334
17825 2908 2922 1432 191 420 832 1044 1201 1687 2371 4874
17826 641 960 3378 5456 4159
17827 1202 4736 4861 4207 4208
17828 5861 267 2345 3663 6511
17829 2797 5579 2838 4097 5782
17830 1347 3929 4842 2449 2244
17831 1071 2761 5894 6071 6167
17832 1233 1432 1987 3561 4696
17833 4750 4373 474 4517 4135 850 6215
17834 3100 3244 1616 3025 3270 1975 331 660 3418 677 1881 4505 5345 5417 3389 5266 6729 6834 6913
17835 4714 1909 2952 4374 5279 5814
17836 179 246 3866 4820 1808 4905 6268
17837 2070 354 106 870 2127 3335 80 185 3451 1320 5217 4789 3931 1298 3537 4696 1594 1508 5721 2153 3901 3922 4700 5064 5160 6157 6185 6461 304 3060 4747
17838 231 3012 3109 95 659 2880 2514 2897 3494
17839 2276 1701 2330 6703 5021 6807
17840 334 1740 2046 2569 4552 527
17841 3065 3929 5340 530 1591 1588 2732 6044 845 4750 4879
17842 10 460 309 584 5334
17843 3861 4553 2372 2672 2919
17844 3362 713 5232 1851 2948 4446 4623 1242 5238 906 1848 581 2327 3506 3585 2535 627 4285 257 797 1306 3877 4874 3233 5157 4454
17845 633 1106 5706 2460 3438 1973 6253 939 1759 4376 4689
17846 924 960 2453 2569 3405
17847 581 127 1432 2130 3679 3768
17848 2168 2596 6900 304 4922
17849 896 1827 4383 6243 282 1565 5357 3506 939 3144 3365 5903
17850 5416 6253 3410 1309 2904 6357 226 6593 4232 4768 5849 3409 1711 2592 934 5070 3407 3291 5696 6664 6410 3758 6766 6822 2090 6651 6665 939 3101 6125 6194 6816 5876 6117 6950 6890 6733 6817 6882 3124 5778 6889 6968 6978 6154 7021 6920 3397 6916 7029
17851 554 610 749 681 976 5119
17852 2092 321 1070 2094 2161 2193 2908 2962 3111 3401 3409 3726 3779 2091 4755 6008
17853 1047 1173 4614 4415 4417
17854 849 2804 95 3931 1136 1992
17855 401 774 4939 6135 6499
17856 2804 1044 1248 1432 1759 1954
17857 1 1690 3132 3947 5417
17858 80 1146 1544 1830 4049 4352
17859 2952 129 537 934 1598 1636 2050 2184 3342 5049 5449
17860 1283 163 835 2193 1550
17861 366 437 2976 6723 6737
17862 3719 4328 1450 3290 5310
17863 176 414 460 148 90 1559 209 2288 3310 6070 5849 5976 6354 6729 6125 6838 6117 6995 6996 7006 7021 7017
17864 3264 2430 2600 274 2599
17865 3406 3604 3956 1881 5229 5629 6915
17866 1003 1588 3415 5966 1622 6169
17867 3409 3858 5312 5437 5512 5583 6331 6605
17868 1098 2641 3485 4008 6244 6266
17869 2454 3012 3637 4689 1309 5086 6054 1161 3896 527
17870 841 3101 2572 3206 927 4537 494 1303
17871 33 2951 3931 2950 3294 2399 1044 610
17872 3079 2184 6316 3252 4126 5700 5539 4628 136 3586
17873 1598 2531 2635 2723 2866 2995 3565
17874 201 465 750 2674 4012
17875 6440 1956 2479 2761 4380 5796 6620 6937
17876 1233 1370 5796 203 1808
17877 238 441 772 921 1047 1214 1633 1730 2061 2613 2852 2904 3201 3294 3443 3957 4627 4936 5376
17878 548 4672 3059 785 4478 192
17879 1240 3971 4088 6463 833
17880 634 896 1262 2640 3956
17881 1011 1161 3295 3374 4209 4351 1438 3315 4894
17882 4012 476 4942 5088 5849 5937 4645 5261 4684 3356 4463 5920 6558 2692 4874 6370 6740
17883 4821 5205 1309 3069 3822
17884 3211 2535 3410 2839 2983 3135 3164 3310 4057 4756 5211
17885 177 2450 1236 2747 3472 4368
17886 201 123 197 206 232
17887 31 1218 3410 4675 5831 1714
17888 1106 1358 4734 2220 830 3180
17889 226 11 317 470 774 668 194
17890 2377 2460 2677 2909 3354 5582 5693
17891 840 3143 6313 4154 4922 5379
17892 2838 3183 3184 5093 6499
17893 720 1071 1309 2479 3374 3566 641 1006 3071 4252
17894 179 4064 1201 4842 4439
17895 4500 514 2823 3012 2479 1273 3616 2593 1468 1759 3578 4659 1062 4841 3401 3809 2146 2615 3339 321 5402 5164
17896 1227 535 3149 3432 4157
17897 5176 5540 1077 6600 6386
17898 3874 1455 595 837 5666 6204 3241 5838 830 1373 4742 6336 6192
17899 2144 957 466 4068 1187 1572
17900 2898 1586 2238 976 567 1887 2184 2758 2829 4193 4516 5057 5433 6030 3388 6793 1135
17901 939 832 2327 1432 2073
17902 5418 3410 3790 6368 4878 6141
17903 2836 2818 2871 2912 4561 4058
17904 3374 5457 5837 459 109 6393 6396 2242 6594 6920 7012
17905 2327 6881 830 1047 1356 3715
17906 1373 1755 2284 3543 3662 4082
17907 177 3064 1712 3340 2569 3183 2770 2705 5086 5178 4984
17908 4628 1392 2745 148 3263
17909 460 658 965 735 703 627
17910 3758 5312 1340 2551 3554
17911 797 965 2833 3084 6251 5849 7023 7026 6772 7040
17912 3560 527 2483 3586 5074
17913 4421 972 1684 4567 5499 5821 6997 6211
17914 1295 1752 4212 768 857
17915 4689 3372 3685 4626 4750
17916 2756 3543 3993 5789 713 1194
17917 365 409 614 276 116
17918 2046 3044 5205 4404 4483 4285 5619
17919 53 2020 2466 2170 1300 1550 2949 4967 1309
17920 2669 3064 3866 5456 6177 5711
17921 496 2131 654 1970 2777 3422
17922 245 2106 496 1982 5930
17923 1217 1427 514 695 3246 3668 5508
17924 627 839 880 1261 2419 3957 6822 6870
17925 687 3164 3746 674 3263
17926 6070 6664 6808 6961 6980 7003
17927 844 5246 1190 3787 6632 3973
17928 1759 3984 3375 1904 5015
17929 2735 1808 1211 2485 975 998 5812 6093 6583
17930 283 6035 865 1851 2195
17931 3931 939 1122 1475 2220 2535 3388 5346 5778 5863
17932 420 192 233 1050 1064 1066 2231 2945 3326 5258
17933 246 3833 4101 80 4154
17934 939 2479 3204 3866 5045 4551
17935 514 546 1544 2892 3348 3375 4232 4452 4603 5088 5401 6298 6311 6729 6897 2970 6829
17936 1077 1672 2981 675 4154 5598 5558
17937 31 105 224 248 36 658 118 460
17938 2643 893 910 2116 2942 959 1402 1986 3416 222 1917 2908 3600 3865
17939 939 3353 3726 5693 5743 5093
17940 1047 1998 692 5088 5937
17941 165 4793 4906 2920 6348
17942 830 987 4193 710 3959 4963
17943 486 1352 563 991 1864 6759
17944 5842 322 2499 1077 1621 5263 5413
17945 782 1655 3374 3375 1044 4551 3776 6490
17946 120 837 1494 3874 1973 487 3554 2667 3964
17947 1077 3230 3974 4470 5138
17948 5275 2011 2220 2632 4712 5113 6231
17949 2765 3263 3339 4246 6109
17950 3 897 1233 1495 1922 2318 1445 2347 1199 2271 3099 638 5562 6540
17951 188 323 496 1292 1579 458 627 2796 3233 4789 5560 5863 1781
17952 1494 527 5757 3059 3506 352
17953 860 1588 581 2766 5269 4813 2091 5193 4343
17954 2692 3397 3409 3410 4152 4246
17955 1746 575 140 1428 2265 2487
17956 2314 3221 1662 3143 4243 3052
17957 4608 3692 125 196 282 2123 5534
17958 429 840 1480 1499 927 3238 1797 1711 3613
17959 554 906 1283 1586 1645 3278 5948
17960 1837 2460 2804 2824 814 258
17961 379 2026 4044 1135 4551 4922 1844 6594
17962 327 657 1585 1900 5317
17963 1549 1405 4091 939 510 2473 3586 2650 4392 2970 2971 627 4712
17964 956 1588 370 420 583 2649
17965 482 2951 3782 3947 5366 5834 6180 1161 2460
17966 2364 837 1424 3834 4430 483 976 2122 3866 4022 334 5201 2788 4950 2161
17967 2166 2367 2323 3143 5484 1544 840 2897 5705 2249 3901 5138 2277 3945 2024 2899 2669 2827 2327 3654 4934 2583 3144 4156
17968 183 32 211 10 342 265 214
17969 4572 4873 1650 2122 3184 3356 6349
17970 2184 4259 617 2009 4168
17971 883 1103 1759 2032 3294 4376
17972 1424 2144 4410 6703 3310 6277
17973 2908 1415 5525 1621 770 4660 6099 832 4147 5475 5707
17974 421 742 892 2537 2916
17975 2933 2939 3649 1904 54 6272 6080
17976 4198 108 2354 2988 3448 3453
17977 1063 1263 2535 1122 2666 3348 3448 3460 3992 4365 5086 5138 4602 4840 754 4841
17978 2184 4250 4340 4965 6867 3922 5524 4470 6355 1855
17979 482 1348 1427 2669 3400 1701 2481 2992 4737 6071 835 3957 4468 5408 6477 6590 4610
17980 1982 4613 4247 5450 5124
17981 460 44 84 204 230 164 239 433
17982 1090 1632 2572 1941 3804 3031
17983 25 627 1044 1479 1483 1987 1701 2138 3610 5883 304 1844 3796 3214 4008 5319
17984 545 2797 5537 2366 3649
17985 4578 5001 5734 1118 5383 5327
17986 2970 1970 2416 3059 5760
17987 3183 4406 54 246 304 567 985 1242 1424 3050 3059 4097 4697 5728 6552
17988 1464 960 554 2201 4664 2404 2880
17989 1893 5530 4321 835 3044 3315 3405 4053 322 686 1298 2386 4516 3695 4418 4494
17990 595 2756 4066 4889 5812 5978
17991 1004 1824 2183 3233 5058 5756
17992 2908 6556 4569 6140 2369 3992
17993 4724 2535 3490 1450 6491 6726 3315
17994 11 658 31 148 603
17995 2710 2718 4068 4879 1009 1107 1440 1636 1831 2992 4089 4803 3381 3015 3045 6281
17996 996 2295 4564 4589 5638 6170
17997 188 1044 1164 1867 2214 2655 2942 3340 4709
17998 998 3866 4862 6107 6275
17999 998 1071 3072 3158 3278 3779 4330 88 2572 3841
18000 2147 127 1047 2600 4194
18001 917 203 1254 1527 3049
18002 2324 3867 4012 2730 3463
18003 3625 54 1190 3554 2881 3263 1843 3410 2369 5180
18004 3563 4007 4782 2242 4441 1791 5889 5977 4905
18005 379 2429 5645 3184 4585 3194 4187 5385 2838 3416 5022 6073 1711 3060 4658 4697 2585 651 2625 4956 5954 6460 6104
18006 1047 2168 3362 420 1127 3142 5427
18007 1194 5042 5997 1358 6477
18008 2182 577 4150 1526 1523 1032 4028 529 3158 5531
18009 3030 3746 2569 3294 304 5720
18010 1432 1545 2013 3442 4496
18011 148 43 289 304 298
18012 4028 148 6281 5031 5873 6778
18013 2834 6331 1236 1544 2823 2945 2988 3343 4318 6179 6706
18014 2103 2211 2486 6247 6248
18015 626 5852 6493 6541 1174 2646 3474 3999 5706 6099 6101
18016 2460 2183 3180 3809 3581
18017 1009 2514 537 1844 3938 6253
18018 1791 3247 3929 3521 5176 5378 6145
18019 738 1274 2251 5775 6344 6687 2951 2962 5074 2369
18020 4867 5940 5029 5634 3843 6276
18021 177 893 2750 2792 1867 3059 3144
18022 2678 3317 3143 5691 2898 4424 6076 6268
18023 85 772 788 141 2639
18024 2835 845 1099 1591 5615 6257 6410
18025 459 2242 3084 5889 3849
18026 4422 3032 1922 2479 3326 3611 6885
18027 4086 6026 2158 2160 3201
18028 4027 880 2369 6152 665 1867 3270 3549 5886 6179
18029 486 905 4696 6222 6273
18030 3379 596 3387 304 445 3296 6455
18031 2073 2266 227 1042 447 714 5093
18032 699 713 1405 1881 2225 835 407 1716
18033 86 633 1172 3284 5428
18034 402 1346 742 2606 679
18035 5358 2560 3174 4394 5138 4089 3357
18036 960 3543 4909 4279 4727
18037 2284 6329 3625 4246 4401
18038 514 640 880 1621 2082 2215 3479
18039 282 1909 2057 1315 2669
18040 5484 5860 5645 2807 1871
18041 282 5155 567 1544 2093 2094 2574 4931 90 1172 1614 3263 3851 4193 4578 5742 1009 1298 1306 6211 6213
18042 915 1831 140 754 939
18043 905 147 1857 4567 1828
18044 2138 4363 1544 1588 2090 2485 2689 2861 2951 2952 4258 4294 5056 5138 5757 3347 5104 3506
18045 772 1654 1863 2756 2859 3586 4267 6726
18046 1622 1809 1214 1643 2965 2339
18047 1031 2569 2827 4284 3896
18048 2115 1622 109 3263 682 1723 5921 3056
18049 726 634 1440 1164 6766 6225 6290 6386
18050 1578 1619 1644 1830 1655 2502 4577 1698
18051 246 154 174 477 377 5849 6834
18052 509 998 6197 6679 1323
18053 1178 1266 3184 3583 5753 6507 944
18054 3064 32 675 893 1071 3026 2732 1313 5073 1714
18055 6211 4087 6586 2674 1258
18056 917 1650 2323 2354 2730 2732 3462 5041 4012 5522
18057 3974 4438 5603 434 659 2970
18058 954 996 1242 2112 2279 6502
18059 634 641 835 884 1172 1588 2369 2460 2901 3343 4922 5743
18060 1264 641 6177 554 2863 5955
18061 1064 5213 554 2607 1494 2765
18062 580 1987 2460 2874 4004 6725
18063 178 5522 2567 4814 1233 3395
18064 3022 2512 3765 4351 6163
18065 939 1486 1526 567 1438 2183 2090
18066 3800 905 917 2669 2672 3613 4194
18067 4022 6560 3519 4697 2453 4692 4702 5346 5411
18068 4220 1177 4504 4724 4887 2301 2838 445 1621 1848 2360 3586 4560 6100 5923
18069 282 1219 3834 1831 3422
18070 10 186 309 204 250
18071 4083 955 2569 3922 4758 4553 6715 2193
18072 2760 3145 321 6114 4812
18073 2629 5413 6385 352 5949 2163 5083 5464 5994 964 2838
18074 3084 4179 6325 6393 5416 6396 6729 6834 6904 7006 7046
18075 3148 906 907 994 1433 6270 6660
18076 5407 3691 4685 5814 5785 5787 2644 3797 4750 6007 4031 5859 6170 6177
18077 188 2195 120 3474 6623
18078 33 66 77 86 34 55
18079 3084 2242 2212 6253 6325 5958 6251 6323 6500 6578 6594 6904 6889
18080 3506 837 554 90 3327 4490 5558
18081 239 6357 6366 125 1310 1911 5989 6156
18082 1701 4193 4523 5603 5978 4015
18083 1159 2284 2659 2750 3020 3929 4152 6532 3923 5221 728
18084 1641 3362 4420 6275 6766 1242
18085 345 1873 2797 564 2959 3086 3270 580 1708 1872 2091 2096
18086 1499 48 459 581 959
18087 1316 1733 1815 1960 2792 3214
18088 917 1740 1758 2122 2168 3630 5056 4884 2440 844
18089 2343 3923 6323 6616 6338
18090 1309 5680 1595 3066 4863 6720 6928
18091 1235 3910 4862 6795 6283 2669
18092 3076 4879 5873 1631 5086
18093 2184 4065 4667 6316 2132
18094 2478 4225 1819 1015 5056 3461 3539 3515 4437 1214 3566 3351 843 518 6281 2595 4743 2388 5757
18095 2593 3201 3401 3446 3850 4186
18096 4846 6005 1756 3030 6764
18097 1927 3359 398 1078 6040 6500 5879 6536
18098 671 595 1293 1513 2800
18099 573 1956 4097 4258 3485 3502 4035 550
18100 3768 4194 5576 4033 4536 185 1652
18101 4754 3251 6135 1054 2678
18102 5028 6126 6223 6745 4156 6233
18103 2022 4461 5881 5821 1628 1867 2843 4031 4523 5312 5537 6213 3904 5429 5530 6035 6518
18104 5003 1519 3071 85 2112
18105 2118 3062 3642 3506 4427 739 1329 713 1047 1134 1791
18106 1392 2678 5456 5686 5800
18107 1792 1759 3679 4556 567 3881 5095 1274 2020 2540 3785 627
18108 320 4860 5298 5299 5300
18109 3294 6607 455 932 2032 5843
18110 88 1021 1032 1250 2829 3214 4459 4160
18111 3194 2123 169 4300 5209 2934 3586
18112 1431 4562 5040 5440 6572 6290
18113 3832 4352 3561 2857 6290
18114 240 1723 2266 304 1494 2069 3072 1870 4015 906 1298 2756 3448
18115 1106 304 4558 2970 6719
18116 2038 2759 3469 4843 4637 5706 6660
18117 3448 3554 4191 1701 6153 1233 5720 6715
18118 2978 3676 2760 3071 3556 3144 1013
18119 1044 1432 1887 5638 6684
18120 5540 6477 6912 3748 4743 5543 6141 4628 5493 5986
18121 5627 2115 1544 939 1432 4259 6711 6225 80 1821 4193
18122 46 224 304 414 312 2158 3182 3187 662 2010 2674 1044 1373 644 6029 1550
18123 3429 2223 276 772 582 1867 1526 1942 924 1728 465 1756 54 304
18124 3044 4560 1012 3866 4097
18125 2493 2460 2597 3962 6680 3110
18126 495 1393 2496 3173 4993 4979 430
18127 1385 2024 2898 3030 3263 3401 4144 4275 4737 5537 5302 1458 6338 546
18128 516 828 1078 2018 4094 445
18129 1100 2545 3019 3204 4839 4894 5381
18130 2300 4117 4921 1347 5456 6005
18131 223 148 129 219 9
18132 4037 4168 2009 2382 2390 4013 1058 6740 5843 627
18133 43 80 528 1564 964
18134 2005 2910 972 939 5307 1191
18135 1444 3891 5843 6281 2327 2807 2920 4448 6273 6525
18136 2807 5777 2460 5100 6306 2300 6179 4942 5177 5526
18137 2033 1252 2624 627 3343 987
18138 459 5283 5307 458 2242 2212 6267 6350 6578 5879 6496 6536 5410 6790 6651 6264 6893 6935 6890 6995 7006 6956 7022 6565
18139 6287 1708 6157 6842 5493
18140 2132 2369 5558 1779 1456 2970
18141 564 641 960 1047 3877
18142 1201 4075 4261 6162 1884 2557
18143 172 442 670 47 33 1854 184 185 714 288
18144 2607 1840 1986 2400 690
18145 606 887 4353 4757 4765
18146 1397 219 903 991 4179
18147 1935 2750 2760 3744 3929 5343 1293 2460 5085 5239
18148 4014 5617 2838 3598 4412 4416 5542
18149 885 2732 401 4787 6587 6606 6585 4383 6472 482 2026 4610
18150 2090 2396 455 525 630 660 1146 2246 4052 4446 4893
18151 2988 3566 4144 4250 5418
18152 186 962 1016 1288 3415
18153 363 2031 661 2898 370
18154 147 830 2109 5507 2555
18155 1755 5481 2389 3226 3670 6300 6306
18156 2493 3331 955 1792 3301 3929 830 939 1432 1706 2492 3387 3440 654 2936 3078 487 4485 1713 4750 80 245 1480 1864 3379 1187 3060 1077 2098 3360 3363 3586 1261 1383 535 316 954 1929 2723 3077 3120 2650 1174 3006 6101
18157 2157 3026 1161 1502 4464 5258
18158 1867 1106 6933 279 772 5091 5366 4609 5525 321 3783 4951 3519 3743 2892 63 109 1857 5932 6499 5221 546 5422 3357 6658 5757 4198 3806
18159 459 4782 5193 5489 458 2242 5873 6064 6070 6227 6275 6350 5539 6421 6353 6282 6295 5410 6410 6538 6662 3931 6604 6125 6815 6813 6864 6266 6860 6788 6948 6784 6523 6996 6965 6968 6907 6977 6908 6959 7006 7021 6773 7001 6919 6936 6565 7029 6994 7039
18160 823 2263 1959 4032 3521 6037 1107 5232
18161 1434 2833 3414 4451 109 459 2242 3931 6893 6872 6965 6968 6957 6775 6969
18162 3438 4255 6166 5976 6088 772 2361 6099
18163 424 482 757 1135 2091 6143 6946
18164 1565 2756 4988 2669 57 334 2090 4131 5304 6297 6335 6088
18165 2901 835 3396 5064 5535
18166 2897 4912 2313 3295 4879 5076 1485
18167 398 1306 4954 2724 1548 4955 4234
18168 3721 535 1609 80 1430
18169 924 3026 3485 1047 2937
18170 3364 3365 5376 6527 95 634 5481
18171 567 834 2031 4097 5157 6242 6020 1544
18172 3851 3514 3753 5413 6477
18173 2327 2383 1263 148 304 1654 2486 2535 3356 5335 5757
18174 2327 3851 4097 5085 5491 5537
18175 6285 2146 3985 5015 5086 6213 6338
18176 335 1609 1853 2182 2323 2951 3410 4664 4769 5735
18177 3362 3365 5730 4539 5412 5451 6719
18178 2458 1981 2001 2081 2730
18179 52 3580 2469 2834 5216 6289 4140 4110 6233
18180 1100 80 3820 4164 4833
18181 1927 1791 6227 6193 6500 6954
18182 4166 4167 3611 2384 830 2880 3348 5412
18183 366 833 976 1797 4750 5084 6243
18184 1704 4198 4437 5556 772 401 5304
18185 6117 6356 6393 6711 5502 1432
18186 487 1655 1720 2184 4598
18187 1432 1544 3296 1973 5451 6177
18188 567 1407 1438 1544 1633 4302 1183 1226 3450
18189 5786 3191 5785 963 2512 4941 998
18190 11 201 1106 5711 514 1614 1867 5638 5776
18191 4010 1432 1159 3524 893 1793
18192 2660 4413 5705 5706 5707
18193 3515 78 1470 5343 2460 5378 5558 5020 5022
18194 1679 5328 840 1432 1233
18195 6666 5366 5757 4588 5862 5096
18196 3463 3161 3193 1499 2002
18197 566 6167 304 3013 4551 5118
18198 6522 6662 6677 6729 6651 6125 6811 6576 6965 6903 6908 6960 6996 6938 7016
18199 1453 1791 1787 2168 1686
18200 4689 1428 2807 921 5072
18201 1003 1062 2740 3220 3365 627 1588 1618
18202 4689 4058 5958 379 693 960 1756 2193 2369 2450 3050 3143 3278 3348 4679 5376 5413 5667 5728 5954 6168 6593
18203 2631 3543 3971 5813 3174
18204 44 362 280 429 530
18205 177 1804 4771 1071 125 915 947 267 566 681 5400 4229 5403 3964 5445 3099 3359 3363 5312 3412
18206 4895 3151 5104 5944 6350
18207 436 622 77 189 906 1047
18208 460 622 960 640 721 1460 1530 437 3690 3530 4211 65 566 2002 2777 3383 4308 6539 6540 5423 5314 6942
18209 927 1792 3723 4823 3758 3867 3451 1759 3739
18210 1006 2435 2988 2110 2132 4211 2693 4402 3115
18211 1536 1728 2981 3837 4090 6482
18212 3466 4225 6579 188 2323 5598
18213 5405 3066 4061 4591 889
18214 998 2376 3735 3758 5812 6437
18215 1740 5845 1037 2090 4097
18216 2160 3074 407 552 1044 1261 1755 2567 2666 2710 3020 4101 25 4750 1678 4521 3183
18217 2232 5525 5287 5526 3474
18218 420 573 1932 1242 2240 2298 2694 3028 3118 2123 3323 4405
18219 4631 2909 4185 4947 4958 5512
18220 923 1573 2429 4759 2625 2904
18221 401 3184 3862 4368 4786 5445 5537 6104
18222 835 2135 2723 2946 3516 5227
18223 3294 2452 3149 728 5830 4003
18224 1655 5912 2792 2976 4631 6005
18225 1424 3323 4046 1192 4947 5312 5654 6694 370 3657 6219 6207 6479
18226 2917 4582 6279 6472 4712 2623 3876
18227 5520 4789 4627 4851 5352 3413 5324
18228 1759 2274 4154 4664 5803 5890
18229 1600 1122 1097 1579 2793
18230 6005 991 2669 5386 6197
18231 332 411 553 695 998
18232 4028 2240 4314 3342 3376 810 3315 3099 2950 5371 6760 659 2988 6445
18233 1752 1135 2253 2346 4615 5125
18234 2750 855 31 4409 3115
18235 1530 4097 1469 4727 3291
18236 530 3348 6645 3143 1198 1306
18237 1107 1177 1233 3506 6036 6803 1373 4097 4101 5376 4842 2184 6477 2596
18238 4059 4193 5979 1373 1588 2761 4952
18239 4842 5979 283 1187 1233 3059 4857 5904
18240 3851 5590 4758 5071 5584
18241 5836 5344 5567 6088 1309 3405 4942 5975 2485 2643 4490 5665 939 3560 3562 3804 4374 4966 5530 606 1015 3679 1516 1530 6736 3561 3860 3861 6421 6867 401 3929 6397 5020 5721 304 742 1016 1198 2807 3214 4551 4908 5449 6603 6114 6124 177 1804 7029
18242 3206 3339 1830 2020 55 1063
18243 2460 2619 3449 3730 3733
18244 267 2679 18 4294 5636
18245 465 1071 4748 4750 1304 1688 5456 833 2053 5413 6737 4989
18246 1359 2577 3222 1734 842 420
18247 140 304 352 1713 2327 353
18248 641 924 2106 2537 3929 3971 5113 2209
18249 1204 1741 2427 2758 2944 3007 3366 3463 3559 1135
18250 2033 1453 1047 3780 3907 1051 1724
18251 1651 660 5418 3184 1550
18252 3237 1316 2460 3167 1931 5042 5436 1135
18253 1791 2945 4448 4497 4759
18254 1765 486 5385 5708 6041
18255 2045 3263 3716 4193 2901 2985 3030
18256 1514 2315 973 939 3660 2650 5350 6800
18257 3783 3894 2123 6349 1047 3012 6005 1597 4374 185 5408 4227 5522
18258 756 495 1047 2360 1530 1831 4104 4156 1303 5620
18259 865 1989 4072 3935 523
18260 486 530 991 2660 2981 3143 3183 3499 4262 4605
18261 6257 1844 3241 4572 5092 3060 5762 5872 3881 6234 554 3346 1855
18262 2025 2024 2674 939 454 2692 25 2027 491
18263 1756 2572 3204 3367 3361 3516 4712
18264 6507 6536 6538 6662 6048 6916
18265 6400 3694 3978 5233 5855 6386
18266 654 1401 1537 5558 5687
18267 1948 6888 403 4851 5598 5608
18268 1706 2046 3006 3550 3553
18269 2162 3324 1106 5003 3866 5036
18270 78 641 1219 6603 6827 3348 5979
18271 2756 772 2112 5696 5809 5979
18272 426 654 2460 3413 3436 3931 4061 4097 4198 4843 5253 5431 5520 6214
18273 6342 3624 5629 2535 6321
18274 279 658 127 850 552 3494 3414 6361 6578 6410 6264 6117
18275 2184 4065 3408 4052 5018 3034 976 1887 2069 2408 2481 4218 4267 3060 5107 1759 5538
18276 11 245 2074 3580 1653
18277 73 606 2740 3030 4495 6370
18278 25 593 772 873 1054 406
18279 6246 5169 1037 3715 4817 4842 4192 2851
18280 390 832 880 1759 2035 2437 2583 2732 2838 3764 4950 6554
18281 3901 4365 60 3167 2352 5221
18282 2723 3328 3362 3371 2031 3703
18283 337 179 593 983 246 3874
18284 2863 3857 5196 4014 100 4209 1529
18285 991 1742 2696 3890 4335
18286 5433 1263 5533 5615 6337
18287 4873 6788 6812 7023 7004 6775 6998 6939
18288 1799 2464 2671 1736 534 3292 647 5112 5400
18289 465 3560 4545 6603 3964 4842 4941 352
18290 2091 2460 6553 1740 6009
18291 295 71 78 129 184 457
18292 1137 2049 2952 3660 6139
18293 939 5065 4696 5772 3277 6398
18294 939 5378 401 2323 2838
18295 445 2535 4901 5304 6126
18296 1987 772 998 3343 3929 1714 2672 87 917 2026 4979 3957 73 127 109 727 3030 3263 674 2840 3214 3463 304 4089 591 713 2758 537 2460 2766 5537 1759 3184 5619 4046 4697 1786 5873 4989 5516 6263 3881 352 5258 52 6273
18297 177 1004 2732 3365 2731 639 2481 5893 6323 2569 4352 4354 4628 5312 3630 5826 987 5537 6653
18298 4466 3279 830 4427 4489 486 2881 3059 5012 5853 3586 3412 1328
18299 2038 4843 455 1700 4835 6167
18300 3354 3358 1413 5520 6760 1122 1074 2323 4758
18301 2174 245 1864 147 1432 3470 4855 2339 5872
18302 1917 2532 3059 3360 3412 6126 805
18303 849 872 2323 3353 6353
18304 6343 188 1815 3076 3321 3556 6341 6001 2441 6906
18305 1973 927 742 2138 6898
18306 3687 830 2460 4008 5779 6038
18307 3948 4689 3365 5852 6065
18308 695 1544 2644 1047 3263 5113 4700 770 3214 6506
18309 3396 835 1450 2838 878 2988
18310 6357 2460 3809 5366 1172 5118
18311 1110 1202 1598 2032 4578 5157 5988 6177 6553 2323 2953 3294 3611 3929 3931 3923 4446 5741
18312 4355 1273 3339 2592 4878 5480 486 3118
18313 2478 1809 3142 1071 3845
18314 5761 2660 3183 6126 983
18315 995 1039 1044 1706 1261
18316 3524 923 434 1653 5760 6104
18317 1424 1433 2105 3410 3105 5630
18318 3264 304 4566 5113 1358
18319 294 192 217 280 377
18320 177 60 2096 6295 31 1432 4285 6281 2061 2160 2592 3339 3343 3625 3694 4768 4878 304 6190 6889 1309
18321 866 2797 5941 4443 1544 4152 5358 6253 4010 140 6816 1236
18322 6515 6723 127 261 441
18323 971 2299 2404 11 4498 6769
18324 5558 4935 548 797 3214 5681
18325 1899 1229 3845 3297 1627 5992 3672 6506 815
18326 1262 1882 2710 906 3238 864 6136 1643 6804
18327 730 760 1118 1242 1294
18328 2327 1140 1420 5872 5223 1233 478
18329 1223 3422 3786 4954 2824
18330 2300 1407 2090 5530 1741
18331 498 797 1317 2369 3600 6729
18332 303 4065 6177 4823 781
18333 1939 375 452 743 4964 498 2535 2804 537 830
18334 401 796 3306 5470 5537
18335 1655 1728 1848 2136 4156 4354 4495 5666
18336 6341 580 707 1815 2020 2115 2593 2740 2904 3030 3263 3410 4670 630 1135 1242 2797 3158 3286 2277 850
18337 73 458 3202 2922 5326
18338 178 514 579 1202 4567 5130
18339 177 2175 80 2367 830
18340 67 151 235 304 412 670 729 840 962 1003 1023 1046 1060 1295 1534 1762 1966 2192 2198 3001 3006 3240 3366 1904
18341 482 1135 1716 1851 1899 2188 2323 2418 2981 5366 5609 833 991 5269 6175 6246
18342 78 1808 1956 4367 5789
18343 865 3286 762 1135 3158
18344 627 400 869 1106 1269
18345 1015 4028 3263 3929 1373 5346
18346 188 482 1081 5598 4764 4689 939 794 5714 5883 5378
18347 25 936 5118 654 1998
18348 897 3537 1586 2985 4146
18349 4859 630 1848 2090 2951 3065 3374 3747 5195
18350 2758 3993 5312 5413 5195
18351 35 56 400 554 573 684 156 743 1242
18352 772 282 465 1469 1233 423 742 245 1529 890 1505 146 304
18353 4879 5979 2122 5558 3554 4808 1480 2327 4152 6971
18354 2517 1308 1506 2049 3057 3542 3774 3046 3508 1391 5909 1847 5086 5807 4044 2329 2977
18355 3142 3964 4008 1769 1293 2069 4275 4013
18356 964 1106 1292 2671 3084
18357 88 486 832 5346 3586 4212 54
18358 1778 1078 1505 226 1898 2824
18359 727 955 1071 2611 2613 2614 3030 3185 3263 3581 2705 2706 3809 4046 4277
18360 5818 1202 2678 5873 5221
18361 1488 1106 2702 2407 567 840 2077 2090 1036 2908 3316 2624 3512 3739 1161 1753 90 4244 554 3060 1791 1544 2118 2976 4358 5276 893 1519 2300 939 4605 4260 4113 5226 6372 5118
18362 127 485 761 821 1064 1066
18363 1214 2365 3922 2669 3047 4407 3658
18364 1850 3200 3835 4038 4638 6260 3123
18365 1542 1808 3561 4351 4352 1784
18366 420 961 1791 2643 3010
18367 905 906 1755 3047 3048 54 770 304 482 1762 3543 3547 4008 4340 1103 1232 2183 4496 4592 5447 6598 5456 5745
18368 1509 1887 3105 627 4806 2535
18369 5214 15 4168 177 953
18370 1694 1037 1047 2631 5083
18371 411 843 1655 1931 2457 3402
18372 2746 596 1588 3723 2131 3013 3363
18373 1303 2623 595 1395 486 567 840 1116 3029 899 5032 459 4891 4627
18374 10 23 97 275 337 417 600
18375 2258 1485 54 3116 6697
18376 699 1887 3670 1701 6606
18377 3078 947 1807 4263 3372 3229 3288
18378 1165 519 1814 2145 3298 2970
18379 325 5099 140 692 4139 1177 2220 2906 3815 5362 5414 5418 5979
18380 2450 5787 1586 3084 3931
18381 129 249 252 188 236 276 107 142 168 215 342 312 10 477 430 304 2017
18382 3679 2952 976 1106 4759 743 1004 4689 4012 4493 4835
18383 2020 724 3271 1509 3671 4873 2788 2792 4118 4318 459 5061 5491 5809 5911 6257 6536 6490 6893 6565
18384 321 1063 3169 3803 2955 742 1274 1544 2106 3339 4734
18385 728 1079 4697 6088 5485 5510 5257
18386 939 1433 1887 2146 4392 5703 5706 5707 3184 5349 6464
18387 2023 4405 1313 1551 2832
18388 1865 3038 979 998 1858 3059 5132
18389 4717 1071 1233 2909 4046
18390 3486 6036 634 6214 3655
18391 915 4628 6290 2674 2063 4229 4111 4974 6533 2665 6101 4551 6494
18392 177 2797 4689 2711 5346 157 3005
18393 687 4085 4117 4563 2240 6735
18394 196 708 3679 6467 5283 772 2892 3912 4025 6323
18395 495 2481 3586 4448 1447
18396 851 6225 832 2560 2976 3436 6490 4842 1793
18397 336 88 1075 1451 1653 1757 2572 2761 3144 6434
18398 1172 1740 4031 60 397 1100 1659 1706 4097 1887 2888 833 3381 4759 6001 879 4292 6096 4351 4874 5456
18399 336 1678 3525 4372 238
18400 3875 1485 2598 1037 1544 3964
18401 3409 4559 917 4567 1233
18402 75 77 80 204 309
18403 830 1652 2985 3360 3363 6127 5558
18404 4418 6070 2288 2829 2881
18405 3658 6719 5118 486 6539
18406 4097 1755 6699 2479 3379 5272 4285 4370 2323 2666 1044 1929 2327 654 939 6437
18407 1024 25 3 1432 1169
18408 1611 2820 5231 5207 4087 4349
18409 595 1488 3030 3956 6024
18410 1486 3080 3045 860 330
18411 2503 5703 6165 1402 1904
18412 1924 2132 1032 2265 200 1423 3957 3932 537
18413 4445 1438 1457 4626 6829
18414 3012 1330 1385 3365 5442
18415 10 35 127 237 215
18416 1824 2183 5427 728 3416 6766 5034
18417 788 1406 1856 178 2203 4260
18418 1219 627 1049 3410 3630 2195
18419 1328 1530 626 829 3089 4726
18420 742 748 994 1867 4404
18421 391 3104 4789 1358 1428 1814 2535 4056 5057 6539
18422 2314 5405 742 939 2750 5126 1047 1730 5617
18423 1071 2323 2861 2908 4999 641 1134 1058 2732 4767 1958 2376 1070 482
18424 188 186 192 203 11 211 22 10
18425 5145 5905 3796 4008 603 2558 163 6399 5615
18426 3194 1030 2666 5491 4401 6492
18427 3339 2155 455 5829 5266
18428 595 1233 2831 3964 5699
18429 3543 3964 5197 179 267 2249 2327 3948 4285 5537 5756 2389 3788
18430 2663 4452 5231 1232 2665 6539
18431 907 2761 3361 3370 4110 4212
18432 1843 820 617 6071 1299
18433 3628 3931 4700 3374 5720
18434 584 1369 1512 6298 6539 6113 2599 2897 304 659 3360 4787 6108
18435 1897 845 88 3364 4908 1524
18436 634 3560 5560 6715 6177 6833
18437 2765 4697 3855 4366 4842 3059 4664 4841
18438 1935 2503 2502 496 651
18439 474 1530 2299 4842 5819
18440 4707 2300 2756 3143 3030 287 5456 1730
18441 114 1146 3342 3518 4625
18442 1435 2059 2116 5190 2249 2369 3901 5191 5226 4578 939 403
18443 3096 3947 3505 178 939 4803 5140 1714 1791 4355 3946 1850 5444
18444 2482 3342 4101 6209 6687
18445 2329 2829 4789 4791 4793 5666
18446 826 1638 1298 1701 2797
18447 1432 3365 3571 3358 3001 842
18448 420 1633 2904 3365 5197 4154 5754 4922
18449 127 2775 196 4842 1222 6167 4089 934 1263 2323 3862 5757
18450 120 459 2212 6085 5849 6522 6125 6802
18451 567 3205 4230 5072 5773 6284
18452 2782 131 832 2559 3372 3921 1787 2976 606 5479 5362 1170 1827 3609 5377 5383
18453 452 998 1810 3922 5104 537
18454 145 906 2592 2839 3543 3957 6344 458 1432 2710 2909 3226 3263 4689 6179 2596 3277 3339 3410 5902 333 3416 3702 5086
18455 2643 1492 589 1391 1734
18456 998 1268 3502 2562 1385
18457 1710 2249 2369 3354 546 582 1863 2688 4755 6623
18458 695 772 905 906 2718 939 2032 991 1329 2382 3077 1525 401
18459 178 2491 2912 3183 3625 2871
18460 3445 3515 3541 3858 3970 4262 4316 5257 797 6587 4250 4857 5776
18461 1849 2911 3049 3866 4675
18462 2328 4318 627 3637 4179 3042 5672 3463 135 1929 1317
18463 420 4037 1935 3507 4403 580 6483 5855
18464 1106 5897 331 333 2692 3226 4008 474
18465 1844 3099 5913 6147 1087 3891 4305 4568 4680 6283 6167 2300
18466 259 535 277 568 5640 749 1961
18467 1701 1759 4625 5481 5598 1047
18468 795 1104 897 1080 680 311
18469 3562 5411 5585 5516 2649
18470 148 3931 4745 4854 5146
18471 5417 1161 2847 3566 6199
18472 5036 3929 5718 3932 5314 5610
18473 1308 4884 5433 5976 6036 6323 5666
18474 915 3302 3180 4620 675 6868
18475 687 2455 283 2460 2990 60 3409 1015 1385 5704
18476 1526 3203 3238 1262 1380
18477 2032 203 1641 2650 5413 4168
18478 2666 3283 513 3560 2906 3060 5260 5638 4292 46 837 1303 2327 2678 3921 797 562 1981 6715
18479 1578 2356 6381 188 318 630 998 1135 2093 2323 2460 2631 2951 3585 3929 4008 4154 4475 4905 5456 5598 737 1214 4879 5378 5493 6730
18480 4089 4193 5369 5827 3030 5072
18481 2669 2672 5785 1071 5787 3012 5743 972 3632
18482 2452 1106 2460 2702 3026 4521 4842 6332 6723
18483 386 167 2213 1981 2800 3067
18484 379 3389 4672 3890 6176
18485 1273 2077 2452 4256 3233 743
18486 459 5459 2212 5849 6706
18487 1645 3184 4075 478 3343 6296
18488 2032 2904 4623 5118 5168 5217 2664 4156
18489 352 3461 4837 5165 5706
18490 910 1226 2323 3851 3453 4553
18491 4731 5385 738 1909 2329 2976 5471 246 5979
18492 1012 1851 4383 5118 4259 4794 3374 6128 4205 4257 5558 6786
18493 1071 1100 238 4663 1345 3179 4696
18494 80 554 2201 1710 2414
18495 4495 4496 1373 5757 5818
18496 705 956 1885 3514 3362
18497 4380 1987 4626 6616 6662
18498 2211 4403 5743 6053 6361
18499 1833 4482 1262 2657 3183 4905 5360 6317 3761 4057 2669 3047 5716
18500 2449 1759 770 4448 6277 4026 5373
18501 80 401 1242 1299 1392 1728 2599 2892 3516 3912 4097 4759 4879 5501 5829 5838 6242
18502 625 1932 4697 835 1796
18503 148 465 939 2732 3064 3809 3874 4152 4842 6419
18504 2460 2735 2775 1804 4800
18505 2092 2952 4245 2046 6515 2504 6427 6885
18506 4146 426 2110 3554 1678
18507 466 2478 1310 1824 2024 3367 4023 5056 6369 6520
18508 545 6333 6404 631 879 1728 1808 4059 5450 5497 801 2090 4446 5522 120 1233 4490 6734
18509 1229 4571 475 968 4775
18510 797 1047 1032 3863 5527 626
18511 186 188 276 329 429 367
18512 455 2032 3064 3453 4283 6119 4038 2749 5645 2724 5666
18513 1465 3227 2024 4409 6962 747 748 3378 4712 4380 5247 5862 4446 6740
18514 639 3910 5809 1453 2323
18515 1639 2310 195 445 2072
18516 5664 3610 5494 5498 4999
18517 1240 4880 574 1655 4194 4510
18518 1233 2769 2829 3758 4724 5166 6345 6424 3782 5331
18519 677 2833 3951 3859 5214 6594 6638 7006
18520 1810 3294 3022 2409 1887 939 2495 1409 1927 2888 638 5706
18521 90 152 198 634 551 54 52 95 905
18522 832 972 3012 3334 82 4577
18523 1935 5361 1992 4815 3302 3819 498
18524 1056 2592 449 2410 4203
18525 1587 2635 3561 3817 3934 2823 2952 4641 3362 3904 2950 3085
18526 352 476 63 442 5791 1451
18527 458 459 5787 5849 3931 6791
18528 284 1099 1592 1844 3931 6375
18529 2090 1330 563 2052 533 4719 4952 797 972 352 4865 5036 6282 6251 6503 5878 3342 6974 6979
18530 1351 2450 5421 70 4901 1402 5573 1070 6556 6359
18531 3278 1319 1791 4495 2711 2847 3277
18532 465 1633 3348 5525 174
18533 1015 1309 1867 1728 2848 3877 972 1432 2678 3395 3472 4285 4777 6804
18534 3617 1051 2460 5235 5504
18535 837 917 1821 2756 4046
18536 304 955 4152 5366 1242 1887 3047 3409 4578 2665 1706 4193 4879 321 2827 6503 4628 2897 3685 2780 4153 5444 2416
18537 1493 2160 4631 5118 5304 6213
18538 1309 1421 1889 5285 5699 2692 3343 1633 3560 6211 1240 5164 5413
18539 819 1090 1755 2976 3047 5702 6067 6287
18540 1274 4143 4689 4573 5790
18541 1887 2701 3658 1805 3845 108 1827 2588 2899 5743 6135 6760 1308
18542 754 674 812 939 991 3201 3586
18543 1592 4346 2460 5323 1516 2674 4078
18544 191 203 756 1499 1740 2184 2452 2460 3881 5088 5537
18545 1034 1090 442 766 1504
18546 3389 4724 3886 5271 1652 1428 1471
18547 3974 276 2166 4280 2904 3884
18548 1263 2450 1136 3090 3610
18549 3426 3409 4311 4630 5040 5312 1663 2091
18550 1219 6393 6824 837 1732 4096 5357
18551 527 69 1245 4659 5454 5932 4976 2829
18552 1233 4727 5470 4525 1371 2273 3032 1385 844 3888 5346
18553 3156 742 1855 4152 4664 6086 6375
18554 1512 3253 4967 5816 954
18555 835 939 2442 2838 5138
18556 5865 4934 5065 5191 5670 6129
18557 4156 5426 6393 1306 3315 1015 4429 1214 998 845 498 5645 5558 6665 1391 304 5630 4496 6264 1063
18558 1432 3694 4362 4702 5104 6477
18559 991 1551 2781 5413 5670
18560 1211 366 1831 2775 5340 5456 5581 1534 235 4489 5115 6612 6952
18561 509 897 5905 6707 971 5345 6136 6796
18562 630 675 1711 2090 2723 2735 4061 5193
18563 522 1233 832 1889 517 70 95 188 267 274 288 568 837 924 1044 1202 1323 1520 1713 1878 2265 2288 2326 2517 2573 2600 2678 2718 2944 3244 3280 3366 3507 3538 3758 4011 4018 4068 4308 4894 5312 54 627 1003 1841 2647 6631
18564 939 1051 1227 420 2512 2920
18565 2970 3365 2672 758 1588 2392 5809
18566 2675 754 4013 3244 3286 1874 5875 3999 2466 2193 4842 603
18567 675 4826 5408 4300 5748 5807
18568 1621 5001 840 4842 5168
18569 482 1338 4781 5833 6093
18570 1373 832 3326 1530 2193 1347 157 4593 34 3515 3928 4961 5456 5979 465 3521 370 1233 4842
18571 203 1216 2723 3999 5330 5706 4842
18572 2659 6176 5275 1929 3394 3862 4018 4696 6099
18573 5280 5587 1889 1233 4336
18574 498 1044 1262 1713 1752 2003 1432
18575 2129 446 1100 3795 5489
18576 1432 4420 6283 1044 5379 6306 6839 4837 692
18577 267 546 810 917 939 979 1037 1044 1432 1480 1740 2327 2369 2715 2950 2951 3706 4760
18578 2592 2122 3683 845 4031
18579 630 1385 3080 2740 595 3434 4384 5140 835 4173 5858 6052 4745 5757
18580 939 1047 1998 602 6533 2510 3625
18581 1831 2161 3347 5402 1588 5189
18582 5543 6412 5879 6536 6522 6662 6387 6651 6855 6789 6817 7022 6560
18583 644 2397 1494 1032 2437 2276
18584 6139 5952 1849 3964 1496 5522 1202 630 2897 2290 1676 454 4912 4626
18585 5433 5812 6476 1987 3604 4374
18586 6033 5812 837 3768 3866 5621 2619 4008 5456 6171 939 955 4040 4198
18587 10 164 176 86 204 220 556 672 1981
18588 3568 3987 687 2193 1791 370 991 2696 4648
18589 482 491 1867 2460 3367
18590 939 1010 2789 3339 3592 3764
18591 3929 3856 4341 4808 4881 5496 6060 5759 2850 4743 6264 6534 6265 6764
18592 392 854 4809 6140 6766
18593 1 772 1233 1309 3064 4145 5059 5375 5432 6167 6245
18594 2415 1155 5275 5349 5760 6279
18595 1322 1710 3566 3890 4001 4918 6040
18596 1530 3737 1982 6233 6691 2166
18597 5879 1819 917 3957 4143 2560 4365
18598 1867 1934 1225 5958 3891
18599 714 1003 1756 3776 5556
18600 4232 4246 4768 4783 5201 5810 145 2316 2020 6826
18601 1568 2725 4393 4585 5085 2083 2491
18602 1054 1432 1838 4758 1619 5548
18603 2693 2761 3549 5378 5414
18604 4008 1791 1432 3877 4097 1838 1127
18605 496 2017 1195 5814 566 987 3060 5800
18606 157 257 1838 1870 1996 2193 2265 2888 3215 3469 6453
18607 607 1143 1870 6177 972 1209 2713
18608 1792 2743 1713 2720 1292 1363 754
18609 3263 3272 3347 4275 4769
18610 1556 240 2269 4269 1935 3348 4711 5424
18611 44 188 246 342 400 614
18612 573 610 304 566 1126 1607 5124
18613 178 245 401 1867 2327 2920 3513 4101 4712 5493 5543 5544 5655 6268 699 2988 6269
18614 832 1432 2770 3044 4935 1100 1945 4974 2169 4113
18615 1745 5441 1337 1347 4113 6924
18616 893 4198 4012 441 3012 3564 5346 6273
18617 1155 1392 420 2070 2160 5030
18618 4209 594 1194 2598 2897 4976 2369
18619 772 954 3342 3022 4867 5815
18620 2185 191 1544 5191 5756 6179
18621 3263 6479 2908 6284 670
18622 90 516 1588 3294 4540 4696 5861
18623 379 1009 1136 80 256 1722 52 1981
18624 64 738 819 2123 3686 3690
18625 3578 4725 1646 2132 6313 31 352 1328 5884 6077 52 1756
18626 1462 1048 3614 4616 815
18627 2750 4802 1432 2663 3724 4874
18628 420 994 2479 3060 1887 1189 4292 724 3434 5537 4365
18629 4806 3959 5522 381 382 5695 5809
18630 4965 5177 6349 939 5570
18631 1068 1588 3162 3263 4769 5430
18632 2629 6211 6212 6213 6214 6517 6518 6519 6520
18633 634 1440 1824 1865 2415 2460 3261 4828 6163
18634 2899 2976 1688 3515 5157 3434 2797 2718 1461 5316
18635 201 534 4926 3233 4324
18636 1787 322 3167 955 3530 3143
18637 3067 2807 1309 1653 2824 5887 52
18638 121 366 1042 1219 514 1432
18639 2051 1283 3413 5140 3183 3680 6157 6501 4696 6313
18640 5448 5012 2976 1432 3365
18641 728 910 939 2950 3521 3912 5138 5205 6005
18642 2505 179 899 2917 3686 3833 3335 594 4494 3804 4194
18643 1262 1138 5664 2567 3566 5141 5667 6234 710 2804 2807 5433
18644 2636 3183 1789 2917 1801 784
18645 905 2718 2827 4504 4748
18646 3448 4727 1432 2327 5958 1355 4156
18647 1438 2020 3083 2770 352 917
18648 3263 3655 5220 5894 2076 2323 4054 4259 4363 3543 4620
18649 88 373 2572 2750 3401 5873
18650 761 4200 1852 3866 357
18651 905 784 2369 1181 1983 441 1813
18652 203 1044 1464 1848 2292 3362 4406 4696 188 5221 4166 751 5431 1755 5086
18653 321 996 1333 2039 2251 2274 2466 3616 4229
18654 2090 4454 4976 5003 5615 6200 2678 6072
18655 1756 4524 1438 1544 3315 3374 5278 5666 5899
18656 2904 897 1323 2600 1373 2302 4676
18657 634 2193 2195 2501 3451
18658 4046 1159 1401 3672 4460
18659 4411 4055 4167 2283 686 1973
18660 1815 3409 4460 5849 5850 3410
18661 177 2914 4152 5711 5378 1887
18662 554 807 4051 4268 3017
18663 5177 486 2625 3092 5743 5881
18664 498 3929 3221 1990 2369 3740 3851 4101 5260 5264 5346
18665 594 3451 5573 617 2601 3983 4661 3183 5454
18666 4390 3194 837 1765 2674 3071 4097 3630
18667 1480 2988 3379 960 3058 1481 2220
18668 2108 209 2619 1329 3060
18669 2203 2517 3367 3515 3929 4994 5800
18670 498 998 2020 2415 3239 3314 3641 3637
18671 1398 3745 4008 4894 1759 2756 2869 2951 2952 3030 3263 4313 5437 5518 5519 6112 6268
18672 1424 1521 5778 6462 6062
18673 627 4746 1236 5185 4654
18674 1111 3541 375 482 527 713 1065 1232 1711 1844 1931 2323 3512 832 939 991 1867 2327 2976 1842
18675 366 865 1687 2232 4432 6843 5563 5547 953 6306
18676 2792 589 4412 850 4842
18677 3112 1598 2775 3765 1438 5721
18678 580 1591 2183 3065 3610 4697 352 567 901 3118 3611 5559 245 1652 2327 5852 3359 3363
18679 118 275 279 337 367 400 429
18680 2460 2538 6295 2838 5543
18681 3513 5258 2004 5558 474 810 1981 3551 4496 6273
18682 639 1136 3292 3053 1615
18683 2312 5111 3592 4801 4838 5509 5667 304
18684 2201 4065 756 5635 163
18685 2592 4769 5816 6344 1926
18686 4059 1779 2992 1843 5074
18687 1432 1510 4194 640 109 1701 1494 2210 4287 1290 1242 3819 5180 743 554 6349
18688 102 5148 3929 5059 2750 3503 4843 6439
18689 201 1818 5408 865 1655 3515 4349 1619
18690 705 772 1526 3031 1106
18691 1044 2897 3044 4689 5775
18692 4939 1187 2758 3240 4833
18693 5800 486 1120 2052 4534 4826 5773 6167 6175 5190
18694 710 3876 3877 4285 4097 1263 5364
18695 11 182 241 43 239 10 214 303 103 248 59 245 77 275 188
18696 127 611 1405 5949 517 1062 1227 1376 1533
18697 1775 2512 5456 3970 5647
18698 262 2636 4328 3506 3121 1390 1432 4700 3866 5873
18699 6636 4900 5873 6298 6113
18700 1689 2460 1112 2369 2978 4288 2032 4019 3507 5534 5024
18701 2166 148 960 3929 5479 2756 3758 2892 2625 1534 2018 2252 2934 4742 5474 5689
18702 5872 6283 5558 5304 5334
18703 196 1854 2460 3621 3947 322 333 3855 3901 4573 5157 5207 6448 6725
18704 5127 5129 5808 5909 6659
18705 3463 3566 6158 6579 6689 2909 3290 5495 6848
18706 1887 1760 4286 3758 4097 4410 4250
18707 5189 6079 4535 6243 5414
18708 3085 625 939 1044 1202 1706 1714
18709 4640 6358 5879 6637 6895 6117 6851 20 6523 6819 6904 6874 7006 7025 7023 7039 6942
18710 6344 6352 1136 4892 939 2510
18711 1435 2703 3676 3806 4331
18712 3241 2232 2846 4435 4490 54 322 713
18713 1578 531 1383 2456 3554
18714 3686 54 822 849 3891 53 352 775 1951 3383 6540
18715 1031 742 572 188 1362 2167 25 26 3518 3032 336
18716 1011 1467 1655 3065 1242 5454 5550 6263 6547
18717 1672 2323 641 934 1201 1720 2775 3758 3806 5530 5888
18718 923 1330 607 1474 628 1420 3023 2856
18719 1791 1987 2058 2323 2710 2976 5678 5784 5787
18720 465 2899 3766 4574 5157 5558 2917 5397 830
18721 405 3153 1517 3995 602
18722 505 138 170 2395 1692 1171 1636 1342
18723 4008 2279 20 2750 3559 6613 3470 5953 1385 3241 6488 554 1047
18724 117 275 188 80 266
18725 4258 551 1499 1922 3240 3922
18726 40 3783 4852 2110 993 5346 5954 4627 6284 1394
18727 3813 2535 2732 2972 3115 3378 5413
18728 31 420 3448 5043 602 4515 1427 4365 4696 5412 6313 1762
18729 3690 6719 1063 1563 2790 2795
18730 5612 3158 6689 6647 6252
18731 127 482 5447 6678 6735
18732 2407 321 2644 2790 4049 4663 3660 6170
18733 641 2951 3228 3263 4876 5772 6173 4675 4885 5263 1867 2593 2952 3453 5603 1786 1899 2265 4213 5367 2970 6099 1921 2956 4046 5315 6228
18734 3286 660 1214 1796 582 1085 630 1260 2952 1616
18735 3855 4629 3586 48 2833
18736 409 620 529 5949 408 1326
18737 797 4783 2212 5977 6153 6275 6594 5070 5410 6912 6913
18738 2648 2560 591 2880 2931 1653 3713 3347 4841 4045
18739 1368 955 6684 420 3132 1200 4578 5157
18740 564 710 1432 2184 4783 1924 1707 2369 3901 4688 5456 4573 370 5707 5706 6252
18741 1841 1807 2639 2695 2583
18742 54 1982 1430 2167 4108 6207
18743 3550 5281 1413 1530 3935 5113 6691 5707
18744 3223 6689 906 2899 3143 4566 140
18745 1078 1282 1887 3328 4957 6505
18746 379 839 5024 5657 4728
18747 3234 73 188 2202 3236 4212
18748 2329 6066 4448 6035 6171
18749 1644 813 1146 3560 2948 960 998 2554 4628 2145 2574 5031 2881 445 4712 5263 3402 1159 2602 4133 5456 1097 5118 493 661 1003 370 1432 2847 4960 5852
18750 3679 4842 3796 1852 1289 3896 1299 4143 5217 830 390 1838 4623 2807 1750
18751 1822 3929 6295 1687 4008 401 1639 3561 6622 4117 1855
18752 1790 1870 2573 2574 2824 4625
18753 545 1273 2237 4446 5873
18754 2061 3343 3851 4536 2780 2781 4831 6550
18755 95 702 1050 1966 3580 5310
18756 514 1317 1393 1973 4298
18757 630 1619 1851 2090 4446
18758 3929 1735 2918 4440 4540 195
18759 1956 2775 2976 4008 4374
18760 43 44 123 126 155
18761 2024 3144 2109 1588 567 6928
18762 7 990 1499 1216 2236 1569 2234
18763 1741 2898 5568 770 975 659 4894
18764 5199 1004 1016 1283 1755 2672 3022 3517 3762 4229 4835 4969 5021 5086 5773 2822 3060 3731 5351
18765 334 1192 1309 1653 3013 3653 4360 4717 4734 5118 5245 5535 5664
18766 90 6688 1432 2669 4097 4198 5089
18767 196 3679 4351 1218 4352 5645 4496 25 1672 6884
18768 2315 1697 2169 3124 1242 1698 192 235 1741 4229 1749 2682
18769 1813 2699 2862 1063 1120
18770 1432 2754 2796 610 3076
18771 995 1368 2250 2251 1789 996
18772 2115 1079 3162 975 2788 2793 2909 3469 5280
18773 3947 5312 5554 6240 1493 401
18774 1752 3263 89 1424 1815 2369 3363
18775 3630 3923 1054 2600 1350 5517 3658 6952
18776 599 625 742 1063 1374 1620
18777 1624 2760 5502 5512 6345
18778 2377 3611 5413 2920 6375 4841
18779 1292 4452 2174 1194 5226 6447 6733
18780 3215 4939 2242 458 459 6319 6999 4383
18781 567 1118 3104 551 1386 2271 1716 1753 2669 5602
18782 184 3182 3343 4187 401 832
18783 2265 3203 3204 3700 1924 2460
18784 2659 2320 2375 1394 5413 6036 6636 595 1703 675 1887 2323 1135 2598
18785 1494 2582 2941 3690 1294
18786 3832 833 1134 1202 1848 1852 3353 3855 3945 4419 5378
18787 5999 1070 1650 6033 6177 3732 4905 6695
18788 2460 4485 3071 4640 939 4446 2315
18789 6668 955 4460 4791 1636 1899 4587 4631 4640 4651 6109 6603 6655
18790 1059 1104 1397 1426 1652
18791 835 2090 2545 3245 4623 4799 5530 6640
18792 5647 2807 1047 2669 4535 5598 4089
18793 3141 3251 4789 3929 965 4821 3908 3231 6835
18794 85 5312 6268 6976 1921 5074 1798
18795 962 54 2880 2592 1753
18796 1178 1194 3263 3347 1981
18797 3655 4046 4523 3610 4193 5777
18798 1042 1852 2512 2740 5442 1318 1516 1542 2460
18799 2865 917 1480 4977 759
18800 3176 2862 2897 3365 4828
18801 1467 1818 3367 3931 5493 927 2758 5979 6603 5743 3372 5671
18802 530 3226 4798 6725 3768 304 4367
18803 3286 3530 4650 3764 4627 3416 4257 1550
18804 1573 4742 5133 5614 140 1834 5747 5902 2931 6448 2847
18805 3834 1202 4967 850 1559 3277 5376 6902
18806 659 5420 5607 1440 2479 5877 5378 695 4543
18807 1227 54 52 2784 3383 325 400 695 772 1169 1198 1214 5118 4250
18808 3226 1530 4288 2331 743
18809 2746 2569 3303 304 4347 5304 4702 714
18810 5294 5283 5285 5873 6283 5578 5878 6282 6540 6232 6736 6967 6942
18811 133 1222 2027 2189 2752 1588 4046 4929 5603
18812 6933 742 3783 4246 6342
18813 998 5085 1518 369 5086 2901 5450
18814 25 1100 1968 2235 2646 3277
18815 678 2394 480 2186 2265
18816 1693 3462 1202 1221 2027 2450 2703 4173
18817 1515 2673 2793 5852 1508 3445 5275 972 5088 5537 6176
18818 3040 606 2372 2735 2804 3448 4496 5898 6106
18819 2281 2307 3143 687 6466
18820 546 238 1071 1214 4066 1106
18821 2888 5196 3929 4640 4842 1261
18822 178 1233 1853 2183 2195 2365 3668 3758 4212 6225 6344 6722
18823 610 939 1139 2518 3174 3410 4132 4385 5218
18824 823 660 1330 1622 1623 2020 2479 4552 5493
18825 939 610 910 1392 1395 149 1833 2744 2249 3029 370
18826 1847 2193 2598 4750 5621
18827 2909 5471 304 2962 3030 3263 4856 5893
18828 2616 2917 2962 4198 5518 6386
18829 1755 4065 5757 5884 6354 6822
18830 5196 144 147 567 2812 4097 6875 6943 6944 6945
18831 80 2897 3437 3507 4952 3251 3516 3548 4424 3986 3957 4455 4840 4439 4922 998 6108 5413 1572 1753 5205 6296 6868
18832 3233 1037 2858 3024 3026 1798
18833 1309 2593 3410 3615 3616 3624
18834 5759 533 1765 2846 3059 3834 3923 3226 4874 6620
18835 1063 1864 4097 5196 5604 6647
18836 2479 1951 534 2593 3163 3782 3783 2636
18837 3115 1640 2437 3185 4867 6799
18838 2784 2788 5218 5331 4450 3783 3655 4983 534 2161 3030 3769 4393 4876 5512
18839 529 4049 6253 6772 1047 3047 3737
18840 927 553 554 687 611 681 78 487 605 1110
18841 1867 3071 4689 4789 5518
18842 1071 5832 3247 6563 6725
18843 177 1011 1790 5917 2256 3830 4727 5449 5914 1687 4545 4736 5456
18844 1588 2573 2178 2251 3622
18845 66 5705 5704 939 1242 6578
18846 840 887 1179 1918 2914 1840
18847 4773 5666 6653 4793 5238
18848 1122 2460 6076 5905 1292
18849 3194 4578 3529 4982 2351 235 2616 6984 4551
18850 842 919 998 1258 2587 2674 2838 3957
18851 2594 6106 4893 6556 5604
18852 3353 3604 257 996 1765 3115 3891 2829 3239 1263
18853 192 1541 1653 2976 5076 5410 835 2160 3453 4653 6890
18854 304 5267 6088 1814 1863 2702 2460 6620 2341
18855 304 3388 4746 845 6314 6729 6791
18856 429 97 612 192 204 301
18857 1078 1393 968 1042 1926 618
18858 1480 1815 4740 3347 2323 715 2838 713
18859 694 316 858 1750 676 2607 3622 3068 54
18860 1921 3427 3556 3941 4582 5340 1544
18861 3142 3929 2123 4723 5118
18862 2195 3790 3059 2678 311 3060
18863 567 1544 1588 2899 4582 5232
18864 1029 754 790 567 1501
18865 2439 2599 2801 80 3715 4464 3362 4342 4208 713 5379 6338 5200
18866 2897 4921 5157 4342 5410
18867 163 4173 6171 6397 6735
18868 3064 772 2797 4010 445 5937
18869 1047 3912 304 196 2479 2502 2572 3310 3372 135 772 1690 4628 3588
18870 1015 3409 4689 6046 4137 6102 4159
18871 486 2454 2861 4012 5470 998 4702 5381
18872 1759 2323 4253 5530 5558 6605 6689
18873 958 3605 4782 4789 5782
18874 61 2168 3957 6066 6088 6472
18875 3453 6583 4012 6167 6707 6252 6605 5335 1047 3592
18876 420 2112 2756 3901 5182 5345 2988 752 1791 2460 2797 3449 4689 4801 5204 5268 4028 2498 3173 844 46
18877 698 1150 1208 1385 1514
18878 5811 862 1467 1753 1759 2705 3258 3263 3410 3885 5174 5838 3886 4285 849 165
18879 169 2590 3270 2605 2654 2807
18880 1263 2327 3326 4689 6031
18881 998 5711 1116 1636 1790 2460 4012 4038 4312 4578 4639 5525
18882 593 1083 2017 2315 3781 4229 120 246 998 2590 498 675 558
18883 521 459 109 2242 2212 458 5955 3918 6527 6125
18884 4889 2474 4292 2313 5209 5592
18885 4285 6175 830 1044 2065 2671 3048 3680 3758 4054
18886 3560 2750 3721 3687 3698 1084 5873
18887 3310 25 835 964 2240 2506 2907 4553 5464 5830 6083
18888 996 2251 2274 3401 991 1471
18889 1009 2008 2092 2093 2513 2622 4521 5147 5091 837 2723 5074 2761 2569 862 3472 3957 2417 4050 5464 2038 4637 4197 1194 4628 5312 3290
18890 3030 3410 4587 4947 3033
18891 675 994 1759 2460 3348
18892 2909 3365 4017 2297 2829
18893 2439 2481 3142 6475 4945
18894 288 420 492 1432 1492 1393
18895 560 352 391 1192 4682 203 465 1546 2374 2758 3434 3530 3766 4276 4376 4912 5794 6144 5123
18896 858 2583 4546 3120 5925
18897 1209 2369 2680 3375 4573 4954
18898 1336 1844 2219 3057 3335 3396 6415
18899 282 1714 4198 356 4097 4209 3734 2838
18900 1263 3076 3412 3877 4283 4759 5519 5706 6171 3474
18901 3077 4229 5122 2307 2897 797 4031 5723
18902 917 1111 2897 4399 4628
18903 2976 4504 3788 4551 3813 4763
18904 2593 5915 4712 865 3307 3397 5312 5378 6047 3066
18905 555 1015 2976 14 1380 1432 304 1386 2460 4104
18906 458 2227 3214 3929 4117 5221
18907 2540 3923 5979 5568 1097 1393 4363
18908 4214 455 2633 3339 4225 4943 2323 3765 3867 4011 5723
18909 4434 4452 2479 3795 6279
18910 2093 6034 2227 6267 6175 880 2184 3851 54 915 1069 1633 2016 3294 3877 4065 4482 4831 5198 6050 6108
18911 2804 4764 3026 1668 5711
18912 1111 2415 6075 6096 4399
18913 86 109 188 266 231 1530
18914 939 1232 144 1201 1450 2420 3001 3686
18915 2624 5352 558 927 1710 4403 5056 5172 5540
18916 994 2020 2718 2827 3263 3809 4587 5004 5717
18917 1075 3858 4185 4762 1588
18918 1637 4829 4830 6579 366 5470 6298 6412 674 1385 2625 6389 2369 5413 7036
18919 3533 6635 6802 7011 7018
18920 3204 1619 641 1867 1746 1033 1168 4697 5086 1145 1159 2028 2299 5246 5511 2950
18921 78 1987 2669 3550 5720 6683
18922 3115 4117 927 4697 1351 3971
18923 1214 1352 1687 3515 6305 6474 3252
18924 283 594 991 2921 4906 114
18925 648 1759 2765 2907 4012
18926 3294 5472 5803 5484 6959
18927 1750 1779 3068 1412 3935 4013 893
18928 125 1849 2323 2808 4793 4808 5666 474 4129 566 960 3834 5809 1372 5775
18929 5169 4488 4670 5757 6707 1755 4012 4054 6369
18930 4213 4856 4860 5381 5904
18931 360 5949 794 3460 3669 3851 1392 2678 4101
18932 250 260 324 22 103 173
18933 207 1103 1848 4147 6578 1536 4850
18934 641 1042 3012 207 939 1529 4561 2702
18935 917 2180 1573 2327 786 863 2671 4103
18936 5493 2242 4209 4374 4439
18937 1851 2897 2945 3263 4097 3524 5996
18938 401 1446 1824 1887 4551 1309
18939 3375 6119 4496 6510 6753
18940 3047 3545 6036 6135 4664
18941 337 3313 2674 6361 68 6127 6691
18942 3194 3545 630 1037 2946 495 2251 3401 5967
18943 2080 2472 3689 1396 5056
18944 379 1956 1063 1064 1090 203 542
18945 858 4619 5846 4965 5429 6751
18946 939 3060 192 3255 1263 4773 5424
18947 1432 177 960 1047 710
18948 2006 3730 1480 1588 1688 1887
18949 1106 1867 5903 4205 1631 2594 1233 5243 5433 486
18950 2804 5484 5834 5833 5860
18951 1489 1255 3687 1406 4342 3530
18952 118 302 622 600 300
18953 3347 189 695 3722 1142 3715 5239 3365
18954 727 2897 4685 5024 6322 4637 6323
18955 2680 5401 1494 3111 3184
18956 2299 4212 4496 4686 5118 5246 6197 1791 5979 80
18957 2512 3214 2434 2767 3406 3595 3896 4068 4417 4681 772 2829 3597 3948 3950 4197 4471 3962 2129 2707 3013 3326 1004 844 1328 1513 976 2460 2846 5018
18958 934 1112 1496 1655 1791 1967 2323 2669 3084 4486 4886
18959 208 440 514 516 931 1394 678 2430
18960 1716 907 964 1432 1514 2801
18961 6524 498 2950 3032 4365 4870 5694 5810
18962 564 641 791 2182 3479
18963 1199 1874 3342 3594 4224
18964 1849 3851 1106 4750 3487 1446 6460
18965 832 4198 4836 5507 5537 5591
18966 3586 5635 6358 46 6426
18967 77 150 887 5285 6975
18968 6177 4510 5024 6375 807 1483 4992 5135 917 1847 3077 3877
18969 893 897 501 818 20 119
18970 5619 5913 1399 4212 4292 257 4623 4624 4874
18971 2323 3149 4842 1881 1956 1530
18972 3158 4338 931 4741 3195
18973 2705 3410 4769 5271 5512 2592
18974 186 304 308 554 753 905 10 774 85 1092 465 1364 1618
18975 4282 5103 1116 1636 3947 5378 6067 6613 6264
18976 2 1496 1827 1929 2968 2969 3379 3712 4173 4542 4628 6129 1315 1804 3356 6584 4473 6001 5 1044 5157 5517 6922 6751
18977 465 2497 3503 4634 5757 6046 1815 3380 4211
18978 148 3866 4842 2450 4965 4403 5312
18979 976 2379 4188 6035 1358 2193 4061
18980 3453 4628 5024 3869 4466 566
18981 3295 1044 1100 1562 2033 3560 3082
18982 615 1281 1792 315 998 2460 4198 2093 3406 4008 4467
18983 2297 835 3594 5035 6800
18984 2359 1027 1910 1092 3514
18985 630 2751 1853 1860 1135
18986 1159 245 1634 2770 4803 5178
18987 1514 960 2088 2457 946 991 1564 3147 3264
18988 3964 955 2329 6354 4793 6748 3279 6086 3168
18989 4200 6735 6751 5179 5807 6361 6244
18990 4305 1793 2938 5852 3056
18991 4089 1618 1746 1867 1922 3214 4198 4340 5417 3984 6088
18992 2122 2182 2408 3214 3590 5154
18993 3279 4202 3194 4040 4965 830
18994 3716 692 4363 4567 5292
18995 1098 1663 2950 3126 3580 454 835
18996 3263 1714 3233 321 3180 3409 3410 4631 5512 1899 6386 4256 6478
18997 961 122 498 778 6438
18998 411 1219 1471 2466 4256 2909
18999 998 1004 1106 3716 3957 5284 5809 1612
19000 675 906 917 939 2220 3926 3078 3072
19001 2460 3585 4008 595 1957 2702 1588
19002 1499 1740 2264 2788 3858 4473 4482 4734 5104 5437 5904 6145 6491
19003 1179 2102 4126 742 2355 2947 191 1598 6035 3448 4376 5024 267 917 1588 1848 4101 5979 6754
19004 2369 4079 5413 1003 6005
19005 1260 3633 52 54 5310
19006 3183 4089 4628 4634 5553 4929
19007 1592 4894 1106 4193 445 1981 3586 4452 4891
19008 1638 1759 2112 2797 149 1881
19009 835 1984 2460 2195 3022
19010 1480 2214 2256 2901 1213 2545
19011 987 1209 4206 5516 6370
19012 1334 287 717 1093 1143 4229 4712 4734 5775 1653
19013 810 1209 5118 2650 3862 4419
19014 1516 1519 1544 2168 2450 3662 4722 5138 4789
19015 33 3211 3410 271 627 1328
19016 546 566 1178 5426 2861
19017 52 580 1112 4879 5470 6580
19018 954 2976 2162 2310 3014 3015
19019 492 927 1226 1435 1648 1728
19020 4052 4380 6135 1428 2187 4874
19021 5625 1182 2511 2898 5502 2976 3922 2726 3294 3515 3758
19022 3397 3409 3410 4139 3453 5695 2396 2909 972
19023 2355 494 3309 2542 434 1786
19024 2327 2732 3290 3455 2970 5258
19025 3184 6242 4540 5082 5085 5456 6162 6882
19026 78 4730 4804 1809 4152 4437 6059 630 1135 3158 3286 960
19027 148 2115 2147 5176 6292
19028 1882 1336 2131 2644 660 939 3339 3759
19029 5409 514 1973 2756 2982 4168 2931
19030 188 954 1016 1063 3874 4193
19031 4117 5406 838 1544 2162
19032 4587 3263 4046 6806 5796 2450 4185
19033 2588 3921 849 2450 4842
19034 193 3766 4799 4908 52 95 370 4447 474
19035 587 2952 960 313 2718 2721 826 1988 2374 884 4212
19036 476 1063 1184 1813 2656 2824
19037 2422 2878 595 939 1455 1708 2460 2653 2702 3679 4032 4065 5285 5666 5990 6278
19038 1809 1811 4106 2242 5415 6790 6812
19039 411 1047 352 577 5467 6181
19040 2920 4394 5191 5413 5948 879 5226
19041 474 2006 5834 78 2323 3730
19042 1611 1098 1622 1650 641 1323 4144 5778 1233 1440 1844 2951 4139 5456 5854 1380 4956
19043 695 1107 1740 1752 2693 4011 4229 4322
19044 1544 344 1755 2674 2956 3957 5385 6685 1254 692 3451 4097 5397 6752 6753
19045 4008 3453 4842 2195 109 2208 3348
19046 695 772 1090 1094 627 837 2693
19047 1432 1483 4082 533 4552
19048 2561 5340 610 4823 5255
19049 455 3064 1852 2570 2976 2046 2992 3982 1004 1214 1759 2323 2732 2952 3365 3506 4318 2090 1694 1502 3243 2024 1310 3283 4732 4141 3335 797
19050 1992 3384 304 3310 4760 293 1639 5630
19051 710 1368 2034 2312 2469 2908 4157
19052 1927 2833 2636 2017 3833 4005 5047 3931 2242 2212 5416 6298 6254 6500 6504 6410 6491 3342 6736 6733 6882
19053 772 2976 3290 4383 5537 5636 6180 366 595 3180
19054 4242 4415 5864 5862 6415
19055 4026 5539 997 3326 4750 5777 6527
19056 4781 6207 1887 6213 6447 991 2909 5086 6430 5034 4601 1534 2193 1797 7022
19057 1016 1071 1597 1686 2560 5778 6394 3065 5233 5502 6354 3030 6462 6730
19058 2029 3060 3073 6506 2680
19059 177 2479 924 1200 627
19060 4231 2005 3855 127 2144 4294 4212 474 2109 5456
19061 1371 4523 5362 203 5116 3315 581
19062 78 80 266 306 44 77 290 438 220 1462 54
19063 396 545 113 452 485 193
19064 46 1736 1987 3006 5996 6644
19065 1063 1852 5074 90 304 830 998 1438 1633 3365
19066 1264 379 3733 2300 4578 78 2460 5757 465 1867 3294 6627
19067 1362 1194 2590 4439 3423
19068 2679 514 2193 2195 2965 4419 6706 120 5309 5798 6009
19069 209 1364 1796 3099 3173 3184 4031 2322
19070 466 4562 4779 5560 5666 3111 5888 1867 2246 5747
19071 1296 3226 245 1731 2284 2976 1242 687 905 906 1586 1740 2599 3392 5777
19072 742 1520 1830 2369 2920 1455
19073 2460 3410 3411 861 1422 1122 370
19074 1 6146 6580 4521 1756 2313 2760 2976 4340
19075 1362 1364 2055 2165 2775 2789
19076 188 10 224 24 4012 5306
19077 3445 3877 822 1816 3372 3961
19078 3811 3921 2901 3516 3891 6862
19079 3061 25 797 2162 835 1263 3560 6869 3315 5985 5116 5362 370
19080 2 3560 3834 3874 4966 5979 6456 5868 6252 675 1161 2756 5614 6209
19081 958 1003 729 5326 4224
19082 865 5177 5427 5801 5795 3981
19083 534 2644 3659 5177 6296 3692 3090 1233 5777
19084 4246 3726 1015 1516 1958 3030 5284 6082
19085 6268 2240 3481 5366 6649
19086 304 715 1227 1544 2972 4342
19087 3633 3070 965 4806 5310
19088 2155 534 3060 4567 4700
19089 43 56 103 148 3537 729 1122 5724 6219
19090 1320 1430 6180 2970 3362 4539
19091 1790 2297 3082 3499 713
19092 2193 4691 4947 5657 6341
19093 482 1071 3858 4999 5156 5558
19094 99 4510 647 2460 3758 3294 4640 5558
19095 939 1588 2038 2760 3448 3961 4724 831 4040
19096 3013 1653 1663 2315 3022 3600 3978
19097 972 4577 4787 5537 6606
19098 3479 4789 5655 1242 2114 5394
19099 2546 4786 6283 6386 939 4012 6648
19100 5301 6302 6479 659 6914
19101 90 964 4308 5704 5705
19102 2517 5583 1310 2027 3425 5520
19103 2323 1759 2076 738 3720 4374
19104 3098 188 998 3578 4146
19105 411 2217 1534 2203 5699 1192 5118 856
19106 1759 2841 2679 4335 998 6872 2032 2838 3294
19107 1242 1867 5799 2658 3353 2797 3054 4819 627 2103 651 6471
19108 5271 3753 2705 4801 886
19109 1219 2460 3409 4008 6332 6679 140 654 1755 4097
19110 2804 6487 5712 5757 2807
19111 4033 5413 1309 3973 5310
19112 893 4561 553 907 4118
19113 5221 4089 715 4696 4929
19114 1956 2274 1142 2397 1346 1613 1899 2214 1217 5525
19115 3248 3898 4913 20 4611 939 2997 4402 2224 545 2052
19116 566 3381 5113 5545 5221 3676
19117 3413 5571 1819 2131 3181 4360 1442 498 634 1611 4212 6243 5754
19118 1987 3833 420 4011 1623 2807 5456 6708 850 2460
19119 2896 4052 379 1200 1233 713 830 1759
19120 1536 1628 2112 2364 1537 1432
19121 5556 610 5666 5433 1756 5408 5937
19122 3542 4353 6604 4066 6898
19123 1154 1589 2718 5442 5693
19124 5003 1623 553 4788 5535 5691 5664
19125 726 3214 3592 2145 2783
19126 1480 3603 5951 5399 4419
19127 5016 5172 5890 3746 2321
19128 38 3496 4197 3482 507 3409 5365
19129 3079 840 2460 2908 3374
19130 1897 3728 5534 5539 5666 1494 4399 331 1198
19131 3261 441 1791 3516 3868 2258
19132 1355 1631 2020 2358 2909 3550 4781 4954 5352 5517 2403 4482 4647 5481 1815 2592 4207 4922 5138 4419 6077 2736 4874 5558 6337 1209
19133 772 973 2908 2947 3604 3733 5668
19134 1433 1751 5278 2205 5875
19135 1054 329 927 1519 4446 5285
19136 4912 6581 514 4419 5049
19137 3078 4402 6127 1190 2052 5734 6265
19138 5667 5782 631 4243 6546
19139 486 1047 1326 1525 1526 1681 2273 3196 3197 573 4727
19140 125 1544 1755 3513 5524 837
19141 627 1071 2763 101 1544 1844 1912 3679 3949 5112 5160 3177 3694
19142 5456 2659 2945 2948 2951 3457 5228 5478 5022 2952 5416
19143 660 4496 5086 4532 2323 2758
19144 924 2046 1432 710 566 4729 1201 4072 671 4730
19145 4947 699 4891 4097 6758 5994 695 3263
19146 793 968 1509 3786 1767 5413 714
19147 3353 4846 5973 4496 6145 3341 3821 934 2897 4979 5308 6323 755 6754
19148 352 2115 2460 3071 5085
19149 3203 6591 1320 4439 747 29
19150 2705 4329 2130 2460 3347 5312 5606 1044 2160 6340 3483 1392 4420 1568 3030 4817 5366 3795 3338 3654 6328 2193
19151 832 2807 5140 2718 4285
19152 602 729 3589 4878 6520
19153 3463 1063 6834 5191 6931 6565 6790 6918 6939
19154 537 1509 4661 4787 6472
19155 2618 4567 5082 1915 4906 6542
19156 4514 459 1791 3351 2242 6994 6877
19157 3744 5852 4581 5504 4626 6126
19158 2131 2758 2829 3929 5209 5702 4776 482 3714 6626 2264
19159 1651 2572 1712 1917 3277 1756 2899 3146 3402 3847 5556 3088 6128
19160 1847 2300 3183 3554 5525 6753 660
19161 1071 915 3084 26 678
19162 554 3502 4697 1047 4539 5337 5571 4589 6555
19163 1486 1127 3073 2541 770
19164 1106 4191 4133 5666 258
19165 25 2027 455 695 2112
19166 2763 1831 2162 807 1648
19167 1140 2804 4903 4265 3549
19168 5638 6385 192 304 1143 2625
19169 742 2061 3560 6179 6402 6727 1233 6671
19170 1024 1262 1432 1813 3877
19171 167 3931 4083 5702 2988 6386
19172 918 2852 177 5537 3410
19173 2592 2790 3032 4046 5366 4737 3362
19174 1956 492 673 1058 134 507 304 830 1209 2579 627 54 321 851 3362 3378 4680
19175 995 1405 127 1198 1015 1034 1811 588 986 897 564 1095 251 128 763 1374 939 185 1432 2001 154 192 1707 1216 82 1967 256 140 1406 1323 1530 1747 2229 3518 784
19176 431 102 807 1428 1769 1789 2843 3047 3278 3424 2671 2193 2920 4748 4782 1791 5284 5214 5056 5480 2242 5977 394 3291 6339 6267 6405 6406 5878 6593 6706 6682 6610 3239 6802 5180 3306 6980 6979 4874
19177 1309 1650 1753 2648 2883 5153 2781
19178 2000 3007 1747 627 138 2535
19179 924 3653 1200 1863 2769 3143 6439
19180 1201 1381 1878 2097 2112 3995
19181 2945 420 2090 4531 5686 5838
19182 3325 3713 4680 4878 2839 2976 3293 3655 4324 4587 4769 5437 5583
19183 3083 5849 6117 6904 6523 6889 6968 6878
19184 1063 1306 1410 2326 3713 1521 2322 2901 4828
19185 3011 5196 4172 2756 4977 633 639 2112 258
19186 482 4909 6033 1135 2016 5086 5756 6479
19187 6562 955 4403 4446 5386
19188 23 81 93 186 104 57
19189 939 1432 2514 837 2569
19190 3218 90 2322 4334 5328
19191 2134 4198 4861 6619 6871
19192 2427 2750 3636 3184 4268
19193 203 1242 551 2187 2012 5118 566
19194 608 863 1432 2063 906
19195 863 2090 2587 3372 78 306
19196 4308 331 352 2129 2596 2597 3877 4540 5570 991 6013 5400 6165
19197 3409 5021 1285 6272 2846 4154 2041 2881 5948 147 2299 4294
19198 2976 3692 3866 2807 5691
19199 6130 3553 3627 4152 5525
19200 2591 3557 4178 3073 804 4446 5755 5411 1770 1842 2140 3531 4573 4867 5762 6371
19201 133 574 1655 2323 4722 3291 3397 2592 517 1591 3701 2109 5310
19202 850 627 1079 1103 3065 3463 4065 4781 6136 6452 1221 5138
19203 627 1029 192 654 1519 2327
19204 1578 2155 914 1813 1289 880
19205 2193 1530 4308 566 1047 3272 5238 927 1054 955 4578
19206 1455 4198 6298 2178 6697 1131 1510 1480 1844 2658 2934 3627 2195 4878 6472 7032
19207 2574 3410 4744 4579 4586
19208 623 4094 303 713 1151
19209 2420 2453 3729 1372 1020 2650 3708 6191
19210 5360 1432 2710 2715 2718 2722
19211 670 1245 1568 2020 2460 6004 531
19212 994 998 1325 3226 3426 939
19213 691 3557 1202 1827 1887 960 1432 3985 1844 4029
19214 3197 179 994 4181 6390
19215 968 4353 4348 5849 6766
19216 420 2430 3214 5456 1167
19217 1057 1690 625 3762 4712 267 713 880 939 1144 1170 1236 1260 1740 1956 2946 3012 3112 3117 3701 3862 4013 4365 4585 4689
19218 178 4199 4966 5812 4157 5973 2383 2775
19219 2920 2369 4821 3479 4876
19220 4839 2358 1242 4000 1309 1623 5542 6625 4712 495
19221 3085 2770 4488 4973 4745
19222 1373 1973 2665 6803 1846
19223 4605 5213 6167 3929 4842 1266
19224 4298 795 1217 2089 2147 3714
19225 298 126 182 554 197
19226 2740 2976 924 5954 6204
19227 177 2749 3416 4372 5086 5558 6005
19228 1972 5174 3038 4842 5228
19229 1851 2643 2760 4726 3662 991 1254 1373 4902 3416
19230 610 4889 6338 1200 6144 6729
19231 553 1185 991 508 1550
19232 3453 830 1009 3363 5413
19233 1405 1314 1475 2115 2182 2310 2657 1812 1435 3306 3608 2970
19234 1931 1597 4783 1973 3687
19235 5069 845 1931 4360 2126 1061 95
19236 955 3278 4052 5362 5516 6310
19237 830 2502 401 610 713 1795 754 3507 5013 4317
19238 148 1042 1633 1645 70 516 2962 2408 3030 5031 3845 537 1815 4368 15 2598 3105
19239 5510 1585 1701 6175 6217 6382
19240 1975 2184 1306 1463 3834
19241 239 246 428 438 460 222 939
19242 917 5979 1189 4664 5378 5927 4008 4760
19243 3919 2844 2001 3548 4697 1424 2369 109 5873 812 1303 2813 5638 6099
19244 1634 2629 3244 4156 3405
19245 352 4288 4842 1588 3877
19246 660 1377 2921 3305 784 1216 4579 5413
19247 4674 3564 3932 4750 5456
19248 902 3694 4070 25 1752
19249 203 1103 1242 1373 1432 1559 2693 2775 3610 4089 5085 5433 5500 3877 2807 3622
19250 1071 2778 53 2261 533
19251 201 482 3515 3765 3872 4545 5598
19252 5513 5302 2593 2645 3108
19253 2277 4407 5567 5585 5768
19254 648 1106 1920 3405 3472 1802 1867 2283 2668 3183 1078
19255 934 1135 1242 1589 1824 2460 3194 3409 3808 4008 4510 5056 3851 5584 5717 5760
19256 1895 1515 304 669 1376 1505 731 2318 1034 987 3099 745 866 1242 1353 1581 1636 2408 1525
19257 3956 772 2460 3187 6182
19258 54 4087 4694 4842 6688 660 3866 4476 4605
19259 994 1529 1791 1072 4772
19260 1961 2804 4379 537 3858
19261 4729 5826 3751 4667 448 95
19262 233 1465 2678 3400 3410
19263 4783 998 2479 2840 4894 3277 4655
19264 70 3401 4517 4712 6156 441 934 996 1151 1499 2274 2750 3604 3883 4834 4878 5485 1764 2792 5334 6213 6517
19265 917 947 1064 1047 4525
19266 6183 5879 6309 5543 6323 6412 6578 6729 6662 6651 6863 2369 5872 6402 3925 3342 6125 2433 2578 6099 830 2323 5164 1478 6264 6813 6864 6788 6789 6266 6733 6914 6965 6968 3306 6640 6907 6980 7028 7006 6565 6773 6774 6775 6776 6874 6939 6994 7005 7039
19267 2460 3451 3758 4715 5783
19268 3084 3374 3354 1082 3494 561 5089 5578 6892
19269 5196 963 2049 25 3645 5386 2112 4780 833 2193 5638
19270 820 1853 5851 5925 6553
19271 1519 2549 5809 595 598 2460 5584 5905
19272 2465 5362 6796 2955 4008 6706 6766
19273 742 2046 837 1413 459 1791 5284 5307 5837
19274 514 398 970 2162 2535 3056 4901 3576 3302 3981 5877 3761
19275 6827 6733 6890 6907 6975 6976 1633 6437 6529 7001 7022 7031 2094 6916 6994 6874 6938 6939 7039
19276 177 6603 2756 5345 6821 6707 6395 6766
19277 880 1015 3048 3642 4330 4427 4962
19278 3849 4942 2242 6078 6253 5958 6665 6834
19279 5312 6766 6307 4089 5939 6211 6213 6765
19280 3048 1292 915 3506 581
19281 596 1465 2117 2112 1103 3294
19282 3059 1323 1600 2669 4083 4664 4842 5894 6446
19283 6415 6912 1538 1791 4573 5948
19284 992 1385 2372 2860 3767
19285 2323 4630 1095 2172 1094 1728 4285 5138 3520
19286 3375 3517 1318 6446 1003 1567 4191 4523 6063 6471
19287 2323 1135 1655 3716 3126 1824 5205 934 3373 3400 5979 6145
19288 1385 1516 2988 6325 1106
19289 830 1194 4134 4230 4489
19290 110 2115 4191 5746 6455 6791
19291 2449 2874 2610 1544 6253
19292 934 1919 203 73 1174 849 5451 3605 5546
19293 1987 3022 1887 4842 4956
19294 2269 2761 5044 5335 915 1432 2666 2713 4320 5228 1497 1659 5772 5624 3757 4176 5413 6281 2657 6448 6537 1875 5373 5559 1653 3412 4680 4734
19295 420 1392 1751 2129 3028 4011
19296 238 321 1316 3263 3343 3420 3447 3533
19297 1309 3453 4097 6167 597 1373 1712 1720 1824 1887 2345 2838 3434 3627 4073 4089 4368 4641 4828 4879 6177 6818 6937 866 1567 2758 3901 6356 6419 6503 6911 2193 2195 6476
19298 1015 2323 5312 2184 2479 4435 5598
19299 822 1802 1677 4600 3496 2183 2569 4054 2323 5720 5537 2637 3238 4750 4573 1440 654 6870 60
19300 2502 52 3896 567 1194
19301 3392 4089 5156 4793 1242 5152 6654
19302 167 1714 738 1522 3931 3947 4142 5826 2740 5743
19303 942 1438 1568 2765 2962 3201 3266 3374 3947 4066 4826 4828 4998 5216 5558 5598 6050 6109 6332 2892 4628 5138 6715
19304 130 288 500 410 593 772 786 802 825
19305 1756 5208 6218 6241 3388 5413
19306 5070 5015 6729 5759 5950 4912 6893 6696 6733 6872 4087 6995 6782 1631 7001 6936 6999 6941 6945
19307 1518 1728 1759 1827 826 1526 1847
19308 249 1516 301 324 420 290
19309 5118 6253 6721 4712 5704 5705 751 865 2760 6706
19310 1342 1430 349 597 5770 6354 6737 1263
19311 917 1755 5386 437 2323
19312 4142 3365 3721 4454 4009 6888 1499 2194 5104
19313 3059 5422 4229 4516 6272
19314 3783 5803 4965 687 3517 4939 304
19315 2863 3226 6327 1212 2105 3174 6372 6866
19316 998 2572 3560 5193 5335 5379 6131
19317 1848 4201 4225 4572 4978 6273
19318 1655 2951 511 4578 5958
19319 238 5049 4696 3208 5065 6337
19320 755 1544 122 2676 2686 3573 3983 5205
19321 201 465 482 4012 5205 6194 5176
19322 486 2157 2535 3214 3434
19323 5074 482 954 3214 3330 4865 6415
19324 4041 2211 3929 1303 1013
19325 1485 2093 2354 4667 6024
19326 1701 3143 3581 4038 5340 1103 3294
19327 1925 3683 634 5291 5666 1588 3677 4782 5667 3682 3874 1804 2323
19328 4351 4793 5560 5666 6748 6134 2432 5498 5558 6561
19329 1438 5088 3453 6371 6386 929
19330 3952 3758 357 4307 5612 2482 4545 3658 3943 5936 6385 1819 2018 2556 4775 4823 4955 6791
19331 4903 1588 2183 2184 4062
19332 2058 2567 3300 4798 6612
19333 304 4712 4965 5340 4778
19334 346 3069 2090 4278 5048
19335 85 132 1432 3004 985 6105 2327
19336 2888 6695 4168 6823 4935
19337 2569 5044 5721 1821 3976 954
19338 3515 188 3866 6386 4298 3291 6370
19339 3566 3060 1914 5312 2838 6101
19340 4331 1106 2420 2976 4608
19341 3586 2535 3981 1643 5848
19342 1452 3191 1707 1330 582 915 932 1071 1113 1329 1536 1616 1755 1861 3395 3818 3982 2881 1652 545 797 3610 3978 3357 6099 3007 455 1223
19343 630 2090 4447 3866 6046
19344 994 1923 2992 3451 3516 5003 5157 5228
19345 4493 854 1935 2109 2881 3526 6718 5265
19346 3191 1233 1992 3877 1588
19347 2480 3445 1392 3592 122 4870
19348 1213 3632 1233 2636 459 6733 6957 6921 7012
19349 459 2242 5976 1881 5873 6706 6662
19350 5209 5556 1015 5228 5379
19351 597 6636 2840 5408 5449 6789 6811 6834 580 955 2823 6177 6725 6691 6579 88 6872 6875 2572 6733 2168 6049 2183 5814 6981 4908 4689 6907 6976 6978 835 939 1808 6961 1135 6988 7006 6773 6956 6998 5595 2026 2379 3877 5491 6916 7029 5517 4102 6753
19352 3217 1544 6208 6494 4750
19353 2978 4522 4727 1588 5489
19354 1208 1808 1925 1952 2007 2046 2512 2976 2032 2434 3236 2836 1424
19355 1106 531 3180 4238 1456
19356 1047 1575 3851 4892 5721
19357 2369 994 2340 2460 1044 4133
19358 454 1206 1263 2177 2664 3205
19359 1056 792 5144 1140 5283 2242 1714
19360 188 801 839 939 1047 1157 1416 1655 1728 2323 2669 2838 3105 4320 4790 4793 4843 5056 5540 5560 6910
19361 2562 5686 61 188 537 1037 3740 4374 2288 1870 4935 1424
19362 3780 2045 4083 3866 1063 482 1852 3461 5331 6382 817 4974
19363 939 1358 1684 5619 525
19364 1809 2572 3618 3691 88
19365 2840 832 1380 3174 5370
19366 630 1431 2540 4446 1261 1759
19367 1981 2968 5247 5638 283 3423 5895 3196
19368 516 566 1135 1402 2574 2638 2829 3592 4452 5238 5243
19369 2791 3547 5985 3263 4336 4812
19370 1343 2509 5714 2168 5327
19371 470 627 939 1600 4117 4621 4842
19372 1309 1735 2238 2765 837 3047 3758 4726 830 4677
19373 5164 257 3470 4660 591 4013
19374 167 1523 3348 304 1714
19375 3444 2587 3522 5938 1319 4298
19376 108 2090 5803 540 1450 2193 3342 6204
19377 692 979 1672 2284 2722 2756 5809 6105 915 3343 3758 3956 5537
19378 4106 3198 3196 3690 1209
19379 5666 5999 6177 2702 3112 3400 5171 5386 6721 6895 6920 2183 6179 6816
19380 587 2760 3401 3625 5937 6396
19381 114 474 2765 4971 165 4055
19382 4676 4987 5292 5293 5994 3317 4842
19383 3849 6227 6503 6507 6048
19384 2510 3143 3338 4401 5727 3382 2096
19385 1087 1324 2129 2697 930
19386 2020 2362 4640 1172 2238 2765 6654
19387 3 43 75 77 93
19388 381 2278 3262 3993 4628 5537 610 1416 5456 6177 6225
19389 641 3461 4310 5074 5232 5312 5947 1578 6605 6825
19390 5 1432 1470 2032 3630 5611 5721 5826 5851 3848 4376 5725 2504 2669 4285
19391 4028 5056 3064 2876 782 2479 3294 31 3247 5543 1887 3515 4873 5537 2168 917 5539
19392 2194 78 757 3691 2622
19393 1106 2756 3189 3929 5056 3194 73 3388 3416 3422 4089 4205 5456 5873 2449 5601
19394 148 81 342 10 1227 414
19395 633 482 498 1396 4152 5812 4922 5135 6167
19396 1106 917 1510 3677 3874
19397 1956 3866 4360 88 1296 1297 3214 5157 5963 775 3347
19398 3226 3584 1551 1591 3328 3712
19399 4026 579 915 2006 2869 4496 315 1601 3263 5432 5481 6694
19400 1064 1909 5074 188 482 2106 4065
19401 2420 3517 4044 5645 3630 5537 4922
19402 1544 1791 3515 5782 1893 2354 2756 2897 5558 5560 5666
19403 850 1667 2091 3457 4990
19404 647 4834 420 2361 6215
19405 4676 401 797 5075 5873
19406 475 840 939 1991 4283
19407 972 2970 3184 3813 5843 4837
19408 1544 1756 2897 2981 3274
19409 939 2450 2669 2904 4986
19410 447 2806 4664 1122 5559
19411 1712 4374 758 4839 4049
19412 742 1047 1226 3152 1283 80 554 1160 1791 2318 3599 3690 5756
19413 4429 3071 3183 3208 3311
19414 1288 1643 1956 4549 4699 5320 2130
19415 177 2976 595 1703 2242 2460 3214 3343 3691 4117 4664 4871 5157 5666 6093 6635 1226 3453 4008
19416 346 2765 1779 6537 3099 3175
19417 1168 4117 1655 6666 3594
19418 524 1924 3013 812 163 5627
19419 3098 54 3334 867 3929
19420 641 1987 3839 4089 4198 4404 5417 5903 1867 4628 5160 830 1233 1887 2460 3059 5696 5800 5979 6338 6706 6715 6736
19421 3143 3809 5101 2022 5021 4344 3959
19422 4038 3365 3584 6047 3834
19423 1494 4873 2122 5187 3524 4939 5709 1706 2565 4603 5570 6735 6793
19424 103 148 429 248 347 169 186 329 460 554
19425 2460 3809 4533 6143 6323 6390 5932 6617 6858
19426 1887 2027 2856 2981 3820 5026
19427 4402 2545 2823 5099 6313
19428 1565 2735 2861 3155 772
19429 923 627 5630 1534 2193 2920 1106 2535 6098
19430 1104 1978 2669 710 1172
19431 77 43 120 230 342 109 10 418 420 612
19432 1107 1570 1707 1887 3632
19433 909 4917 177 635 1182 1071 2775 3929 4842 5193 6018 1221 1506 5472 5886 6812
19434 1278 1972 2662 4288 743 169 5215
19435 4467 5442 981 2775 2827 3343 4032 4578 5418 5968 6721 5960 6353
19436 421 1192 5756 4553 4412 1358
19437 621 460 685 5949 1806 1199 1197 6453
19438 5217 188 318 420 756 1233 1309 2951 3515 4200
19439 148 2155 2590 2808 3365 3581 3931 4193 4198 5049 5091 5357 5417 5877 5965 5642 5681
19440 1063 2951 5074 2143 5086 5522
19441 1251 2962 3263 3294 3401 3409 6475 6659
19442 726 3047 3239 5070 568
19443 3859 6696 6957 6987 6916 6999
19444 1513 5081 3171 6489 4678 304 185
19445 563 2897 245 1985 179 1756 1391 3644 3438 2560 1242 4415
